id,title,date,source,url,text,search_query,analysis_text,semantic_relevance,in_scope_score,out_scope_score,scope_margin,best_in_scope_category,best_out_scope_category,scope_keep,topic_id
620,The Future of Fashion: Circular and Sustainable Fashion Trends - Mintel,2024-09-02 07:00:00,Mintel,https://news.google.com/rss/articles/CBMimAFBVV95cUxQVFRrdHhXUWhvOGpnNWNZcFE0LUVWVzU4SDVkWGo3RWFnUTh0a0R4QzZDNmZoQlZTVlpicEJGSi1scmVfVFJUcEhZSllhbkhTQUt5SkdWUWRXUlk5X1J0WXV5eHdFMER2SzNhZjB0bWktQjVKMTZHRUdDdnRVQW9FYV9vWGMxZERGVS1qV1RyQTJzaG01MUJvLQ?oc=5,The Future of Fashion: Circular and Sustainable Fashion Trends Mintel,UK sportswear consumer trends,The Future of Fashion: Circular and Sustainable Fashion Trends - Mintel. The Future of Fashion: Circular and Sustainable Fashion Trends Mintel,0.35672402,0.6256233,0.2953083,0.330315,"Sustainability, materials, circularity and product     innovation within sportswear, activewear and footwear.","Generic sports technology focused on athlete     performance rather than clothing, footwear,     retail or consumer behaviour.",True,4
655,Changing Consumer Behaviour: How Shopping Habits Have Changed - Mintel,2024-05-31 07:00:00,Mintel,https://news.google.com/rss/articles/CBMinwFBVV95cUxQS25UdUVmU3g1MGJBWjJodkRPRk1fbUFzS0Nobk9McHk0ZUtnNlhPY0VkZjBXNVVQMzU5d2l3TVZvenZRWF9HTlpIX0Vza0libHZoYVNNQXZuUU1WSkR3U2hYNk9mWUxWc3E0MV95TFBnN0xtYkxqTkNlZkN2UUJIb0JyVElfNXg2dmhWeUxlWFd4NnlOb01VTTJ0SktIN0U?oc=5,Changing Consumer Behaviour: How Shopping Habits Have Changed Mintel,UK sportswear consumer behaviour,Changing Consumer Behaviour: How Shopping Habits Have Changed - Mintel. Changing Consumer Behaviour: How Shopping Habits Have Changed Mintel,0.44163156,0.5248986,0.22749905,0.29739952,"Consumer behaviour and changing consumer preferences     relating to sportswear, activewear, athletic footwear     and sports fashion.","Sports tourism, sporting events, travel,     event ticketing and sports hospitality.",True,2
561,UK retail and consumer trends 2025 - Odgers Interim,2025-01-24 08:00:00,Odgers Interim,https://news.google.com/rss/articles/CBMilwFBVV95cUxNME1KWlN2N1JFOWxYU3hwZ3VybEI1WkhmUV9Mb2FPcDdGQjNUMFdsSS1WQ05NVU1RLU1wNDdwcldjMUFQa3RTbWlMcVhYeEpCaXlJek93WjBFQ09OTHdsT3BSMDViYng1eVMxWXhkQ0oxUTU5c2NNc0hEcTNWbE96eHFmSGhsNG41a1Rab1lXNWRxd1Vid1Zn?oc=5,UK retail and consumer trends 2025 Odgers Interim,UK sportswear consumer behaviour,UK retail and consumer trends 2025 - Odgers Interim. UK retail and consumer trends 2025 Odgers Interim,0.41974953,0.4771436,0.18061417,0.2965294,"Changes in sportswear retail, shopping behaviour,     consumer demand and brand engagement.","Sports tourism, sporting events, travel,     event ticketing and sports hospitality.",True,2
649,Retail Trends: Navigating the Evolving UK Retail Industry - Mintel,2024-06-18 07:00:00,Mintel,https://news.google.com/rss/articles/CBMimAFBVV95cUxPR25Hb0FGd0cwT0dIYTFHSWlNZXNJVHc5Q05oZURKd3pWWUM5UGE1NjFIUncxai1oeXZaY1l5T19lY0tsTEJtT3I0UWxOV21MU01RSnYxX2FYTWpvdW9UZlMtNFNYa3BoODBPTGhQWjFBTEw5Y285alBvWWVraDVGQUdjUGZvR01NLXR1UjBDbEgxb3JHRFphVw?oc=5,Retail Trends: Navigating the Evolving UK Retail Industry Mintel,UK sportswear consumer behaviour,Retail Trends: Navigating the Evolving UK Retail Industry - Mintel. Retail Trends: Navigating the Evolving UK Retail Industry Mintel,0.48582813,0.5136199,0.21852757,0.29509234,"Changes in sportswear retail, shopping behaviour,     consumer demand and brand engagement.","Generic sports technology focused on athlete     performance rather than clothing, footwear,     retail or consumer behaviour.",True,2
680,How consumers want to shop for fashion in-store - fashionunited.uk,2024-03-20 07:00:00,fashionunited.uk,https://news.google.com/rss/articles/CBMinwFBVV95cUxQV3c1Nm8yX1FWSHV3ZjczVnhhaDVVQ3Z4cGQ3ejk3ajB1VDRHTENFN2NuRzNwb3UzMEVqQVpFRUFQaWZUN0FjaU9QWGFTVTBlNlZ1MEQ1SUpRZUUwTzhqZ1dvYnRvTVRMWUtFMWszUjVuNFh3ZEszMHpfQkxnZE01dG9yb1JBN3M4NTlTM3piY0h0OGtDUFhvNHZ6QmRQZEE?oc=5,How consumers want to shop for fashion in-store fashionunited.uk,UK sportswear retail technology,How consumers want to shop for fashion in-store - fashionunited.uk. How consumers want to shop for fashion in-store fashionunited.uk,0.4851679,0.56616485,0.28300968,0.28315517,"Changes in sportswear retail, shopping behaviour,     consumer demand and brand engagement.","Sports tourism, sporting events, travel,     event ticketing and sports hospitality.",True,4
222,Fashion Enters Its Wellbeing Era - The Business of Fashion,2026-01-26 08:00:00,The Business of Fashion,https://news.google.com/rss/articles/CBMiwwFBVV95cUxQRnBLUF9oaWo2MnNYcnVfSGMwRVY1Uk91VG15b0s4TUpSbnVmRGNSLV9faUNSQlNoREJoZ1RJcjhJY0dCczZsczFMbnI0WFZfV2Uwa2lUMDdMa3NGbE44QTFmNTJWTi1ENlBuT1prNDBWV2RnZEdVQ2dHb2hKSlUxZjFVX01JVGZ5a1VVZk5BaGtpbnhWMnIyTXJOdXIxTnpuVUN5TXdLZUhQb2w1SXBJWEZ3VzRKNHd2dzdkY2NyVzVhaFU?oc=5,Fashion Enters Its Wellbeing Era The Business of Fashion,UK sportswear wellness consumers,Fashion Enters Its Wellbeing Era - The Business of Fashion. Fashion Enters Its Wellbeing Era The Business of Fashion,0.39463162,0.5378018,0.2904653,0.2473365,"The relationship between sport, fashion, lifestyle     and consumer culture within apparel and footwear.","Generic sports technology focused on athlete     performance rather than clothing, footwear,     retail or consumer behaviour.",True,4
311,The State of Fashion 2026: When the rules change - McKinsey & Company,2025-11-17 08:00:00,McKinsey & Company,https://news.google.com/rss/articles/CBMifEFVX3lxTE9ndVBlLTlsYy1uTjJ3eWhmWXRPcHYyckpRM0hHMnJieUR0UnF5UGNjczZOTDNuTVI2Z3lIUEZpektKamtkdXEyY204dVlJQ09wVGpkTG5kM1ZibVpzNXU4MXNZSmxRZkpFYjUxQlJsdjVhNTFoTV9QREZodWU?oc=5,The State of Fashion 2026: When the rules change McKinsey & Company,UK sportswear consumer trends,The State of Fashion 2026: When the rules change - McKinsey & Company. The State of Fashion 2026: When the rules change McKinsey & Company,0.3939122,0.5127013,0.26825967,0.2444416,"Changes in sportswear retail, shopping behaviour,     consumer demand and brand engagement.","Generic sports technology focused on athlete     performance rather than clothing, footwear,     retail or consumer behaviour.",True,4
310,5 It-Girl Activewear Brands You Need Now - Forbes,2025-11-17 08:00:00,Forbes,https://news.google.com/rss/articles/CBMisAFBVV95cUxONmxqcTVFYjZDYVFpTThlUEhiWjhJSTlfVHNMWmxvQTBpbTcyOVlnX1lrcU9seWF2SWdvT1V3ZGFCTExybW0tNXZZRVhxSEFYckhWd2tmUGpPa01HSzZJaDVYSmNqd0tRZ1JmNGZMWUZnRWkyMjNZUGhnWldleFRBR3JaM3dUcXRxQzJweHkwY3U3QXlhTHlqNFY3Y3J1Y1hXRVk3QkpYUGdFaHNfYW5BWA?oc=5,5 It-Girl Activewear Brands You Need Now Forbes,UK activewear innovation,5 It-Girl Activewear Brands You Need Now - Forbes. 5 It-Girl Activewear Brands You Need Now Forbes,0.42158198,0.5543563,0.32073572,0.23362055,"Sportswear, activewear, athletic apparel, athletic footwear,     sneakers and performance clothing products.","Generic sports technology focused on athlete     performance rather than clothing, footwear,     retail or consumer behaviour.",True,5
202,Shopping with AI and the key consumer changes defining fashion in 2026 - The Independent,2026-02-11 08:00:00,The Independent,https://news.google.com/rss/articles/CBMilAFBVV95cUxNbFFrazRNN1dXUGp1ZFBIUnhPbGFta0lhdlh4QzBXU01IVVJta0p6QmhnRFZsUldrUnRVY2FpLUVQSVFBV1RieC1WSk94WjEzRWNaY0VJV3JKbHlDOEZhb0J0UTc0c0dOYVVDOEhBNW1pTkNMX1hYSnpwV1oxcFkwTkJiZDZyOVl1RHg5NjhUQzBORWtU?oc=5,Shopping with AI and the key consumer changes defining fashion in 2026 The Independent,UK sportswear changing consumer habits,Shopping with AI and the key consumer changes defining fashion in 2026 - The Independent. Shopping with AI and the key consumer changes defining fashion in 2026 The Independent,0.47371593,0.5344571,0.31012493,0.22433215,"Consumer behaviour and changing consumer preferences     relating to sportswear, activewear, athletic footwear     and sports fashion.","Generic sports technology focused on athlete     performance rather than clothing, footwear,     retail or consumer behaviour.",True,4
515,Consumer Trends in the Online Grocery Retail Industry - Mintel,2025-03-14 07:00:00,Mintel,https://news.google.com/rss/articles/CBMihwFBVV95cUxOSHFKTkVUX21rR1dRNFJSRkREY1doR29Jd1FvRWFudVJwWWRjcERlRWhSc2pYMzloc1poZFVXaDZWSThXME1GQ1oyUWVDeTZ0Um1xSU5rTTRRaVVXbGtiaDFlTmVJZzJyRVJuaTM4b3p2cFQzQTZaa3JQbUQ3NU1ZLXAtZ1hsOUE?oc=5,Consumer Trends in the Online Grocery Retail Industry Mintel,UK sportswear consumer behaviour,Consumer Trends in the Online Grocery Retail Industry - Mintel. Consumer Trends in the Online Grocery Retail Industry Mintel,0.38434356,0.4273199,0.21512482,0.2121951,"Changes in sportswear retail, shopping behaviour,     consumer demand and brand engagement.","Sports betting, gambling, betting applications,     bookmakers and sports wagering.",True,2
679,"5 Decades of Nike Innovation in Women's Apparel — NIKE, Inc. - About Nike",2024-03-21 07:00:00,About Nike,https://news.google.com/rss/articles/CBMihgFBVV95cUxPVnVldEk1bVgzTldxeUtTTkt4UzRqaGdyY3A1Z29WNnNMNkZfYUlJd3FrZkppRkltSjNXWF8xc1lUZjZQNTZoN0NMbjFkMzFqSFBvUXk2bW9lN3R0cVJtZGFBaXlxYjNtTThSb1FrYXN5LWlVS0FIRFhQZFRaMmhpOE9QY0pTUQ?oc=5,"5 Decades of Nike Innovation in Women's Apparel — NIKE, Inc. About Nike",UK athletic apparel innovation,"5 Decades of Nike Innovation in Women's Apparel — NIKE, Inc. - About Nike. 5 Decades of Nike Innovation in Women's Apparel — NIKE, Inc. About Nike",0.45146775,0.61189246,0.40116382,0.21072865,"Technology and innovation affecting sportswear products,     athletic apparel, footwear and activewear.","Generic sports technology focused on athlete     performance rather than clothing, footwear,     retail or consumer behaviour.",True,3
429,How New Sports Trends and Consumer Habits Are Shaping the UK's Athletic Footwear Market - Breaking The Lines,2025-06-28 07:00:00,Breaking The Lines,https://news.google.com/rss/articles/CBMivAFBVV95cUxPSXlDWW45NFpZc19DVEVhTFpnVGtBdjY3Z2owM3VwTkM1cnliWDBhT0NXaDRncHBvSGUya0MyNXU4Um41ZVpXT05xZWR1SDVsZkJ0RUFyVzlSZXNIdlFWd05iRmVYT1lRTElGWm5ua1RrSERjdTJ5Mk9Cck8zQmdmM1dZdmlYakxUSEZ3YXpHZWhta3RsUTdsR2NXdDlLYVZGaF9mNk54X2Zxb05MWXdpR3k4U04tVXFHT2hJVw?oc=5,How New Sports Trends and Consumer Habits Are Shaping the UK's Athletic Footwear Market Breaking The Lines,UK sportswear consumer trends,How New Sports Trends and Consumer Habits Are Shaping the UK's Athletic Footwear Market - Breaking The Lines. How New Sports Trends and Consumer Habits Are Shaping the UK's Athletic Footwear Market Breaking The Lines,0.6358608,0.7625191,0.55471706,0.20780206,"Consumer behaviour and changing consumer preferences     relating to sportswear, activewear, athletic footwear     and sports fashion.","Generic sports technology focused on athlete     performance rather than clothing, footwear,     retail or consumer behaviour.",True,1
661,The Coca-Cola Company is always innovating and exploring the future of best-in-class brands and experiences - coca-colacompany.com,2024-05-09 07:00:00,coca-colacompany.com,https://news.google.com/rss/articles/CBMi6AFBVV95cUxNbmdjaGZtMkNGakZtNDFoa0RjU3MxRVUyeWxjWTMzcjhRZ25PVGpob21zZFpPdWNxT25SeXNzbmxmNTdYRFhGS09sZG92LThtd1hhNjlzeThuUDZvbXBxRDVJdF9qbUZmdFZoa19MeXBCaE03clhVLTQ2UXpuYlRzMVpyTTJGRmd0MVVyeHI0TnNVYnRfT2RraDJ1ZGc3VjV6Qi00aHZKZzFFNVEzemIyaThYVDNTVTlmeDJJbkxFdFpvSm5TdmxCTkxCa3M1OE9kcTBscFktSmdQa0R3cXpCMC1MSkMzVWRw?oc=5,The Coca-Cola Company is always innovating and exploring the future of best-in-class brands and experiences coca-colacompany.com,UK sportswear future consumers,The Coca-Cola Company is always innovating and exploring the future of best-in-class brands and experiences - coca-colacompany.com. The Coca-Cola Company is always innovating and exploring the future of best-in-class brands and experiences coca-colacompany.com,0.36888722,0.4391525,0.23142718,0.20772533,"Sustainability, materials, circularity and product     innovation within sportswear, activewear and footwear.","Sports tourism, sporting events, travel,     event ticketing and sports hospitality.",True,3
453,New premium activewear brand Seissense launches in the UK - FashionUnited,2025-06-05 07:00:00,FashionUnited,https://news.google.com/rss/articles/CBMirwFBVV95cUxQNy1FTTdPU01uTjNLdTNmcWJvck1lUDFycFlMXzR0Q1V6ZEpJSWZkNXVuQTJ2NDdrbWFRVWFRVlhvSTNBazByZGE3ZjVjcVFkdFJwRlRpUkowMzNWRWt5UWVLOFlMYzMzNXRzejJHd2d0V0lhangybVgwWS1jVVFrc180a1ZXTFVHU3RZZU1TOXE1S095b3NHNldjbXpfY1ZHMHlhQ00tVUZmS2g5U213?oc=5,New premium activewear brand Seissense launches in the UK FashionUnited,UK activewear innovation,New premium activewear brand Seissense launches in the UK - FashionUnited. New premium activewear brand Seissense launches in the UK FashionUnited,0.44289124,0.54901165,0.34545165,0.20356,"Technology and innovation affecting sportswear products,     athletic apparel, footwear and activewear.","Generic sports technology focused on athlete     performance rather than clothing, footwear,     retail or consumer behaviour.",True,5
523,Sportswear brands face new crossroads as growth slows and consumer habits change - fashionunited.uk,2025-03-04 08:00:00,fashionunited.uk,https://news.google.com/rss/articles/CBMizgFBVV95cUxPVkVaUG5kdlo0ZW5adWJxb01ZMnhfUWFSUW9XYzI4ejJKcGE2Z3J2ZlkwNlYxWUZ2Ql9TTU1wT3ZBSVoxQXNPSk9FeXU5Q3VMd0hZcmE3NVU5WlUxb09BaDhSektYRlBXdjRWSDczZ2R3SEJzc3pKLUdTa0IxV2doNzlXRDNia05JX0xIWkhlOUtKajJteWJ1T2VKdEt0djJLZUtDZ1ZBbnhMbXV6M1JGMEJWOTd3emZCSjFPRE4xVnVldEhldUNycWJuVno5QQ?oc=5,Sportswear brands face new crossroads as growth slows and consumer habits change fashionunited.uk,UK sportswear changing consumer habits,Sportswear brands face new crossroads as growth slows and consumer habits change - fashionunited.uk. Sportswear brands face new crossroads as growth slows and consumer habits change fashionunited.uk,0.58719766,0.7125146,0.5102637,0.2022509,"Consumer behaviour and changing consumer preferences     relating to sportswear, activewear, athletic footwear     and sports fashion.","Generic sports technology focused on athlete     performance rather than clothing, footwear,     retail or consumer behaviour.",True,1
78,Digital Consumer Trends 2026 - Deloitte,2026-06-17 07:00:00,Deloitte,https://news.google.com/rss/articles/CBMiiwFBVV95cUxQYmd6VjdIem9UbDgzWXJPdWp5WklQUE5YUEpGVkZaQ0FkZUdyNVNHNXNPa1ZaZzNvQ0ZnR1NfdVVOMklfV1Q0NWwwSlowckg1aDJNLTVXQmsxOU5QZV96TmlOU1JuWDhPbVg3cE5VUTFTSjRFVE5OM293RG5SdExmVktfSUl1ai1fRnFN?oc=5,Digital Consumer Trends 2026 Deloitte,UK sportswear consumer trends,Digital Consumer Trends 2026 - Deloitte. Digital Consumer Trends 2026 Deloitte,0.39028364,0.47214642,0.2761051,0.19604132,"Digital technology affecting sportswear retail,     ecommerce, shopping, personalisation and consumer     experiences.","Sports betting, gambling, betting applications,     bookmakers and sports wagering.",True,2
676,Top Trends in Global Apparel and Footwear in 2024 and Beyond - Euromonitor,2024-04-05 07:00:00,Euromonitor,https://news.google.com/rss/articles/CBMinAFBVV95cUxPUkNmc3ZtSnYxcFlJU1pOYmlXSUF1VENsRTJkNTBFNEhtcmkyeG1EVS00TjhFeGhMellRZ0RUdXZpNkIzZFVmN2Uzb3lOd1hfZWZ3WXczekgtc1hTVXhiNWVqaFRMTmg4UEU2ck1zX1NLVzdoR2tXaEpGOVc5UEw2R2tjRE9WRjZtejJfckhZZ0hhNEVMcDN1TkdEZUE?oc=5,Top Trends in Global Apparel and Footwear in 2024 and Beyond Euromonitor,UK sportswear consumer trends,Top Trends in Global Apparel and Footwear in 2024 and Beyond - Euromonitor. Top Trends in Global Apparel and Footwear in 2024 and Beyond Euromonitor,0.394098,0.59251547,0.39826897,0.1942465,"Sustainability, materials, circularity and product     innovation within sportswear, activewear and footwear.","Generic sports technology focused on athlete     performance rather than clothing, footwear,     retail or consumer behaviour.",True,-1
235,Fashion Retail Outlook 2026 | Strategy& - PwC,2026-01-19 08:00:00,PwC,https://news.google.com/rss/articles/CBMimAFBVV95cUxPMVR5NVQ4MjJ4QjJISjVTMUJ2VUFlU0RNakZyc1FIbGUyckZHWFljVXAxY0pPSDU4QTYxWk5lMm0yYmU5UnU4Y1VwRmc1b1lJN3lNQi1tRmwtZk9wRUVkWkVLeEpHLUJEOGpQcG9sdkJEQ3pzNHBPeFZEdGxUc3E1OFVzMHJtSDdJTVpQZVBqd3Z4ZDNLeE9zUg?oc=5,Fashion Retail Outlook 2026 | Strategy& PwC,UK sportswear digital retail,Fashion Retail Outlook 2026 | Strategy& - PwC. Fashion Retail Outlook 2026 | Strategy& PwC,0.43161887,0.556404,0.36300185,0.19340214,"Changes in sportswear retail, shopping behaviour,     consumer demand and brand engagement.","Generic sports technology focused on athlete     performance rather than clothing, footwear,     retail or consumer behaviour.",True,4
524,"U.S Activewear Market Size, Share | CAGR of 4.9%. - Market.us",2025-03-03 03:10:36,Market.us,https://news.google.com/rss/articles/CBMiW0FVX3lxTE9pWDNDU1g4NW9yWlNCS19hQUV5ZEVhcmRmcGhmOE05STZXUDRjOHgyLWZldG90TGhrcWVlS1lBVmRiQkpuMjM4OFZackJwdG9YV3ItM082d0RSZVk?oc=5,"U.S Activewear Market Size, Share | CAGR of 4.9%. Market.us",UK activewear consumer trends,"U.S Activewear Market Size, Share | CAGR of 4.9%. - Market.us. U.S Activewear Market Size, Share | CAGR of 4.9%. Market.us",0.35717034,0.4862102,0.2940268,0.1921834,"Sportswear, activewear, athletic apparel, athletic footwear,     sneakers and performance clothing products.","Generic sports technology focused on athlete     performance rather than clothing, footwear,     retail or consumer behaviour.",True,0
259,16 Best Activewear Brands To Get You Into Gear In 2026 - British Vogue,2026-01-05 08:00:00,British Vogue,https://news.google.com/rss/articles/CBMiZkFVX3lxTE5OZTUxbUI1dnlJNjQ2ZlNMNjVUaWZWR0RIQ01fNDlHeUtnRC1FSGZYQlpZZ0VXQ2ZQaGJDcHFybDVpN0F4Sjc3ZEFDRi1obEJrTDlodVliMGVFSXdFZDRDV1B1S05HZw?oc=5,16 Best Activewear Brands To Get You Into Gear In 2026 British Vogue,UK activewear consumer trends,16 Best Activewear Brands To Get You Into Gear In 2026 - British Vogue. 16 Best Activewear Brands To Get You Into Gear In 2026 British Vogue,0.43538293,0.53588367,0.34720826,0.1886754,"Technology and innovation affecting sportswear products,     athletic apparel, footwear and activewear.","Generic sports technology focused on athlete     performance rather than clothing, footwear,     retail or consumer behaviour.",True,5
510,Illuminating Wellness: Vitawell reveals new brand identity and strategic direction - Retail Times,2025-03-18 07:00:00,Retail Times,https://news.google.com/rss/articles/CBMirAFBVV95cUxQaURORFM4YjR2NFh4WXVhUXBCTVhBeGJnaEFqN3hfeGlmSDZvb2NCTFkxckpVeGlMczlaU3JxNnFnbU1IUVdYWDZDRjRxU01xbXpCNjc1amdQVkhFTmZDQnNLSjFtUkIzeXpGLU1FS3dNZy1vMTcwWndmREQwTWJXS010SDh0bG40RTJCM3hlMVhLUVNWWGNKUEQ4STFsZTh4Wm9iZmNPRml4M3d3?oc=5,Illuminating Wellness: Vitawell reveals new brand identity and strategic direction Retail Times,UK sportswear wellness consumers,Illuminating Wellness: Vitawell reveals new brand identity and strategic direction - Retail Times. Illuminating Wellness: Vitawell reveals new brand identity and strategic direction Retail Times,0.3990965,0.46563196,0.28406096,0.181571,"Changes in sportswear retail, shopping behaviour,     consumer demand and brand engagement.","Generic sports technology focused on athlete     performance rather than clothing, footwear,     retail or consumer behaviour.",True,6
506,Research shows that Brits prefer to shop in-store vs online - Home of Direct Commerce,2025-03-19 07:00:00,Home of Direct Commerce,https://news.google.com/rss/articles/CBMinwFBVV95cUxQNnlTeEhqVDJ5SnZmaVF1TVAwMGdDRXJKRUlkY0h5XzNzUFBGcEZPMGJTVFVWeW5pNGdVNDdzYXdoZVlxcmVfaVRLMXd5aGdKRVQtZlZSSUdLQlFaNm5YeGVTWDhxVnhteElmaDFBdDQ1dllUaU5sX2U2bDd6UFJoYXM1Smo5THcxRjg0c2tNNDNwYlZKWEhJUTRHQlZDQVU?oc=5,Research shows that Brits prefer to shop in-store vs online Home of Direct Commerce,UK sportswear consumer behaviour,Research shows that Brits prefer to shop in-store vs online - Home of Direct Commerce. Research shows that Brits prefer to shop in-store vs online Home of Direct Commerce,0.3870201,0.3686923,0.18839388,0.18029843,"Changes in sportswear retail, shopping behaviour,     consumer demand and brand engagement.","Sports betting, gambling, betting applications,     bookmakers and sports wagering.",True,2
567,Generation Alpha: How Fashion Players Can Target Tomorrow’s Consumers - Euromonitor,2025-01-13 08:00:00,Euromonitor,https://news.google.com/rss/articles/CBMipgFBVV95cUxPUUtyMGFIUlhFbDJMY2otSktNcFRZMHpPdlpTXzhLVTZMV2RJM0ZIM09vV3hoaTJ0QS1OUVRHTjVaeDFiRG5sR0dEZGdtVmdUakZCODdDR1FFcnRnbG5VV0JkVFB1OEE5T3J0bERXa0NUbEtyb0tBUXVEYXRQMzNCSlBER3hLaHJoMXJ0aGEtVXZXYndGeHVoMXRXTzlJTEZhY0pzRXhB?oc=5,Generation Alpha: How Fashion Players Can Target Tomorrow’s Consumers Euromonitor,UK sportswear future consumers,Generation Alpha: How Fashion Players Can Target Tomorrow’s Consumers - Euromonitor. Generation Alpha: How Fashion Players Can Target Tomorrow’s Consumers Euromonitor,0.392488,0.56570673,0.38703147,0.17867526,"Consumer behaviour and changing consumer preferences     relating to sportswear, activewear, athletic footwear     and sports fashion.","Generic sports technology focused on athlete     performance rather than clothing, footwear,     retail or consumer behaviour.",True,4
610,Deckers Brands: Who is the sportswear group outperforming the market and how is it growing in the UK? - Retail Week,2024-09-24 07:00:00,Retail Week,https://news.google.com/rss/articles/CBMiygFBVV95cUxNUnhDTnFMSnNqNXpXOTBGRG9CME9fcXJHSXVUMjZIcGpqUnZ0MjVOYk1iS3EyVmtuY09LSzdjdE9WZUJUZHhFNU5aR3RuT3VydEtJVlcyTl9LblI1X3lISkZqcVE3akJvbFI1VW9Tb0JJM3NLLUp6dEVkdTJkT1RJV1dsaTdkTURBZ3lvNEdOTW5lRWFJN2NLMktSMm5ReV9wR21jV0w0alBER1QzZHB4bVNDTnN1bENLTVF0aXlBS3NOY0prcmxaVGNn?oc=5,Deckers Brands: Who is the sportswear group outperforming the market and how is it growing in the UK? Retail Week,UK sportswear market trends,Deckers Brands: Who is the sportswear group outperforming the market and how is it growing in the UK? - Retail Week. Deckers Brands: Who is the sportswear group outperforming the market and how is it growing in the UK? Retail Week,0.5161693,0.60509735,0.4278785,0.17721885,"Changes in sportswear retail, shopping behaviour,     consumer demand and brand engagement.","Generic sports technology focused on athlete     performance rather than clothing, footwear,     retail or consumer behaviour.",True,1
467,UK Lifestyle Sneakers Market Size & Trends 2025-2035 - Future Market Insights,2025-05-16 07:00:00,Future Market Insights,https://news.google.com/rss/articles/CBMinwFBVV95cUxOSm96WkdPUjBncDFGODQ3SE05UzBKWE9uTUlUZ2xJY3dPaWs2NmR4Nng0YUZfdFdmcEYxU2xJdFFhaGs3QTEtekgwSkFRT1k2Rk1naG15OHVVZDAxbWdsSm96M2hVQ0xyaUVfS093TTZfNGVHelVCUTZhNDlyWG03MS01UFZvYURkS1ZIS2xpT2ozbmRYNjZSOGxra0llQ2s?oc=5,UK Lifestyle Sneakers Market Size & Trends 2025-2035 Future Market Insights,UK sportswear consumer behaviour,UK Lifestyle Sneakers Market Size & Trends 2025-2035 - Future Market Insights. UK Lifestyle Sneakers Market Size & Trends 2025-2035 Future Market Insights,0.46446678,0.54590863,0.3697158,0.17619282,"Changes in sportswear retail, shopping behaviour,     consumer demand and brand engagement.","Generic sports technology focused on athlete     performance rather than clothing, footwear,     retail or consumer behaviour.",True,0
511,Social media shopping trends among Britons - YouGov,2025-03-17 07:00:00,YouGov,https://news.google.com/rss/articles/CBMiigFBVV95cUxNMjg2cmxqNFd0Zk9Sc1I5NVpFNzBtSEVpNnM4N0VUaC0xM2hQZXJBMzhvbHpCZF9LQkdXZVJLbEVocHl2RV9ZZkplSjZ1VmFBVDVtTVVXMHFjZzU1ai1wWFpicndMSE9OUDdPSDc2bFM1Y0FqYkR0cXhtamRuaThsX0QxalJaSkwtTlE?oc=5,Social media shopping trends among Britons YouGov,UK fitness retail trends,Social media shopping trends among Britons - YouGov. Social media shopping trends among Britons YouGov,0.43151534,0.42560035,0.24964863,0.17595172,"Changes in sportswear retail, shopping behaviour,     consumer demand and brand engagement.","Sports broadcasting, television rights, streaming,     media coverage and sports viewing.",True,2
323,5G in the UK: Nearly half of Britons say the technology improves digital experiences - YouGov,2025-11-05 08:00:00,YouGov,https://news.google.com/rss/articles/CBMiwAFBVV95cUxPdXZObzN1dEtBN3FOd2NicTRlM1dkNGktbmdibkxpRU5pRy1yQ3hXNkJXeFZLeHRSNTVuTmxCWmhqLUhvWWRlZGxvbHRmaDdhVnliN3FLRlJPNW04aTJCTmRKSnhnY3RfNDFTdDZMcTN5QmdzZmlXZWVpeEF1SDRSZGlLcTdrOWVpUVIxLU5TaExVX2JQTU40ZjUzX1gzamhSTmc4UjFXV0UzQnk2ZlFiQVlIYURiek84d2ctcEpFb1Q?oc=5,5G in the UK: Nearly half of Britons say the technology improves digital experiences YouGov,UK sportswear digital experience,5G in the UK: Nearly half of Britons say the technology improves digital experiences - YouGov. 5G in the UK: Nearly half of Britons say the technology improves digital experiences YouGov,0.37067264,0.4113582,0.23742475,0.17393346,"Digital technology affecting sportswear retail,     ecommerce, shopping, personalisation and consumer     experiences.","Sports broadcasting, television rights, streaming,     media coverage and sports viewing.",True,-1
381,Premium Outdoor Apparel Market | Global Market Analysis Report - 2035 - Future Market Insights,2025-09-12 07:00:00,Future Market Insights,https://news.google.com/rss/articles/CBMigAFBVV95cUxObUV0WVhiczNOR3VGZlA3aGdZTmk5SEE0MHFsNEFndldIMjhxaTJCRzdvNVlKQ3BkUWJ4RXU2cWRlbXhtX3RIS1VsVHRsYno3ZmM1UEZMVTF5bjgtOVZXUVBsSXhRSFJKamVWMkI5QVJPZEdvTktNNng0a25Pa3I4Rg?oc=5,Premium Outdoor Apparel Market | Global Market Analysis Report - 2035 Future Market Insights,UK sportswear market trends,Premium Outdoor Apparel Market | Global Market Analysis Report - 2035 - Future Market Insights. Premium Outdoor Apparel Market | Global Market Analysis Report - 2035 Future Market Insights,0.407865,0.5287717,0.3560343,0.17273739,"Sustainability, materials, circularity and product     innovation within sportswear, activewear and footwear.","Generic sports technology focused on athlete     performance rather than clothing, footwear,     retail or consumer behaviour.",True,0
434,BoF Insights | The New Era of Fashion E-Commerce - The Business of Fashion,2025-06-23 07:00:00,The Business of Fashion,https://news.google.com/rss/articles/CBMipAFBVV95cUxQNl9Odm9UT3dvSV9LVTlqUDZ2VG9UenhBVm03eGlzTFRFNk1MdnRHLWZxV3RCQVk2OFhCc215Z2FhRnRHUHpXd3QtY1FUWlZaT3o5WF9tR0ZuUGVyZEpUbUVfV2pjX1pISlFCZHJ5a2ZnUmwtNjFOekZOTmxUSkJnQUNnLUxBVnVDaXhka3VkNlpDT0ljZHJoNnpiQl8wdFVEV2dWaw?oc=5,BoF Insights | The New Era of Fashion E-Commerce The Business of Fashion,UK sportswear consumer behaviour,BoF Insights | The New Era of Fashion E-Commerce - The Business of Fashion. BoF Insights | The New Era of Fashion E-Commerce The Business of Fashion,0.42196542,0.48786935,0.3200787,0.16779065,"The relationship between sport, fashion, lifestyle     and consumer culture within apparel and footwear.","Generic sports technology focused on athlete     performance rather than clothing, footwear,     retail or consumer behaviour.",True,4
34,"Apparel Market Size, Share, Future Trends & Forecast, 2034 - Fortune Business Insights",2026-07-20 07:00:00,Fortune Business Insights,https://news.google.com/rss/articles/CBMibkFVX3lxTE10ZGllZmF6c0hVN3NKUllOVHFYVzl3OGJjY21VSm0zMU5EOVdkOWZmRlVVRU9QbDRTdWdsQjlkbVEtb1R0Zkh5bFY3YmpmWTFOTGdmUWplZlcwSVFqVGFrTFlWbHRWYWdoWnJ0UzR3?oc=5,"Apparel Market Size, Share, Future Trends & Forecast, 2034 Fortune Business Insights",UK sportswear consumer trends,"Apparel Market Size, Share, Future Trends & Forecast, 2034 - Fortune Business Insights. Apparel Market Size, Share, Future Trends & Forecast, 2034 Fortune Business Insights",0.4007119,0.43970275,0.2723981,0.16730464,"Technology and innovation affecting sportswear products,     athletic apparel, footwear and activewear.","Professional sports results, football clubs,     players, matches, teams and competitions.",True,0
626,"France Apparel Market Size and Trend Analysis by Category, Retail Channel, Consumer Attitudes, Brands and Forecast to 2028 - Global Data",2024-08-23 07:00:00,Global Data,https://news.google.com/rss/articles/CBMie0FVX3lxTFB5cFEwYTVDSW92M21xV0JHMDIyMGFwUTdOS2o2N1JjOFozSGJuTzg4ejRUQWtldnFIaGs3TnRHLXdUaUxTTjItRHhNcHJyc2hnYThlVWkyLWR1SHFUY3JXWlN4VnlObnB6WHhqMUhmNzc4SzZLamNRRHZLOA?oc=5,"France Apparel Market Size and Trend Analysis by Category, Retail Channel, Consumer Attitudes, Brands and Forecast to 2028 Global Data",UK sportswear market trends,"France Apparel Market Size and Trend Analysis by Category, Retail Channel, Consumer Attitudes, Brands and Forecast to 2028 - Global Data. France Apparel Market Size and Trend Analysis by Category, Retail Channel, Consumer Attitudes, Brands and Forecast to 2028 Global Data",0.44714057,0.50195366,0.33558655,0.16636711,"Consumer behaviour and changing consumer preferences     relating to sportswear, activewear, athletic footwear     and sports fashion.","Generic sports technology focused on athlete     performance rather than clothing, footwear,     retail or consumer behaviour.",True,0
673,Nike Ignites New Frontier of Innovation - vergemagazine.co.uk,2024-04-13 07:00:00,vergemagazine.co.uk,https://news.google.com/rss/articles/CBMid0FVX3lxTE80M0hiVXJCRU81eVZPNEhjX29BZzZNbkQ0d3ZYRjI1bjYtNGpIYVExRlB4YjdvYUR0dmRrYzJnb0JCM09wMDF5LWJPX2hEWXY5X2Z2bEVfV3FkbUNjczF3cWE1aXFKQmVxczd6ZTk0Qno5MDMtVElV?oc=5,Nike Ignites New Frontier of Innovation vergemagazine.co.uk,UK athletic apparel innovation,Nike Ignites New Frontier of Innovation - vergemagazine.co.uk. Nike Ignites New Frontier of Innovation vergemagazine.co.uk,0.44945616,0.5891307,0.42387077,0.16525993,"Technology and innovation affecting sportswear products,     athletic apparel, footwear and activewear.","Generic sports technology focused on athlete     performance rather than clothing, footwear,     retail or consumer behaviour.",True,3
328,10 Key Consumer Behavior Trends (2025 & 2026) - Exploding Topics,2025-11-04 08:00:00,Exploding Topics,https://news.google.com/rss/articles/CBMiX0FVX3lxTE90Q1JXc0ZqeFpTMUwzc3A4YWJPRDRXWkdmZVNLWEdlVUNOSGlJN3o5SHFxLVJKaDc4bl9qWDliSTV0S2U3WVpYV3pzVGFPTFd5MlpNUXJMZGdjMTRaNHJF?oc=5,10 Key Consumer Behavior Trends (2025 & 2026) Exploding Topics,UK sportswear future consumers,10 Key Consumer Behavior Trends (2025 & 2026) - Exploding Topics. 10 Key Consumer Behavior Trends (2025 & 2026) Exploding Topics,0.49552742,0.47710505,0.312148,0.16495705,"Changes in sportswear retail, shopping behaviour,     consumer demand and brand engagement.","Sports broadcasting, television rights, streaming,     media coverage and sports viewing.",True,2
201,Retail & Consumer Trends 2026 - Deloitte,2026-02-12 08:00:00,Deloitte,https://news.google.com/rss/articles/CBMiigFBVV95cUxOZlBfaFh2MC13R1Z6di1Ya01LaXZ5OFdaS20zclRBNHRiYkNOZjh0T2hvT2NnNTA1VkRPdEtqSldWZVNlNUJCRUJWbExTbmNxZFRZci1WVDR3Q3MtRlV2cUNoZWx0cGl4RVFzRXFrZDh2WndpcTBFVFVZbkdIX01pWnQtN1BUb1I1blE?oc=5,Retail & Consumer Trends 2026 Deloitte,UK sportswear consumer behaviour,Retail & Consumer Trends 2026 - Deloitte. Retail & Consumer Trends 2026 Deloitte,0.37476736,0.42422664,0.2608756,0.16335103,"Changes in sportswear retail, shopping behaviour,     consumer demand and brand engagement.","Sports betting, gambling, betting applications,     bookmakers and sports wagering.",True,2
363,Top 10 Companies in Sportswear Industry Powering Global Activewear Trends in 2025 - LinkedIn,2025-10-03 07:00:00,LinkedIn,https://news.google.com/rss/articles/CBMiogFBVV95cUxNTGViMUEydG91LTVmS3RRSkVnTFZYaE5hVGRnZ0ppWTR2d2pYS2g2U1VyeGwyeGJFbHFEbGkxa1FoR1lEdHZ1VTlTcWN3U3diSnN3SGo3Q1lVbzRFZU5ZcnhhR0M2UUxMU0Z6aXpxQmNoVHhZUloxdUg5elZOZV9iX3RKS1VQRFBEdDJHTTFaOWxwTGFMQWpRb0VIMVFsXzlxTGc?oc=5,Top 10 Companies in Sportswear Industry Powering Global Activewear Trends in 2025 LinkedIn,UK sportswear consumer trends,Top 10 Companies in Sportswear Industry Powering Global Activewear Trends in 2025 - LinkedIn. Top 10 Companies in Sportswear Industry Powering Global Activewear Trends in 2025 LinkedIn,0.4673039,0.5872178,0.42827493,0.15894288,"Technology and innovation affecting sportswear products,     athletic apparel, footwear and activewear.","Generic sports technology focused on athlete     performance rather than clothing, footwear,     retail or consumer behaviour.",True,5
161,"UK Activewear Market Size & Outlook, 2026-2033 - Grand View Research",2026-03-17 07:00:00,Grand View Research,https://news.google.com/rss/articles/CBMiekFVX3lxTFBCUmFYMWE0ZGpXbXFNdVhwT1hXdWt6N2tYWUFrMXkyUlNGQ1pobEVyWmFhaWJVcTk0bXRhNVJfdXhqUVBOYkl3U3Q1T19DalhIVENvSjd0RWNQNi12NDVpZ0RWb1ZxS2IwdXRJdWktVzBROFo2UWxIWTJ3?oc=5,"UK Activewear Market Size & Outlook, 2026-2033 Grand View Research",UK activewear consumer trends,"UK Activewear Market Size & Outlook, 2026-2033 - Grand View Research. UK Activewear Market Size & Outlook, 2026-2033 Grand View Research",0.48549062,0.4740043,0.31541932,0.15858498,"Changes in sportswear retail, shopping behaviour,     consumer demand and brand engagement.","Generic sports technology focused on athlete     performance rather than clothing, footwear,     retail or consumer behaviour.",True,0
615,Retailing in the UK sports niche: pros and cons - Retail Times,2024-09-17 07:00:00,Retail Times,https://news.google.com/rss/articles/CBMifkFVX3lxTE9xZDlRdExkYk9TMTlLTlI5LXNqN19UMkFtX1EyQUhEcjNHNkoyMzRPd21jM29ma2FNOUE5aXdXaVpOWVZKRklrUkN5clg2bGhublItZnFwMk5yU0djN3p0ZGJrdWJBeVVKTzZBNG02dmh1VWxjRjZKRndhVkM1Zw?oc=5,Retailing in the UK sports niche: pros and cons Retail Times,UK sportswear consumer behaviour,Retailing in the UK sports niche: pros and cons - Retail Times. Retailing in the UK sports niche: pros and cons Retail Times,0.47764015,0.65889186,0.5011311,0.15776074,"Changes in sportswear retail, shopping behaviour,     consumer demand and brand engagement.","Generic sports technology focused on athlete     performance rather than clothing, footwear,     retail or consumer behaviour.",True,1
691,Gymshark’s Physical Store: 3 Trends Retailers Can Learn to Help Revive the High Street - Mintel,2024-02-21 08:00:00,Mintel,https://news.google.com/rss/articles/CBMixwFBVV95cUxPRmUwZFVOZW15ZHdOam5wZE13cldwdE1UajhmMzhRRVNlaG15c2hmcDhkVHAzUXpVdDRrOHNGRk5YSGo0UU1ZUEdwWmsxc3liLUdlZFpZZHplUGdXZExBOFNxb2hhOHZOVjhORlNmdTNlaUp3LUl1VWY1N1FkbnhfazZHemdrQlRGSGtvOElOZGNjWlBkaWxKWHRCeExlQ3BGUHFlRlkyZmlMMnhqX0RLV0NEb3ZjYnFBRGNlUnR1anRwLXQxQzFB?oc=5,Gymshark’s Physical Store: 3 Trends Retailers Can Learn to Help Revive the High Street Mintel,UK fitness retail trends,Gymshark’s Physical Store: 3 Trends Retailers Can Learn to Help Revive the High Street - Mintel. Gymshark’s Physical Store: 3 Trends Retailers Can Learn to Help Revive the High Street Mintel,0.35696685,0.42926842,0.27293146,0.15633696,"Changes in sportswear retail, shopping behaviour,     consumer demand and brand engagement.","Generic sports technology focused on athlete     performance rather than clothing, footwear,     retail or consumer behaviour.",True,2
337,Active Wear Market | Global Market Analysis Report - 2035 - Future Market Insights,2025-10-27 07:00:00,Future Market Insights,https://news.google.com/rss/articles/CBMicEFVX3lxTFA4WEp5VXZHZEo4UUhlSzItZXlOZHJnX1FGRkNKV0c0a1p0N1A0czVnTGZwRjNmZHNMa0l1SnkxSS1LUWdpV2hyLTRIbE12TzFodVRBcDdGME9KRHNNZ18ybWZOdk5pUC03QUxVb0pYdzA?oc=5,Active Wear Market | Global Market Analysis Report - 2035 Future Market Insights,UK activewear consumer trends,Active Wear Market | Global Market Analysis Report - 2035 - Future Market Insights. Active Wear Market | Global Market Analysis Report - 2035 Future Market Insights,0.43413934,0.48058745,0.32741302,0.15317443,"Technology and innovation affecting sportswear products,     athletic apparel, footwear and activewear.","Generic sports technology focused on athlete     performance rather than clothing, footwear,     retail or consumer behaviour.",True,0
566,The Interior Design Trends To Know In 2025 – And What’s On Its Way Out - British Vogue,2025-01-15 08:00:00,British Vogue,https://news.google.com/rss/articles/CBMia0FVX3lxTFBGS3VUc215M0NodlZ2TUJzX1JQOE01NFdwUUlnSE9ZOXhfQ1VHdC1ucGpUdGdzV3BuSm9CTGZ5TXpYbjVTVzlxeUM4Ullydk8wUlFYd0o0eVVQLWtMLXdSNTdxMVZ0TUdtb3V3?oc=5,The Interior Design Trends To Know In 2025 – And What’s On Its Way Out British Vogue,UK fitness retail trends,The Interior Design Trends To Know In 2025 – And What’s On Its Way Out - British Vogue. The Interior Design Trends To Know In 2025 – And What’s On Its Way Out British Vogue,0.39740098,0.3681571,0.21565366,0.15250343,"Sustainability, materials, circularity and product     innovation within sportswear, activewear and footwear.","Stadium technology, sporting venues, match technology,     refereeing technology and sports event infrastructure.",True,6
457,Women’s sports retail takes center stage on Regent Street with SOOO pop-up - fashionunited.uk,2025-06-03 07:00:00,fashionunited.uk,https://news.google.com/rss/articles/CBMiwgFBVV95cUxNUXg0bWZ5bHNXVEkwVFFuM2tyLXpkZXNva0dvdXBBOGJCOHpfNjhSSEpZNTVRWXRjSTQwOHpXWGRuN1pwMUxhdnhKaTdJZnJEa1VkR0tFcThvOVFfZndLeDhzeUFCd2E3TGtNcHk5R3RQRHRZcGlzYUpXc3pvTE1mX3NVQW9OYlFabkxGQ1ZhZzE1bmdEdTR5VmFZWmROR2c4bS1ObmV3Y2s2WF9UenhKY0kwcVdQUjRqUGhRLVloNWhuQQ?oc=5,Women’s sports retail takes center stage on Regent Street with SOOO pop-up fashionunited.uk,UK athletic apparel innovation,Women’s sports retail takes center stage on Regent Street with SOOO pop-up - fashionunited.uk. Women’s sports retail takes center stage on Regent Street with SOOO pop-up fashionunited.uk,0.38779306,0.51057786,0.36114642,0.14943144,"Changes in sportswear retail, shopping behaviour,     consumer demand and brand engagement.","Generic sports technology focused on athlete     performance rather than clothing, footwear,     retail or consumer behaviour.",True,1
190,European Union rules: how UK fashion retailers are cracking the continent - Drapers,2026-02-18 08:00:00,Drapers,https://news.google.com/rss/articles/CBMiuAFBVV95cUxOVlNUNDBYdXlzalNOT05XbnNZTjJsVGJuUzdPbG5XTDRFN1ZhdHBuM0pZWm92RjlaTlIwVkZfeXVjQlJvVDhtNHpFZ2NJaXFEejUyTUI5OGcyeWp1cWtOS2VaeTRiUWJPX1lGOWFWdHVlQ01RbmtTRWRTbHRtY19PRFNXeHpmcnZMZVdLUnNjMXNKZEtPeHo1WlZzT0ZuRjFBb054a0FBRjFKS1pkalBiRVJRMHFXN3VE?oc=5,European Union rules: how UK fashion retailers are cracking the continent Drapers,UK sportswear digital retail,European Union rules: how UK fashion retailers are cracking the continent - Drapers. European Union rules: how UK fashion retailers are cracking the continent Drapers,0.35979283,0.43118033,0.28296617,0.14821416,"Consumer behaviour and changing consumer preferences     relating to sportswear, activewear, athletic footwear     and sports fashion.","Sports tourism, sporting events, travel,     event ticketing and sports hospitality.",True,4
93,FTSE 100: UK Fashion Shares in Focus as Retail Trends Shape Market Outlook - Kalkine Media,2026-05-28 07:00:00,Kalkine Media,https://news.google.com/rss/articles/CBMitgFBVV95cUxQNWhSOVdwSnhqNDJCeDhkWFFfSGU1MlU1czE3aEdjRmxZZmNUeHpmaTNINHpmbnIzdVlTQlV4Q1lhZXVlejgteUtMZGJra3RQRXhxNHlUUlZoTGJNNkxSMzNxT2ctMHEzcnMzc0tIN2NLb2pvNzJ2QWVVNVVNYmlkZkNBUkc3TVgtbjdCZ3NaUHVGMlhRazQ4ZmxNV1FQM1dUdnRhOHdrZGo2c2tJRWMyZDYwNnlPdw?oc=5,FTSE 100: UK Fashion Shares in Focus as Retail Trends Shape Market Outlook Kalkine Media,UK sportswear changing consumer habits,FTSE 100: UK Fashion Shares in Focus as Retail Trends Shape Market Outlook - Kalkine Media. FTSE 100: UK Fashion Shares in Focus as Retail Trends Shape Market Outlook Kalkine Media,0.44219545,0.4545925,0.30741706,0.14717543,"Changes in sportswear retail, shopping behaviour,     consumer demand and brand engagement.","Generic sports technology focused on athlete     performance rather than clothing, footwear,     retail or consumer behaviour.",True,-1
198,"Plus Size Clothing Market : Global Industry Analysis and Opportunity Assessment, 2036 - Future Market Insights",2026-02-16 08:00:00,Future Market Insights,https://news.google.com/rss/articles/CBMiekFVX3lxTFB0MVlsU0VXNmdEQWFXTDVoSXV1Sm00Yjkzdi1pV3hNckZBTXh6VHZIaHFRTjNaeUV0VC1RejdhVmZVekdUWEF2UWhCU19ZbmFoSlMxMWprYnQzcWp2RXYybnJRa1dDX05jRGh5V2ZEdENtTURnNzY3NWh3?oc=5,"Plus Size Clothing Market : Global Industry Analysis and Opportunity Assessment, 2036 Future Market Insights",UK sportswear consumer trends,"Plus Size Clothing Market : Global Industry Analysis and Opportunity Assessment, 2036 - Future Market Insights. Plus Size Clothing Market : Global Industry Analysis and Opportunity Assessment, 2036 Future Market Insights",0.3622911,0.4981978,0.35242912,0.14576867,"Sustainability, materials, circularity and product     innovation within sportswear, activewear and footwear.","Generic sports technology focused on athlete     performance rather than clothing, footwear,     retail or consumer behaviour.",True,0
207,"Sports Apparel Market to Reach USD 383.88 Billion by 2032, Driven by Rising Fitness Awareness and Global Activewear Demand | Industry Forecast 2025-2032: Maximize Market Research - PR Newswire UK",2026-02-04 08:00:00,PR Newswire UK,https://news.google.com/rss/articles/CBMi0wJBVV95cUxOdkdkaTdKcGNBSkRkWHIyUGdBQjAyOHJ3UTZEN2tWc3RrOVlDUVotSjV0ZnRwcmNXamxzbTl1UWpQS1czUTdjWTU5MlhWQ0FuQ3YyX1l6OXJQa0NhUk5oMnYyYzlDc1AwZ3VQUkx0Tk9TUlhzU0JuZzRveG5PQnQwVDctNHk4Q1Y3eXNfTThmenY4MHVIaXMwOUxOSEJBSW0xXzBiUlRaczBzX09EbkpJWmJHalBPSG9lTm9ka2JWSzhKRjhfelZTOVVNSm5KYVpSaUxtWE9SdU5leldWZXVJM3U3czFiT1Q5YUJuYWVMWnJkVW5tQ1NSTkZ5b2FZZVRTVmVBblZrYWZ6eGhBcVFfX3lsYkFoeWxfckRWSkU5X1k3cGhaTnNVdlFXT200aEhkVlpWOEplRGpBSk9EaU1kVnNRbFFTQ0s1cExUOVFDUnVKYWM?oc=5,"Sports Apparel Market to Reach USD 383.88 Billion by 2032, Driven by Rising Fitness Awareness and Global Activewear Demand | Industry Forecast 2025-2032: Maximize Market Research PR Newswire UK",UK activewear consumer trends,"Sports Apparel Market to Reach USD 383.88 Billion by 2032, Driven by Rising Fitness Awareness and Global Activewear Demand | Industry Forecast 2025-2032: Maximize Market Research - PR Newswire UK. Sports Apparel Market to Reach USD 383.88 Billion by 2032, Driven by Rising Fitness Awareness and Global Activewear Demand | Industry Forecast 2025-2032: Maximize Market Research PR Newswire UK",0.510983,0.6286595,0.48351863,0.14514086,"Technology and innovation affecting sportswear products,     athletic apparel, footwear and activewear.","Generic sports technology focused on athlete     performance rather than clothing, footwear,     retail or consumer behaviour.",True,0
452,"Casual Wear Market Size, Share, Growth | Forecast [2026-2034] - Fortune Business Insights",2025-06-05 13:28:41,Fortune Business Insights,https://news.google.com/rss/articles/CBMic0FVX3lxTE84ZGpaQjVHT01OZUREUE51cFFYTXBmXzhrSXZaY1Y5b2xZZU4ya1BXZmZ1R19lSVNoQTZtY1R3Y2ZfdlFUcXFES1BhdnE2TDFHcVFpU1FmU0gzai1Ua3JERXhNeWl3SEdlMFNacW5fRHd0WTg?oc=5,"Casual Wear Market Size, Share, Growth | Forecast [2026-2034] Fortune Business Insights",UK activewear consumer trends,"Casual Wear Market Size, Share, Growth | Forecast [2026-2034] - Fortune Business Insights. Casual Wear Market Size, Share, Growth | Forecast [2026-2034] Fortune Business Insights",0.3514681,0.4356799,0.2926039,0.143076,"Sustainability, materials, circularity and product     innovation within sportswear, activewear and footwear.","Sports betting, gambling, betting applications,     bookmakers and sports wagering.",True,0
690,Fitness Ecommerce Websites: 14 Store Examples - Shopify,2024-02-22 17:47:19,Shopify,https://news.google.com/rss/articles/CBMidEFVX3lxTE9NajlRZDNLM0gxeTdCaGY0MWJQNHlNU1pHN3VHcVY4NDBiZFZGMklRd1FoRkVfLTBGZUhZTERRc1ptVzZ2MGZVQ2syMVgzV3h0c1IyUmhiVFdueDJJODNTalV3cXUwLUk3dEtRcUtMSmhxY0I1?oc=5,Fitness Ecommerce Websites: 14 Store Examples Shopify,UK fitness retail trends,Fitness Ecommerce Websites: 14 Store Examples - Shopify. Fitness Ecommerce Websites: 14 Store Examples Shopify,0.43477502,0.42052764,0.27759477,0.14293286,"Sportswear, activewear, athletic apparel, athletic footwear,     sneakers and performance clothing products.","Generic sports technology focused on athlete     performance rather than clothing, footwear,     retail or consumer behaviour.",True,-1
362,Sell Sporting Goods Online: Ecommerce Guide (2025) - Shopify,2025-10-03 07:00:00,Shopify,https://news.google.com/rss/articles/CBMickFVX3lxTE1Oa3BXRkE0LWlCdkVfNHZDamZNclNkNVVuQWQ5djlQSTY0LWJ0UExmME1CTmlHVlkwTEl1ZGg4ZGUzQ0oyYllxSUEwelFLS1hIVFJja1pPR1BId0FZYnNuellNWG5YdnZaUElCbXZ5NWpSZw?oc=5,Sell Sporting Goods Online: Ecommerce Guide (2025) Shopify,UK sportswear digital retail,Sell Sporting Goods Online: Ecommerce Guide (2025) - Shopify. Sell Sporting Goods Online: Ecommerce Guide (2025) Shopify,0.43271828,0.5551189,0.41261756,0.14250135,"Digital technology affecting sportswear retail,     ecommerce, shopping, personalisation and consumer     experiences.","Generic sports technology focused on athlete     performance rather than clothing, footwear,     retail or consumer behaviour.",True,-1
88,Harry Styles Is Leading the Secondhand Sportswear Trend—19 Picks We're Also Loving - Marie Claire UK,2026-06-02 07:00:00,Marie Claire UK,https://news.google.com/rss/articles/CBMifEFVX3lxTFBmNWR3QUczMkMtS0xMTC05dTFfZ0Zicmk5Z25Tb0sxZ29XV2RNazEtSzBDZDUwZDJLc1ZjUDRkQVVfSEFCTHl2WDdhU2JKbExGNGdxdGlicldkSFQ1MzdPZmI1dzhxZVRISGJ1Z3kyOWw4UVBnRG1GbHpiVUo?oc=5,Harry Styles Is Leading the Secondhand Sportswear Trend—19 Picks We're Also Loving Marie Claire UK,UK activewear consumer trends,Harry Styles Is Leading the Secondhand Sportswear Trend—19 Picks We're Also Loving - Marie Claire UK. Harry Styles Is Leading the Secondhand Sportswear Trend—19 Picks We're Also Loving Marie Claire UK,0.36872956,0.4931289,0.3515393,0.14158958,"Consumer behaviour and changing consumer preferences     relating to sportswear, activewear, athletic footwear     and sports fashion.","Generic sports technology focused on athlete     performance rather than clothing, footwear,     retail or consumer behaviour.",True,1
664,How Lululemon is sprinting ahead in the UK sportswear market - Retail Week,2024-05-05 07:00:00,Retail Week,https://news.google.com/rss/articles/CBMiwAFBVV95cUxNd1RXemVfYzg5SkV4QTdFUUVkYUZ1MkZuZ3FtcFVpQ0tSOW1xMVlaaGtzRHJBMDRtWTZiM0FqOFZmdTl0WG41YlVmWi1UdlF6T3ZQSVh6WWpzUlQyRHpEaThLSTFtcHQ4M1FfalFwcGZrQWlZY1BFQkZDaXUxdG5HODBpNzZ4SWVvYTl6X0ZqaTZqTTNjNlpnbURqeTgxaUpDRFRESEpudDVabmRYNmZOMDJiMmZOdjQ3SXl4NS0tVEY?oc=5,How Lululemon is sprinting ahead in the UK sportswear market Retail Week,UK sportswear ecommerce,How Lululemon is sprinting ahead in the UK sportswear market - Retail Week. How Lululemon is sprinting ahead in the UK sportswear market Retail Week,0.46941262,0.52215415,0.3821609,0.13999325,"Changes in sportswear retail, shopping behaviour,     consumer demand and brand engagement.","Generic sports technology focused on athlete     performance rather than clothing, footwear,     retail or consumer behaviour.",True,1
223,6 wellness trends that will change how we take care of ourselves in 2026 - Vogue Adria,2026-01-24 08:00:00,Vogue Adria,https://news.google.com/rss/articles/CBMiUEFVX3lxTE1sZG5GZGJOWUVHYlgtT040ZFpNTWZIUFBldGlxSHd3QjZlUnk0dngwMzZFSFlHUlliVEZveE1DeF9qc2RLTW5lT1VLRkxqbmZT?oc=5,6 wellness trends that will change how we take care of ourselves in 2026 Vogue Adria,UK sportswear wellness consumers,6 wellness trends that will change how we take care of ourselves in 2026 - Vogue Adria. 6 wellness trends that will change how we take care of ourselves in 2026 Vogue Adria,0.40561163,0.40102956,0.26130098,0.13972858,"Consumer behaviour and changing consumer preferences     relating to sportswear, activewear, athletic footwear     and sports fashion.","Generic sports technology focused on athlete     performance rather than clothing, footwear,     retail or consumer behaviour.",True,6
143,"Sportswear Fabric Market Size, Share, Report By 2035 - Market Research Future",2026-04-06 07:00:00,Market Research Future,https://news.google.com/rss/articles/CBMigAFBVV95cUxOVDcxNTAydHJYanRYVlpNa1pGelpXZldZMllIWXNWSHlzajh1cUo0Mjc4STkxa2ZZV05LWEhDU3ktUDJBcGlyZGpxN2xiX0N5VmZhUzljM0pxb2RDYXlONEtnRVZ6TjVNYXlQajBNZ1pCSF95UWNvWGdrSXNWM0ZBNQ?oc=5,"Sportswear Fabric Market Size, Share, Report By 2035 Market Research Future",UK activewear consumer trends,"Sportswear Fabric Market Size, Share, Report By 2035 - Market Research Future. Sportswear Fabric Market Size, Share, Report By 2035 Market Research Future",0.4585144,0.60567904,0.46624434,0.1394347,"Technology and innovation affecting sportswear products,     athletic apparel, footwear and activewear.","Generic sports technology focused on athlete     performance rather than clothing, footwear,     retail or consumer behaviour.",True,0
572,"These are the best activewear brands for 2025, according to our fashion editor - Women's Health",2025-01-06 08:00:00,Women's Health,https://news.google.com/rss/articles/CBMigwFBVV95cUxNZlY2aVktUkNsTURLNS1Ndk43eDRrUmMxSFNWRFRYQnVSdkYweWU4WjhoczFpYUVMdWU1UjlLS3NaSENJU1ZQQjFUcGZIekR1M1hQeE02a0ZvV24xSThrcUJOcnZqZk82SE51RmpFOE5aMWRieVpmWVBJOHBVeDY5V016NA?oc=5,"These are the best activewear brands for 2025, according to our fashion editor Women's Health",UK fitness retail trends,"These are the best activewear brands for 2025, according to our fashion editor - Women's Health. These are the best activewear brands for 2025, according to our fashion editor Women's Health",0.37890452,0.4867629,0.348673,0.13808993,"Technology and innovation affecting sportswear products,     athletic apparel, footwear and activewear.","Generic sports technology focused on athlete     performance rather than clothing, footwear,     retail or consumer behaviour.",True,5
384,From £300 Bedroom Startup to Global Phenomenon: Pursue Fitness Celebrates 12 Years of Disrupting the Activewear Industry - News By Wire,2025-09-05 07:00:00,News By Wire,https://news.google.com/rss/articles/CBMi2gFBVV95cUxOdVpQWk1rNU1laExkTklqZEc0MFF6aHdtODFXMDVjc1ROb0ZvdmdremJ4RXEzVE5kLTUxMTJYNGNmUFR1QTFWcFhNUU9XUktIakhMdDZBUzFMcGJUSm9ZekJmWlNNU2ZKZm9IWjZibGFoMXo0M2JHOHY0M2x6bVhzWmhZTmFuRVVhZy1GV0tFYVRKdWZjeFpYT1pvRlVqS2pYZFp3MndDMHctTkszWVZFMzNTdHh5RGRQa0V2eWROTTQxMDNGcDVVdG5zeFpiOFJTR2l6TnI1ZHBQdw?oc=5,From £300 Bedroom Startup to Global Phenomenon: Pursue Fitness Celebrates 12 Years of Disrupting the Activewear Industry News By Wire,UK activewear innovation,From £300 Bedroom Startup to Global Phenomenon: Pursue Fitness Celebrates 12 Years of Disrupting the Activewear Industry - News By Wire. From £300 Bedroom Startup to Global Phenomenon: Pursue Fitness Celebrates 12 Years of Disrupting the Activewear Industry News By Wire,0.4681006,0.47413006,0.33947313,0.13465694,"Technology and innovation affecting sportswear products,     athletic apparel, footwear and activewear.","Generic sports technology focused on athlete     performance rather than clothing, footwear,     retail or consumer behaviour.",True,0
286,Discover gifts made for movement with On – from performance running shoes to stylish activewear - The Independent,2025-12-10 08:00:00,The Independent,https://news.google.com/rss/articles/CBMigAFBVV95cUxNdUJqVGNkcWJzT1JQNTlyUjZlN0FDMmZ5YmVyckViWkNkUF9yTV9jVGpZVnVqdXhrYkZ6eHh4TnRXQUlPYUR1Z19vekNqLXgtYTgxTzFXVVNKeEt4b0NXUGJVRjZya2kza3htUk9PVFpOeTlsYnB6anVKMWJnTWFRbQ?oc=5,Discover gifts made for movement with On – from performance running shoes to stylish activewear The Independent,UK activewear innovation,Discover gifts made for movement with On – from performance running shoes to stylish activewear - The Independent. Discover gifts made for movement with On – from performance running shoes to stylish activewear The Independent,0.404828,0.5421391,0.40982488,0.13231423,"Sustainability, materials, circularity and product     innovation within sportswear, activewear and footwear.","Generic sports technology focused on athlete     performance rather than clothing, footwear,     retail or consumer behaviour.",True,-1
455,How activewear brand LSKD keeps its startup culture - hcamag.com,2025-06-03 07:00:00,hcamag.com,https://news.google.com/rss/articles/CBMiuwFBVV95cUxPcnVjQnJtVGZBMEVuYm5CNW5CaEVGWlJrY1lSVDZQMzZiTHBhOF9aNDR4Sm5QN19SSGZvUzZLeVhSSEx4LS1GTWxGUFB6SEdLa0RuX215Nmc4TGJySmZld0hLWDhpTVh4RVZTYlFCZTVYMll5QzFyTmxGdUZTOXBJZkJTenVvNjR5TWg3dkR5NTliTjEwVHVNV0NKcVduajNPZjlvcDBiRHltYng0Z1Y0ZFZHVFRvenQ2RG1B?oc=5,How activewear brand LSKD keeps its startup culture hcamag.com,UK activewear innovation,How activewear brand LSKD keeps its startup culture - hcamag.com. How activewear brand LSKD keeps its startup culture hcamag.com,0.3980335,0.40369737,0.27265206,0.13104531,"Technology and innovation affecting sportswear products,     athletic apparel, footwear and activewear.","Generic sports technology focused on athlete     performance rather than clothing, footwear,     retail or consumer behaviour.",True,5
74,lululemon brand profile in the UK 2025 - Statista,2026-06-24 07:00:00,Statista,https://news.google.com/rss/articles/CBMirgFBVV95cUxPb3NoRHpkWThpcDVveVZ4VE9SWGRwMm9SaUxpOWFoMDdiVHhmaTlBbHV4QjFWRmd0NjFwc2hMcFpjc19oeGFsYkl1N2FUMzFwdzBMN0VTMWtJOWQ1NnY3RVoxQ2lmdG9JMVJDMTgxSU5NYnZFNEZoZXh2Wkp1VkF3NnV5Z2hxc0l6cXpDZFYtUjlQeUFydVFDZkZtNGR2bHlJdTJXUElmdjRtZHU3RVE?oc=5,lululemon brand profile in the UK 2025 Statista,UK sportswear ecommerce,lululemon brand profile in the UK 2025 - Statista. lululemon brand profile in the UK 2025 Statista,0.3993412,0.46303615,0.33278894,0.1302472,"Sustainability, materials, circularity and product     innovation within sportswear, activewear and footwear.","Generic sports technology focused on athlete     performance rather than clothing, footwear,     retail or consumer behaviour.",True,-1
237,"The coolest activewear brands to know in 2026, tried and tested - cosmopolitan.com",2026-01-16 08:00:00,cosmopolitan.com,https://news.google.com/rss/articles/CBMiigFBVV95cUxQdUZKSC1vZEJicGw5TlV3cXFJcS1IbjU0cHJJMERIYjM4WGJJM1ZjdVR3NmRvV0g2S0F6RThGS2l3T00zcUEySDQtREkwbUlKeHFpY0FiR2xfY3I3NWczdFZDcHAtYXdpd2lETDA5TTZtRGxBTy1TMV96SThRQUFpbDdhWXVudWNyU1E?oc=5,"The coolest activewear brands to know in 2026, tried and tested cosmopolitan.com",UK fitness retail trends,"The coolest activewear brands to know in 2026, tried and tested - cosmopolitan.com. The coolest activewear brands to know in 2026, tried and tested cosmopolitan.com",0.35169813,0.45296475,0.32430804,0.12865672,"Consumer behaviour and changing consumer preferences     relating to sportswear, activewear, athletic footwear     and sports fashion.","Generic sports technology focused on athlete     performance rather than clothing, footwear,     retail or consumer behaviour.",True,5
377,12 Wellness Trends Shaping the Industry in 2026 - Shopify,2025-09-17 07:00:00,Shopify,https://news.google.com/rss/articles/CBMic0FVX3lxTE5QOUpMSU45WU5kYXB5c1l1NUQyaktjWUhDQlJkeXNHUUdLZXZxWWY1ODVMLTYzSFppNUluVVhpTlIyVlA4ZVRPRUt1RzF4YVpYVU54NVZiQWpyWlgtMkVKRF9hVjF2RXo5cEYyYXo5RWY4eGM?oc=5,12 Wellness Trends Shaping the Industry in 2026 Shopify,UK fitness retail trends,12 Wellness Trends Shaping the Industry in 2026 - Shopify. 12 Wellness Trends Shaping the Industry in 2026 Shopify,0.49158162,0.44257417,0.31440952,0.12816465,"Changes in sportswear retail, shopping behaviour,     consumer demand and brand engagement.","Sports drinks, energy drinks, protein drinks,     hydration products, beverages and nutrition.",True,2
456,Nike in China: A sportswear giant’s journey back to the top - Daxue Consulting,2025-06-03 07:00:00,Daxue Consulting,https://news.google.com/rss/articles/CBMiVEFVX3lxTE4yU1g0LXZvSVNzX0xicmZsSGloWWdNbDQ3c2sxc3FjVW54b09vZ0laSzFWUGQ3U2JPbmxYa2w4UERXamZTQkRQR2s4OHpvaXBIVkhZcA?oc=5,Nike in China: A sportswear giant’s journey back to the top Daxue Consulting,UK sportswear digital retail,Nike in China: A sportswear giant’s journey back to the top - Daxue Consulting. Nike in China: A sportswear giant’s journey back to the top Daxue Consulting,0.3954872,0.5722393,0.44451475,0.12772453,"Sustainability, materials, circularity and product     innovation within sportswear, activewear and footwear.","Generic sports technology focused on athlete     performance rather than clothing, footwear,     retail or consumer behaviour.",True,3
353,"Top Athleisure Trends & Best Sustainable Activewear Brands In US: Comfort, Technology & Style in Motion - Fibre2Fashion",2025-10-16 05:44:01,Fibre2Fashion,https://news.google.com/rss/articles/CBMi5AFBVV95cUxOYjFMU0RGSW9ZLU9kLU9FYmY0RkZVTGhuMDhWVDFoMlhMbDJNYTQya21zUkJhU3hIZXpBZHZ6SElnNjgzNlducUJibG01ck5UYzFFNkFsOXVrUVkwWkdZb0hZano5WXFnTmRldEhpVW5XaFZmcnpXcUxOVHpwSlcxMzI0UW5OUVJ2aHdCR1F6QlNEdFNuc3FDTVhnSVpMOEtjLTMwZFN1QS1XVk5nSHNhQ2JfZFFCS2tMUTd6YWk0WUhReHdRanNVMGlFZkRSNFc1czhsbXRrVzJlby1UNnQ3T0JfdEk?oc=5,"Top Athleisure Trends & Best Sustainable Activewear Brands In US: Comfort, Technology & Style in Motion Fibre2Fashion",UK activewear innovation,"Top Athleisure Trends & Best Sustainable Activewear Brands In US: Comfort, Technology & Style in Motion - Fibre2Fashion. Top Athleisure Trends & Best Sustainable Activewear Brands In US: Comfort, Technology & Style in Motion Fibre2Fashion",0.43775955,0.5085873,0.38200948,0.12657782,"Consumer behaviour and changing consumer preferences     relating to sportswear, activewear, athletic footwear     and sports fashion.","Generic sports technology focused on athlete     performance rather than clothing, footwear,     retail or consumer behaviour.",True,5
2,From stadiums to street style: Sports-fashion partnerships win over UK consumers - YouGov,2026-08-05 14:57:28,YouGov,https://news.google.com/rss/articles/CBMiuwFBVV95cUxPOHdEQzFVSHRQa3pFTm5ZeTZ5eVN6QjlWSXhFMTMwQVVBTnU1TzVHTGt0R2VFRDRFWDJkbmhxekpCRFAtZ29jM2RYZ1lfLTBCZGpISDNTdk53dUt3Q0R3OS02MkY4V2NaWW5oNldSRHgteGtKbzlST3hHYUNZbGpQeE9Pald5TUd1VldWbVJiajdiSkJJQmJWeERDQkRZaXVNdEhLUWlLS0dLNTRVS1JScWtzYm5XeHVDOEhj?oc=5,From stadiums to street style: Sports-fashion partnerships win over UK consumers YouGov,UK sportswear consumer trends,From stadiums to street style: Sports-fashion partnerships win over UK consumers - YouGov. From stadiums to street style: Sports-fashion partnerships win over UK consumers YouGov,0.49172974,0.5666201,0.44333658,0.123283535,"Consumer behaviour and changing consumer preferences     relating to sportswear, activewear, athletic footwear     and sports fashion.","Sports tourism, sporting events, travel,     event ticketing and sports hospitality.",True,1
547,"Sports Apparel Market to Grow by USD 106.5 Billion (2025-2029), Boosted by Innovative Apparel and Product Premiumization, AI Redefining Market Landscape - Technavio - Yahoo Finance",2025-02-07 08:00:00,Yahoo Finance,https://news.google.com/rss/articles/CBMiggFBVV95cUxPSVJiZlZkV3JVRkQyMXhETURQT2x3MHQ1NHVGU3UwbEwyejVZcncwNXdpRGZmZmU2bE56SENLcDNKaUFKdEljbUJVaWVRdTRlS3d2WlI2MEM0VWgtQmI1MXFIdUh6ZVR4UHJVOGFEOGlKWHhuNFUxSnNjNkozYWI4VGR3?oc=5,"Sports Apparel Market to Grow by USD 106.5 Billion (2025-2029), Boosted by Innovative Apparel and Product Premiumization, AI Redefining Market Landscape - Technavio Yahoo Finance",UK athletic apparel innovation,"Sports Apparel Market to Grow by USD 106.5 Billion (2025-2029), Boosted by Innovative Apparel and Product Premiumization, AI Redefining Market Landscape - Technavio - Yahoo Finance. Sports Apparel Market to Grow by USD 106.5 Billion (2025-2029), Boosted by Innovative Apparel and Product Premiumization, AI Redefining Market Landscape - Technavio Yahoo Finance",0.45784578,0.6287171,0.50548923,0.123227894,"Technology and innovation affecting sportswear products,     athletic apparel, footwear and activewear.","Generic sports technology focused on athlete     performance rather than clothing, footwear,     retail or consumer behaviour.",True,0
440,ConsumerSignals: Consumer spending behavior - Deloitte,2025-06-18 14:01:30,Deloitte,https://news.google.com/rss/articles/CBMixwFBVV95cUxOYVRuVGdvRy1zR0VCRk44VTZON0RFUTZ6NzgyaEg2bThRZENIamNEdjdULUVwa19wamhzYmhBR1p4TS1iQzBVa0FwS2R4OGE4YnJSSnJKckhXTHoyTkVZUVlzQVdqU3ZNd1A4ZnNvcjF3ay1vX1ZrcThmVU5Bd3NoQXU1S3ZUZUZnb01WQ0FTSTdNZEFvTVhwZHhyOU5NY3Nzc05RN0U3QXFjNDRMX051WmFWWEdxSVFfWURoMFNLYlpKRjV6ZzFv?oc=5,ConsumerSignals: Consumer spending behavior Deloitte,UK sportswear consumer behaviour,ConsumerSignals: Consumer spending behavior - Deloitte. ConsumerSignals: Consumer spending behavior Deloitte,0.358612,0.3987659,0.27601498,0.12275091,"Changes in sportswear retail, shopping behaviour,     consumer demand and brand engagement.","Sports betting, gambling, betting applications,     bookmakers and sports wagering.",True,2
135,From wearable AI to TikTok Shop: how beauty is rewriting the retail growth playbook - Barclays Group,2026-04-09 16:33:36,Barclays Group,https://news.google.com/rss/articles/CBMiakFVX3lxTE0tc1JJUFlkRUdBWXlKV1dNU0JNQ3dmT2doSGNFWUQ4WXFLWVQ2RU9IWmZjam03SE1rN3FvQ0dFQ2ZNNExuNWVKd2NpRWhwZHJ4Qnl3bEpWSFVsNUlkWUZBTzdnbExVRHIyQUE?oc=5,From wearable AI to TikTok Shop: how beauty is rewriting the retail growth playbook Barclays Group,UK fitness retail trends,From wearable AI to TikTok Shop: how beauty is rewriting the retail growth playbook - Barclays Group. From wearable AI to TikTok Shop: how beauty is rewriting the retail growth playbook Barclays Group,0.43308556,0.45376474,0.33269736,0.121067375,"Changes in sportswear retail, shopping behaviour,     consumer demand and brand engagement.","Generic sports technology focused on athlete     performance rather than clothing, footwear,     retail or consumer behaviour.",True,-1
537,"NIKE, Inc. and SKIMS Introduce New Brand for Women: NikeSKIMS — - About Nike",2025-02-18 08:00:00,About Nike,https://news.google.com/rss/articles/CBMigAFBVV95cUxNTWtUbGl2LWxKZldqUlR4SGlBeGt5aXg2UkMwcThIejlhN1lxVVVpQUlibkFvMEdmMWxLZW1hc0p4bWFXaThOLU5uMmJPVVg3d3cyWHQwNWxVeDY3eU1xVmtXTFhxcVNCNDdpeXVKVmVZMHJWTU9neGxRRnVJTjRNUw?oc=5,"NIKE, Inc. and SKIMS Introduce New Brand for Women: NikeSKIMS — About Nike",UK activewear innovation,"NIKE, Inc. and SKIMS Introduce New Brand for Women: NikeSKIMS — - About Nike. NIKE, Inc. and SKIMS Introduce New Brand for Women: NikeSKIMS — About Nike",0.36063153,0.51146096,0.39134514,0.12011582,"Consumer behaviour and changing consumer preferences     relating to sportswear, activewear, athletic footwear     and sports fashion.","Generic sports technology focused on athlete     performance rather than clothing, footwear,     retail or consumer behaviour.",True,3
100,Forging an Edge in Fashion and Sports E-Commerce - The Business of Fashion,2026-05-19 07:00:00,The Business of Fashion,https://news.google.com/rss/articles/CBMi0AFBVV95cUxNM0xpSGdTWmp3OXRqdGdlSzRWZ0pYVDNhWGtINUxDdVBoTFdIaXBFYkoxb2pTQUt3RmlERk5lbFJKTXhCTFpiOVNEaTVNN1BEQ3pGSUoyRlRid1NYVDNyRHpKV0ZQNWY1c2hQbjhYUUhrbWxMNzRFaTJYWjc3TmRJQnh5TmhIcGlVNVo4aUJyMXdsd3JjZms0ZVo2VEFmSm96LXlGY1laTXdjSTN2dWhLMEthQVpETnQ0Vjl3MnB4ekJmeGV1bWI0SzU5bEt6R0VT?oc=5,Forging an Edge in Fashion and Sports E-Commerce The Business of Fashion,UK sportswear ecommerce,Forging an Edge in Fashion and Sports E-Commerce - The Business of Fashion. Forging an Edge in Fashion and Sports E-Commerce The Business of Fashion,0.4745592,0.6247062,0.5061987,0.118507504,"Digital technology affecting sportswear retail,     ecommerce, shopping, personalisation and consumer     experiences.","Generic sports technology focused on athlete     performance rather than clothing, footwear,     retail or consumer behaviour.",True,-1
121,Fashion Insiders Rely On These Activewear Brands For A Reason - ELLE,2026-04-29 07:00:00,ELLE,https://news.google.com/rss/articles/CBMihAFBVV95cUxNNW9udjVXcUpBLU9GR01LUG5seXJjbmpRM2JqNUY5QUFDc3N1emd4akt3OTU3bFUzXzlPZzItSG9QWThPVFFuTjBKNG1YLWZtTTdDX3NxckhJbWl6dk9QVm5XcVNkc1M0UkhhRVIyTGtwS1hqTl9QMXpuQ3k5LTN6TXRuRW0?oc=5,Fashion Insiders Rely On These Activewear Brands For A Reason ELLE,UK sportswear market trends,Fashion Insiders Rely On These Activewear Brands For A Reason - ELLE. Fashion Insiders Rely On These Activewear Brands For A Reason ELLE,0.38047945,0.5027128,0.38614678,0.116566,"Sportswear, activewear, athletic apparel, athletic footwear,     sneakers and performance clothing products.","Generic sports technology focused on athlete     performance rather than clothing, footwear,     retail or consumer behaviour.",True,5
166,The UK health and fitness sector - Savills,2026-03-12 07:00:00,Savills,https://news.google.com/rss/articles/CBMia0FVX3lxTE9IcFNvcHR4ZXFNTU42Y204MUUyT3Jtbk40eTNiNm52Q1phbHlpcW9OaTZnRFQ2WjU5RV94YmN0VjVlb1BTX1RVRTNtTjZSSmI4TlFDa01nd1FTaUMwRnY2bUxFM0dlSTVoaGhZ?oc=5,The UK health and fitness sector Savills,UK fitness retail trends,The UK health and fitness sector - Savills. The UK health and fitness sector Savills,0.394679,0.39505035,0.28097478,0.11407557,"Sustainability, materials, circularity and product     innovation within sportswear, activewear and footwear.","Sports tourism, sporting events, travel,     event ticketing and sports hospitality.",True,-1
236,Sportswear attitudes among Gen Z in the UK 2025 - Statista,2026-01-16 08:00:00,Statista,https://news.google.com/rss/articles/CBMioAFBVV95cUxOYU1uXzB2UGFXSDAzVVdMd25PRUhiTDBTTW1qN0Y4TG4yZ19Ib3BQYnl3ZW05Q1hkU29MZU84Zm1nN210R2duOWdoYlZUN2c0bW9SSHVvSGp6UUU1aS0tb3RabjRfQzVReklXT3RNekdvZ19fSVhYbHpTMllQeHdUR3BrNS1jQ2lXTmdtRmtYUG5QYV9EZTNQQmI2M2szZ3h1?oc=5,Sportswear attitudes among Gen Z in the UK 2025 Statista,UK activewear consumer trends,Sportswear attitudes among Gen Z in the UK 2025 - Statista. Sportswear attitudes among Gen Z in the UK 2025 Statista,0.48151833,0.64042753,0.5285075,0.11192006,"Consumer behaviour and changing consumer preferences     relating to sportswear, activewear, athletic footwear     and sports fashion.","Generic sports technology focused on athlete     performance rather than clothing, footwear,     retail or consumer behaviour.",True,-1
150,Sports Apparel Market Size & Share | Growth Trends 2035 - Research Nester,2026-03-25 07:00:00,Research Nester,https://news.google.com/rss/articles/CBMic0FVX3lxTE94OG5xdHJYX0QweHlTdFY2ak15dFprR1VnaS1GUmJtY3hodktfNGN5dTNJYkZjMjlRQm9YOU9BM2dXYWlyX1BjSEJOT2RvekNxeXFFbl9nQkRUS2NYOElxS2ZZQ2VFVklIWHhhVEFNNktQSDQ?oc=5,Sports Apparel Market Size & Share | Growth Trends 2035 Research Nester,UK sportswear consumer trends,Sports Apparel Market Size & Share | Growth Trends 2035 - Research Nester. Sports Apparel Market Size & Share | Growth Trends 2035 Research Nester,0.47778574,0.60527945,0.49341258,0.11186686,"Changes in sportswear retail, shopping behaviour,     consumer demand and brand engagement.","Generic sports technology focused on athlete     performance rather than clothing, footwear,     retail or consumer behaviour.",True,0
123,I tried 2026's biggest wellness trends - and these are the ones that changed my life - Glamour UK,2026-04-27 07:00:00,Glamour UK,https://news.google.com/rss/articles/CBMib0FVX3lxTE83LW54UF9JY3dxaFpQOTJ4Zlg1VXgzN2o3RlBBd3VCVlp6Zk01Vm9tVjNRVXdEQ3B3TGwyakhodVVBUzZ3V0lIWldpVDRaTDdFWVp5TUxjejhFWUpnRTMzZjRoUDFyb0FWTUpiaXNodw?oc=5,I tried 2026's biggest wellness trends - and these are the ones that changed my life Glamour UK,UK fitness retail trends,I tried 2026's biggest wellness trends - and these are the ones that changed my life - Glamour UK. I tried 2026's biggest wellness trends - and these are the ones that changed my life Glamour UK,0.38076046,0.37466237,0.26519248,0.10946989,"Changes in sportswear retail, shopping behaviour,     consumer demand and brand engagement.","Generic sports technology focused on athlete     performance rather than clothing, footwear,     retail or consumer behaviour.",True,6
82,"Licensed Sports Merchandise Market to Reach USD 64.6 Billion by 2036 Amid Growing Demand for Official Fan Apparel and Digital Retail Expansion | Future Market Insights, Inc. - PR Newswire UK",2026-06-15 07:00:00,PR Newswire UK,https://news.google.com/rss/articles/CBMizAJBVV95cUxPQXRQUzFtQTZWY2JnQW5zanI1UWNLSGpUeDMwMERyNl9KdzB4TVhQTUlxWTFqLURpd1EtaTZLUWZDODItSGZtMVlWQ0VPSEJKRHVSWEFWMG4xZUNwQ3lBbXJ0YVk4RWRYTlNDcjFDTkZVb0lhdFdBUl9JSVRLejgyQlNKOXVELXJPOGdYN1RNQTdpYkZESWxWRGdnaXY1c3dVZ2hDN2YzSldUSGg2NjV6RmI5SW9uNkI5dHMtejBUS0pOY1JMRlpkUTV3aHA5VE1MNUwtNENDem9IRUp3UDRha3FPUkZJTUFBdmpMczZDbHQ2eU0tcEdDR0JKRlVuc2toRFFNMDY3MDk4Wl9jRERtTk5YVHBtZ01UT094Mk5SaE80RmROdEZuVEFjLUozblpKWjhpYk1HcFZkVHZqX2ZNT1VfcWdaOGpmdWIyNw?oc=5,"Licensed Sports Merchandise Market to Reach USD 64.6 Billion by 2036 Amid Growing Demand for Official Fan Apparel and Digital Retail Expansion | Future Market Insights, Inc. PR Newswire UK",UK sportswear digital retail,"Licensed Sports Merchandise Market to Reach USD 64.6 Billion by 2036 Amid Growing Demand for Official Fan Apparel and Digital Retail Expansion | Future Market Insights, Inc. - PR Newswire UK. Licensed Sports Merchandise Market to Reach USD 64.6 Billion by 2036 Amid Growing Demand for Official Fan Apparel and Digital Retail Expansion | Future Market Insights, Inc. PR Newswire UK",0.4179718,0.53951305,0.4302363,0.10927674,"Digital technology affecting sportswear retail,     ecommerce, shopping, personalisation and consumer     experiences.","Generic sports technology focused on athlete     performance rather than clothing, footwear,     retail or consumer behaviour.",True,0
327,Gymshark unveils secrets of Onyx V5 innovation - Knitting Industry,2025-11-04 08:00:00,Knitting Industry,https://news.google.com/rss/articles/CBMiggFBVV95cUxNdVg3UUtCMDJVTVJwYXV2T0VTM25QSU1GZ2NXMEdQaVJCRElMV1BiM0J0TkhNcmdvQk5fZWdMN3NzckhWUDZTRzZ1eUczZzdPb0R0TWhkR1Ewc3dndG01bzF0Tzg1cVhfbVRocW92d2RYR053dmJIeEVhVWc5ci1qTzdB?oc=5,Gymshark unveils secrets of Onyx V5 innovation Knitting Industry,UK activewear innovation,Gymshark unveils secrets of Onyx V5 innovation - Knitting Industry. Gymshark unveils secrets of Onyx V5 innovation Knitting Industry,0.35039103,0.45352682,0.34437606,0.10915077,"Technology and innovation affecting sportswear products,     athletic apparel, footwear and activewear.","Generic sports technology focused on athlete     performance rather than clothing, footwear,     retail or consumer behaviour.",True,-1
609,"The sportswear boom at Fashion Month *should* be a good thing for diversity and representation - my unfiltered thoughts, as a Health Editor - Marie Claire UK",2024-10-04 07:00:00,Marie Claire UK,https://news.google.com/rss/articles/CBMiiwFBVV95cUxQdFZOWU1RWHROVVg4TTFaVHlVOV9nWDZIbkFhcmNIdDNFSWYxRUwxdG1Nd19uNmNqN0pYdjF5X1hFbnJodGhZYUY2Zm54aERydGhXbjByeTlNQ1g4RTBTWEg3aXQwWGIxWFlYLVdqMG5udS1BUFpmWFdMN3FBdkRnYlAtSjlVTjU2Z1RF?oc=5,"The sportswear boom at Fashion Month *should* be a good thing for diversity and representation - my unfiltered thoughts, as a Health Editor Marie Claire UK",UK sportswear market trends,"The sportswear boom at Fashion Month *should* be a good thing for diversity and representation - my unfiltered thoughts, as a Health Editor - Marie Claire UK. The sportswear boom at Fashion Month *should* be a good thing for diversity and representation - my unfiltered thoughts, as a Health Editor Marie Claire UK",0.3825778,0.51663804,0.40776002,0.10887802,"Consumer behaviour and changing consumer preferences     relating to sportswear, activewear, athletic footwear     and sports fashion.","Generic sports technology focused on athlete     performance rather than clothing, footwear,     retail or consumer behaviour.",True,-1
257,STREAMED AND RETAIL ENTERTAINMENT SALES GREW FOUR TIMES FASTER THAN UK ECONOMY IN 2025 - Entertainment Retailers Association,2026-01-06 08:00:00,Entertainment Retailers Association,https://news.google.com/rss/articles/CBMirgFBVV95cUxOWTJ2d3ZuUExnVW5kNVpCTGZvSVozU3Y5VmFHZVdCN0pzRkRuQ1ZBZ2hOSmZCeENTOTRKR0FmVWllZF85cEd6X25JYUt0ODRBaW10R1ZJd1dRQ2JxOWxFU2lJTzZLODJZbG5sa2V4YWdSamdLcFJtRlBNdWRDblNzamt0dXh5U2dCM3lyTVl4enZQQ3Q2YS1fWGQwRWVkMHRDdDU1RXJkZ1czVHN1aVE?oc=5,STREAMED AND RETAIL ENTERTAINMENT SALES GREW FOUR TIMES FASTER THAN UK ECONOMY IN 2025 Entertainment Retailers Association,UK sportswear digital retail,STREAMED AND RETAIL ENTERTAINMENT SALES GREW FOUR TIMES FASTER THAN UK ECONOMY IN 2025 - Entertainment Retailers Association. STREAMED AND RETAIL ENTERTAINMENT SALES GREW FOUR TIMES FASTER THAN UK ECONOMY IN 2025 Entertainment Retailers Association,0.41996673,0.42948595,0.3222619,0.10722405,"Digital technology affecting sportswear retail,     ecommerce, shopping, personalisation and consumer     experiences.","Sports broadcasting, television rights, streaming,     media coverage and sports viewing.",True,-1
321,Sportswear brand awareness KPI ranking UK 2025 - Statista,2025-11-07 08:00:00,Statista,https://news.google.com/rss/articles/CBMikgFBVV95cUxPZGg5bmJBZVZIdnZNYzFqOWNhaU9jLVhmaUxhblFrTGY3eW95WE1Ua0ptUFFJU21lUndMMUU3NHdMVVdSbmlDVVp3T0N4akd6c010UUJUNTlrR0M3Ni1ZOHVQSTBfem1PLTdkc1lybmtqTEZDcTZtbXI4MkJGeldob1piTzczbmhQelRXcTRfLTk2dw?oc=5,Sportswear brand awareness KPI ranking UK 2025 Statista,UK sportswear market trends,Sportswear brand awareness KPI ranking UK 2025 - Statista. Sportswear brand awareness KPI ranking UK 2025 Statista,0.4588745,0.59192157,0.48554608,0.106375486,"Consumer behaviour and changing consumer preferences     relating to sportswear, activewear, athletic footwear     and sports fashion.","Generic sports technology focused on athlete     performance rather than clothing, footwear,     retail or consumer behaviour.",True,-1
276,The best activewear brands to help you hit your 2026 goals - British GQ,2025-12-22 08:00:00,British GQ,https://news.google.com/rss/articles/CBMickFVX3lxTE1qZDhINEZuSHJWM1lkUXBCcEpWam4zc2ZPVDF1Si1KNDZBWk1tVUxJcUtXdUZ5UnlNZnhYVnU1bk5UMjY4aG5oNDZfLUkxekNjcGVmSUVoaHZCLVdHQzBaOW90VFNLMG9BSVF3MXF3aURRZw?oc=5,The best activewear brands to help you hit your 2026 goals British GQ,UK activewear consumer trends,The best activewear brands to help you hit your 2026 goals - British GQ. The best activewear brands to help you hit your 2026 goals British GQ,0.4079467,0.47898972,0.37481743,0.10417229,"Sportswear, activewear, athletic apparel, athletic footwear,     sneakers and performance clothing products.","Generic sports technology focused on athlete     performance rather than clothing, footwear,     retail or consumer behaviour.",True,5
698,Nike SWOT 2025 | SWOT Analysis of Nike - Business Strategy Hub,2024-01-13 23:28:17,Business Strategy Hub,https://news.google.com/rss/articles/CBMiaEFVX3lxTE13d0JwNWlCOWcySUxFWUE3VUh6cnNUWlI2ajZ5VDVJQ0VMSUs3b1BJeFl4aWhjZW9VQzZFVWRiWjZYWV9GNzRkTHQwYTFxOExWTEc3dVk4VF9WeUxXbzdoS3RHX3NhMkQ2?oc=5,Nike SWOT 2025 | SWOT Analysis of Nike Business Strategy Hub,UK athletic apparel innovation,Nike SWOT 2025 | SWOT Analysis of Nike - Business Strategy Hub. Nike SWOT 2025 | SWOT Analysis of Nike Business Strategy Hub,0.40647608,0.5042296,0.40023452,0.103995085,"Sustainability, materials, circularity and product     innovation within sportswear, activewear and footwear.","Generic sports technology focused on athlete     performance rather than clothing, footwear,     retail or consumer behaviour.",True,3
151,"Home Fitness Equipment Market Size to Reach USD 18.99 Billion by 2032, Reveals Maximize Market Research Analysis - PR Newswire UK",2026-03-25 07:00:00,PR Newswire UK,https://news.google.com/rss/articles/CBMi_wFBVV95cUxQVkIwcmlUYXkwUmlpN2ZKRmxlUmFIcWFLdWFHODdLelROaktTRjlreW84S1FBWXc1bktObW5XNjgtZEhyano1dDJjQmJGTjZwRW9ndXFmeldaVWdCc2ZQSHhNY1VlSkNCdVdvWjFNMG9mODhQV0NkN2hxX0Vxb0l1ZlF0OXRTeWRvYV9BaGxveXVNY3hWNXVGZzJUSzBsdGhXTG05NmRQRDU2QkhLbG5hbUx5bTBhVjBuaUJBRWVRUkZxTnUzeHp1U05iTE1rb2FxbjlIVVhLdWFIdUc4czZIamgzVTByUlJfSU5KS1pRdlZuQWRKQXRmWGxreUVFVXc?oc=5,"Home Fitness Equipment Market Size to Reach USD 18.99 Billion by 2032, Reveals Maximize Market Research Analysis PR Newswire UK",UK fitness consumer technology,"Home Fitness Equipment Market Size to Reach USD 18.99 Billion by 2032, Reveals Maximize Market Research Analysis - PR Newswire UK. Home Fitness Equipment Market Size to Reach USD 18.99 Billion by 2032, Reveals Maximize Market Research Analysis PR Newswire UK",0.4309684,0.44552675,0.3418168,0.103709936,"Technology and innovation affecting sportswear products,     athletic apparel, footwear and activewear.","Generic sports technology focused on athlete     performance rather than clothing, footwear,     retail or consumer behaviour.",True,0
28,Design engineering knitted sportswear - Knitting Industry,2026-07-23 07:00:00,Knitting Industry,https://news.google.com/rss/articles/CBMidkFVX3lxTE0zaTZNUWZ1cEhWLVRiSmd3WkxtQWpEN3hEWERoRDY4WC1IY05Rd1RJcDNSOU1aU3I5ZnRILWUydldPQ2pkbzNDaW9jRGJfZTdJellJVUtKY3I1Y0sxWEc3REh1THRQTVd0WXVXREZQZGJ1N1JGNXc?oc=5,Design engineering knitted sportswear Knitting Industry,UK activewear innovation,Design engineering knitted sportswear - Knitting Industry. Design engineering knitted sportswear Knitting Industry,0.44046724,0.5822232,0.4785338,0.10368937,"Technology and innovation affecting sportswear products,     athletic apparel, footwear and activewear.","Generic sports technology focused on athlete     performance rather than clothing, footwear,     retail or consumer behaviour.",True,-1
244,JD Sports to allow customers to shop via AI platforms - businesscloud.co.uk,2026-01-13 08:00:00,businesscloud.co.uk,https://news.google.com/rss/articles/CBMikAFBVV95cUxQSHRZenFIS0VyLWFJQTRHRmtXNUREY2JPVjFSdWpzblNjRVNZdTdJUnNrXzk0dkRnTnBFbWRJV21ZWXVOc1R2bjZPWE5zR3lQNVlzcV9WUUhYUjdCUzVaNW1QUnd2eU51RXFnWVBNVnN0UVFzeHhXZ2xWWjJDZ2VqYjJ6ZXUyWXRMdEVnbmkzNHE?oc=5,JD Sports to allow customers to shop via AI platforms businesscloud.co.uk,UK sportswear digital retail,JD Sports to allow customers to shop via AI platforms - businesscloud.co.uk. JD Sports to allow customers to shop via AI platforms businesscloud.co.uk,0.40086353,0.4649585,0.36247537,0.10248312,"Digital technology affecting sportswear retail,     ecommerce, shopping, personalisation and consumer     experiences.","Generic sports technology focused on athlete     performance rather than clothing, footwear,     retail or consumer behaviour.",True,1
685,UK sportswear market faces another tough year in 2024 - Just Style,2024-02-29 08:00:00,Just Style,https://news.google.com/rss/articles/CBMingFBVV95cUxNMTVMMTdjR1EyX0tINVMwTThLVVEya1R1ZXd0aXlPV3REcENURmhrS1B6V3FwZFUzSFZ5WkljUUg5NndCZlJrWTZSTkFzdTI0Z1h0clpta0xpSURYVkRHNjJ1cGdOcDREeDRXdHo3LVE2TkhUcTBSbDRNMlB4U3Z1Z1FnMXdVXzhMUl9qYWlHUFNCcmw4QnU5Yy1RZjJ6UQ?oc=5,UK sportswear market faces another tough year in 2024 Just Style,UK activewear consumer trends,UK sportswear market faces another tough year in 2024 - Just Style. UK sportswear market faces another tough year in 2024 Just Style,0.46556598,0.5410542,0.4391313,0.1019229,"Changes in sportswear retail, shopping behaviour,     consumer demand and brand engagement.","Generic sports technology focused on athlete     performance rather than clothing, footwear,     retail or consumer behaviour.",True,1
129,"Fitness Equipment Market Size to Reach USD 18.4 Billion by 2033, Growing at a CAGR of 3.02% | Allied Market Research - PR Newswire UK",2026-04-16 07:00:00,PR Newswire UK,https://news.google.com/rss/articles/CBMiggJBVV95cUxPSVM2d3pZQ3lWckJIOHZYeG9RdG8yQW5JakMySHUyQmlnUVFzWnJaaXFHYVh0amJEYndTOGpPcVZ2VlZoa2ZZUnk2SzNwWkxrWVk5YmJsd2xla3ZuWG1XRkdmQjV6UFpBaGd2VGdyTkxuWFMwZnBWRVhiclE4NlFNSGxDU2ZKY2JmWmtvWEY1TzdnSjd6X1kxZ1lzbzc3aWtiYkZtYjFjQnoyUExzUWRhNGJfMWxGcEVkSFN3M2xaQVdnbUtjRWFwR0FZV3BvemswdGpadWxGYUhGekhpb0RnOEx1akh4eHdPVVFvM08yT3Nrdi1RYzNMczJrU0s1dzc3VEE?oc=5,"Fitness Equipment Market Size to Reach USD 18.4 Billion by 2033, Growing at a CAGR of 3.02% | Allied Market Research PR Newswire UK",UK fitness consumer technology,"Fitness Equipment Market Size to Reach USD 18.4 Billion by 2033, Growing at a CAGR of 3.02% | Allied Market Research - PR Newswire UK. Fitness Equipment Market Size to Reach USD 18.4 Billion by 2033, Growing at a CAGR of 3.02% | Allied Market Research PR Newswire UK",0.37638682,0.37972587,0.2793182,0.10040766,"Technology and innovation affecting sportswear products,     athletic apparel, footwear and activewear.","Generic sports technology focused on athlete     performance rather than clothing, footwear,     retail or consumer behaviour.",True,0
326,Fit tech: Can AI Stop Brands From Making Clothes That Don’t Fit? - Vogue,2025-11-04 08:00:00,Vogue,https://news.google.com/rss/articles/CBMiigFBVV95cUxQam5ZeDZoT2hqcFhsT2lKTENSTVMzQzZWRXRjcU9kNmYwU1oydGdydnFrZkdwNGlDakZ0R3F0VXhLTWZIUWU0N0J2OGZkLVpKY1dPQmpqdDdxeFNVR3VsZzJxRDZQUGV5T2pHYW82WFcySm4za0MwcmJ1MG5EaThqaGttcllGajkwTlE?oc=5,Fit tech: Can AI Stop Brands From Making Clothes That Don’t Fit? Vogue,UK sportswear future consumers,Fit tech: Can AI Stop Brands From Making Clothes That Don’t Fit? - Vogue. Fit tech: Can AI Stop Brands From Making Clothes That Don’t Fit? Vogue,0.4201567,0.5108174,0.41115996,0.099657446,"Consumer behaviour and changing consumer preferences     relating to sportswear, activewear, athletic footwear     and sports fashion.","Generic sports technology focused on athlete     performance rather than clothing, footwear,     retail or consumer behaviour.",True,4
95,Global Sportswear Market Size to Reach $531 Billion by 2031 as Athleisure Outpaces Conventional Apparel Growth by Up to 2 to 6% - Arizton - PR Newswire UK,2026-05-27 07:00:00,PR Newswire UK,https://news.google.com/rss/articles/CBMingJBVV95cUxOMDJSd0tIdEk4QlRIUmZQSnJINjBWeXBHZUd2RzUzSzN6Z25nQzQybVJybVN1TDNBakpSeExCcjlGOUJia0pHaUJxejVPWGpndlVwaGpoT1lOdnpNb1d1QnV0eEdyRHBnYnd4aTdOV1ZwREtoSnBHTExOakwxRHRkZE53eU9qWlNINTVlSGpJUnVsQmYydVZTVjB1OFl0WWFyNXVrRXAyUVFOaDl6S0YxcG1IN2RMbjFwWDRldXdrMTQzWDBuVzZPSzczZWV4cEl6Qld5NTY2bFNPMWJQdVFRMTNBOUpXbG1LcWhpR0g0MFpCNHpJMDVrMjFHWXQ4X0U4dWc4a0h0cmkwaVhSekRsbUVXRFpmRTZRQjRxbTlB?oc=5,Global Sportswear Market Size to Reach $531 Billion by 2031 as Athleisure Outpaces Conventional Apparel Growth by Up to 2 to 6% - Arizton PR Newswire UK,UK activewear consumer trends,Global Sportswear Market Size to Reach $531 Billion by 2031 as Athleisure Outpaces Conventional Apparel Growth by Up to 2 to 6% - Arizton - PR Newswire UK. Global Sportswear Market Size to Reach $531 Billion by 2031 as Athleisure Outpaces Conventional Apparel Growth by Up to 2 to 6% - Arizton PR Newswire UK,0.3770202,0.54365903,0.44461855,0.09904048,"Technology and innovation affecting sportswear products,     athletic apparel, footwear and activewear.","Generic sports technology focused on athlete     performance rather than clothing, footwear,     retail or consumer behaviour.",True,0
545,3 Months Of This Trending Workout Transformed My Attitude To Exercise - British Vogue,2025-02-11 08:00:00,British Vogue,https://news.google.com/rss/articles/CBMiaEFVX3lxTE1KWUJpMnBxX2NIS0FoQmlQbTBiVlExcVpEblpYM0VuNkpkdTRtRDVQVkNmcjJTdEdicmpEZFdESXA2LWNSU0tXT0w0RWdoWnRVVFk4YXBWdW9DSkkyTTdaelJJUC02RTVH?oc=5,3 Months Of This Trending Workout Transformed My Attitude To Exercise British Vogue,UK fitness retail trends,3 Months Of This Trending Workout Transformed My Attitude To Exercise - British Vogue. 3 Months Of This Trending Workout Transformed My Attitude To Exercise British Vogue,0.40890756,0.37631744,0.27766016,0.09865728,"Consumer behaviour and changing consumer preferences     relating to sportswear, activewear, athletic footwear     and sports fashion.","Generic sports technology focused on athlete     performance rather than clothing, footwear,     retail or consumer behaviour.",True,6
617,Innovations shaping sports apparel retail in 2024: trends and technologies redefining the market - Retail Technology Innovation Hub,2024-09-16 07:00:00,Retail Technology Innovation Hub,https://news.google.com/rss/articles/CBMi3wFBVV95cUxOSjY5WlFqQlpVakdhRU1WT1dPd3VoeWtiNzVhV3NkZDZ0NVRYdFNJa1RUVWpYTlN4UjgzdnlTOFN1NnFsd0h2aUVfS1JMcnNZeUs5OXgyR2F1QjBmeFVQRUd4UE5vRlJhMzJBWHFFOG9FZS1vNUdZeFBXb2xDN1FGcV9NTGt5aHNQbG8tajRMdzhiS1BBYU5BZ0ozZWcwb28zY3dYR0Q0Z2x4SksxblY4SlhpX0ExU01XMnVPRkkwU21Id2V6MEg1WllfQlp0Y1RQVExjbFJjQ25LU1FFYlk4?oc=5,Innovations shaping sports apparel retail in 2024: trends and technologies redefining the market Retail Technology Innovation Hub,UK sportswear retail technology,Innovations shaping sports apparel retail in 2024: trends and technologies redefining the market - Retail Technology Innovation Hub. Innovations shaping sports apparel retail in 2024: trends and technologies redefining the market Retail Technology Innovation Hub,0.6622598,0.73569757,0.63735306,0.098344505,"Technology and innovation affecting sportswear products,     athletic apparel, footwear and activewear.","Generic sports technology focused on athlete     performance rather than clothing, footwear,     retail or consumer behaviour.",True,-1
115,Wearable patches: How Barrière is trying to disrupt the supplement industry - CNBC,2026-05-06 07:00:00,CNBC,https://news.google.com/rss/articles/CBMifkFVX3lxTE5BTk9SdVVMb3AxdHgyZDlmRVdraWN3QXJaZmtFVV9fbnhrUnYzemVVc2lBc1V3eWtMWXVldjE5Sm5HT3d0eXR2TlJBSEpscUxVU3Z6R0JTbW1TX0dSUUZCcGlUNXlxV3FCTlJ1TkU3elNCWkd5UHhxVXVjd3p3d9IBgwFBVV95cUxNNVMxYzNTUS1YSUVDbWhKOHRjZVh0RkFnY0RuN1hXVUNFTjJmYXNxREtJX04yLW5ERFhxQWctdXNCUk5KdTVmVjdfWmRKM3lndXRsUEFkak9aVHphTGZkd3AtVjg1ZkYxZTBzM3M2NlAyZEt2cjY4MG1WZFpHVU1IX2lKYw?oc=5,Wearable patches: How Barrière is trying to disrupt the supplement industry CNBC,UK sportswear wellness consumers,Wearable patches: How Barrière is trying to disrupt the supplement industry - CNBC. Wearable patches: How Barrière is trying to disrupt the supplement industry CNBC,0.38601708,0.4393207,0.3413865,0.097934216,"Technology and innovation affecting sportswear products,     athletic apparel, footwear and activewear.","Generic sports technology focused on athlete     performance rather than clothing, footwear,     retail or consumer behaviour.",True,6
334,United Kingdom Sportswear Market Forecast and Opportunity - GlobeNewswire,2025-10-30 07:00:00,GlobeNewswire,https://news.google.com/rss/articles/CBMi8gJBVV95cUxPd2RDWmZKY2lEY3prRkhyMUJGTjY0MWFoYlYtaXNoOExWY0JNV3Zna3VZcjViaDVOR3QtaktIdlBjamxlSUN0S3BiTUttbFczVHpUSVRKOTQwc1RXUzNxQzB4WHA3eXFVWkl5bTROTEhIN0g2UlRMTUMtOWNuQ1ZsM3ZES1FOVzRBTU1tYkhUMDB2ZGVGSnVDTmFWRjhYVzlQZk9Qa18xZ19rVm9rbk9lcDhpNUJmei14ZHBqNnRDOVhmUHRfRE5FZFR6cGVPQjdEZDFPOHA3MDNQZE1EdWNFOTRQZHoyejJDNkZiYTBoUDVsUk5jamtkMjVaTDZLVWxqZ0FYSktHRzU4TmlyQjZidUE2YmhXQU9ISmdZbGl0R3REQnlPdlBfemFOWnphTTJFQmVPcXZ0UFpBM3p2YWZyMHNEekZlUVlwci00cTNFVTdBenRZd2hIVWsxZ1dyTHFuQzZYS19jTzVfZUdhVUdfemln?oc=5,United Kingdom Sportswear Market Forecast and Opportunity GlobeNewswire,UK sportswear consumer trends,United Kingdom Sportswear Market Forecast and Opportunity - GlobeNewswire. United Kingdom Sportswear Market Forecast and Opportunity GlobeNewswire,0.48257655,0.58961445,0.49218988,0.09742457,"Consumer behaviour and changing consumer preferences     relating to sportswear, activewear, athletic footwear     and sports fashion.","Generic sports technology focused on athlete     performance rather than clothing, footwear,     retail or consumer behaviour.",True,1
627,Fitness or Fashion? Blurring Boundaries in the Sportswear Industry - Mintel,2024-08-20 07:00:00,Mintel,https://news.google.com/rss/articles/CBMijgFBVV95cUxOdnREWTNNc2k0OThPY1g2VFBGWDhRVlNtNVFPUUx6NVlkUkRWX1ZUWldiOWxrM1RmTHppUUdZSVRvUU1xbU1kNTBuM3M0S2tGdUFvQy1mT2NGNjJvdnU4RGwzMWxVM2pEX0JVUEExNHhzSXczanNNVTRUU1R6Skw1ZU5UTWMxVGZFd25wQzdn?oc=5,Fitness or Fashion? Blurring Boundaries in the Sportswear Industry Mintel,UK sportswear consumer trends,Fitness or Fashion? Blurring Boundaries in the Sportswear Industry - Mintel. Fitness or Fashion? Blurring Boundaries in the Sportswear Industry Mintel,0.48359692,0.63308275,0.53609604,0.09698671,"Consumer behaviour and changing consumer preferences     relating to sportswear, activewear, athletic footwear     and sports fashion.","Generic sports technology focused on athlete     performance rather than clothing, footwear,     retail or consumer behaviour.",True,-1
147,Which Activewear Tribe Are You? A Beginner’s Guide To Gym Identity In 2026 - Grazia Daily UK,2026-03-31 07:00:00,Grazia Daily UK,https://news.google.com/rss/articles/CBMidEFVX3lxTE1EbUNsUXZGWkRhUzl5MW00Z3pScXltTHBNOGdHRFRoTHpHVmhSa20xM2haaTREUXVjVmdUT0JLM29YSGF6WEFVVGVlMFJQU1J6eVZta2kzVmlldTdRNlFoeUlMNm5JenZZUm9fSy1IYnRCQ01C?oc=5,Which Activewear Tribe Are You? A Beginner’s Guide To Gym Identity In 2026 Grazia Daily UK,UK activewear consumer trends,Which Activewear Tribe Are You? A Beginner’s Guide To Gym Identity In 2026 - Grazia Daily UK. Which Activewear Tribe Are You? A Beginner’s Guide To Gym Identity In 2026 Grazia Daily UK,0.39708006,0.48442203,0.38975802,0.09466401,"Sportswear, activewear, athletic apparel, athletic footwear,     sneakers and performance clothing products.","Generic sports technology focused on athlete     performance rather than clothing, footwear,     retail or consumer behaviour.",True,-1
3,Is JD Sports Fashion (LSE:JD.) Changing The Market View Of Retail Stocks? - Kalkine Media,2026-08-05 12:46:00,Kalkine Media,https://news.google.com/rss/articles/CBMirwFBVV95cUxPVGF4bHJUcGRiVjJ5Z1R6cWJMVnFKSTBiWk5fS2ZXTHpBYUkwQm1uN2xvN2xxa1hwbkgzWEVISUxteTNHNVNfUFJaMkRQV1VhT05JMlJPOG90VHd3cmNvYWFzNkM3bUhabEtkdlM5TnlsSURPdmp2Q0xJbl9GQjNQeHVpTUtzdkk3OV90OFBaRjV5Z2VoaWtaU1hJWVY2ZjUyRE9VUUp0U01LRGtSWk5B?oc=5,Is JD Sports Fashion (LSE:JD.) Changing The Market View Of Retail Stocks? Kalkine Media,UK sportswear consumer behaviour,Is JD Sports Fashion (LSE:JD.) Changing The Market View Of Retail Stocks? - Kalkine Media. Is JD Sports Fashion (LSE:JD.) Changing The Market View Of Retail Stocks? Kalkine Media,0.41207126,0.4943959,0.40381,0.09058592,"Changes in sportswear retail, shopping behaviour,     consumer demand and brand engagement.","Generic sports technology focused on athlete     performance rather than clothing, footwear,     retail or consumer behaviour.",True,-1
300,JD Sports lowers full year outlook amid challenging market conditions - World Footwear,2025-11-21 08:00:00,World Footwear,https://news.google.com/rss/articles/CBMitgFBVV95cUxQUDY5MUNVY3BtajJWTXotNWhVRTN1d09FYVJSRVZxd24tYmFoUHQzaDBQNE5PWm45WTdySzlmOU54VmpoTmNmZjRYN2c3dzE4TGtXTnV1cF9ETGlOSGVZdmR5alpVV0RUcWJTUUs4MURNT3l5dDFMYzBzS1k2cFp5cTgxXy03ZWs5QnpQcW5nNDhQWFE3aktYMDFrYm56NTVWa0kzdGN5ejBrSFNiSmxVSlB2MFh4Zw?oc=5,JD Sports lowers full year outlook amid challenging market conditions World Footwear,UK sportswear market trends,JD Sports lowers full year outlook amid challenging market conditions - World Footwear. JD Sports lowers full year outlook amid challenging market conditions World Footwear,0.39212286,0.6067852,0.5180029,0.08878225,"Consumer behaviour and changing consumer preferences     relating to sportswear, activewear, athletic footwear     and sports fashion.","Generic sports technology focused on athlete     performance rather than clothing, footwear,     retail or consumer behaviour.",True,-1
37,"Europe Activewear Market Size, Share & Growth Report, 2034 - Market Data Forecast",2026-07-17 07:00:00,Market Data Forecast,https://news.google.com/rss/articles/CBMif0FVX3lxTE5mbDYteFEyVkxqZWVyM2V5dE93RTh5QS1RbW10VERKZ3hLUW12enE2el9yWGdLMDRvaDJPUHN4ZHdDQlAtQ0U4bVIwYnlvd0FEalBONnNxN1dNM3VIekUzZWo3bU4xZmlnT2xMQ3JVRWZTV0dNZ0U0Tm12SHU3aVU?oc=5,"Europe Activewear Market Size, Share & Growth Report, 2034 Market Data Forecast",UK activewear consumer trends,"Europe Activewear Market Size, Share & Growth Report, 2034 - Market Data Forecast. Europe Activewear Market Size, Share & Growth Report, 2034 Market Data Forecast",0.41391307,0.44193977,0.35353115,0.08840862,"Sportswear, activewear, athletic apparel, athletic footwear,     sneakers and performance clothing products.","Professional sports results, football clubs,     players, matches, teams and competitions.",True,0
562,"Nike 24.7 Apparel Collection Delivers a New Standard of Comfort and Athletic Style — NIKE, Inc. - About Nike",2025-01-23 08:00:00,About Nike,https://news.google.com/rss/articles/CBMigwFBVV95cUxQd21pVFJSQmMyWHRYMnZaVVB0a29xSWxOcW5JaHZFenZFbkhZNWl1TEZJcmRETV9pVENGbzBNcmU4MlZTQ2xSbXBwbXNYVk5YY01BcXRJR1d5TTg5c2R6RUw4WDJIUW1MOXBod3QzclNGNGpmWkJvOTI4SU9SVFY3bVFzVQ?oc=5,"Nike 24.7 Apparel Collection Delivers a New Standard of Comfort and Athletic Style — NIKE, Inc. About Nike",UK athletic apparel innovation,"Nike 24.7 Apparel Collection Delivers a New Standard of Comfort and Athletic Style — NIKE, Inc. - About Nike. Nike 24.7 Apparel Collection Delivers a New Standard of Comfort and Athletic Style — NIKE, Inc. About Nike",0.37964565,0.5600118,0.47201127,0.088000536,"Sportswear, activewear, athletic apparel, athletic footwear,     sneakers and performance clothing products.","Generic sports technology focused on athlete     performance rather than clothing, footwear,     retail or consumer behaviour.",True,3
339,"Nike Creates New Innovation Engine to Power Athletes Faster — NIKE, Inc. - About Nike",2025-10-23 07:00:00,About Nike,https://news.google.com/rss/articles/CBMiiwFBVV95cUxNTmJMYWFaTVZ6VW0xZ0hfQjVkOVdzNDJUeWd2XzNVVzgzUHZuODRod1FjeEVid3ctNzFMRjJaeXFLRmd4RmFJRlBCWnYxSlJHZWlVSjhUcURVcl9FM21ZYjgwN0VsSDRCalBXTWdLcXBRY19XNWgtaGlKUkRGYWk2Qzh3SGtOVkhEakNJ?oc=5,"Nike Creates New Innovation Engine to Power Athletes Faster — NIKE, Inc. About Nike",UK athletic apparel innovation,"Nike Creates New Innovation Engine to Power Athletes Faster — NIKE, Inc. - About Nike. Nike Creates New Innovation Engine to Power Athletes Faster — NIKE, Inc. About Nike",0.44354436,0.60360044,0.5161454,0.087455034,"Technology and innovation affecting sportswear products,     athletic apparel, footwear and activewear.","Generic sports technology focused on athlete     performance rather than clothing, footwear,     retail or consumer behaviour.",True,3
441,Nike Marketing Strategy - Business Strategy Hub,2025-06-16 07:00:00,Business Strategy Hub,https://news.google.com/rss/articles/CBMiXkFVX3lxTE9DX3FDOXRlVjF3dURmdjVacUo5Y3JEMUFZRHdZS20tNk1VWmE0QWxwODZ0akRrcVl5YmFkNk5VSTEzN3pUdDJfUk93MUdpcXM3OTN1eUtLODB1R1ptNFE?oc=5,Nike Marketing Strategy Business Strategy Hub,UK athletic apparel innovation,Nike Marketing Strategy - Business Strategy Hub. Nike Marketing Strategy Business Strategy Hub,0.36692807,0.4619906,0.37468624,0.08730435,"Sustainability, materials, circularity and product     innovation within sportswear, activewear and footwear.","Generic sports technology focused on athlete     performance rather than clothing, footwear,     retail or consumer behaviour.",True,3
126,Nike brand profile in the UK 2025 - Statista,2026-04-21 07:00:00,Statista,https://news.google.com/rss/articles/CBMipwFBVV95cUxNcWhvS2lmRm9HQUZ6SWpud05XcG9Tc0lBYlZxUlZZVHZvZ1g3SWs2ZWR5enl3UDlkYkNFTDJZRnBWSjc2UDlUTERfZVV4TE9YenNJbU00RTNOUGJYdUlOVkZSTW5BN0p3MDF4eUw1YUhjdGRacWtKNjRjWjd3TDFteFkwYy1OdjU4TVN6NG83a1NoMDd6Q3lMb05rZ2VEMjAtSjktQlNmcw?oc=5,Nike brand profile in the UK 2025 Statista,UK sportswear consumer trends,Nike brand profile in the UK 2025 - Statista. Nike brand profile in the UK 2025 Statista,0.44025582,0.54072183,0.4537379,0.08698392,"Consumer behaviour and changing consumer preferences     relating to sportswear, activewear, athletic footwear     and sports fashion.","Generic sports technology focused on athlete     performance rather than clothing, footwear,     retail or consumer behaviour.",True,-1
308,"Sports Direct plots a long, slow expansion in Australia - Inside Retail Australia",2025-11-18 08:00:00,Inside Retail Australia,https://news.google.com/rss/articles/CBMimwFBVV95cUxNYUFwRU0tZ1JYaTdOSmpLRUFyU211NU9Fa3RjeDVkU043V08xa1ZtSVZtNTJUcXVSUFJidzdQQnc4blZPb2tuWmRLRTlZcUxyMzJ0ZkVoazJsY29URUd3MG44RGJGWXdWV2JaT2xlTTlZMmZfTmNkbHZzU2ltUUM0M2xIdm5ScXJEb1ozSnQ5THhPQWpPVzVMTW5mYw?oc=5,"Sports Direct plots a long, slow expansion in Australia Inside Retail Australia",UK sportswear digital retail,"Sports Direct plots a long, slow expansion in Australia - Inside Retail Australia. Sports Direct plots a long, slow expansion in Australia Inside Retail Australia",0.39275682,0.49216762,0.40616176,0.08600587,"Changes in sportswear retail, shopping behaviour,     consumer demand and brand engagement.","Generic sports technology focused on athlete     performance rather than clothing, footwear,     retail or consumer behaviour.",True,1
102,Endless Aisle Live: Footasylum talks NewStore retail technology powered omnichannel transformation journey - Retail Technology Innovation Hub,2026-05-19 07:00:00,Retail Technology Innovation Hub,https://news.google.com/rss/articles/CBMi3wFBVV95cUxQMWNOQURiLXc2dnlRdjJGRktGM0dKcml2UUh4Y1MybnJSUVExT0x6dmxtTkJFZUI3WlhKZ21WTnVIWnhBNnFSb0plR1hpeWpESFJXdDdmYUdHSGRycFhCUHF6M0xyc3NyQVZtSFh0YVhobWFMdHloOU5BU1drYldQdktGbGVoOE1mM0xkT01XOXJjUzR1UEFEVGNkLVZla3ZRRUlYUkxZSzBicTB2WGtneTd2alJaT0lMLWdrVGN3RTN3SWthM0ROeTd3SWhENmFyendsRXlZYWdpRS1SQzh3?oc=5,Endless Aisle Live: Footasylum talks NewStore retail technology powered omnichannel transformation journey Retail Technology Innovation Hub,UK sportswear innovation,Endless Aisle Live: Footasylum talks NewStore retail technology powered omnichannel transformation journey - Retail Technology Innovation Hub. Endless Aisle Live: Footasylum talks NewStore retail technology powered omnichannel transformation journey Retail Technology Innovation Hub,0.4004665,0.38015163,0.29425842,0.085893214,"Sustainability, materials, circularity and product     innovation within sportswear, activewear and footwear.","Generic sports technology focused on athlete     performance rather than clothing, footwear,     retail or consumer behaviour.",True,2
322,Gym Apparel Market | Global Market Analysis Report - 2035 - Future Market Insights,2025-11-06 08:00:00,Future Market Insights,https://news.google.com/rss/articles/CBMicEFVX3lxTE5obTNSUWplSHg3bnZuSFBYb2FCeHRTM1hBdWhtdnJrdGpRa2xqZW9fVk9KWFFJdWZlZUZvdkw0eXV6V3FYckZLV1JJZEt0bkNSVUZSX3FJTXptTF9OX2hDR3NrWXlHYmxYWE1nOXBTLXM?oc=5,Gym Apparel Market | Global Market Analysis Report - 2035 Future Market Insights,UK activewear consumer trends,Gym Apparel Market | Global Market Analysis Report - 2035 - Future Market Insights. Gym Apparel Market | Global Market Analysis Report - 2035 Future Market Insights,0.48232907,0.54718906,0.4613848,0.085804254,"Technology and innovation affecting sportswear products,     athletic apparel, footwear and activewear.","Generic sports technology focused on athlete     performance rather than clothing, footwear,     retail or consumer behaviour.",True,0
285,‘Get ready with me’: how beauty brands can win in sport - The Drum,2025-12-11 08:00:00,The Drum,https://news.google.com/rss/articles/CBMimAFBVV95cUxOdEJ3X1N6MVdYWWp2aFZFY3BVdTlSbFJDMVpSdTdSQ05WR0NlbjhUSTZwZlBsakhMemw5ZEJXdUdfLWRKNG1LbS1STnY5eGYxU2pUQTMyc3lJbVl3Qm92OEhlR3UySnROYWJzSkpTNmdXYWMta3FKTDFzU0ZHRG84cmEzNG9IMlMwTVpJZ0ZkaGpvUC1FdDU2RA?oc=5,‘Get ready with me’: how beauty brands can win in sport The Drum,UK sportswear consumer behaviour,‘Get ready with me’: how beauty brands can win in sport - The Drum. ‘Get ready with me’: how beauty brands can win in sport The Drum,0.3936783,0.46382457,0.37994137,0.083883196,"The relationship between sport, fashion, lifestyle     and consumer culture within apparel and footwear.","Generic sports technology focused on athlete     performance rather than clothing, footwear,     retail or consumer behaviour.",True,1
391,"How wellness looks across the US and UK: Similar goals, different habits - YouGov",2025-09-01 07:00:00,YouGov,https://news.google.com/rss/articles/CBMirwFBVV95cUxPUVpxb196UWhVSGI1NklpbWRoMkdiZXJNNnZ0a2hUTFF1SDg4MXF3U2Z6MlZNZ096YlJzLThESUM1bXdWT3JudGRaaUJHN01MNm03cGVWWS0wMGZZbGNua2tzTmFZZmlmZ0JXbm92YmdQSmlCN3RncnNwMy0zVkhUakl0WDJmaldhY1AwVjg5UmFHQjV5RGx3VnBKSmlDRW1MRkVHMjFkclRYZ2xDenVn?oc=5,"How wellness looks across the US and UK: Similar goals, different habits YouGov",UK fitness retail trends,"How wellness looks across the US and UK: Similar goals, different habits - YouGov. How wellness looks across the US and UK: Similar goals, different habits YouGov",0.43500027,0.37747467,0.29404822,0.083426446,"Consumer behaviour and changing consumer preferences     relating to sportswear, activewear, athletic footwear     and sports fashion.","Sports drinks, energy drinks, protein drinks,     hydration products, beverages and nutrition.",True,6
662,The trainer brands taking market share from Nike and Adidas - Drapers,2024-05-08 07:00:00,Drapers,https://news.google.com/rss/articles/CBMiqgFBVV95cUxQR0VxYVpmTXVKczlMM2t3S1VBTm9NSktFUDBVdFBOZFZuSkZuTVBPRXp4ZG5HRm1IOFFOWTNmZHBWcjNkMWVKTjZxQVVOTFNJSGlNOTg1UWRIOERHWkpueGhtY19ib3NYTDI1Qjd2b2NtV3VOTm5UZk5nQ3RhNUh5aUpTSVdLM0piU1pMZXJ6NHNubnFxT3I3NXpiX01nN3RxLUJtOWpIZ252dw?oc=5,The trainer brands taking market share from Nike and Adidas Drapers,UK sportswear market trends,The trainer brands taking market share from Nike and Adidas - Drapers. The trainer brands taking market share from Nike and Adidas Drapers,0.37530705,0.49891102,0.41579837,0.08311266,"Changes in sportswear retail, shopping behaviour,     consumer demand and brand engagement.","Generic sports technology focused on athlete     performance rather than clothing, footwear,     retail or consumer behaviour.",True,3
646,Nike and Hyperice join forces to create innovative recovery products - mensfitness.co.uk,2024-06-24 07:00:00,mensfitness.co.uk,https://news.google.com/rss/articles/CBMiXkFVX3lxTFBBN0VkZElhTVdiT25rN3JTWHZSd1NoMG9PNzlWZ1pNV3RicnNkSnhldXVnamlUQzZYUDFzQlYyUzJYUXc5RWhha0Z6SUJBcGNoYTdOTzVMalpGQnZHSUE?oc=5,Nike and Hyperice join forces to create innovative recovery products mensfitness.co.uk,UK athletic apparel innovation,Nike and Hyperice join forces to create innovative recovery products - mensfitness.co.uk. Nike and Hyperice join forces to create innovative recovery products mensfitness.co.uk,0.38095307,0.45930782,0.37624556,0.08306226,"Technology and innovation affecting sportswear products,     athletic apparel, footwear and activewear.","Generic sports technology focused on athlete     performance rather than clothing, footwear,     retail or consumer behaviour.",True,3
408,Health-Conscious Consumer Trends Drive CPG Market Innovation - Mintel,2025-08-04 07:00:00,Mintel,https://news.google.com/rss/articles/CBMisAFBVV95cUxOSFJSQ09ocmtJcDRWMW1iZjlHbmRBd0J2N2k3eVV3WTVOdDNTSWxHbl8tZnBmQms0dWFIMndIQnZBRkM5RVlDcGUtZGFtaVJKTFM5RjNBLTI1ekt3b1VtdXRZTDFibnFLSDIzaFQtQVMtNm5VX0JuMk5wTU9mdFdxazUtemU5UFUyanVmQ041T2xoTXJCbUFMVTR6RmtRR0p5WnpWUExCdTJZOTdWbEFheA?oc=5,Health-Conscious Consumer Trends Drive CPG Market Innovation Mintel,UK sportswear consumer trends,Health-Conscious Consumer Trends Drive CPG Market Innovation - Mintel. Health-Conscious Consumer Trends Drive CPG Market Innovation Mintel,0.42299908,0.35268697,0.27010632,0.082580656,"Changes in sportswear retail, shopping behaviour,     consumer demand and brand engagement.","Sports drinks, energy drinks, protein drinks,     hydration products, beverages and nutrition.",True,2
85,"Editors' Top Reads: News from Sports Direct, Vinted, Source Fashion and more... - TheIndustry.fashion",2026-06-05 07:00:00,TheIndustry.fashion,https://news.google.com/rss/articles/CBMiqAFBVV95cUxPNVFNYUEwSzhCWmVpNWtNYUFUbzExMjYyRFpCMWlIWnJjWURQUEtMbG40TVJwVHV2VHVYbFQ3VWlDX0lSaHpvMUlwU28xdVNyM1JOY2NYS1FZSFBvYUxFbWV3dTJ5UVhJRC14amFLOTdMTGhVM3ZrZnNNMUl2S2tIZHhrYlY0aFV3cWJ3OUJXNk54ZWRFeXdKczZyMThYampSVjZhOVE1VUg?oc=5,"Editors' Top Reads: News from Sports Direct, Vinted, Source Fashion and more... TheIndustry.fashion",UK sportswear consumer behaviour,"Editors' Top Reads: News from Sports Direct, Vinted, Source Fashion and more... - TheIndustry.fashion. Editors' Top Reads: News from Sports Direct, Vinted, Source Fashion and more... TheIndustry.fashion",0.3600498,0.526341,0.44565833,0.080682695,"Consumer behaviour and changing consumer preferences     relating to sportswear, activewear, athletic footwear     and sports fashion.","Generic sports technology focused on athlete     performance rather than clothing, footwear,     retail or consumer behaviour.",True,-1
487,How Digital Interactive Games Enhance the Experience of Sports Events - Business Matters,2025-04-14 07:00:00,Business Matters,https://news.google.com/rss/articles/CBMipwFBVV95cUxPSmt4ZWJDZnJyVmRtZW5kMWVqdjlRRjF6bHN6NVhaNGpLUE5fd2xLdzBzUjlkREwtZHE0dWJfUlJKQUhsRG5KcjdRMjZfbUppaEUyX05wVWhZa2JpUGc5aGRoYUV2RzlXWl9zNlprVC1MLS16RmdYMFdVQTRhcWpXSWVNMndTUFNNTmJuZGpnWC1ESGlFU095RmZ3VnVuQlo3Q0NiQWkzaw?oc=5,How Digital Interactive Games Enhance the Experience of Sports Events Business Matters,UK sportswear digital experience,How Digital Interactive Games Enhance the Experience of Sports Events - Business Matters. How Digital Interactive Games Enhance the Experience of Sports Events Business Matters,0.41610527,0.5968193,0.51686823,0.07995105,"Digital technology affecting sportswear retail,     ecommerce, shopping, personalisation and consumer     experiences.","Stadium technology, sporting venues, match technology,     refereeing technology and sports event infrastructure.",True,1
642,JD Sports on AI search and digital transformation: we can add ‘so much scale to personalisation’ - Econsultancy,2024-06-27 07:00:00,Econsultancy,https://news.google.com/rss/articles/CBMic0FVX3lxTE4zYmk4SWpOZXo4OU5Yd3JWdVhsT1NNWm1xM2gtbWxFOXFvUFgzZFR6SF83cE9fTkJMSXdWZkZ4dmZpMndxdjdYUGZLSE1Dc1V4MVRDalJTMVE3enUtdjNpMmJId0EwcEVmbFVkR0RGci13V0k?oc=5,JD Sports on AI search and digital transformation: we can add ‘so much scale to personalisation’ Econsultancy,UK sportswear digital retail,JD Sports on AI search and digital transformation: we can add ‘so much scale to personalisation’ - Econsultancy. JD Sports on AI search and digital transformation: we can add ‘so much scale to personalisation’ Econsultancy,0.4627765,0.51271045,0.43360773,0.079102725,"Digital technology affecting sportswear retail,     ecommerce, shopping, personalisation and consumer     experiences.","Generic sports technology focused on athlete     performance rather than clothing, footwear,     retail or consumer behaviour.",True,1
616,How sustainability focused UK gyms can make big gains - YouGov,2024-09-17 07:00:00,YouGov,https://news.google.com/rss/articles/CBMimAFBVV95cUxQYTlaRGt2YzBDOFo3N2pUWXA5Uk84YUcwSVU1N3hVeDdDSlQ2SEdvNU41QzRMUTU2eW1FUVpkQk9VbGMzaVJnd0Nfa1g4Z1laU1pGaG15eDkxNUlEQWJYZUZXZXFvZWEzQ1kzMXZwT0Z3dGloQjlyWHpGcDJoX2d6TXRHRVNMSEhoeFpWaVYxN01BSmRIXzFhWA?oc=5,How sustainability focused UK gyms can make big gains YouGov,UK fitness consumer technology,How sustainability focused UK gyms can make big gains - YouGov. How sustainability focused UK gyms can make big gains YouGov,0.43437475,0.42642948,0.34889036,0.077539116,"Sustainability, materials, circularity and product     innovation within sportswear, activewear and footwear.","Generic sports technology focused on athlete     performance rather than clothing, footwear,     retail or consumer behaviour.",True,-1
555,The Most Innovative Fitness & Wellness Companies of 2025 - Athletech News,2025-01-31 22:25:03,Athletech News,https://news.google.com/rss/articles/CBMiiAFBVV95cUxOVnpzVU9VU2pBVGVRRkpYaE4zSldXVjVjcXVsNl9TSWJ2ODg1M05mYXltdnJxZXBMRkNVRDd2QUNyRmtBaVhpaEg3TzhZQmNWOTdZcjZmcmM5WFdxUHBlUWdzbHRySVdhX25pU3hOSjctbTlnLWNyTFRkdWpXMUp3UlFSMFFuZFZP?oc=5,The Most Innovative Fitness & Wellness Companies of 2025 Athletech News,UK sportswear wellness consumers,The Most Innovative Fitness & Wellness Companies of 2025 - Athletech News. The Most Innovative Fitness & Wellness Companies of 2025 Athletech News,0.42827398,0.47705626,0.40027654,0.07677972,"Technology and innovation affecting sportswear products,     athletic apparel, footwear and activewear.","Generic sports technology focused on athlete     performance rather than clothing, footwear,     retail or consumer behaviour.",True,6
356,"Sports clothing brands in the United Kingdom in 2024, by number of users - Statista",2025-10-13 07:00:00,Statista,https://news.google.com/rss/articles/CBMikAFBVV95cUxNN20wZ2p4VGhsamp6b3NrQlM0NFBWdlY4X2NoV2VLRGpQZHVaTEswWVZqZEZ0OW9lRlZDU2o3ME9QS3RuaE5qcGVWTlV6Z3o3RjBxd2o3TzlDWXVHckpLampLdW4zUHdXdEZFNGI1U1FTWTVOVWQwOG43SHVEUjVtTDhSZUx1bG1fR0x6UEZzVEc?oc=5,"Sports clothing brands in the United Kingdom in 2024, by number of users Statista",UK activewear consumer trends,"Sports clothing brands in the United Kingdom in 2024, by number of users - Statista. Sports clothing brands in the United Kingdom in 2024, by number of users Statista",0.51043177,0.55713,0.4813805,0.07574949,"Consumer behaviour and changing consumer preferences     relating to sportswear, activewear, athletic footwear     and sports fashion.","Generic sports technology focused on athlete     performance rather than clothing, footwear,     retail or consumer behaviour.",True,-1
573,Sportswear Market Outlook & Forecast 2024-2029: Key Players - GlobeNewswire,2025-01-03 08:00:00,GlobeNewswire,https://news.google.com/rss/articles/CBMi2gJBVV95cUxNSld5N0lxQ1d1X0lPNG1QQmJ4dkxBTUhPbGJKSGVydG1FdUMzNnJGQkhNS0pHRGVaaTdlTnM5OXAtUU05UkphQkE5VWFEMjZSdFV1RVhVY1dRb0xOc3FINVV0ZWNVUFhiVmVxVHBleDZadWxjdER0Y1VfUTFaby1KelFMRUEzVGlQTkpUNWFlbUNxY0hkaUJqTF9UbnhIOUd4RWVzelRRRU5RQVR1YU85b1dNU3lmQlBscmNZQ0JyUzBUTHZGTGVITmVDbW5WUlJzajFlbTVlZnlOVEl5Z0JGVFItSFFPQVRkSUcyd3puTTRSSTVuaTZMM3JsZEFELUhmVV9FenlsTHRCMzgwaWtRaEROYVpaTm5QeC1kdTMtd3pJVzc2d2plRFcxZzZ0N3FQYi1qR3lRNW5MSWpfYlNFOVFoNTFqWS0xanE3ZFh4dVNSM0RLYl9XRU1R?oc=5,Sportswear Market Outlook & Forecast 2024-2029: Key Players GlobeNewswire,UK sportswear market trends,Sportswear Market Outlook & Forecast 2024-2029: Key Players - GlobeNewswire. Sportswear Market Outlook & Forecast 2024-2029: Key Players GlobeNewswire,0.46224955,0.58293813,0.5077766,0.07516152,"Consumer behaviour and changing consumer preferences     relating to sportswear, activewear, athletic footwear     and sports fashion.","Generic sports technology focused on athlete     performance rather than clothing, footwear,     retail or consumer behaviour.",True,-1
4,How Southbook Is Adapting to Changing Sports Consumption Habits - Ubiratã Online Notícias,2026-08-05 12:09:34,Ubiratã Online Notícias,https://news.google.com/rss/articles/CBMimAFBVV95cUxPeVdQMjRNVXdfMkxld0ZlcjFZSGk3bk5MRnk5cndjZGtGc0F6SzQ5TWFQeEliRTEzYUlESGk3Wi1QaXhQaHJTM01rMzVvUGthU2htRVhKY3VRWUwzQWdPekRXVW1qUlI3QVVpY0EwQThTdmdMSFdPU3VqckdYSi1lOWxiZTRDZ2FaRTZIVzJxUXlTQ1cwUGE2YQ?oc=5,How Southbook Is Adapting to Changing Sports Consumption Habits Ubiratã Online Notícias,UK sportswear changing consumer habits,How Southbook Is Adapting to Changing Sports Consumption Habits - Ubiratã Online Notícias. How Southbook Is Adapting to Changing Sports Consumption Habits Ubiratã Online Notícias,0.40759796,0.49180517,0.41685113,0.07495403,"Consumer behaviour and changing consumer preferences     relating to sportswear, activewear, athletic footwear     and sports fashion.","Sports tourism, sporting events, travel,     event ticketing and sports hospitality.",True,1
320,"Nike, Adidas hold UK sportswear top spots as demand shifts to kids - Just Style",2025-11-10 08:00:00,Just Style,https://news.google.com/rss/articles/CBMinwFBVV95cUxOOVpCaThKM1h6OVhOQnZzZFFzMWFTMGdFS09YeHZvdUlCTng0ZVNyZVA3alVDVVkwRWZUd204eEJxdHdXb0ZmcE1SMWw4ZWd5aGlpT21wN1RZMXc1N1Y1NlUwdDk5U0VrRmRQMlJFX01oc1lnT05xQlBZRmRqWVFjVlU3cGVTNzdIWDhDLVdRaDYxNkVabW1KSXdVZXNTMWc?oc=5,"Nike, Adidas hold UK sportswear top spots as demand shifts to kids Just Style",UK sportswear market trends,"Nike, Adidas hold UK sportswear top spots as demand shifts to kids - Just Style. Nike, Adidas hold UK sportswear top spots as demand shifts to kids Just Style",0.47253853,0.5783635,0.50377816,0.07458532,"Consumer behaviour and changing consumer preferences     relating to sportswear, activewear, athletic footwear     and sports fashion.","Generic sports technology focused on athlete     performance rather than clothing, footwear,     retail or consumer behaviour.",True,3
695,"UK Accessories Market Size, Trends, Share & Forecast to 2027 - Global Data",2024-01-25 08:00:00,Global Data,https://news.google.com/rss/articles/CBMiiAFBVV95cUxPX21CYnAwMGdsSXc1WWczQ2xWYVhNODQwVWxjVTQ2OHRVRUhxdjNxMEdjdU9kMFRJdTVFdlptaFlQd2V1YjE5SnRMeWNUMEt1ZEVLdmEyaGpJWlhGcEJSN2p3VVN6bW5qeDlYak5vVHN1dUJKem9PQXJ5Tm8xZnFBbVlBZ3ZTcV9F?oc=5,"UK Accessories Market Size, Trends, Share & Forecast to 2027 Global Data",UK sportswear changing consumer habits,"UK Accessories Market Size, Trends, Share & Forecast to 2027 - Global Data. UK Accessories Market Size, Trends, Share & Forecast to 2027 Global Data",0.4019273,0.36074585,0.28940314,0.07134271,"Digital technology affecting sportswear retail,     ecommerce, shopping, personalisation and consumer     experiences.","Professional sports results, football clubs,     players, matches, teams and competitions.",True,0
199,ASICS EMEA achieves record revenues as European sportswear demand increases - InternetRetailing,2026-02-13 08:00:00,InternetRetailing,https://news.google.com/rss/articles/CBMiqgFBVV95cUxOSWV4REphVjl4ajFZeGFwbHpheGNhRXRadS1sQl9GYlI2WXNUVzJrX2VrMG1hY3d5ODR6Ylh1ZVZlR00zX0llRGRCdXFzbGotTWs4QzdXckhONjlyY0Q4S3FUM3Z4NXpkdWNNZzQ3NDQ2WjlKcExLdUdNX0J1ak9ZVmFGdkZ2TlB2cVNSdGxJZlQydTNUMl90cXJZM0Q1akpRNm0taFAwTkNVdw?oc=5,ASICS EMEA achieves record revenues as European sportswear demand increases InternetRetailing,UK sportswear market trends,ASICS EMEA achieves record revenues as European sportswear demand increases - InternetRetailing. ASICS EMEA achieves record revenues as European sportswear demand increases InternetRetailing,0.45194376,0.56541926,0.4945603,0.070858955,"Technology and innovation affecting sportswear products,     athletic apparel, footwear and activewear.","Generic sports technology focused on athlete     performance rather than clothing, footwear,     retail or consumer behaviour.",True,0
287,Dubai fitness industry set for more growth as the UAE promotes healthy lifestyles - Consultancy-me.com,2025-12-10 08:00:00,Consultancy-me.com,https://news.google.com/rss/articles/CBMiwAFBVV95cUxPTzdQUzdvX1FOZllXanpibndlQ2lGQ21saVF3eGxXcEdJLUVfZzhBdXpvTTlpUG1jWTlLRWlkaEdEN0Q3V3dGOXV0Q2JkQlBrN24wOEk0dGZvVFkwTFB2X0JuVzNOaFJzUnY2VzVyb3FpMmE4OXhFTE41Vlk4U3dGUmN6dE96V1dzU251SExUMHBMMVJpdzlfQ3lzdHBocDVnR1cwRkxpYnk1YWtsWmxoVmlYOHE2S01LcXN5Y1R4aVo?oc=5,Dubai fitness industry set for more growth as the UAE promotes healthy lifestyles Consultancy-me.com,UK sportswear wellness consumers,Dubai fitness industry set for more growth as the UAE promotes healthy lifestyles - Consultancy-me.com. Dubai fitness industry set for more growth as the UAE promotes healthy lifestyles Consultancy-me.com,0.40187305,0.3831902,0.31266296,0.070527256,"Technology and innovation affecting sportswear products,     athletic apparel, footwear and activewear.","Generic sports technology focused on athlete     performance rather than clothing, footwear,     retail or consumer behaviour.",True,-1
436,"China’s green economy: Redefining sports, wellness and consumer habits - Jing Daily",2025-06-21 07:00:00,Jing Daily,https://news.google.com/rss/articles/CBMinAFBVV95cUxQOF9NRlhXbHhwVmszdmFBRW02QU5CcHhPZDBGTTFkV1hLWG4yM1ZrdmgtQUd3MFZDYkxlTkxGZkdQTkFRZnVZajlSQ3pCNTEwQS1qSWZLZi0zbDNpYW0wME1Kd1p3MElheThXTkthb0tiSTBCODhwTU5wT2x3TkJHQ29SZlZMTWhYZkVGR1dKQV9qMGwzRHhXYkRBcjM?oc=5,"China’s green economy: Redefining sports, wellness and consumer habits Jing Daily",UK sportswear changing consumer habits,"China’s green economy: Redefining sports, wellness and consumer habits - Jing Daily. China’s green economy: Redefining sports, wellness and consumer habits Jing Daily",0.3893516,0.42582524,0.35621792,0.06960732,"The relationship between sport, fashion, lifestyle     and consumer culture within apparel and footwear.","Generic sports technology focused on athlete     performance rather than clothing, footwear,     retail or consumer behaviour.",True,-1
474,Liverpool’s Continued Push Into Sports Business Innovation - Poets&Quants,2025-05-06 07:00:00,Poets&Quants,https://news.google.com/rss/articles/CBMiggFBVV95cUxPWnFIQ0l1YWdqMjBrTkNrS3NyamluZFZLdHB1dW1ISDFkQlNCYjk3Njhsby1tTng2Ry0yUW5pd3l0VjJhWHRncFM2VkV3U3lYcmtNVndZMVphSGwyUWU5VjRMSEVpV1M5WUQ1Nk5jZUVDbDlxc0stbV9XUm9KbzVfaWF3?oc=5,Liverpool’s Continued Push Into Sports Business Innovation Poets&Quants,UK sportswear innovation,Liverpool’s Continued Push Into Sports Business Innovation - Poets&Quants. Liverpool’s Continued Push Into Sports Business Innovation Poets&Quants,0.3809373,0.4229129,0.35429412,0.068618774,"Technology and innovation affecting sportswear products,     athletic apparel, footwear and activewear.","Stadium technology, sporting venues, match technology,     refereeing technology and sports event infrastructure.",True,1
247,JD Sports shares major change it thinks is 'the future of how people will shop' - The Mirror,2026-01-12 08:00:00,The Mirror,https://news.google.com/rss/articles/CBMiigFBVV95cUxOM2U1dmJTRm9QLXFPZmJNSndYYTI3SlREVEFHZEJYQkpQSnRnVVBIMnQ1clpwRzhrOGo4dlJ5NWJETWJvREtOazdhelhtMUNaNWRtbWZXV3RHZGlyZGpJbXZ1LUpERXU5Y2xOcWd1by05MnFDMS0yVWhKQ0xQWXFla2thV2Z5RXZoN0HSAY8BQVVfeXFMTmZtUVlDSEhjVDlxS0pGZVBSbU5tMzN5QTNucmZhZ3E0U3dndXROcDNhbGI5V045SEhMVS0wZkhrRkxHR1FrNE9jaG9xZDdJeHM4cXJvUUp0R2RJNTg1TTI1MHVCWVNQTzVlTlZzY1BoMWh4RWRXbmcxekJTVlF2OWxBRmVRNTIxTmJnM2tSNDQ?oc=5,JD Sports shares major change it thinks is 'the future of how people will shop' The Mirror,UK sportswear retail technology,JD Sports shares major change it thinks is 'the future of how people will shop' - The Mirror. JD Sports shares major change it thinks is 'the future of how people will shop' The Mirror,0.36737156,0.43291357,0.36643028,0.06648329,"Consumer behaviour and changing consumer preferences     relating to sportswear, activewear, athletic footwear     and sports fashion.","Generic sports technology focused on athlete     performance rather than clothing, footwear,     retail or consumer behaviour.",True,-1
589,Holiday Activewear Pop-Ups: Gymshark Pop-Up Brings Fitness Energy to SoHo - Trend Hunter,2024-11-29 08:00:00,Trend Hunter,https://news.google.com/rss/articles/CBMiXkFVX3lxTFBRMFR0QWZJZG56WWlWejVtTS1IWWtEUlVOWFdxRzJrM2IzUUNLUkViQm1oRWhKazh3QmtZUUdrNGVOU2NfcVdqYjJmVEJwTWI5NWFoQWlQTjdaMEpmZ2c?oc=5,Holiday Activewear Pop-Ups: Gymshark Pop-Up Brings Fitness Energy to SoHo Trend Hunter,UK activewear consumer trends,Holiday Activewear Pop-Ups: Gymshark Pop-Up Brings Fitness Energy to SoHo - Trend Hunter. Holiday Activewear Pop-Ups: Gymshark Pop-Up Brings Fitness Energy to SoHo Trend Hunter,0.4733432,0.4544097,0.39140242,0.063007265,"Sportswear, activewear, athletic apparel, athletic footwear,     sneakers and performance clothing products.","Generic sports technology focused on athlete     performance rather than clothing, footwear,     retail or consumer behaviour.",True,-1
130,Nike introduces interactive AR mirror experience at JD Oxford Street - FashionNetwork France,2026-04-16 07:00:00,FashionNetwork France,https://news.google.com/rss/articles/CBMitwFBVV95cUxNSVo1VE42T1VzX29vdTROQUM4SllzYkFoZ3FiRnVEc0x3d2RfS3g1WGxNUzJzNGUzeERvOUx0elRWd3VJZlotN3FxRG9kVmdhcl9nZVNJWW1MczFSVHFiRjE2d2VkWUN1ZktLQkY1c3BXYVR0cEtwMVBqZFRGU1BqeXFvNFpzRWZZVk4ya1JxSXZ4TE9FMHB4OWRFWmhCTmY0NEpFbjdNczFyVkhZclZicGlRX3lERzQ?oc=5,Nike introduces interactive AR mirror experience at JD Oxford Street FashionNetwork France,UK sportswear retail technology,Nike introduces interactive AR mirror experience at JD Oxford Street - FashionNetwork France. Nike introduces interactive AR mirror experience at JD Oxford Street FashionNetwork France,0.38080305,0.44867262,0.3857614,0.06291121,"Sportswear, activewear, athletic apparel, athletic footwear,     sneakers and performance clothing products.","Generic sports technology focused on athlete     performance rather than clothing, footwear,     retail or consumer behaviour.",True,3
262,The 6 Biggest Wellness Trends Coming In 2026 - British Vogue,2026-01-03 08:00:00,British Vogue,https://news.google.com/rss/articles/CBMiYkFVX3lxTE96eDdyd0RoN3p1VXo2b0hVNXJ3S0lrUTJlcHBPd2VMOGpFczNzUk5neEdYM2RlX19Bb0k4WDUwTDN6VV9PdW1URzhMeDUxX0ktS2IyWkdNVndCY0szWm04QmJB?oc=5,The 6 Biggest Wellness Trends Coming In 2026 British Vogue,UK fitness retail trends,The 6 Biggest Wellness Trends Coming In 2026 - British Vogue. The 6 Biggest Wellness Trends Coming In 2026 British Vogue,0.43209338,0.39317614,0.33100897,0.062167168,"Technology and innovation affecting sportswear products,     athletic apparel, footwear and activewear.","Sports drinks, energy drinks, protein drinks,     hydration products, beverages and nutrition.",True,6
56,"Sports and Athletic Insoles Market to Reach USD 8.4 Billion by 2036 Driven by Rising Sports Participation, AI-Powered Foot Scanning, and Growing Demand for Performance Footwear Solutions - PR Newswire UK",2026-07-07 07:00:00,PR Newswire UK,https://news.google.com/rss/articles/CBMi3wJBVV95cUxQQ29NSTJfc0I2b05vOWNjZEVHSXZ2MTZBUTRLVHZQTllnZDFQV0J3dkVXS04yVzdLTTctTk83b3hRYlphZVFYM1ZDQTQyaWNwckFZdjZXYzZ6aUR5MHJpeXY1X1RNdDY5RnE5ZFhEWElFOWRfU2xqQ3g4bUpFYWZEMHo4Y2gydkxvVVhKYl9telF0MXVtRHlaUE8wb2JZazdGX0V5YnpnUElnOTZVRDdBMFRhVEMtRzBMRHVNMDltMTVjeXh1bEhjZFg2NmFWdlhBbGNwTGJXclhIZGdfY1pYVEVMRVY4NDBwaERDekNVamd1MGJyZE1YRDZuSnNZbjhMd21ObHBLWWJvajJOb3d4b0pHTkh1U2hMWGJpLTF4N3ZmS3I4dnZtcW80UlNPRWxrall0dmVzT3k4VXFuQUlrc0FWVlFDeFNBQUFTaDlEUlBfUjJaSTRqdFhVZHpGeEE?oc=5,"Sports and Athletic Insoles Market to Reach USD 8.4 Billion by 2036 Driven by Rising Sports Participation, AI-Powered Foot Scanning, and Growing Demand for Performance Footwear Solutions PR Newswire UK",UK sportswear consumer technology,"Sports and Athletic Insoles Market to Reach USD 8.4 Billion by 2036 Driven by Rising Sports Participation, AI-Powered Foot Scanning, and Growing Demand for Performance Footwear Solutions - PR Newswire UK. Sports and Athletic Insoles Market to Reach USD 8.4 Billion by 2036 Driven by Rising Sports Participation, AI-Powered Foot Scanning, and Growing Demand for Performance Footwear Solutions PR Newswire UK",0.41320562,0.5479278,0.48607883,0.06184897,"Technology and innovation affecting sportswear products,     athletic apparel, footwear and activewear.","Generic sports technology focused on athlete     performance rather than clothing, footwear,     retail or consumer behaviour.",True,0
398,Home Gym Equipment Market - Future Market Insights,2025-08-21 07:00:00,Future Market Insights,https://news.google.com/rss/articles/CBMiekFVX3lxTE1UN3lCMVZTSmt4RkRDdXRqVG5XRTdNd3FHaTQ5OXRieXExdjA3RzVJc0F1NDNVOGJLNFYtVWtYWDJncU5RbE5CcERPR1dHbEVQaDdrYVYzRVVkTXhyQVhjQ29zWXAzd0oyR01oczNsVW54RFEzajIwZDRn?oc=5,Home Gym Equipment Market Future Market Insights,UK fitness retail trends,Home Gym Equipment Market - Future Market Insights. Home Gym Equipment Market Future Market Insights,0.41816872,0.44962394,0.38831496,0.06130898,"Changes in sportswear retail, shopping behaviour,     consumer demand and brand engagement.","Generic sports technology focused on athlete     performance rather than clothing, footwear,     retail or consumer behaviour.",True,0
444,"Nike FlyWeb Is the Future of Performance Apparel — NIKE, Inc. - About Nike",2025-06-12 07:00:00,About Nike,https://news.google.com/rss/articles/CBMid0FVX3lxTE9STDdDZ2ROMC1HdzMzVGRQb1ViZ1Z4UWdJTWJzTEZSdTFaYlh1bUJydDJnWjZlTUtFU2ZyRFMyeTlEY09TSWk2Sk9nNVhqMkJRQjRZdlU0Y244cXBMVHZUUTRxZWFPRTVkNzU4bU91anlvU0ZCU2dB?oc=5,"Nike FlyWeb Is the Future of Performance Apparel — NIKE, Inc. About Nike",UK athletic apparel innovation,"Nike FlyWeb Is the Future of Performance Apparel — NIKE, Inc. - About Nike. Nike FlyWeb Is the Future of Performance Apparel — NIKE, Inc. About Nike",0.3553674,0.49347374,0.43301722,0.060456514,"Technology and innovation affecting sportswear products,     athletic apparel, footwear and activewear.","Generic sports technology focused on athlete     performance rather than clothing, footwear,     retail or consumer behaviour.",True,3
113,JD Sports Rebound Sparks Fresh Focus on FTSE 100 Retail Trends - Kalkine Media,2026-05-07 07:00:00,Kalkine Media,https://news.google.com/rss/articles/CBMiqgFBVV95cUxOQm0yb0tSUHZwcU5xYWVqczloMXJwalBwMkZ6X0l1RUQza0NybVpyWjVlTHRnTlBCXzE4bjdnWHdZaTZ0cTVETVB0T0NCWFI2b0FZMl9COE9EOFdHbVh4S3Nwb2lnLU1kdmJ2MVNEcS1QSjJuRWJYX1Z2Vy1oVXVOY3BMWGZIdEpQMnM5WEVXSmxXNnpkU0ZqMHFxX3M1UnloWG02Mi1YRFVNZw?oc=5,JD Sports Rebound Sparks Fresh Focus on FTSE 100 Retail Trends Kalkine Media,UK sportswear consumer trends,JD Sports Rebound Sparks Fresh Focus on FTSE 100 Retail Trends - Kalkine Media. JD Sports Rebound Sparks Fresh Focus on FTSE 100 Retail Trends Kalkine Media,0.4098965,0.48516613,0.42577496,0.05939117,"Changes in sportswear retail, shopping behaviour,     consumer demand and brand engagement.","Generic sports technology focused on athlete     performance rather than clothing, footwear,     retail or consumer behaviour.",True,-1
392,How Influencers are Redefining Sports Marketing - Sportfive,2025-09-01 07:00:00,Sportfive,https://news.google.com/rss/articles/CBMimwFBVV95cUxOdVFVVjVnX2EzSHBIVmFBSE0xX3JIdW92UEFTUlB3QnRPaVZGZ28tMmVVTzJQcmpkUFE0Q2c3d3hNRGVsOFpHRjVWOWxFMGMyY0RtbjBUelJQNmU5MnFfSHRrd2RsME91bzV0RkpLUi1heElWUElTWThHYS1nRW90RU9NVHdOcElxWjFMMVl6OWZpMG02bWNZTWMwcw?oc=5,How Influencers are Redefining Sports Marketing Sportfive,UK sportswear consumer behaviour,How Influencers are Redefining Sports Marketing - Sportfive. How Influencers are Redefining Sports Marketing Sportfive,0.47756886,0.5710066,0.5140541,0.056952477,"Consumer behaviour and changing consumer preferences     relating to sportswear, activewear, athletic footwear     and sports fashion.","Generic sports technology focused on athlete     performance rather than clothing, footwear,     retail or consumer behaviour.",True,1
58,"Winter Sports Equipment Market Size, Share | Growth [2034] - Fortune Business Insights",2026-07-06 07:00:00,Fortune Business Insights,https://news.google.com/rss/articles/CBMigwFBVV95cUxQUzlScHNzY3NhRXp5TWtqYUxxNEJtTHZKRGdXRkFFRzlRV1hxRWtvUWk1dTZjem1HaWxtNDgyVEhMbFBjOFNBNFBSeE1uSFZaNVJWV09qOW9EM3B4M0hOTFNCaXNia2pjeDBkcWtpdXVoQlRTQVRmd0RicWJUNU1kcUZGWQ?oc=5,"Winter Sports Equipment Market Size, Share | Growth [2034] Fortune Business Insights",UK sportswear consumer trends,"Winter Sports Equipment Market Size, Share | Growth [2034] - Fortune Business Insights. Winter Sports Equipment Market Size, Share | Growth [2034] Fortune Business Insights",0.36929664,0.46448106,0.40901855,0.05546251,"Sustainability, materials, circularity and product     innovation within sportswear, activewear and footwear.","Sports betting, gambling, betting applications,     bookmakers and sports wagering.",True,0
156,"Brazil Premium Sportswear Market Size & Outlook, 2025-2030 - Grand View Research",2026-03-18 07:00:00,Grand View Research,https://news.google.com/rss/articles/CBMiigFBVV95cUxQRVFwcmhrUkpQd1NnZ29kNHZtZGxHcnJWQUthZDJXbmVQczdCZjVSaXpLMG52cVVOdXFVS0d2ZnYyWlpyMk9hVlExdzNib2NmanhxaEZac0xNZWVsME5sWE0wa1hrd29xTjNYbVB4UWVkR3d0dlVwcXR2cHMxaVlNd2JIN3dvSHdUNVE?oc=5,"Brazil Premium Sportswear Market Size & Outlook, 2025-2030 Grand View Research",UK sportswear market trends,"Brazil Premium Sportswear Market Size & Outlook, 2025-2030 - Grand View Research. Brazil Premium Sportswear Market Size & Outlook, 2025-2030 Grand View Research",0.41747636,0.4997739,0.4457924,0.053981483,"Consumer behaviour and changing consumer preferences     relating to sportswear, activewear, athletic footwear     and sports fashion.","Professional sports results, football clubs,     players, matches, teams and competitions.",True,0
169,"InPost UK hails big moment for trainer culture and lockers with JD Sports Fashion, Nike tie up - Retail Technology Innovation Hub",2026-03-11 07:00:00,Retail Technology Innovation Hub,https://news.google.com/rss/articles/CBMi5gFBVV95cUxQbWpPcmctbExXd2RWSWJLQlliMUZqNmRYWk5wd1A0TUpOZjFFUnI4YWUyaFJsMlowU3YwSG10NGYzZWd4VGxfNFBPd0JxbTZYVFI1akFVYkNBd3hIY0ZYejlMWUhUaXhLMFU2ODctODBGX1FvcmVHN0dIc1hFeU0zT1hyVUlwZHczbEIyZ3VWYVB3eHI1UGc4LUk3eGJLMUFwTmJTR2p6WXRqWHQ3MzlEREpIeHlzbTUyNWVyeDB1bzdTOWFuRUE0OFFLWEVSSjlTakxTMFVWVURyS2RLSWlidV8tYWZKZw?oc=5,"InPost UK hails big moment for trainer culture and lockers with JD Sports Fashion, Nike tie up Retail Technology Innovation Hub",UK sportswear innovation,"InPost UK hails big moment for trainer culture and lockers with JD Sports Fashion, Nike tie up - Retail Technology Innovation Hub. InPost UK hails big moment for trainer culture and lockers with JD Sports Fashion, Nike tie up Retail Technology Innovation Hub",0.44004557,0.50578946,0.45231414,0.05347532,"Technology and innovation affecting sportswear products,     athletic apparel, footwear and activewear.","Generic sports technology focused on athlete     performance rather than clothing, footwear,     retail or consumer behaviour.",True,-1
185,"Global Sports Retailing Market: Key Trends, Regional and Category Performance, Competitive Landscape and Top Retailers to 2029 - Global Data",2026-02-25 08:00:00,Global Data,https://news.google.com/rss/articles/CBMifkFVX3lxTE85aTFzeElBeFpoQjdwWGp2Z1NqT1NSZGVYd0hXSXYwT1RoTHNmNjdCU3lLLWFFTHZyU2lCdHhzQV9TWmpseWRfbnNvdHlXZlI3Rjg1bjNDaG5sbk1hblNqNmdpM0VuVHNCUG9RaFc5eWd1RFFrR1Y3Z0lGU3JVQQ?oc=5,"Global Sports Retailing Market: Key Trends, Regional and Category Performance, Competitive Landscape and Top Retailers to 2029 Global Data",UK sportswear consumer trends,"Global Sports Retailing Market: Key Trends, Regional and Category Performance, Competitive Landscape and Top Retailers to 2029 - Global Data. Global Sports Retailing Market: Key Trends, Regional and Category Performance, Competitive Landscape and Top Retailers to 2029 Global Data",0.44445962,0.56749177,0.51565605,0.051835716,"Changes in sportswear retail, shopping behaviour,     consumer demand and brand engagement.","Generic sports technology focused on athlete     performance rather than clothing, footwear,     retail or consumer behaviour.",True,-1
255,Circana to Launch POS Market Measurement for Consumer Tech in the UK - Circana,2026-01-07 08:00:00,Circana,https://news.google.com/rss/articles/CBMiugFBVV95cUxPclJPTVVPNkhIZTQ1Vno3cFVhWW5ZejdwY1ZzSHhqVG52UFZLT1ZhRUdVbVlXZmtSc2dzYjYta1BOSmExQUxObkU0RTc3Wlc4THFvbDc0WXgwaDg1SEFtWFR6dFpWQjhpWVEyQ3RIQk9Ga1hyMHU3dzFmc0dDaTRRNU9wcnVBLURlM2dDU3otTTcwNFJLdkNqejVmcXgxMlktYXA1WE5ncVk5ZzU1Z1JudkZnZ3JrQ0FReGc?oc=5,Circana to Launch POS Market Measurement for Consumer Tech in the UK Circana,UK sportswear consumer technology,Circana to Launch POS Market Measurement for Consumer Tech in the UK - Circana. Circana to Launch POS Market Measurement for Consumer Tech in the UK Circana,0.39451355,0.3535748,0.30195564,0.051619172,"Digital technology affecting sportswear retail,     ecommerce, shopping, personalisation and consumer     experiences.","Generic sports technology focused on athlete     performance rather than clothing, footwear,     retail or consumer behaviour.",True,2
159,"France Premium Sportswear Market Size & Outlook, 2025-2030 - Grand View Research",2026-03-18 07:00:00,Grand View Research,https://news.google.com/rss/articles/CBMiigFBVV95cUxPNkRKYlRQX2RYSl9WRFBQZUpqZ2lHUW5ETGluU3JrVXA3QnpFSl9qQ1JyQXBCdzRISjU1UjlpQU1HNnRLeXJCX0FUSjY5ZloyOXVkNkprd1lnOWtvNHhUeHQxdm1oX3pnSlRCc0hIRTM3WHdHNVgxOV9fZHRfLXBlVm0zYi1qM1lRUEE?oc=5,"France Premium Sportswear Market Size & Outlook, 2025-2030 Grand View Research",UK sportswear market trends,"France Premium Sportswear Market Size & Outlook, 2025-2030 - Grand View Research. France Premium Sportswear Market Size & Outlook, 2025-2030 Grand View Research",0.4206364,0.48317724,0.43217787,0.050999373,"Consumer behaviour and changing consumer preferences     relating to sportswear, activewear, athletic footwear     and sports fashion.","Generic sports technology focused on athlete     performance rather than clothing, footwear,     retail or consumer behaviour.",True,0
