title,date,source,url,text,search_query,full_text
"Sports Technology Market Size, Share | Industry Report [2032] - Fortune Business Insights","Mon, 13 Jul 2026 07:00:00 GMT",Fortune Business Insights,https://news.google.com/rss/articles/CBMie0FVX3lxTE83MERUUnFLX3BETG0zc3VmSlVXQjZZRXJSVmtxdHBzcVRBWjdabEpOMGhCSFlUa1h5SUp1SU92d3BFQ0M4ZjNsNUd0NTR6QnMyenNaVmx3THk1Ri1LU1M2aF9ZeHpqdkg3RVJnYkpNU0RtREZYWjdxTHpHVQ?oc=5,"<a href=""https://news.google.com/rss/articles/CBMie0FVX3lxTE83MERUUnFLX3BETG0zc3VmSlVXQjZZRXJSVmtxdHBzcVRBWjdabEpOMGhCSFlUa1h5SUp1SU92d3BFQ0M4ZjNsNUd0NTR6QnMyenNaVmx3THk1Ri1LU1M2aF9ZeHpqdkg3RVJnYkpNU0RtREZYWjdxTHpHVQ?oc=5"" target=""_blank"">Sports Technology Market Size, Share | Industry Report [2032]</a>&nbsp;&nbsp;<font color=""#6f6f6f"">Fortune Business Insights</font>",UK sportswear technology,"<a href=""https://news.google.com/rss/articles/CBMie0FVX3lxTE83MERUUnFLX3BETG0zc3VmSlVXQjZZRXJSVmtxdHBzcVRBWjdabEpOMGhCSFlUa1h5SUp1SU92d3BFQ0M4ZjNsNUd0NTR6QnMyenNaVmx3THk1Ri1LU1M2aF9ZeHpqdkg3RVJnYkpNU0RtREZYWjdxTHpHVQ?oc=5"" target=""_blank"">Sports Technology Market Size, Share | Industry Report [2032]</a>&nbsp;&nbsp;<font color=""#6f6f6f"">Fortune Business Insights</font>"
JD Sports inks multi-year global ItemOptix RFID technology deal with Checkpoint Systems - Retail Technology Innovation Hub,"Thu, 26 Feb 2026 08:00:00 GMT",Retail Technology Innovation Hub,https://news.google.com/rss/articles/CBMi1AFBVV95cUxQdFdnTDVlVXlVbEFXeW1xY0h0Q0k2S3JzQXoxQnJ4OXJWRU1XSk9ycWliNDRseW1CRU9VNVpvYWtDYzRoRkdVcHBzaEk1NF9TVTdPY1I4bWlYcE4tWWxRX0FzN1E1NjhGSU9lYVZpRUJ6ZGdZdTB2MTVxR3FISUJKblhmeDROTEdCMlJQdFZJY1BVLXBhVU05R1REQUF2STBydUd0XzZwcG94ZHhqdjc2TmhIYnZOSFRiUm5LYkpzM0RBMWJPSG4yODNJV044Y1lzOXgtaw?oc=5,"<a href=""https://news.google.com/rss/articles/CBMi1AFBVV95cUxQdFdnTDVlVXlVbEFXeW1xY0h0Q0k2S3JzQXoxQnJ4OXJWRU1XSk9ycWliNDRseW1CRU9VNVpvYWtDYzRoRkdVcHBzaEk1NF9TVTdPY1I4bWlYcE4tWWxRX0FzN1E1NjhGSU9lYVZpRUJ6ZGdZdTB2MTVxR3FISUJKblhmeDROTEdCMlJQdFZJY1BVLXBhVU05R1REQUF2STBydUd0XzZwcG94ZHhqdjc2TmhIYnZOSFRiUm5LYkpzM0RBMWJPSG4yODNJV044Y1lzOXgtaw?oc=5"" target=""_blank"">JD Sports inks multi-year global ItemOptix RFID technology deal with Checkpoint Systems</a>&nbsp;&nbsp;<font color=""#6f6f6f"">Retail Technology Innovation Hub</font>",UK sportswear technology,"<a href=""https://news.google.com/rss/articles/CBMi1AFBVV95cUxQdFdnTDVlVXlVbEFXeW1xY0h0Q0k2S3JzQXoxQnJ4OXJWRU1XSk9ycWliNDRseW1CRU9VNVpvYWtDYzRoRkdVcHBzaEk1NF9TVTdPY1I4bWlYcE4tWWxRX0FzN1E1NjhGSU9lYVZpRUJ6ZGdZdTB2MTVxR3FISUJKblhmeDROTEdCMlJQdFZJY1BVLXBhVU05R1REQUF2STBydUd0XzZwcG94ZHhqdjc2TmhIYnZOSFRiUm5LYkpzM0RBMWJPSG4yODNJV044Y1lzOXgtaw?oc=5"" target=""_blank"">JD Sports inks multi-year global ItemOptix RFID technology deal with Checkpoint Systems</a>&nbsp;&nbsp;<font color=""#6f6f6f"">Retail Technology Innovation Hub</font>"
JD Sports rolls out RFID to modernise inventory management across Europe - National Technology News,"Tue, 20 Jan 2026 08:00:00 GMT",National Technology News,https://news.google.com/rss/articles/CBMirgFBVV95cUxPRU5xMHlOVGlZRDhTcjNRTjVnSk9ubXFXWXh1S01rVEdhb0hlakV6S0NEbWg4UzkxUlptR1JuSXBDcnRCbll4RjRaaFplX1hUeURfRFlfWmg3Wkh2d0JrQ1lBN3ZQQ1ZfMG5FMzMyZlZLMWNaMXFnZ01BeWNFOTlDejdBamNVZWg2VUsxNnNUMGZIbENwblhrdjRIUmJEMlFfMUxxT1JQNzZNRHR3amc?oc=5,"<a href=""https://news.google.com/rss/articles/CBMirgFBVV95cUxPRU5xMHlOVGlZRDhTcjNRTjVnSk9ubXFXWXh1S01rVEdhb0hlakV6S0NEbWg4UzkxUlptR1JuSXBDcnRCbll4RjRaaFplX1hUeURfRFlfWmg3Wkh2d0JrQ1lBN3ZQQ1ZfMG5FMzMyZlZLMWNaMXFnZ01BeWNFOTlDejdBamNVZWg2VUsxNnNUMGZIbENwblhrdjRIUmJEMlFfMUxxT1JQNzZNRHR3amc?oc=5"" target=""_blank"">JD Sports rolls out RFID to modernise inventory management across Europe</a>&nbsp;&nbsp;<font color=""#6f6f6f"">National Technology News</font>",UK sportswear technology,"<a href=""https://news.google.com/rss/articles/CBMirgFBVV95cUxPRU5xMHlOVGlZRDhTcjNRTjVnSk9ubXFXWXh1S01rVEdhb0hlakV6S0NEbWg4UzkxUlptR1JuSXBDcnRCbll4RjRaaFplX1hUeURfRFlfWmg3Wkh2d0JrQ1lBN3ZQQ1ZfMG5FMzMyZlZLMWNaMXFnZ01BeWNFOTlDejdBamNVZWg2VUsxNnNUMGZIbENwblhrdjRIUmJEMlFfMUxxT1JQNzZNRHR3amc?oc=5"" target=""_blank"">JD Sports rolls out RFID to modernise inventory management across Europe</a>&nbsp;&nbsp;<font color=""#6f6f6f"">National Technology News</font>"
"What is TNT Sports? UK price, free trial and how to watch - radiotimes.com","Tue, 28 Jul 2026 07:00:00 GMT",radiotimes.com,https://news.google.com/rss/articles/CBMiggFBVV95cUxQZGkwQlJrTW5ZOEh1VkJDd1A2NGlCRFNxVVhHeDNWdlA5X2N4Rk1VZE9SSk1zUnF4d1VXVXlWUzdVajVmRU9Obm9XNW5ZT19Ualg5cE9HMmNFb09WaXJKOUhlY0c5UmdMMzIyZG05dmJhNGloN29QdmVqaGNvWGtPUUZR?oc=5,"<a href=""https://news.google.com/rss/articles/CBMiggFBVV95cUxQZGkwQlJrTW5ZOEh1VkJDd1A2NGlCRFNxVVhHeDNWdlA5X2N4Rk1VZE9SSk1zUnF4d1VXVXlWUzdVajVmRU9Obm9XNW5ZT19Ualg5cE9HMmNFb09WaXJKOUhlY0c5UmdMMzIyZG05dmJhNGloN29QdmVqaGNvWGtPUUZR?oc=5"" target=""_blank"">What is TNT Sports? UK price, free trial and how to watch</a>&nbsp;&nbsp;<font color=""#6f6f6f"">radiotimes.com</font>",UK sportswear technology,"<a href=""https://news.google.com/rss/articles/CBMiggFBVV95cUxQZGkwQlJrTW5ZOEh1VkJDd1A2NGlCRFNxVVhHeDNWdlA5X2N4Rk1VZE9SSk1zUnF4d1VXVXlWUzdVajVmRU9Obm9XNW5ZT19Ualg5cE9HMmNFb09WaXJKOUhlY0c5UmdMMzIyZG05dmJhNGloN29QdmVqaGNvWGtPUUZR?oc=5"" target=""_blank"">What is TNT Sports? UK price, free trial and how to watch</a>&nbsp;&nbsp;<font color=""#6f6f6f"">radiotimes.com</font>"
November: AI and 5G unite bringing sports fans closer to the action than ever before | News and features - University of Bristol,"Tue, 25 Nov 2025 08:00:00 GMT",University of Bristol,https://news.google.com/rss/articles/CBMigwFBVV95cUxNYUNxYjdjbWZJZ1ZiMTJCYlVXd190NFRQbDNCQ2F2cWN6UFVzSV9KaTExQ3NCY1Q1MG9BbnBnU3d4aE02OXAxX0UtZHRHWkZBYS1wOERTN2dPNEJpVjRma3dQc1lKeEZ0WEN0YjNETWwtclpvYVBCb0xSTG5BWVZ4WEFVSQ?oc=5,"<a href=""https://news.google.com/rss/articles/CBMigwFBVV95cUxNYUNxYjdjbWZJZ1ZiMTJCYlVXd190NFRQbDNCQ2F2cWN6UFVzSV9KaTExQ3NCY1Q1MG9BbnBnU3d4aE02OXAxX0UtZHRHWkZBYS1wOERTN2dPNEJpVjRma3dQc1lKeEZ0WEN0YjNETWwtclpvYVBCb0xSTG5BWVZ4WEFVSQ?oc=5"" target=""_blank"">November: AI and 5G unite bringing sports fans closer to the action than ever before | News and features</a>&nbsp;&nbsp;<font color=""#6f6f6f"">University of Bristol</font>",UK sportswear technology,"<a href=""https://news.google.com/rss/articles/CBMigwFBVV95cUxNYUNxYjdjbWZJZ1ZiMTJCYlVXd190NFRQbDNCQ2F2cWN6UFVzSV9KaTExQ3NCY1Q1MG9BbnBnU3d4aE02OXAxX0UtZHRHWkZBYS1wOERTN2dPNEJpVjRma3dQc1lKeEZ0WEN0YjNETWwtclpvYVBCb0xSTG5BWVZ4WEFVSQ?oc=5"" target=""_blank"">November: AI and 5G unite bringing sports fans closer to the action than ever before | News and features</a>&nbsp;&nbsp;<font color=""#6f6f6f"">University of Bristol</font>"
20 sports tech ideas to invest in now – Class of 2026 - SportsPro,"Tue, 10 Mar 2026 07:00:00 GMT",SportsPro,https://news.google.com/rss/articles/CBMiogFBVV95cUxPRGxXSThPVlpvbF9uQWg5SHBvTl9Bc05NMXdHcDBRQlR6R3c5TTBtWFFrQlBWQVVTZmhkYl9KMlUzOW1rV2V0bjY3OEpNMlRjT2otZ0cxVlVkdjF6X2N5akNrdVhVc0hSVzBWemExRTNmZFFMclFYUk1JVUpvV1JwbTZJR2dOLWgtUmtUYnk5N3NRcWJ4ZHRkQmp5V1lFeFRIc1E?oc=5,"<a href=""https://news.google.com/rss/articles/CBMiogFBVV95cUxPRGxXSThPVlpvbF9uQWg5SHBvTl9Bc05NMXdHcDBRQlR6R3c5TTBtWFFrQlBWQVVTZmhkYl9KMlUzOW1rV2V0bjY3OEpNMlRjT2otZ0cxVlVkdjF6X2N5akNrdVhVc0hSVzBWemExRTNmZFFMclFYUk1JVUpvV1JwbTZJR2dOLWgtUmtUYnk5N3NRcWJ4ZHRkQmp5V1lFeFRIc1E?oc=5"" target=""_blank"">20 sports tech ideas to invest in now – Class of 2026</a>&nbsp;&nbsp;<font color=""#6f6f6f"">SportsPro</font>",UK sportswear technology,"<a href=""https://news.google.com/rss/articles/CBMiogFBVV95cUxPRGxXSThPVlpvbF9uQWg5SHBvTl9Bc05NMXdHcDBRQlR6R3c5TTBtWFFrQlBWQVVTZmhkYl9KMlUzOW1rV2V0bjY3OEpNMlRjT2otZ0cxVlVkdjF6X2N5akNrdVhVc0hSVzBWemExRTNmZFFMclFYUk1JVUpvV1JwbTZJR2dOLWgtUmtUYnk5N3NRcWJ4ZHRkQmp5V1lFeFRIc1E?oc=5"" target=""_blank"">20 sports tech ideas to invest in now – Class of 2026</a>&nbsp;&nbsp;<font color=""#6f6f6f"">SportsPro</font>"
King's welcomes high-performance sports leaders to explore immersive technologies - King's College London,"Thu, 09 Oct 2025 07:00:00 GMT",King's College London,https://news.google.com/rss/articles/CBMiqwFBVV95cUxQUTdfVDBiZGxBMjhWel9NZnlSODZNbVZUTVZEOHZvazIxVmNNUzQtMU9MMnFVUGVycW1OMmxKZGJoVVhTd1FzRWFybnNEZkdOeFViY3ZpRElLVldQSUFmOUdsNUZYeWpuYzJsZjR6NmI0OFBUcWhURXBQUUl5djJheHFVRTlZWTZHYkdyeE1tS203RnpINlBMWmc0cFR2NXJEa2h4M3RyRnhtV0E?oc=5,"<a href=""https://news.google.com/rss/articles/CBMiqwFBVV95cUxQUTdfVDBiZGxBMjhWel9NZnlSODZNbVZUTVZEOHZvazIxVmNNUzQtMU9MMnFVUGVycW1OMmxKZGJoVVhTd1FzRWFybnNEZkdOeFViY3ZpRElLVldQSUFmOUdsNUZYeWpuYzJsZjR6NmI0OFBUcWhURXBQUUl5djJheHFVRTlZWTZHYkdyeE1tS203RnpINlBMWmc0cFR2NXJEa2h4M3RyRnhtV0E?oc=5"" target=""_blank"">King's welcomes high-performance sports leaders to explore immersive technologies</a>&nbsp;&nbsp;<font color=""#6f6f6f"">King's College London</font>",UK sportswear technology,"<a href=""https://news.google.com/rss/articles/CBMiqwFBVV95cUxQUTdfVDBiZGxBMjhWel9NZnlSODZNbVZUTVZEOHZvazIxVmNNUzQtMU9MMnFVUGVycW1OMmxKZGJoVVhTd1FzRWFybnNEZkdOeFViY3ZpRElLVldQSUFmOUdsNUZYeWpuYzJsZjR6NmI0OFBUcWhURXBQUUl5djJheHFVRTlZWTZHYkdyeE1tS203RnpINlBMWmc0cFR2NXJEa2h4M3RyRnhtV0E?oc=5"" target=""_blank"">King's welcomes high-performance sports leaders to explore immersive technologies</a>&nbsp;&nbsp;<font color=""#6f6f6f"">King's College London</font>"
UK Future of Sport Summit explores how technology is making sports smarter - UKNow,"Thu, 26 Feb 2026 08:00:00 GMT",UKNow,https://news.google.com/rss/articles/CBMipwFBVV95cUxQU1c5UHRPSHNGTlE0cnV3OVEyMVdOb3p5a1NCR1J6SjVjX1dsZFVRRE1NeDBMMXpkNEZhdEI3dHZReUltcW45U0Fjc2hyNVNfOGZtZjlsLVNHZ1A2eXNPSFFIYTVWWnBNSWVUaVByeDJDbEoyTEUwOUhTTzVmejlCZHhhWktmUzB2SU44RVVqTW5mQ1NUeHhLV1JfR2E5azlHM09JaF9qYw?oc=5,"<a href=""https://news.google.com/rss/articles/CBMipwFBVV95cUxQU1c5UHRPSHNGTlE0cnV3OVEyMVdOb3p5a1NCR1J6SjVjX1dsZFVRRE1NeDBMMXpkNEZhdEI3dHZReUltcW45U0Fjc2hyNVNfOGZtZjlsLVNHZ1A2eXNPSFFIYTVWWnBNSWVUaVByeDJDbEoyTEUwOUhTTzVmejlCZHhhWktmUzB2SU44RVVqTW5mQ1NUeHhLV1JfR2E5azlHM09JaF9qYw?oc=5"" target=""_blank"">UK Future of Sport Summit explores how technology is making sports smarter</a>&nbsp;&nbsp;<font color=""#6f6f6f"">UKNow</font>",UK sportswear technology,"<a href=""https://news.google.com/rss/articles/CBMipwFBVV95cUxQU1c5UHRPSHNGTlE0cnV3OVEyMVdOb3p5a1NCR1J6SjVjX1dsZFVRRE1NeDBMMXpkNEZhdEI3dHZReUltcW45U0Fjc2hyNVNfOGZtZjlsLVNHZ1A2eXNPSFFIYTVWWnBNSWVUaVByeDJDbEoyTEUwOUhTTzVmejlCZHhhWktmUzB2SU44RVVqTW5mQ1NUeHhLV1JfR2E5azlHM09JaF9qYw?oc=5"" target=""_blank"">UK Future of Sport Summit explores how technology is making sports smarter</a>&nbsp;&nbsp;<font color=""#6f6f6f"">UKNow</font>"
Securing sports grounds with laser technology - Security Journal UK,"Thu, 16 Apr 2026 07:00:00 GMT",Security Journal UK,https://news.google.com/rss/articles/CBMie0FVX3lxTE5VTmJ5NGtDcVlXSHRhazhzdFRRWkNoRlMtRjd2MzBMem00eUdSSU1scEt2ZGR4U2JZV3FnWVpfeFpjMEpZSm1ncGs2cFJHRGtRQmtXMzZPUVk1S2hBWi15cXc5VXFXUHptV1hXTm1qaEVHQ3lyZFQ3UWQ3OA?oc=5,"<a href=""https://news.google.com/rss/articles/CBMie0FVX3lxTE5VTmJ5NGtDcVlXSHRhazhzdFRRWkNoRlMtRjd2MzBMem00eUdSSU1scEt2ZGR4U2JZV3FnWVpfeFpjMEpZSm1ncGs2cFJHRGtRQmtXMzZPUVk1S2hBWi15cXc5VXFXUHptV1hXTm1qaEVHQ3lyZFQ3UWQ3OA?oc=5"" target=""_blank"">Securing sports grounds with laser technology</a>&nbsp;&nbsp;<font color=""#6f6f6f"">Security Journal UK</font>",UK sportswear technology,"<a href=""https://news.google.com/rss/articles/CBMie0FVX3lxTE5VTmJ5NGtDcVlXSHRhazhzdFRRWkNoRlMtRjd2MzBMem00eUdSSU1scEt2ZGR4U2JZV3FnWVpfeFpjMEpZSm1ncGs2cFJHRGtRQmtXMzZPUVk1S2hBWi15cXc5VXFXUHptV1hXTm1qaEVHQ3lyZFQ3UWQ3OA?oc=5"" target=""_blank"">Securing sports grounds with laser technology</a>&nbsp;&nbsp;<font color=""#6f6f6f"">Security Journal UK</font>"
New technology a 'game changer' for stadium fans say experts - bbc.co.uk,"Thu, 27 Nov 2025 08:00:00 GMT",bbc.co.uk,https://news.google.com/rss/articles/CBMiXEFVX3lxTE5RUkZvdC1zZ1Z5VF9JTkhobDhXZWJ4YTF2NkpGUXRQTmoxU2R0Q3haWHFQMGFCWUFJdUF1Y2J3VzBqXzcxZUVMZTEyRTBGRlo3UE92bkJLdEFGbXot?oc=5,"<a href=""https://news.google.com/rss/articles/CBMiXEFVX3lxTE5RUkZvdC1zZ1Z5VF9JTkhobDhXZWJ4YTF2NkpGUXRQTmoxU2R0Q3haWHFQMGFCWUFJdUF1Y2J3VzBqXzcxZUVMZTEyRTBGRlo3UE92bkJLdEFGbXot?oc=5"" target=""_blank"">New technology a 'game changer' for stadium fans say experts</a>&nbsp;&nbsp;<font color=""#6f6f6f"">bbc.co.uk</font>",UK sportswear technology,"<a href=""https://news.google.com/rss/articles/CBMiXEFVX3lxTE5RUkZvdC1zZ1Z5VF9JTkhobDhXZWJ4YTF2NkpGUXRQTmoxU2R0Q3haWHFQMGFCWUFJdUF1Y2J3VzBqXzcxZUVMZTEyRTBGRlo3UE92bkJLdEFGbXot?oc=5"" target=""_blank"">New technology a 'game changer' for stadium fans say experts</a>&nbsp;&nbsp;<font color=""#6f6f6f"">bbc.co.uk</font>"
"AI, 5G bring UK sports fans closer to the action - Computer Weekly","Wed, 26 Nov 2025 08:00:00 GMT",Computer Weekly,https://news.google.com/rss/articles/CBMimAFBVV95cUxQX0RmNUpuaHNZcEt0VURiVWNQSFNwYzFzb192OWFabENwMmwxblhNdzR2ZE1jOGhEem5iOE5ycHByQ2N6bUJJTDZDNjlScUU1Vl81eU5qcnB0TEhfc3VOaWZJSXdiekRZQlFkRWk5WUdqUWhodzh3clYxRENGOE9LbkxGQ1MyTHpzMUhRSXktTlgxaDR0WTlkTg?oc=5,"<a href=""https://news.google.com/rss/articles/CBMimAFBVV95cUxQX0RmNUpuaHNZcEt0VURiVWNQSFNwYzFzb192OWFabENwMmwxblhNdzR2ZE1jOGhEem5iOE5ycHByQ2N6bUJJTDZDNjlScUU1Vl81eU5qcnB0TEhfc3VOaWZJSXdiekRZQlFkRWk5WUdqUWhodzh3clYxRENGOE9LbkxGQ1MyTHpzMUhRSXktTlgxaDR0WTlkTg?oc=5"" target=""_blank"">AI, 5G bring UK sports fans closer to the action</a>&nbsp;&nbsp;<font color=""#6f6f6f"">Computer Weekly</font>",UK sportswear technology,"<a href=""https://news.google.com/rss/articles/CBMimAFBVV95cUxQX0RmNUpuaHNZcEt0VURiVWNQSFNwYzFzb192OWFabENwMmwxblhNdzR2ZE1jOGhEem5iOE5ycHByQ2N6bUJJTDZDNjlScUU1Vl81eU5qcnB0TEhfc3VOaWZJSXdiekRZQlFkRWk5WUdqUWhodzh3clYxRENGOE9LbkxGQ1MyTHpzMUhRSXktTlgxaDR0WTlkTg?oc=5"" target=""_blank"">AI, 5G bring UK sports fans closer to the action</a>&nbsp;&nbsp;<font color=""#6f6f6f"">Computer Weekly</font>"
UK–based sports technology company Kabuni appoints World Cup winning cricketer Shane Watson as Super Coach - Herald.Wales,"Sat, 18 Apr 2026 10:58:58 GMT",Herald.Wales,https://news.google.com/rss/articles/CBMi5gFBVV95cUxQTTVYa2xXZVFrOXJWUVdyajM0SHRJTzZxdFZta1VlVUkycDFKbDNuQ0ZGWktOeVN0RUVuczNBMGtyT2pVZ3ZWRC04aVhwVldYWkxudW1JZ2Z1cmM4Z0JoQkZRa3N1ZEtUQW1HZktUQkhGZlk5RDBqSzFpWFM2cmFDbUp5czN3YVRLVnJHSXhiRUNGakN2ZnYtc3BjcHA1TWZjaUxtYlp0QzhqTFBmVFhiM2F1RXkyMU5zbmNBNEdZT2pPX05nb3ZtQ29rWTl0TEotMGU1OUdpTE1leERFeXN2dXpXajI5QQ?oc=5,"<a href=""https://news.google.com/rss/articles/CBMi5gFBVV95cUxQTTVYa2xXZVFrOXJWUVdyajM0SHRJTzZxdFZta1VlVUkycDFKbDNuQ0ZGWktOeVN0RUVuczNBMGtyT2pVZ3ZWRC04aVhwVldYWkxudW1JZ2Z1cmM4Z0JoQkZRa3N1ZEtUQW1HZktUQkhGZlk5RDBqSzFpWFM2cmFDbUp5czN3YVRLVnJHSXhiRUNGakN2ZnYtc3BjcHA1TWZjaUxtYlp0QzhqTFBmVFhiM2F1RXkyMU5zbmNBNEdZT2pPX05nb3ZtQ29rWTl0TEotMGU1OUdpTE1leERFeXN2dXpXajI5QQ?oc=5"" target=""_blank"">UK–based sports technology company Kabuni appoints World Cup winning cricketer Shane Watson as Super Coach</a>&nbsp;&nbsp;<font color=""#6f6f6f"">Herald.Wales</font>",UK sportswear technology,"<a href=""https://news.google.com/rss/articles/CBMi5gFBVV95cUxQTTVYa2xXZVFrOXJWUVdyajM0SHRJTzZxdFZta1VlVUkycDFKbDNuQ0ZGWktOeVN0RUVuczNBMGtyT2pVZ3ZWRC04aVhwVldYWkxudW1JZ2Z1cmM4Z0JoQkZRa3N1ZEtUQW1HZktUQkhGZlk5RDBqSzFpWFM2cmFDbUp5czN3YVRLVnJHSXhiRUNGakN2ZnYtc3BjcHA1TWZjaUxtYlp0QzhqTFBmVFhiM2F1RXkyMU5zbmNBNEdZT2pPX05nb3ZtQ29rWTl0TEotMGU1OUdpTE1leERFeXN2dXpXajI5QQ?oc=5"" target=""_blank"">UK–based sports technology company Kabuni appoints World Cup winning cricketer Shane Watson as Super Coach</a>&nbsp;&nbsp;<font color=""#6f6f6f"">Herald.Wales</font>"
Sony Acquires STATSports Group to Bolster Its Sports Data Business with Athletes’ Health and Performance Tracking Technologies - Sony UK,"Wed, 08 Oct 2025 07:00:00 GMT",Sony UK,https://news.google.com/rss/articles/CBMi8gFBVV95cUxOdXlJUmdlNUlIdk9GeUY3MmxUVHVCXzZYdTZ5bWtJazZhXzBpTU9mSmM3NXlwbktmR1hYTkRTMnJId2NGdDlqd1FqajVIOFlCR2U4ZUxtYU4yN0FIYTlVczNfM0JIaDhwd25YX2pNWmRBcXNraGRCMDBvNGlQRDM0NUVrTUtLVWpnNC1jRVJySVJ5eEctODJGMEg4ZEdJVUJVd3hmbUFRcFVFRFZ2ZWNjNEFpSzdpa0ZQY0M2b2t4MEFKTE5iTDF6eE5pQVJ0aUJGR1RLMGE0TXBWZ2xtcDhYMElVdzNBLUo5cTZxWXZTcGdJdw?oc=5,"<a href=""https://news.google.com/rss/articles/CBMi8gFBVV95cUxOdXlJUmdlNUlIdk9GeUY3MmxUVHVCXzZYdTZ5bWtJazZhXzBpTU9mSmM3NXlwbktmR1hYTkRTMnJId2NGdDlqd1FqajVIOFlCR2U4ZUxtYU4yN0FIYTlVczNfM0JIaDhwd25YX2pNWmRBcXNraGRCMDBvNGlQRDM0NUVrTUtLVWpnNC1jRVJySVJ5eEctODJGMEg4ZEdJVUJVd3hmbUFRcFVFRFZ2ZWNjNEFpSzdpa0ZQY0M2b2t4MEFKTE5iTDF6eE5pQVJ0aUJGR1RLMGE0TXBWZ2xtcDhYMElVdzNBLUo5cTZxWXZTcGdJdw?oc=5"" target=""_blank"">Sony Acquires STATSports Group to Bolster Its Sports Data Business with Athletes’ Health and Performance Tracking Technologies</a>&nbsp;&nbsp;<font color=""#6f6f6f"">Sony UK</font>",UK sportswear technology,"<a href=""https://news.google.com/rss/articles/CBMi8gFBVV95cUxOdXlJUmdlNUlIdk9GeUY3MmxUVHVCXzZYdTZ5bWtJazZhXzBpTU9mSmM3NXlwbktmR1hYTkRTMnJId2NGdDlqd1FqajVIOFlCR2U4ZUxtYU4yN0FIYTlVczNfM0JIaDhwd25YX2pNWmRBcXNraGRCMDBvNGlQRDM0NUVrTUtLVWpnNC1jRVJySVJ5eEctODJGMEg4ZEdJVUJVd3hmbUFRcFVFRFZ2ZWNjNEFpSzdpa0ZQY0M2b2t4MEFKTE5iTDF6eE5pQVJ0aUJGR1RLMGE0TXBWZ2xtcDhYMElVdzNBLUo5cTZxWXZTcGdJdw?oc=5"" target=""_blank"">Sony Acquires STATSports Group to Bolster Its Sports Data Business with Athletes’ Health and Performance Tracking Technologies</a>&nbsp;&nbsp;<font color=""#6f6f6f"">Sony UK</font>"
Feldspar unveils world-first smart sports surface technology - Zawya,"Sun, 26 Apr 2026 07:00:00 GMT",Zawya,https://news.google.com/rss/articles/CBMivgFBVV95cUxPVmpFSmVybHJVOERiclprakFCbnJ6UVVPcDZYNF9GOGY1bk5TRmxpUHRKQXpiU2pNb1lmUExvb0FLUkJQczRzaTBqYVhrQXhkOTI4b1dxdDY5cHlmTkc1U000RFVDaWFHTUttdHU3TjNZWHhFN3hLaV9jazhzcWxFa1ZuRTg4cm9FRC0wOF9GOEpHSXVfeTJ6eHBPNkNmb3JNbUVTRnozZHN3aG83emo4dXFRVTBRNWpudHE2X053?oc=5,"<a href=""https://news.google.com/rss/articles/CBMivgFBVV95cUxPVmpFSmVybHJVOERiclprakFCbnJ6UVVPcDZYNF9GOGY1bk5TRmxpUHRKQXpiU2pNb1lmUExvb0FLUkJQczRzaTBqYVhrQXhkOTI4b1dxdDY5cHlmTkc1U000RFVDaWFHTUttdHU3TjNZWHhFN3hLaV9jazhzcWxFa1ZuRTg4cm9FRC0wOF9GOEpHSXVfeTJ6eHBPNkNmb3JNbUVTRnozZHN3aG83emo4dXFRVTBRNWpudHE2X053?oc=5"" target=""_blank"">Feldspar unveils world-first smart sports surface technology</a>&nbsp;&nbsp;<font color=""#6f6f6f"">Zawya</font>",UK sportswear technology,"<a href=""https://news.google.com/rss/articles/CBMivgFBVV95cUxPVmpFSmVybHJVOERiclprakFCbnJ6UVVPcDZYNF9GOGY1bk5TRmxpUHRKQXpiU2pNb1lmUExvb0FLUkJQczRzaTBqYVhrQXhkOTI4b1dxdDY5cHlmTkc1U000RFVDaWFHTUttdHU3TjNZWHhFN3hLaV9jazhzcWxFa1ZuRTg4cm9FRC0wOF9GOEpHSXVfeTJ6eHBPNkNmb3JNbUVTRnozZHN3aG83emo4dXFRVTBRNWpudHE2X053?oc=5"" target=""_blank"">Feldspar unveils world-first smart sports surface technology</a>&nbsp;&nbsp;<font color=""#6f6f6f"">Zawya</font>"
2026 Global Sports Industry Outlook - Deloitte,"Tue, 17 Feb 2026 08:00:00 GMT",Deloitte,https://news.google.com/rss/articles/CBMivwFBVV95cUxNSVhIZjhvZWMtU01yNVU2V0xoWWd4YS05a09BS2p4cVFpTFM2R0N4a3Z2MWV5Z3o0NExlQjhRS3gxaDk2YndZNXFBb3k1X05lTS1fRHc0djZoMVlzaUphRXlOeVdHY2tITDhPaUFSZi1HLV84V1oycXZwcHVMNHROSUtIWWhlRC1yd3ZpNm1LYWNfV2lQYkUwQnd4YmFfMXV5RHl1cHNvcXJoZllOaVBzVFF2b0xBeFluZXFYeldUQQ?oc=5,"<a href=""https://news.google.com/rss/articles/CBMivwFBVV95cUxNSVhIZjhvZWMtU01yNVU2V0xoWWd4YS05a09BS2p4cVFpTFM2R0N4a3Z2MWV5Z3o0NExlQjhRS3gxaDk2YndZNXFBb3k1X05lTS1fRHc0djZoMVlzaUphRXlOeVdHY2tITDhPaUFSZi1HLV84V1oycXZwcHVMNHROSUtIWWhlRC1yd3ZpNm1LYWNfV2lQYkUwQnd4YmFfMXV5RHl1cHNvcXJoZllOaVBzVFF2b0xBeFluZXFYeldUQQ?oc=5"" target=""_blank"">2026 Global Sports Industry Outlook</a>&nbsp;&nbsp;<font color=""#6f6f6f"">Deloitte</font>",UK sportswear technology,"<a href=""https://news.google.com/rss/articles/CBMivwFBVV95cUxNSVhIZjhvZWMtU01yNVU2V0xoWWd4YS05a09BS2p4cVFpTFM2R0N4a3Z2MWV5Z3o0NExlQjhRS3gxaDk2YndZNXFBb3k1X05lTS1fRHc0djZoMVlzaUphRXlOeVdHY2tITDhPaUFSZi1HLV84V1oycXZwcHVMNHROSUtIWWhlRC1yd3ZpNm1LYWNfV2lQYkUwQnd4YmFfMXV5RHl1cHNvcXJoZllOaVBzVFF2b0xBeFluZXFYeldUQQ?oc=5"" target=""_blank"">2026 Global Sports Industry Outlook</a>&nbsp;&nbsp;<font color=""#6f6f6f"">Deloitte</font>"
John Lewis takes on the fitness boom with new Sports and Wellness departments - John Lewis Partnership Plc,"Mon, 03 Aug 2026 08:00:58 GMT",John Lewis Partnership Plc,https://news.google.com/rss/articles/CBMif0FVX3lxTE5kQWdpdmphQXBMa0I3bWxKTG05ZWVwUmE4THN5YXpFc25CeVlGYmktdGNQU3AyMXVqVXNOUDFQUUlHUTZQb1ZIX1JnY3JqMWRIcC1BT3d2RHlwM054ZExlS0cySnFMNGZralcxLWoxMklEblpDOHJEbFlnU2hpUlU?oc=5,"<a href=""https://news.google.com/rss/articles/CBMif0FVX3lxTE5kQWdpdmphQXBMa0I3bWxKTG05ZWVwUmE4THN5YXpFc25CeVlGYmktdGNQU3AyMXVqVXNOUDFQUUlHUTZQb1ZIX1JnY3JqMWRIcC1BT3d2RHlwM054ZExlS0cySnFMNGZralcxLWoxMklEblpDOHJEbFlnU2hpUlU?oc=5"" target=""_blank"">John Lewis takes on the fitness boom with new Sports and Wellness departments</a>&nbsp;&nbsp;<font color=""#6f6f6f"">John Lewis Partnership Plc</font>",UK sportswear technology,"<a href=""https://news.google.com/rss/articles/CBMif0FVX3lxTE5kQWdpdmphQXBMa0I3bWxKTG05ZWVwUmE4THN5YXpFc25CeVlGYmktdGNQU3AyMXVqVXNOUDFQUUlHUTZQb1ZIX1JnY3JqMWRIcC1BT3d2RHlwM054ZExlS0cySnFMNGZralcxLWoxMklEblpDOHJEbFlnU2hpUlU?oc=5"" target=""_blank"">John Lewis takes on the fitness boom with new Sports and Wellness departments</a>&nbsp;&nbsp;<font color=""#6f6f6f"">John Lewis Partnership Plc</font>"
Ten upcoming sports stadiums where technology takes to the field - Dezeen,"Sun, 24 Aug 2025 07:00:00 GMT",Dezeen,https://news.google.com/rss/articles/CBMioAFBVV95cUxPeHBmQ1JoaGVtMzRVUE5GREQ0N2FQMlpiVzFyYmhFbDZZR0MyaEt1dlI1cWpjMjFxbTJPUXYtRW56UDNzemhjcmppVkhVYlhLVlJFaV84ckkyUTRPS0NveFdSQ0xmaWJHVWI4ZWJqdEpkRmVtRVVjTnhSeGhSbVQyZkkxelBFMmx3S1E0RGN4YjU2QmdDTDdwQ2RXNW9aeVpo?oc=5,"<a href=""https://news.google.com/rss/articles/CBMioAFBVV95cUxPeHBmQ1JoaGVtMzRVUE5GREQ0N2FQMlpiVzFyYmhFbDZZR0MyaEt1dlI1cWpjMjFxbTJPUXYtRW56UDNzemhjcmppVkhVYlhLVlJFaV84ckkyUTRPS0NveFdSQ0xmaWJHVWI4ZWJqdEpkRmVtRVVjTnhSeGhSbVQyZkkxelBFMmx3S1E0RGN4YjU2QmdDTDdwQ2RXNW9aeVpo?oc=5"" target=""_blank"">Ten upcoming sports stadiums where technology takes to the field</a>&nbsp;&nbsp;<font color=""#6f6f6f"">Dezeen</font>",UK sportswear technology,"<a href=""https://news.google.com/rss/articles/CBMioAFBVV95cUxPeHBmQ1JoaGVtMzRVUE5GREQ0N2FQMlpiVzFyYmhFbDZZR0MyaEt1dlI1cWpjMjFxbTJPUXYtRW56UDNzemhjcmppVkhVYlhLVlJFaV84ckkyUTRPS0NveFdSQ0xmaWJHVWI4ZWJqdEpkRmVtRVVjTnhSeGhSbVQyZkkxelBFMmx3S1E0RGN4YjU2QmdDTDdwQ2RXNW9aeVpo?oc=5"" target=""_blank"">Ten upcoming sports stadiums where technology takes to the field</a>&nbsp;&nbsp;<font color=""#6f6f6f"">Dezeen</font>"
JD Sports Will Make It Easier for Shoppers to Buy Through AI Platforms - The Business of Fashion,"Mon, 12 Jan 2026 08:00:00 GMT",The Business of Fashion,https://news.google.com/rss/articles/CBMivgFBVV95cUxQVk50WU40SnJvejNmanBYTkRubWZra1ZpWWlOMEtiNUJRY2ZybTJobWNUdjQtZU1VZDJwb3M3eGNMdFNNaWpFNC1tOVNqRlVKOUdjZDdRLVZISzQ5RXloSUJYWDV2X2lWWW1ROUkyTnlMaTlGc3Jra3VSZXNRa1VlY1NPMFRGSWhfS3BLc3hSRGRDb0pMV2Fna2JaZTFkcUlzUWNPZ0hZc09FQk9kUkk1NldZWmMyRGtkOEVaU29R?oc=5,"<a href=""https://news.google.com/rss/articles/CBMivgFBVV95cUxQVk50WU40SnJvejNmanBYTkRubWZra1ZpWWlOMEtiNUJRY2ZybTJobWNUdjQtZU1VZDJwb3M3eGNMdFNNaWpFNC1tOVNqRlVKOUdjZDdRLVZISzQ5RXloSUJYWDV2X2lWWW1ROUkyTnlMaTlGc3Jra3VSZXNRa1VlY1NPMFRGSWhfS3BLc3hSRGRDb0pMV2Fna2JaZTFkcUlzUWNPZ0hZc09FQk9kUkk1NldZWmMyRGtkOEVaU29R?oc=5"" target=""_blank"">JD Sports Will Make It Easier for Shoppers to Buy Through AI Platforms</a>&nbsp;&nbsp;<font color=""#6f6f6f"">The Business of Fashion</font>",UK sportswear technology,"<a href=""https://news.google.com/rss/articles/CBMivgFBVV95cUxQVk50WU40SnJvejNmanBYTkRubWZra1ZpWWlOMEtiNUJRY2ZybTJobWNUdjQtZU1VZDJwb3M3eGNMdFNNaWpFNC1tOVNqRlVKOUdjZDdRLVZISzQ5RXloSUJYWDV2X2lWWW1ROUkyTnlMaTlGc3Jra3VSZXNRa1VlY1NPMFRGSWhfS3BLc3hSRGRDb0pMV2Fna2JaZTFkcUlzUWNPZ0hZc09FQk9kUkk1NldZWmMyRGtkOEVaU29R?oc=5"" target=""_blank"">JD Sports Will Make It Easier for Shoppers to Buy Through AI Platforms</a>&nbsp;&nbsp;<font color=""#6f6f6f"">The Business of Fashion</font>"
SportTech 50: Vote for the most innovative UK sports tech firms - businesscloud.co.uk,"Sun, 18 Sep 2022 07:00:00 GMT",businesscloud.co.uk,https://news.google.com/rss/articles/CBMingFBVV95cUxOMlVSNld6SVU3NjFjemlzMV9nTFltLWZjQjRXZDdQLTVRNWM4UnNhZ0lDRk5mbHhvdFlxN0FJZG5LMzdKVzF3clpxRGkzMENGUmt4emVfSk82ZXBuN0hPMkUyQjNFckVabjZZZFJIOUFTY2dINnVVcFFIRDBVQVZ6Nmg4dzk3ZnBNNkJUMWRXdW5RMXJNSXpQeGxhNXpiQQ?oc=5,"<a href=""https://news.google.com/rss/articles/CBMingFBVV95cUxOMlVSNld6SVU3NjFjemlzMV9nTFltLWZjQjRXZDdQLTVRNWM4UnNhZ0lDRk5mbHhvdFlxN0FJZG5LMzdKVzF3clpxRGkzMENGUmt4emVfSk82ZXBuN0hPMkUyQjNFckVabjZZZFJIOUFTY2dINnVVcFFIRDBVQVZ6Nmg4dzk3ZnBNNkJUMWRXdW5RMXJNSXpQeGxhNXpiQQ?oc=5"" target=""_blank"">SportTech 50: Vote for the most innovative UK sports tech firms</a>&nbsp;&nbsp;<font color=""#6f6f6f"">businesscloud.co.uk</font>",UK sportswear technology,"<a href=""https://news.google.com/rss/articles/CBMingFBVV95cUxOMlVSNld6SVU3NjFjemlzMV9nTFltLWZjQjRXZDdQLTVRNWM4UnNhZ0lDRk5mbHhvdFlxN0FJZG5LMzdKVzF3clpxRGkzMENGUmt4emVfSk82ZXBuN0hPMkUyQjNFckVabjZZZFJIOUFTY2dINnVVcFFIRDBVQVZ6Nmg4dzk3ZnBNNkJUMWRXdW5RMXJNSXpQeGxhNXpiQQ?oc=5"" target=""_blank"">SportTech 50: Vote for the most innovative UK sports tech firms</a>&nbsp;&nbsp;<font color=""#6f6f6f"">businesscloud.co.uk</font>"
Best Premier Sports offers: Deals and bundles for the home of La Liga and European rugby - radiotimes.com,"Wed, 08 Apr 2026 07:00:00 GMT",radiotimes.com,https://news.google.com/rss/articles/CBMikgFBVV95cUxNNW1sX1l3SDhkd2NsWUowdUZNLTlEdlM3aHg2emhBS3RmRlpsOXY2Z08yaHBCMG5SOExmUm1GYjFHM0ZrTldjYUpIaTRHV0pNY2h5OUdWZS0wVUJyYTRZdkRCVjBHYUxPS3ZROVVjOEdDNlY4VFlTejJyUjlfQU1CZzJaSXZzclR2aTNnLU94SXZiZw?oc=5,"<a href=""https://news.google.com/rss/articles/CBMikgFBVV95cUxNNW1sX1l3SDhkd2NsWUowdUZNLTlEdlM3aHg2emhBS3RmRlpsOXY2Z08yaHBCMG5SOExmUm1GYjFHM0ZrTldjYUpIaTRHV0pNY2h5OUdWZS0wVUJyYTRZdkRCVjBHYUxPS3ZROVVjOEdDNlY4VFlTejJyUjlfQU1CZzJaSXZzclR2aTNnLU94SXZiZw?oc=5"" target=""_blank"">Best Premier Sports offers: Deals and bundles for the home of La Liga and European rugby</a>&nbsp;&nbsp;<font color=""#6f6f6f"">radiotimes.com</font>",UK sportswear technology,"<a href=""https://news.google.com/rss/articles/CBMikgFBVV95cUxNNW1sX1l3SDhkd2NsWUowdUZNLTlEdlM3aHg2emhBS3RmRlpsOXY2Z08yaHBCMG5SOExmUm1GYjFHM0ZrTldjYUpIaTRHV0pNY2h5OUdWZS0wVUJyYTRZdkRCVjBHYUxPS3ZROVVjOEdDNlY4VFlTejJyUjlfQU1CZzJaSXZzclR2aTNnLU94SXZiZw?oc=5"" target=""_blank"">Best Premier Sports offers: Deals and bundles for the home of La Liga and European rugby</a>&nbsp;&nbsp;<font color=""#6f6f6f"">radiotimes.com</font>"
AI sports technology company Personar becomes official Referee and VAR partner of Football Australia - Australasian Leisure Management Magazine,"Thu, 13 Nov 2025 08:00:00 GMT",Australasian Leisure Management Magazine,https://news.google.com/rss/articles/CBMi0AFBVV95cUxNR0g4aVVvMEdQblcwd0k0dmQ4VElJeTd3eHpjWEtDem9wWXlyTENibUNjVnE0bnVYaTJzUS02dWswNnlvM2xPTUZ2aGlmYW80STgtbWhGT2M2MmlueTYzWGhWdXNIYXctVm5YOG5tNUViQS1wcWt5dXFKancxOXJ3NUc3Q2JGUl9laUFGX3JCVzVobkx0cGtYTTlqcktnZ2lhcElDanFsR1U3ZF9ZbUdOSnduM2hhMUpBTGFTblp0V3pLRHhEUnAzNi1rWk9LWWVI?oc=5,"<a href=""https://news.google.com/rss/articles/CBMi0AFBVV95cUxNR0g4aVVvMEdQblcwd0k0dmQ4VElJeTd3eHpjWEtDem9wWXlyTENibUNjVnE0bnVYaTJzUS02dWswNnlvM2xPTUZ2aGlmYW80STgtbWhGT2M2MmlueTYzWGhWdXNIYXctVm5YOG5tNUViQS1wcWt5dXFKancxOXJ3NUc3Q2JGUl9laUFGX3JCVzVobkx0cGtYTTlqcktnZ2lhcElDanFsR1U3ZF9ZbUdOSnduM2hhMUpBTGFTblp0V3pLRHhEUnAzNi1rWk9LWWVI?oc=5"" target=""_blank"">AI sports technology company Personar becomes official Referee and VAR partner of Football Australia</a>&nbsp;&nbsp;<font color=""#6f6f6f"">Australasian Leisure Management Magazine</font>",UK sportswear technology,"<a href=""https://news.google.com/rss/articles/CBMi0AFBVV95cUxNR0g4aVVvMEdQblcwd0k0dmQ4VElJeTd3eHpjWEtDem9wWXlyTENibUNjVnE0bnVYaTJzUS02dWswNnlvM2xPTUZ2aGlmYW80STgtbWhGT2M2MmlueTYzWGhWdXNIYXctVm5YOG5tNUViQS1wcWt5dXFKancxOXJ3NUc3Q2JGUl9laUFGX3JCVzVobkx0cGtYTTlqcktnZ2lhcElDanFsR1U3ZF9ZbUdOSnduM2hhMUpBTGFTblp0V3pLRHhEUnAzNi1rWk9LWWVI?oc=5"" target=""_blank"">AI sports technology company Personar becomes official Referee and VAR partner of Football Australia</a>&nbsp;&nbsp;<font color=""#6f6f6f"">Australasian Leisure Management Magazine</font>"
The intersection of sports technology and athletic performance - businesscloud.co.uk,"Tue, 23 Apr 2024 07:00:00 GMT",businesscloud.co.uk,https://news.google.com/rss/articles/CBMinAFBVV95cUxOczMtWG5MTUFYaFE1YXV1c1RZTjh2UUFlQkhxVWlOVUdqX192TnR4dHljd2JlZDE0cXRhX3FVOXR0ZkNRLVgxVnFaaVFHaTh6T2dHWlAzUnFjb3RPMDZOWE5Tck9NZDlPZkZpRjk0c2s0MXhadk9tdWktb3Rac01jNEFNbEJKRVZ3SEJtNWd5OTNEYkRkaWd3SWdEY2g?oc=5,"<a href=""https://news.google.com/rss/articles/CBMinAFBVV95cUxOczMtWG5MTUFYaFE1YXV1c1RZTjh2UUFlQkhxVWlOVUdqX192TnR4dHljd2JlZDE0cXRhX3FVOXR0ZkNRLVgxVnFaaVFHaTh6T2dHWlAzUnFjb3RPMDZOWE5Tck9NZDlPZkZpRjk0c2s0MXhadk9tdWktb3Rac01jNEFNbEJKRVZ3SEJtNWd5OTNEYkRkaWd3SWdEY2g?oc=5"" target=""_blank"">The intersection of sports technology and athletic performance</a>&nbsp;&nbsp;<font color=""#6f6f6f"">businesscloud.co.uk</font>",UK sportswear technology,"<a href=""https://news.google.com/rss/articles/CBMinAFBVV95cUxOczMtWG5MTUFYaFE1YXV1c1RZTjh2UUFlQkhxVWlOVUdqX192TnR4dHljd2JlZDE0cXRhX3FVOXR0ZkNRLVgxVnFaaVFHaTh6T2dHWlAzUnFjb3RPMDZOWE5Tck9NZDlPZkZpRjk0c2s0MXhadk9tdWktb3Rac01jNEFNbEJKRVZ3SEJtNWd5OTNEYkRkaWd3SWdEY2g?oc=5"" target=""_blank"">The intersection of sports technology and athletic performance</a>&nbsp;&nbsp;<font color=""#6f6f6f"">businesscloud.co.uk</font>"
UK-Based JD Sports Launches Its Digital Transformation with Leading Retail Technology by Jesta I.S. to Power Its Growth in the Canadian Market - Business Wire,"Thu, 13 Jul 2023 07:00:00 GMT",Business Wire,https://news.google.com/rss/articles/CBMipgJBVV95cUxPWnlOYnpSZjhHNXJvQzUxcm9NdjNPOFRrS28zaXBCMDg3dEpHY2lOeXNrSllXZTZZVXZFdWlhNzhyZjBBT1VYN255czVNX2I4c0ctUDd4aXQ1RE9oMnhqakZBVjZIdnVlTWg5VFhxdzB4WXRES1NVSWxwcGhCY3NDRHg1c1RzTDZvZjhuMVNYdUpKMXpqRm1hcmR0NzZSb2FYcG5vaHJPN0h4MGdMLVFaUUd3anllZ0tfVDhSeFV0S0NtREZyVjhCQVFfZkR6S1g0dUNwV3VNYjN6bjBnUXlxZ1IzODNmdFdVdXNsdkMzYkg4SkhHRmxlU3hCX1I2M0xQYzhyejRXNUJnUDhZXzJ0VktFOFpZNXdwX3R4dkpBUjZGUmp3cEE?oc=5,"<a href=""https://news.google.com/rss/articles/CBMipgJBVV95cUxPWnlOYnpSZjhHNXJvQzUxcm9NdjNPOFRrS28zaXBCMDg3dEpHY2lOeXNrSllXZTZZVXZFdWlhNzhyZjBBT1VYN255czVNX2I4c0ctUDd4aXQ1RE9oMnhqakZBVjZIdnVlTWg5VFhxdzB4WXRES1NVSWxwcGhCY3NDRHg1c1RzTDZvZjhuMVNYdUpKMXpqRm1hcmR0NzZSb2FYcG5vaHJPN0h4MGdMLVFaUUd3anllZ0tfVDhSeFV0S0NtREZyVjhCQVFfZkR6S1g0dUNwV3VNYjN6bjBnUXlxZ1IzODNmdFdVdXNsdkMzYkg4SkhHRmxlU3hCX1I2M0xQYzhyejRXNUJnUDhZXzJ0VktFOFpZNXdwX3R4dkpBUjZGUmp3cEE?oc=5"" target=""_blank"">UK-Based JD Sports Launches Its Digital Transformation with Leading Retail Technology by Jesta I.S. to Power Its Growth in the Canadian Market</a>&nbsp;&nbsp;<font color=""#6f6f6f"">Business Wire</font>",UK sportswear technology,"<a href=""https://news.google.com/rss/articles/CBMipgJBVV95cUxPWnlOYnpSZjhHNXJvQzUxcm9NdjNPOFRrS28zaXBCMDg3dEpHY2lOeXNrSllXZTZZVXZFdWlhNzhyZjBBT1VYN255czVNX2I4c0ctUDd4aXQ1RE9oMnhqakZBVjZIdnVlTWg5VFhxdzB4WXRES1NVSWxwcGhCY3NDRHg1c1RzTDZvZjhuMVNYdUpKMXpqRm1hcmR0NzZSb2FYcG5vaHJPN0h4MGdMLVFaUUd3anllZ0tfVDhSeFV0S0NtREZyVjhCQVFfZkR6S1g0dUNwV3VNYjN6bjBnUXlxZ1IzODNmdFdVdXNsdkMzYkg4SkhHRmxlU3hCX1I2M0xQYzhyejRXNUJnUDhZXzJ0VktFOFpZNXdwX3R4dkpBUjZGUmp3cEE?oc=5"" target=""_blank"">UK-Based JD Sports Launches Its Digital Transformation with Leading Retail Technology by Jesta I.S. to Power Its Growth in the Canadian Market</a>&nbsp;&nbsp;<font color=""#6f6f6f"">Business Wire</font>"
Construction starts on new National Institute for Sport and Health - Swansea University,"Fri, 19 Dec 2025 08:00:00 GMT",Swansea University,https://news.google.com/rss/articles/CBMizwFBVV95cUxPZ0V2b2ZyNnZhdVVmV0J2OGczcmtFMFdXbGZFMnNyOHh2RmYwaUhXbFFpd2tGeXJEMmhNc1pSQ1QzRmVOQkVPWnBlTzlFSV9pQ1RpWkFKRHR1Y0ZURlRxQ1BhUWFfOFBnUU10U1Q1Z3FxeXlGaWVOQ0tQajlYdnhuTnVxend1b3Y0TXpyaDFlQW10NVVnWEVodWFfU1Q1TWJKdFdWazdBd3FGcG82d0N5ZmM0VHlWM0Q0R3VLMzVETkRWQVg3TzEtQjdaT0FfOEE?oc=5,"<a href=""https://news.google.com/rss/articles/CBMizwFBVV95cUxPZ0V2b2ZyNnZhdVVmV0J2OGczcmtFMFdXbGZFMnNyOHh2RmYwaUhXbFFpd2tGeXJEMmhNc1pSQ1QzRmVOQkVPWnBlTzlFSV9pQ1RpWkFKRHR1Y0ZURlRxQ1BhUWFfOFBnUU10U1Q1Z3FxeXlGaWVOQ0tQajlYdnhuTnVxend1b3Y0TXpyaDFlQW10NVVnWEVodWFfU1Q1TWJKdFdWazdBd3FGcG82d0N5ZmM0VHlWM0Q0R3VLMzVETkRWQVg3TzEtQjdaT0FfOEE?oc=5"" target=""_blank"">Construction starts on new National Institute for Sport and Health</a>&nbsp;&nbsp;<font color=""#6f6f6f"">Swansea University</font>",UK sportswear technology,"<a href=""https://news.google.com/rss/articles/CBMizwFBVV95cUxPZ0V2b2ZyNnZhdVVmV0J2OGczcmtFMFdXbGZFMnNyOHh2RmYwaUhXbFFpd2tGeXJEMmhNc1pSQ1QzRmVOQkVPWnBlTzlFSV9pQ1RpWkFKRHR1Y0ZURlRxQ1BhUWFfOFBnUU10U1Q1Z3FxeXlGaWVOQ0tQajlYdnhuTnVxend1b3Y0TXpyaDFlQW10NVVnWEVodWFfU1Q1TWJKdFdWazdBd3FGcG82d0N5ZmM0VHlWM0Q0R3VLMzVETkRWQVg3TzEtQjdaT0FfOEE?oc=5"" target=""_blank"">Construction starts on new National Institute for Sport and Health</a>&nbsp;&nbsp;<font color=""#6f6f6f"">Swansea University</font>"
Premier League opposes UK plans for AI copyright exemptions - SportsPro,"Tue, 07 Apr 2026 07:00:00 GMT",SportsPro,https://news.google.com/rss/articles/CBMiigFBVV95cUxQMk00aDVVNUFvdVAzNHBpamt2VkhCWlRtZkR5ZlJRRzFiOExYeHZ0YUl0ekxJUXZ6cGoyQ0lESktYT0JVRS1DSHozbEwwaG9Fa21qRkQ1NzNLczdxcVFqTTR0ZWJ1anN4RjloWU1CbTZ1b0t3NWtrUGtFQnctdFBBODZyQm9MMkN6cUE?oc=5,"<a href=""https://news.google.com/rss/articles/CBMiigFBVV95cUxQMk00aDVVNUFvdVAzNHBpamt2VkhCWlRtZkR5ZlJRRzFiOExYeHZ0YUl0ekxJUXZ6cGoyQ0lESktYT0JVRS1DSHozbEwwaG9Fa21qRkQ1NzNLczdxcVFqTTR0ZWJ1anN4RjloWU1CbTZ1b0t3NWtrUGtFQnctdFBBODZyQm9MMkN6cUE?oc=5"" target=""_blank"">Premier League opposes UK plans for AI copyright exemptions</a>&nbsp;&nbsp;<font color=""#6f6f6f"">SportsPro</font>",UK sportswear technology,"<a href=""https://news.google.com/rss/articles/CBMiigFBVV95cUxQMk00aDVVNUFvdVAzNHBpamt2VkhCWlRtZkR5ZlJRRzFiOExYeHZ0YUl0ekxJUXZ6cGoyQ0lESktYT0JVRS1DSHozbEwwaG9Fa21qRkQ1NzNLczdxcVFqTTR0ZWJ1anN4RjloWU1CbTZ1b0t3NWtrUGtFQnctdFBBODZyQm9MMkN6cUE?oc=5"" target=""_blank"">Premier League opposes UK plans for AI copyright exemptions</a>&nbsp;&nbsp;<font color=""#6f6f6f"">SportsPro</font>"
20 sports tech ideas to invest in now – Class of 2024 - SportsPro,"Fri, 02 Feb 2024 08:00:00 GMT",SportsPro,https://news.google.com/rss/articles/CBMivwFBVV95cUxNRGhDOE1NSUREamZUbWg5LUU5dWlKNk5zUEM3dUp4cnZldkV1Q3RCUE5IVmFELTBkTVNZQzJacThqMVVmc203ZUJSWWVwZE1wQXlvWEdXeEFBWE5CZGZiNUZVMWVubl93WlVrZHVaR01rYWctUk5mRWljNGhuVjluUFl0Vnlmc3ZSX1RhNlZFYlUwdjlhMkE0V3ZSWHI2Y2w3b2tHSXp6VlNjOThWeEFMNjdXZUxsZ2xiVWRyMWZ6TQ?oc=5,"<a href=""https://news.google.com/rss/articles/CBMivwFBVV95cUxNRGhDOE1NSUREamZUbWg5LUU5dWlKNk5zUEM3dUp4cnZldkV1Q3RCUE5IVmFELTBkTVNZQzJacThqMVVmc203ZUJSWWVwZE1wQXlvWEdXeEFBWE5CZGZiNUZVMWVubl93WlVrZHVaR01rYWctUk5mRWljNGhuVjluUFl0Vnlmc3ZSX1RhNlZFYlUwdjlhMkE0V3ZSWHI2Y2w3b2tHSXp6VlNjOThWeEFMNjdXZUxsZ2xiVWRyMWZ6TQ?oc=5"" target=""_blank"">20 sports tech ideas to invest in now – Class of 2024</a>&nbsp;&nbsp;<font color=""#6f6f6f"">SportsPro</font>",UK sportswear technology,"<a href=""https://news.google.com/rss/articles/CBMivwFBVV95cUxNRGhDOE1NSUREamZUbWg5LUU5dWlKNk5zUEM3dUp4cnZldkV1Q3RCUE5IVmFELTBkTVNZQzJacThqMVVmc203ZUJSWWVwZE1wQXlvWEdXeEFBWE5CZGZiNUZVMWVubl93WlVrZHVaR01rYWctUk5mRWljNGhuVjluUFl0Vnlmc3ZSX1RhNlZFYlUwdjlhMkE0V3ZSWHI2Y2w3b2tHSXp6VlNjOThWeEFMNjdXZUxsZ2xiVWRyMWZ6TQ?oc=5"" target=""_blank"">20 sports tech ideas to invest in now – Class of 2024</a>&nbsp;&nbsp;<font color=""#6f6f6f"">SportsPro</font>"
20 sports tech ideas to invest in now – Class of 2025 - SportsPro,"Fri, 31 Jan 2025 08:00:00 GMT",SportsPro,https://news.google.com/rss/articles/CBMizAFBVV95cUxPTjNOLXlNUlZsUEVNZ1JMNlA3S21ubDlEZEhWMXIyNUQzSU5UY2R2aXFFemhMM3RfVzYtYVNsdzNzYnB6WWY0LThHTW1zeFROcWhGWnBJMjVoRWU4QUlMWTVXLVpxYzJhSURGZ0tfdUQ1YnhhOVlMM01iaG9SZFlVaDFFR1pUaEZjbUR5S2xKMHBkVzdndnFFT3dOWXdSWVhkSWhhT3NVWWZibkcyeWRkSWM5dVBEcVdfSmpUSV9aaXVPREhVNTFLbkEyQ28?oc=5,"<a href=""https://news.google.com/rss/articles/CBMizAFBVV95cUxPTjNOLXlNUlZsUEVNZ1JMNlA3S21ubDlEZEhWMXIyNUQzSU5UY2R2aXFFemhMM3RfVzYtYVNsdzNzYnB6WWY0LThHTW1zeFROcWhGWnBJMjVoRWU4QUlMWTVXLVpxYzJhSURGZ0tfdUQ1YnhhOVlMM01iaG9SZFlVaDFFR1pUaEZjbUR5S2xKMHBkVzdndnFFT3dOWXdSWVhkSWhhT3NVWWZibkcyeWRkSWM5dVBEcVdfSmpUSV9aaXVPREhVNTFLbkEyQ28?oc=5"" target=""_blank"">20 sports tech ideas to invest in now – Class of 2025</a>&nbsp;&nbsp;<font color=""#6f6f6f"">SportsPro</font>",UK sportswear technology,"<a href=""https://news.google.com/rss/articles/CBMizAFBVV95cUxPTjNOLXlNUlZsUEVNZ1JMNlA3S21ubDlEZEhWMXIyNUQzSU5UY2R2aXFFemhMM3RfVzYtYVNsdzNzYnB6WWY0LThHTW1zeFROcWhGWnBJMjVoRWU4QUlMWTVXLVpxYzJhSURGZ0tfdUQ1YnhhOVlMM01iaG9SZFlVaDFFR1pUaEZjbUR5S2xKMHBkVzdndnFFT3dOWXdSWVhkSWhhT3NVWWZibkcyeWRkSWM5dVBEcVdfSmpUSV9aaXVPREhVNTFLbkEyQ28?oc=5"" target=""_blank"">20 sports tech ideas to invest in now – Class of 2025</a>&nbsp;&nbsp;<font color=""#6f6f6f"">SportsPro</font>"
Global Academy and Hawk-Eye Innovations team up to give students access to cutting-edge sports replay technology - SVG Europe,"Wed, 11 Jun 2025 07:00:00 GMT",SVG Europe,https://news.google.com/rss/articles/CBMi6gFBVV95cUxNQ0hZcTRIdTJPOXJkR0g1ajhWV0JVVUVKMlV4YnM5RnM2RWNjN3U5S1FZRS1zc3Q1ZEM4U1ZBdjFEVGJnelhxY3RHQVlkOW1DT3QtckU1dUlFcWNTM001Q21SdnJIRUJBd0dhQlpNeDFCbk9SV2FvX3FCSlFEZXUyNl80NC1fYTNUSkRjOEh2VkpocThfc3pDUWxzc3hSU0dpeElNVy1kZXJNZHVQWXpVa1p0MXdMd2JBY0stUkw5eF83aHdHZEc1cmtpNjF2N0wzbV9xMFdoRUJQN1p0NXl3U0ZFa3FiTFJSZkE?oc=5,"<a href=""https://news.google.com/rss/articles/CBMi6gFBVV95cUxNQ0hZcTRIdTJPOXJkR0g1ajhWV0JVVUVKMlV4YnM5RnM2RWNjN3U5S1FZRS1zc3Q1ZEM4U1ZBdjFEVGJnelhxY3RHQVlkOW1DT3QtckU1dUlFcWNTM001Q21SdnJIRUJBd0dhQlpNeDFCbk9SV2FvX3FCSlFEZXUyNl80NC1fYTNUSkRjOEh2VkpocThfc3pDUWxzc3hSU0dpeElNVy1kZXJNZHVQWXpVa1p0MXdMd2JBY0stUkw5eF83aHdHZEc1cmtpNjF2N0wzbV9xMFdoRUJQN1p0NXl3U0ZFa3FiTFJSZkE?oc=5"" target=""_blank"">Global Academy and Hawk-Eye Innovations team up to give students access to cutting-edge sports replay technology</a>&nbsp;&nbsp;<font color=""#6f6f6f"">SVG Europe</font>",UK sportswear technology,"<a href=""https://news.google.com/rss/articles/CBMi6gFBVV95cUxNQ0hZcTRIdTJPOXJkR0g1ajhWV0JVVUVKMlV4YnM5RnM2RWNjN3U5S1FZRS1zc3Q1ZEM4U1ZBdjFEVGJnelhxY3RHQVlkOW1DT3QtckU1dUlFcWNTM001Q21SdnJIRUJBd0dhQlpNeDFCbk9SV2FvX3FCSlFEZXUyNl80NC1fYTNUSkRjOEh2VkpocThfc3pDUWxzc3hSU0dpeElNVy1kZXJNZHVQWXpVa1p0MXdMd2JBY0stUkw5eF83aHdHZEc1cmtpNjF2N0wzbV9xMFdoRUJQN1p0NXl3U0ZFa3FiTFJSZkE?oc=5"" target=""_blank"">Global Academy and Hawk-Eye Innovations team up to give students access to cutting-edge sports replay technology</a>&nbsp;&nbsp;<font color=""#6f6f6f"">SVG Europe</font>"
"Feldspar unveils world's first surface-based force measurement platform, announces engineering partnership and opens capital raise - PR Newswire UK","Mon, 27 Apr 2026 07:00:00 GMT",PR Newswire UK,https://news.google.com/rss/articles/CBMilAJBVV95cUxQQXR6MXFHVjA5aGFzb1FkQnlBTkJ2WTdIY0k1OVdJOHRXSE1rS2szdUtKanRRc25qME1kNWZYaFFha1BuTFEtU2pnd2ktSEZNOS0zNE0yazdPOGdWbWctVmstdV95OWVPMnppcW1ySzN2a19xZXQ5dWtGVVhHUE83RDZGaWMtMDktMHVjWVljV0dTVXQtVk9TdGRod0sxX05uUEtsa1E2RnJydjR2RUl3dFJIWWk4cm5kMzRsWFlqa3NvZDIzZV85Tk1HRElCOFVKN1BScEFrTWpqM2ZCSWI5SFRoeEVRbUtmWDRVckU1SDRRYTlTWHRfY1FYZTBLa2VDUlExT1BBTVY0TFQ0RmRkREgwS0w?oc=5,"<a href=""https://news.google.com/rss/articles/CBMilAJBVV95cUxQQXR6MXFHVjA5aGFzb1FkQnlBTkJ2WTdIY0k1OVdJOHRXSE1rS2szdUtKanRRc25qME1kNWZYaFFha1BuTFEtU2pnd2ktSEZNOS0zNE0yazdPOGdWbWctVmstdV95OWVPMnppcW1ySzN2a19xZXQ5dWtGVVhHUE83RDZGaWMtMDktMHVjWVljV0dTVXQtVk9TdGRod0sxX05uUEtsa1E2RnJydjR2RUl3dFJIWWk4cm5kMzRsWFlqa3NvZDIzZV85Tk1HRElCOFVKN1BScEFrTWpqM2ZCSWI5SFRoeEVRbUtmWDRVckU1SDRRYTlTWHRfY1FYZTBLa2VDUlExT1BBTVY0TFQ0RmRkREgwS0w?oc=5"" target=""_blank"">Feldspar unveils world's first surface-based force measurement platform, announces engineering partnership and opens capital raise</a>&nbsp;&nbsp;<font color=""#6f6f6f"">PR Newswire UK</font>",UK sportswear technology,"<a href=""https://news.google.com/rss/articles/CBMilAJBVV95cUxQQXR6MXFHVjA5aGFzb1FkQnlBTkJ2WTdIY0k1OVdJOHRXSE1rS2szdUtKanRRc25qME1kNWZYaFFha1BuTFEtU2pnd2ktSEZNOS0zNE0yazdPOGdWbWctVmstdV95OWVPMnppcW1ySzN2a19xZXQ5dWtGVVhHUE83RDZGaWMtMDktMHVjWVljV0dTVXQtVk9TdGRod0sxX05uUEtsa1E2RnJydjR2RUl3dFJIWWk4cm5kMzRsWFlqa3NvZDIzZV85Tk1HRElCOFVKN1BScEFrTWpqM2ZCSWI5SFRoeEVRbUtmWDRVckU1SDRRYTlTWHRfY1FYZTBLa2VDUlExT1BBTVY0TFQ0RmRkREgwS0w?oc=5"" target=""_blank"">Feldspar unveils world's first surface-based force measurement platform, announces engineering partnership and opens capital raise</a>&nbsp;&nbsp;<font color=""#6f6f6f"">PR Newswire UK</font>"
"Wimbledon: Video review technology will be available on six courts at this year's Grand Slam, starting on June 29 - Sky Sports","Sat, 21 Mar 2026 07:00:00 GMT",Sky Sports,https://news.google.com/rss/articles/CBMi9gFBVV95cUxPaHFVd2RUb0Z4OHJscVdYUjBlRUpuWlBoVTk4cVd6WmVVbmkzTUZ6dmpnYWpTUXR0X09rUGtWdVZQTGt3NWRIVHRXY0szZjlYMDJtbWY3dHY4dER2MFI1aTBzVi1MRFdKcTNOb1ZxcGhvR0gwM25IMk84bkpXUXlOYjdzdTVpWFFUSVlBMWlFWW9hbGRSWW5veUxUYjJMVWNKU1NiRk9iZ2dHR3kyeHI1VUtYaUFBVDNYSkQxcVI4VDU5ODJVa1BLQ3d2ek0yYURuUzQtS2NoTDlGbEExY29aMk9uTWU3T3JlaGNveGswOXFPQng3RGc?oc=5,"<a href=""https://news.google.com/rss/articles/CBMi9gFBVV95cUxPaHFVd2RUb0Z4OHJscVdYUjBlRUpuWlBoVTk4cVd6WmVVbmkzTUZ6dmpnYWpTUXR0X09rUGtWdVZQTGt3NWRIVHRXY0szZjlYMDJtbWY3dHY4dER2MFI1aTBzVi1MRFdKcTNOb1ZxcGhvR0gwM25IMk84bkpXUXlOYjdzdTVpWFFUSVlBMWlFWW9hbGRSWW5veUxUYjJMVWNKU1NiRk9iZ2dHR3kyeHI1VUtYaUFBVDNYSkQxcVI4VDU5ODJVa1BLQ3d2ek0yYURuUzQtS2NoTDlGbEExY29aMk9uTWU3T3JlaGNveGswOXFPQng3RGc?oc=5"" target=""_blank"">Wimbledon: Video review technology will be available on six courts at this year's Grand Slam, starting on June 29</a>&nbsp;&nbsp;<font color=""#6f6f6f"">Sky Sports</font>",UK sportswear technology,"<a href=""https://news.google.com/rss/articles/CBMi9gFBVV95cUxPaHFVd2RUb0Z4OHJscVdYUjBlRUpuWlBoVTk4cVd6WmVVbmkzTUZ6dmpnYWpTUXR0X09rUGtWdVZQTGt3NWRIVHRXY0szZjlYMDJtbWY3dHY4dER2MFI1aTBzVi1MRFdKcTNOb1ZxcGhvR0gwM25IMk84bkpXUXlOYjdzdTVpWFFUSVlBMWlFWW9hbGRSWW5veUxUYjJMVWNKU1NiRk9iZ2dHR3kyeHI1VUtYaUFBVDNYSkQxcVI4VDU5ODJVa1BLQ3d2ek0yYURuUzQtS2NoTDlGbEExY29aMk9uTWU3T3JlaGNveGswOXFPQng3RGc?oc=5"" target=""_blank"">Wimbledon: Video review technology will be available on six courts at this year's Grand Slam, starting on June 29</a>&nbsp;&nbsp;<font color=""#6f6f6f"">Sky Sports</font>"
The Evolution of Sports Field Technology: Transforming London’s Athletic Arenas - London Post,"Tue, 12 May 2026 07:00:00 GMT",London Post,https://news.google.com/rss/articles/CBMipwFBVV95cUxNYnFDcm1TOXRlOUR0Zk5iZDdxX0RzWV9jZWNNX296VElJd1gxRm9RYm5VS2dGNjFIRG05clI1NlFHX05KTlRQY2RnSm1OSG9rbVk4VDAwRS1lOVRhN0lSSnl1bVprNTJwbkczUlNVVldlci1KTTJzVzJRNzhsTTlrbEtvamxYbm0zelBMWkhlOHAzNE1ZN0U5YWZ0Z1hZRGh6NzRqUDdLYw?oc=5,"<a href=""https://news.google.com/rss/articles/CBMipwFBVV95cUxNYnFDcm1TOXRlOUR0Zk5iZDdxX0RzWV9jZWNNX296VElJd1gxRm9RYm5VS2dGNjFIRG05clI1NlFHX05KTlRQY2RnSm1OSG9rbVk4VDAwRS1lOVRhN0lSSnl1bVprNTJwbkczUlNVVldlci1KTTJzVzJRNzhsTTlrbEtvamxYbm0zelBMWkhlOHAzNE1ZN0U5YWZ0Z1hZRGh6NzRqUDdLYw?oc=5"" target=""_blank"">The Evolution of Sports Field Technology: Transforming London’s Athletic Arenas</a>&nbsp;&nbsp;<font color=""#6f6f6f"">London Post</font>",UK sportswear technology,"<a href=""https://news.google.com/rss/articles/CBMipwFBVV95cUxNYnFDcm1TOXRlOUR0Zk5iZDdxX0RzWV9jZWNNX296VElJd1gxRm9RYm5VS2dGNjFIRG05clI1NlFHX05KTlRQY2RnSm1OSG9rbVk4VDAwRS1lOVRhN0lSSnl1bVprNTJwbkczUlNVVldlci1KTTJzVzJRNzhsTTlrbEtvamxYbm0zelBMWkhlOHAzNE1ZN0U5YWZ0Z1hZRGh6NzRqUDdLYw?oc=5"" target=""_blank"">The Evolution of Sports Field Technology: Transforming London’s Athletic Arenas</a>&nbsp;&nbsp;<font color=""#6f6f6f"">London Post</font>"
Jesta’s technology drives digital transformation for JD Sports Canada - Retail Insight Network,"Fri, 14 Jul 2023 07:00:00 GMT",Retail Insight Network,https://news.google.com/rss/articles/CBMid0FVX3lxTE9HZHc5TkJ1NVFsRE81NjFrd1VCQ1NMX05WWUk5cThtQTJxWUNkOFJWQkxULXJXZnY4a2NGQUlYcnFVQ21LX3pxY3BtbDlaZ1pVU1pxODFETUpXckR5UFlwczZKVE5XeUxHeXUwY2EzV1paWFhqeFVz?oc=5,"<a href=""https://news.google.com/rss/articles/CBMid0FVX3lxTE9HZHc5TkJ1NVFsRE81NjFrd1VCQ1NMX05WWUk5cThtQTJxWUNkOFJWQkxULXJXZnY4a2NGQUlYcnFVQ21LX3pxY3BtbDlaZ1pVU1pxODFETUpXckR5UFlwczZKVE5XeUxHeXUwY2EzV1paWFhqeFVz?oc=5"" target=""_blank"">Jesta’s technology drives digital transformation for JD Sports Canada</a>&nbsp;&nbsp;<font color=""#6f6f6f"">Retail Insight Network</font>",UK sportswear technology,"<a href=""https://news.google.com/rss/articles/CBMid0FVX3lxTE9HZHc5TkJ1NVFsRE81NjFrd1VCQ1NMX05WWUk5cThtQTJxWUNkOFJWQkxULXJXZnY4a2NGQUlYcnFVQ21LX3pxY3BtbDlaZ1pVU1pxODFETUpXckR5UFlwczZKVE5XeUxHeXUwY2EzV1paWFhqeFVz?oc=5"" target=""_blank"">Jesta’s technology drives digital transformation for JD Sports Canada</a>&nbsp;&nbsp;<font color=""#6f6f6f"">Retail Insight Network</font>"
‘Our competitors are everyone’: Joybuy leads ‘China’s Amazon’ into the UK - The Guardian,"Wed, 06 May 2026 07:00:00 GMT",The Guardian,https://news.google.com/rss/articles/CBMiiAFBVV95cUxOdXlMVXRtV0Z5MXpnZnVnVUpEOGpZV3BZeEs1SkhfRGE1X1BTOExxNm1sYjVzUkJCdEduWEJHQUMwbU9JRkZJUVFWbGp6NTVvMXpDX25peFVuUGU2bG50eVNVbHBVbXNaaGtMaklQNDJNSUNZNGRkMUR0WjczSUs3VWxWOVNOVzR1?oc=5,"<a href=""https://news.google.com/rss/articles/CBMiiAFBVV95cUxOdXlMVXRtV0Z5MXpnZnVnVUpEOGpZV3BZeEs1SkhfRGE1X1BTOExxNm1sYjVzUkJCdEduWEJHQUMwbU9JRkZJUVFWbGp6NTVvMXpDX25peFVuUGU2bG50eVNVbHBVbXNaaGtMaklQNDJNSUNZNGRkMUR0WjczSUs3VWxWOVNOVzR1?oc=5"" target=""_blank"">‘Our competitors are everyone’: Joybuy leads ‘China’s Amazon’ into the UK</a>&nbsp;&nbsp;<font color=""#6f6f6f"">The Guardian</font>",UK sportswear technology,"<a href=""https://news.google.com/rss/articles/CBMiiAFBVV95cUxOdXlMVXRtV0Z5MXpnZnVnVUpEOGpZV3BZeEs1SkhfRGE1X1BTOExxNm1sYjVzUkJCdEduWEJHQUMwbU9JRkZJUVFWbGp6NTVvMXpDX25peFVuUGU2bG50eVNVbHBVbXNaaGtMaklQNDJNSUNZNGRkMUR0WjczSUs3VWxWOVNOVzR1?oc=5"" target=""_blank"">‘Our competitors are everyone’: Joybuy leads ‘China’s Amazon’ into the UK</a>&nbsp;&nbsp;<font color=""#6f6f6f"">The Guardian</font>"
Top 10 Sports Tech Startups in the UK - TechRound,"Tue, 30 Jul 2024 07:00:00 GMT",TechRound,https://news.google.com/rss/articles/CBMibEFVX3lxTE5xZmhBMXY1WEpMM0pHUmpwVFhqVHZZRGViajR4dzRYOHVLLXdBWFBYQ0l0YkozTzQ1M2ZWY0JBTVJVTGNJUlU4Z21DSmpiZUJDNGlhQW0wMzVVUU5fTHp4ZEdGSXQ4T2huZW1mTw?oc=5,"<a href=""https://news.google.com/rss/articles/CBMibEFVX3lxTE5xZmhBMXY1WEpMM0pHUmpwVFhqVHZZRGViajR4dzRYOHVLLXdBWFBYQ0l0YkozTzQ1M2ZWY0JBTVJVTGNJUlU4Z21DSmpiZUJDNGlhQW0wMzVVUU5fTHp4ZEdGSXQ4T2huZW1mTw?oc=5"" target=""_blank"">Top 10 Sports Tech Startups in the UK</a>&nbsp;&nbsp;<font color=""#6f6f6f"">TechRound</font>",UK sportswear technology,"<a href=""https://news.google.com/rss/articles/CBMibEFVX3lxTE5xZmhBMXY1WEpMM0pHUmpwVFhqVHZZRGViajR4dzRYOHVLLXdBWFBYQ0l0YkozTzQ1M2ZWY0JBTVJVTGNJUlU4Z21DSmpiZUJDNGlhQW0wMzVVUU5fTHp4ZEdGSXQ4T2huZW1mTw?oc=5"" target=""_blank"">Top 10 Sports Tech Startups in the UK</a>&nbsp;&nbsp;<font color=""#6f6f6f"">TechRound</font>"
Sports Direct invests in new in-store technology - fashionunited.uk,"Tue, 02 Oct 2018 07:00:00 GMT",fashionunited.uk,https://news.google.com/rss/articles/CBMioAFBVV95cUxNQzBMQ3FPc3Q0bmVqZEl3TzFyS2JGOG1yUkt5a1JKMmFUQXR5MGFCemZmYzdlLWx6Ymc0V1lGYnpMU1RnNjBzcWhDQXBvZ0w5YXdKVEV3cDI3M19MWXBnWl9fcDVxcFBJaTZpMzhTWFVteTBBU2w2VGRpVG5WOXhMUnZobDRUSlNqVWxTX1V1NHVHQkRIOVBiM0RJV0szSTdQ?oc=5,"<a href=""https://news.google.com/rss/articles/CBMioAFBVV95cUxNQzBMQ3FPc3Q0bmVqZEl3TzFyS2JGOG1yUkt5a1JKMmFUQXR5MGFCemZmYzdlLWx6Ymc0V1lGYnpMU1RnNjBzcWhDQXBvZ0w5YXdKVEV3cDI3M19MWXBnWl9fcDVxcFBJaTZpMzhTWFVteTBBU2w2VGRpVG5WOXhMUnZobDRUSlNqVWxTX1V1NHVHQkRIOVBiM0RJV0szSTdQ?oc=5"" target=""_blank"">Sports Direct invests in new in-store technology</a>&nbsp;&nbsp;<font color=""#6f6f6f"">fashionunited.uk</font>",UK sportswear technology,"<a href=""https://news.google.com/rss/articles/CBMioAFBVV95cUxNQzBMQ3FPc3Q0bmVqZEl3TzFyS2JGOG1yUkt5a1JKMmFUQXR5MGFCemZmYzdlLWx6Ymc0V1lGYnpMU1RnNjBzcWhDQXBvZ0w5YXdKVEV3cDI3M19MWXBnWl9fcDVxcFBJaTZpMzhTWFVteTBBU2w2VGRpVG5WOXhMUnZobDRUSlNqVWxTX1V1NHVHQkRIOVBiM0RJV0szSTdQ?oc=5"" target=""_blank"">Sports Direct invests in new in-store technology</a>&nbsp;&nbsp;<font color=""#6f6f6f"">fashionunited.uk</font>"
Sports Technology Market Size to Hit USD 135.91 Bn by 2035 - Precedence Research,"Fri, 13 Sep 2024 18:30:30 GMT",Precedence Research,https://news.google.com/rss/articles/CBMia0FVX3lxTE91aTBMWVJoUGtUQUtVM005NG9KalVHbzBSV0t2SDY3OWF5RjNVa3RwVEM4bjhMRmUyemhSaHUtZExvNVI0cG9yZUF6UkI4MkF4WkFvSlpncDNUSlhfaEJqTGVfNks5bl9zM2J3?oc=5,"<a href=""https://news.google.com/rss/articles/CBMia0FVX3lxTE91aTBMWVJoUGtUQUtVM005NG9KalVHbzBSV0t2SDY3OWF5RjNVa3RwVEM4bjhMRmUyemhSaHUtZExvNVI0cG9yZUF6UkI4MkF4WkFvSlpncDNUSlhfaEJqTGVfNks5bl9zM2J3?oc=5"" target=""_blank"">Sports Technology Market Size to Hit USD 135.91 Bn by 2035</a>&nbsp;&nbsp;<font color=""#6f6f6f"">Precedence Research</font>",UK sportswear technology,"<a href=""https://news.google.com/rss/articles/CBMia0FVX3lxTE91aTBMWVJoUGtUQUtVM005NG9KalVHbzBSV0t2SDY3OWF5RjNVa3RwVEM4bjhMRmUyemhSaHUtZExvNVI0cG9yZUF6UkI4MkF4WkFvSlpncDNUSlhfaEJqTGVfNks5bl9zM2J3?oc=5"" target=""_blank"">Sports Technology Market Size to Hit USD 135.91 Bn by 2035</a>&nbsp;&nbsp;<font color=""#6f6f6f"">Precedence Research</font>"
New sports technology hub is given the green light in Swansea - Wales Online,"Thu, 07 Aug 2025 07:00:00 GMT",Wales Online,https://news.google.com/rss/articles/CBMijwFBVV95cUxNanl1ZWJwWGNNR3FlaDJhcnJZM29uM0g1aWQwc2lub2FuRVFacmZfenRua0J0dER2ZXExNkY5bWNIVUxmMVh1MkRScDJjcmZoOHFEVEJJdUF2T2FIOXdWc3pyNzRvOXNYemlrSS1NMThVaUR5N0pFeHFXVnY2Uy0wSkZsSG9VU3I5WEpFcld3Z9IBlAFBVV95cUxQR3c1bW1ibzhqYV8zYklXYVh1Qi1FcHU3bDVseHlLX2RqaXVoNzdUX1VEM3NPSGNBZ1FjcHA4RHgxQjdidlpHdXRnM05fcmszcURuUzFNcjYyVW9GM3JIUC1FV0xtbEEzemNPTk9uLVB4S0plSzlkU3dvZVNMRHdQTlBJSmdCaG1HN3A2YXFNeUVMZE5X?oc=5,"<a href=""https://news.google.com/rss/articles/CBMijwFBVV95cUxNanl1ZWJwWGNNR3FlaDJhcnJZM29uM0g1aWQwc2lub2FuRVFacmZfenRua0J0dER2ZXExNkY5bWNIVUxmMVh1MkRScDJjcmZoOHFEVEJJdUF2T2FIOXdWc3pyNzRvOXNYemlrSS1NMThVaUR5N0pFeHFXVnY2Uy0wSkZsSG9VU3I5WEpFcld3Z9IBlAFBVV95cUxQR3c1bW1ibzhqYV8zYklXYVh1Qi1FcHU3bDVseHlLX2RqaXVoNzdUX1VEM3NPSGNBZ1FjcHA4RHgxQjdidlpHdXRnM05fcmszcURuUzFNcjYyVW9GM3JIUC1FV0xtbEEzemNPTk9uLVB4S0plSzlkU3dvZVNMRHdQTlBJSmdCaG1HN3A2YXFNeUVMZE5X?oc=5"" target=""_blank"">New sports technology hub is given the green light in Swansea</a>&nbsp;&nbsp;<font color=""#6f6f6f"">Wales Online</font>",UK sportswear technology,"<a href=""https://news.google.com/rss/articles/CBMijwFBVV95cUxNanl1ZWJwWGNNR3FlaDJhcnJZM29uM0g1aWQwc2lub2FuRVFacmZfenRua0J0dER2ZXExNkY5bWNIVUxmMVh1MkRScDJjcmZoOHFEVEJJdUF2T2FIOXdWc3pyNzRvOXNYemlrSS1NMThVaUR5N0pFeHFXVnY2Uy0wSkZsSG9VU3I5WEpFcld3Z9IBlAFBVV95cUxQR3c1bW1ibzhqYV8zYklXYVh1Qi1FcHU3bDVseHlLX2RqaXVoNzdUX1VEM3NPSGNBZ1FjcHA4RHgxQjdidlpHdXRnM05fcmszcURuUzFNcjYyVW9GM3JIUC1FV0xtbEEzemNPTk9uLVB4S0plSzlkU3dvZVNMRHdQTlBJSmdCaG1HN3A2YXFNeUVMZE5X?oc=5"" target=""_blank"">New sports technology hub is given the green light in Swansea</a>&nbsp;&nbsp;<font color=""#6f6f6f"">Wales Online</font>"
AIM Sport wins infringement case against Supponor over advertising technology - JUVE Patent,"Tue, 07 Feb 2023 08:00:00 GMT",JUVE Patent,https://news.google.com/rss/articles/CBMisgFBVV95cUxNWF9TU1pnMFJRRTBZNGU3Ql9KMXlDZk1rWThzVFd3OEZhNmg0OENlVEVKNFNQX0pHUVRsQnkyLVFjeTNZMWpNRVVaVEFHVXBjbm90TkhBMGVSd09LT2lqTHRmNTl2Uk1UNjhHVjltZHFjM1ViVEYwTWdXYW9KRF9aRjhFRm1NNUJ3NExhUlg2Nm9kTlZ5UWJFczlJU1pNaHdtaVI5T0VCN2VQVW5KbmQ2MDln?oc=5,"<a href=""https://news.google.com/rss/articles/CBMisgFBVV95cUxNWF9TU1pnMFJRRTBZNGU3Ql9KMXlDZk1rWThzVFd3OEZhNmg0OENlVEVKNFNQX0pHUVRsQnkyLVFjeTNZMWpNRVVaVEFHVXBjbm90TkhBMGVSd09LT2lqTHRmNTl2Uk1UNjhHVjltZHFjM1ViVEYwTWdXYW9KRF9aRjhFRm1NNUJ3NExhUlg2Nm9kTlZ5UWJFczlJU1pNaHdtaVI5T0VCN2VQVW5KbmQ2MDln?oc=5"" target=""_blank"">AIM Sport wins infringement case against Supponor over advertising technology</a>&nbsp;&nbsp;<font color=""#6f6f6f"">JUVE Patent</font>",UK sportswear technology,"<a href=""https://news.google.com/rss/articles/CBMisgFBVV95cUxNWF9TU1pnMFJRRTBZNGU3Ql9KMXlDZk1rWThzVFd3OEZhNmg0OENlVEVKNFNQX0pHUVRsQnkyLVFjeTNZMWpNRVVaVEFHVXBjbm90TkhBMGVSd09LT2lqTHRmNTl2Uk1UNjhHVjltZHFjM1ViVEYwTWdXYW9KRF9aRjhFRm1NNUJ3NExhUlg2Nm9kTlZ5UWJFczlJU1pNaHdtaVI5T0VCN2VQVW5KbmQ2MDln?oc=5"" target=""_blank"">AIM Sport wins infringement case against Supponor over advertising technology</a>&nbsp;&nbsp;<font color=""#6f6f6f"">JUVE Patent</font>"
JD Sports rolls out customer feedback technology - FashionNetwork France,"Thu, 01 Mar 2018 08:00:00 GMT",FashionNetwork France,https://news.google.com/rss/articles/CBMimwFBVV95cUxQa3ZWOFRrZDBpX2xpbV9ESjR1Y1ZUN1EyT3ZFVERDa2Q5ZnR5VDNnZlZPai1fcGZpeWxBMXhSVXNHcDRkLTQzYUx2cmY4ajV5bVdMdWppV2NJTkpEQzRxU0ZkY3JLdnB1WVZzbGFmZzZFTmpicnE1WWxmbW1nX3U1dm5IaUhyeG9wb3F0NmlXNTU5cmZnOEg4LXVYUQ?oc=5,"<a href=""https://news.google.com/rss/articles/CBMimwFBVV95cUxQa3ZWOFRrZDBpX2xpbV9ESjR1Y1ZUN1EyT3ZFVERDa2Q5ZnR5VDNnZlZPai1fcGZpeWxBMXhSVXNHcDRkLTQzYUx2cmY4ajV5bVdMdWppV2NJTkpEQzRxU0ZkY3JLdnB1WVZzbGFmZzZFTmpicnE1WWxmbW1nX3U1dm5IaUhyeG9wb3F0NmlXNTU5cmZnOEg4LXVYUQ?oc=5"" target=""_blank"">JD Sports rolls out customer feedback technology</a>&nbsp;&nbsp;<font color=""#6f6f6f"">FashionNetwork France</font>",UK sportswear technology,"<a href=""https://news.google.com/rss/articles/CBMimwFBVV95cUxQa3ZWOFRrZDBpX2xpbV9ESjR1Y1ZUN1EyT3ZFVERDa2Q5ZnR5VDNnZlZPai1fcGZpeWxBMXhSVXNHcDRkLTQzYUx2cmY4ajV5bVdMdWppV2NJTkpEQzRxU0ZkY3JLdnB1WVZzbGFmZzZFTmpicnE1WWxmbW1nX3U1dm5IaUhyeG9wb3F0NmlXNTU5cmZnOEg4LXVYUQ?oc=5"" target=""_blank"">JD Sports rolls out customer feedback technology</a>&nbsp;&nbsp;<font color=""#6f6f6f"">FashionNetwork France</font>"
UK Sports on the rise 2025 - YouGov,"Wed, 03 Sep 2025 07:00:00 GMT",YouGov,https://news.google.com/rss/articles/CBMic0FVX3lxTE05VGpwUDJNTWQ1Rl9BdXl5R1RjQkNiaV9sZVFsMGpmQTQtaUhzeWdyamk4NGY5ZHlmQ1JUWG1SalpVQ21QWlhZdFpRTzZJdlhwUW8wNXBhamprd290SVpGRUpmLWZPUlJUcXBuVnhoRV91VGM?oc=5,"<a href=""https://news.google.com/rss/articles/CBMic0FVX3lxTE05VGpwUDJNTWQ1Rl9BdXl5R1RjQkNiaV9sZVFsMGpmQTQtaUhzeWdyamk4NGY5ZHlmQ1JUWG1SalpVQ21QWlhZdFpRTzZJdlhwUW8wNXBhamprd290SVpGRUpmLWZPUlJUcXBuVnhoRV91VGM?oc=5"" target=""_blank"">UK Sports on the rise 2025</a>&nbsp;&nbsp;<font color=""#6f6f6f"">YouGov</font>",UK sportswear technology,"<a href=""https://news.google.com/rss/articles/CBMic0FVX3lxTE05VGpwUDJNTWQ1Rl9BdXl5R1RjQkNiaV9sZVFsMGpmQTQtaUhzeWdyamk4NGY5ZHlmQ1JUWG1SalpVQ21QWlhZdFpRTzZJdlhwUW8wNXBhamprd290SVpGRUpmLWZPUlJUcXBuVnhoRV91VGM?oc=5"" target=""_blank"">UK Sports on the rise 2025</a>&nbsp;&nbsp;<font color=""#6f6f6f"">YouGov</font>"
'We are so excited to hit 2026 with a bang': Belfast sports-tech firm boosts leadership team and unveils breakthrough technology as it shifts into high-growth gear - Belfast News Letter,"Wed, 10 Dec 2025 08:00:00 GMT",Belfast News Letter,https://news.google.com/rss/articles/CBMirwJBVV95cUxPU25LaXQyT3EtYnlQUHk2N1kxZWFTQVRrcWFtbmNreHpUR3doMWRRNXQtS19yQlBSdGpsNktvSmU5VHlIYWlYRWc3RlpEenA1RFNMZEJmdWVpQnYwelg1QzRJbFZGZzRMMng4YUoyaEV4Rm55cFVwcTFnNURpejFTRlFuSGxuZzZFSkMzZkxGN0V1S2otajhWOERTWlNCOHFmN2p2eFFzVzRsOFRhTFJmdEF3Tmp1eTNBTVo4dm9zTE5QUU52VUNxWmxPSVVjOFhHQjB5RDF5c242QlUxRnQ4SkF1eE9BemdJNzZocmR4ck5ScnV3OWtWYzZaelpyZlQ3X1Rfbkc5Y2xaTzdOUkkyVkQ1Q0R0UUtMU0FSamoyTE0zeEhMWE5rTkNoeWJtNjA?oc=5,"<a href=""https://news.google.com/rss/articles/CBMirwJBVV95cUxPU25LaXQyT3EtYnlQUHk2N1kxZWFTQVRrcWFtbmNreHpUR3doMWRRNXQtS19yQlBSdGpsNktvSmU5VHlIYWlYRWc3RlpEenA1RFNMZEJmdWVpQnYwelg1QzRJbFZGZzRMMng4YUoyaEV4Rm55cFVwcTFnNURpejFTRlFuSGxuZzZFSkMzZkxGN0V1S2otajhWOERTWlNCOHFmN2p2eFFzVzRsOFRhTFJmdEF3Tmp1eTNBTVo4dm9zTE5QUU52VUNxWmxPSVVjOFhHQjB5RDF5c242QlUxRnQ4SkF1eE9BemdJNzZocmR4ck5ScnV3OWtWYzZaelpyZlQ3X1Rfbkc5Y2xaTzdOUkkyVkQ1Q0R0UUtMU0FSamoyTE0zeEhMWE5rTkNoeWJtNjA?oc=5"" target=""_blank"">'We are so excited to hit 2026 with a bang': Belfast sports-tech firm boosts leadership team and unveils breakthrough technology as it shifts into high-growth gear</a>&nbsp;&nbsp;<font color=""#6f6f6f"">Belfast News Letter</font>",UK sportswear technology,"<a href=""https://news.google.com/rss/articles/CBMirwJBVV95cUxPU25LaXQyT3EtYnlQUHk2N1kxZWFTQVRrcWFtbmNreHpUR3doMWRRNXQtS19yQlBSdGpsNktvSmU5VHlIYWlYRWc3RlpEenA1RFNMZEJmdWVpQnYwelg1QzRJbFZGZzRMMng4YUoyaEV4Rm55cFVwcTFnNURpejFTRlFuSGxuZzZFSkMzZkxGN0V1S2otajhWOERTWlNCOHFmN2p2eFFzVzRsOFRhTFJmdEF3Tmp1eTNBTVo4dm9zTE5QUU52VUNxWmxPSVVjOFhHQjB5RDF5c242QlUxRnQ4SkF1eE9BemdJNzZocmR4ck5ScnV3OWtWYzZaelpyZlQ3X1Rfbkc5Y2xaTzdOUkkyVkQ1Q0R0UUtMU0FSamoyTE0zeEhMWE5rTkNoeWJtNjA?oc=5"" target=""_blank"">'We are so excited to hit 2026 with a bang': Belfast sports-tech firm boosts leadership team and unveils breakthrough technology as it shifts into high-growth gear</a>&nbsp;&nbsp;<font color=""#6f6f6f"">Belfast News Letter</font>"
The Ashes: England and Australia question Snicko reliability after controversial Jamie Smith dismissal in Adelaide - Sky Sports,"Thu, 18 Dec 2025 08:00:00 GMT",Sky Sports,https://news.google.com/rss/articles/CBMi-wFBVV95cUxOcWROdUxLSmxXdXhBVWJLQXJhUDdzOUtma1pwZjV2SEtSdDdTaU0tcTA2R0VaV2VsWS1nX3JkYkJjOVFIaHlqd05YOXlCV0pIRy01VlladlBwT1pzMzJsdWRWdlRRYkIyeU1vQmc0RXhLYlBoTDlCLWFBSzlpcEswUURZdXZoalAwTm9GSm1mNWJlYkF5Yl9pVlN0aE1lVC1OcF9fd0NKLWxGMVd5N2xjMk1BT0t1eUktOThwbndibGtuXzdqWEZPZ0ZRQlVyRFNYbDhBWXZkNDRrTFpXVloxbGNXU19yLVhMR1BDVmgxWXo2Mm9nMFpPcW00WQ?oc=5,"<a href=""https://news.google.com/rss/articles/CBMi-wFBVV95cUxOcWROdUxLSmxXdXhBVWJLQXJhUDdzOUtma1pwZjV2SEtSdDdTaU0tcTA2R0VaV2VsWS1nX3JkYkJjOVFIaHlqd05YOXlCV0pIRy01VlladlBwT1pzMzJsdWRWdlRRYkIyeU1vQmc0RXhLYlBoTDlCLWFBSzlpcEswUURZdXZoalAwTm9GSm1mNWJlYkF5Yl9pVlN0aE1lVC1OcF9fd0NKLWxGMVd5N2xjMk1BT0t1eUktOThwbndibGtuXzdqWEZPZ0ZRQlVyRFNYbDhBWXZkNDRrTFpXVloxbGNXU19yLVhMR1BDVmgxWXo2Mm9nMFpPcW00WQ?oc=5"" target=""_blank"">The Ashes: England and Australia question Snicko reliability after controversial Jamie Smith dismissal in Adelaide</a>&nbsp;&nbsp;<font color=""#6f6f6f"">Sky Sports</font>",UK sportswear technology,"<a href=""https://news.google.com/rss/articles/CBMi-wFBVV95cUxOcWROdUxLSmxXdXhBVWJLQXJhUDdzOUtma1pwZjV2SEtSdDdTaU0tcTA2R0VaV2VsWS1nX3JkYkJjOVFIaHlqd05YOXlCV0pIRy01VlladlBwT1pzMzJsdWRWdlRRYkIyeU1vQmc0RXhLYlBoTDlCLWFBSzlpcEswUURZdXZoalAwTm9GSm1mNWJlYkF5Yl9pVlN0aE1lVC1OcF9fd0NKLWxGMVd5N2xjMk1BT0t1eUktOThwbndibGtuXzdqWEZPZ0ZRQlVyRFNYbDhBWXZkNDRrTFpXVloxbGNXU19yLVhMR1BDVmgxWXo2Mm9nMFpPcW00WQ?oc=5"" target=""_blank"">The Ashes: England and Australia question Snicko reliability after controversial Jamie Smith dismissal in Adelaide</a>&nbsp;&nbsp;<font color=""#6f6f6f"">Sky Sports</font>"
Wimbledon officials apologise to players after line-calling technology turned off in malfunction on Centre Court - Sky Sports,"Mon, 07 Jul 2025 07:00:00 GMT",Sky Sports,https://news.google.com/rss/articles/CBMi-AFBVV95cUxQOU5iRDBaQ2cxZUszczdqUER0QS1WMHpqX0x6U3pNQjRfd3FMaGI0MVlUTXlqWk9NNm9hek1qVWtBZDNFTHBjczVrR1ViSWhTem9OTnJiRXloRDlhTTZZZFI0UFlpdVVRbW1QSVV2anhWX0traEw2MnhlOEtFendwSG84R1ZWUV95X2hKblNVZUJtREcwVVhGM0ZoVWpmU19vZWh2VkxkNWZIVUFsdVdPTlgybU9mSmEtNHZiWU14UjRrdElPcy1jbW1qNXA0Y2dtaVhHTS1CVGZBcFRjQV9lS1RYWnNVU2FrbGJzUFRkbWluNVltdWFZeA?oc=5,"<a href=""https://news.google.com/rss/articles/CBMi-AFBVV95cUxQOU5iRDBaQ2cxZUszczdqUER0QS1WMHpqX0x6U3pNQjRfd3FMaGI0MVlUTXlqWk9NNm9hek1qVWtBZDNFTHBjczVrR1ViSWhTem9OTnJiRXloRDlhTTZZZFI0UFlpdVVRbW1QSVV2anhWX0traEw2MnhlOEtFendwSG84R1ZWUV95X2hKblNVZUJtREcwVVhGM0ZoVWpmU19vZWh2VkxkNWZIVUFsdVdPTlgybU9mSmEtNHZiWU14UjRrdElPcy1jbW1qNXA0Y2dtaVhHTS1CVGZBcFRjQV9lS1RYWnNVU2FrbGJzUFRkbWluNVltdWFZeA?oc=5"" target=""_blank"">Wimbledon officials apologise to players after line-calling technology turned off in malfunction on Centre Court</a>&nbsp;&nbsp;<font color=""#6f6f6f"">Sky Sports</font>",UK sportswear technology,"<a href=""https://news.google.com/rss/articles/CBMi-AFBVV95cUxQOU5iRDBaQ2cxZUszczdqUER0QS1WMHpqX0x6U3pNQjRfd3FMaGI0MVlUTXlqWk9NNm9hek1qVWtBZDNFTHBjczVrR1ViSWhTem9OTnJiRXloRDlhTTZZZFI0UFlpdVVRbW1QSVV2anhWX0traEw2MnhlOEtFendwSG84R1ZWUV95X2hKblNVZUJtREcwVVhGM0ZoVWpmU19vZWh2VkxkNWZIVUFsdVdPTlgybU9mSmEtNHZiWU14UjRrdElPcy1jbW1qNXA0Y2dtaVhHTS1CVGZBcFRjQV9lS1RYWnNVU2FrbGJzUFRkbWluNVltdWFZeA?oc=5"" target=""_blank"">Wimbledon officials apologise to players after line-calling technology turned off in malfunction on Centre Court</a>&nbsp;&nbsp;<font color=""#6f6f6f"">Sky Sports</font>"
"Global expansion continues for Wrexham-based Net World Sports - Wrexham and Flintshire News, Sport, Events | The Leader","Fri, 30 Jan 2026 08:00:00 GMT","Wrexham and Flintshire News, Sport, Events | The Leader",https://news.google.com/rss/articles/CBMingFBVV95cUxPTkZEaHNGRF9jQVVvRFF0WWp0UFdCRWQxbllRcll5S0dvR004MGlKaFZaQXA1YUs4MXZZQUJNRTdFZGNYVWdNeFF2aFJicEdUeEx6cUFfM1dmWU8yZUhYNm4tcEJEWXlIYkNCQklJV3pUS3Q3elJyMGVXeEFiREFjRU95RTN0UkVHeTdscEt5eHQ2LXVlbU5fNmxScE5VUQ?oc=5,"<a href=""https://news.google.com/rss/articles/CBMingFBVV95cUxPTkZEaHNGRF9jQVVvRFF0WWp0UFdCRWQxbllRcll5S0dvR004MGlKaFZaQXA1YUs4MXZZQUJNRTdFZGNYVWdNeFF2aFJicEdUeEx6cUFfM1dmWU8yZUhYNm4tcEJEWXlIYkNCQklJV3pUS3Q3elJyMGVXeEFiREFjRU95RTN0UkVHeTdscEt5eHQ2LXVlbU5fNmxScE5VUQ?oc=5"" target=""_blank"">Global expansion continues for Wrexham-based Net World Sports</a>&nbsp;&nbsp;<font color=""#6f6f6f"">Wrexham and Flintshire News, Sport, Events | The Leader</font>",UK sportswear technology,"<a href=""https://news.google.com/rss/articles/CBMingFBVV95cUxPTkZEaHNGRF9jQVVvRFF0WWp0UFdCRWQxbllRcll5S0dvR004MGlKaFZaQXA1YUs4MXZZQUJNRTdFZGNYVWdNeFF2aFJicEdUeEx6cUFfM1dmWU8yZUhYNm4tcEJEWXlIYkNCQklJV3pUS3Q3elJyMGVXeEFiREFjRU95RTN0UkVHeTdscEt5eHQ2LXVlbU5fNmxScE5VUQ?oc=5"" target=""_blank"">Global expansion continues for Wrexham-based Net World Sports</a>&nbsp;&nbsp;<font color=""#6f6f6f"">Wrexham and Flintshire News, Sport, Events | The Leader</font>"
Introducing Adidas Sportswear: The Perfect Fusion of Performance Technology and Style - FAULT Magazine,"Fri, 17 Feb 2023 08:00:00 GMT",FAULT Magazine,https://news.google.com/rss/articles/CBMivAFBVV95cUxQRzVlbmRpb3Z5V1d2NGMzYnBCMHZyNV9hcXpkRlg0MVRkdHR3dTFwMjBIS3BKdVRiSld1VExfaktUR1pzTkt4Uk9fZV9EUWJzamVtQVhPd3JPRU14ejhGNS0yUlprbHdvOFNTSzZUMGk3Z3FfMHpkenN5dkc1aThYdW0wMHQ5b19yYzBHaG14VE5vRkpIMjFwNmw5V3k2bWJmckJrdmZfQWNkLWJuWDEtVVdTdXAwRUI1QVZuZQ?oc=5,"<a href=""https://news.google.com/rss/articles/CBMivAFBVV95cUxQRzVlbmRpb3Z5V1d2NGMzYnBCMHZyNV9hcXpkRlg0MVRkdHR3dTFwMjBIS3BKdVRiSld1VExfaktUR1pzTkt4Uk9fZV9EUWJzamVtQVhPd3JPRU14ejhGNS0yUlprbHdvOFNTSzZUMGk3Z3FfMHpkenN5dkc1aThYdW0wMHQ5b19yYzBHaG14VE5vRkpIMjFwNmw5V3k2bWJmckJrdmZfQWNkLWJuWDEtVVdTdXAwRUI1QVZuZQ?oc=5"" target=""_blank"">Introducing Adidas Sportswear: The Perfect Fusion of Performance Technology and Style</a>&nbsp;&nbsp;<font color=""#6f6f6f"">FAULT Magazine</font>",UK sportswear technology,"<a href=""https://news.google.com/rss/articles/CBMivAFBVV95cUxQRzVlbmRpb3Z5V1d2NGMzYnBCMHZyNV9hcXpkRlg0MVRkdHR3dTFwMjBIS3BKdVRiSld1VExfaktUR1pzTkt4Uk9fZV9EUWJzamVtQVhPd3JPRU14ejhGNS0yUlprbHdvOFNTSzZUMGk3Z3FfMHpkenN5dkc1aThYdW0wMHQ5b19yYzBHaG14VE5vRkpIMjFwNmw5V3k2bWJmckJrdmZfQWNkLWJuWDEtVVdTdXAwRUI1QVZuZQ?oc=5"" target=""_blank"">Introducing Adidas Sportswear: The Perfect Fusion of Performance Technology and Style</a>&nbsp;&nbsp;<font color=""#6f6f6f"">FAULT Magazine</font>"
December | cricket helmet safety | Sports Technology Institute - Loughborough University,"Tue, 08 Dec 2015 08:00:00 GMT",Loughborough University,https://news.google.com/rss/articles/CBMiigFBVV95cUxORW9tVWRvZUk5NVdxYk9BMHRBYUJsUldVNXdnQWRKaFJYZ0J4RjdpRkxQYjlnUUs0R3FYWks5LVVWeG5DT2VRcHpzejctS1gtcWNkbE1XVzB6MGVSZXpxdU9QWEx0cTFIX01mR0oyNkhwU3NxeDVLXzlFeTZIWFJKM3NEWDRsRjl5bnc?oc=5,"<a href=""https://news.google.com/rss/articles/CBMiigFBVV95cUxORW9tVWRvZUk5NVdxYk9BMHRBYUJsUldVNXdnQWRKaFJYZ0J4RjdpRkxQYjlnUUs0R3FYWks5LVVWeG5DT2VRcHpzejctS1gtcWNkbE1XVzB6MGVSZXpxdU9QWEx0cTFIX01mR0oyNkhwU3NxeDVLXzlFeTZIWFJKM3NEWDRsRjl5bnc?oc=5"" target=""_blank"">December | cricket helmet safety | Sports Technology Institute</a>&nbsp;&nbsp;<font color=""#6f6f6f"">Loughborough University</font>",UK sportswear technology,"<a href=""https://news.google.com/rss/articles/CBMiigFBVV95cUxORW9tVWRvZUk5NVdxYk9BMHRBYUJsUldVNXdnQWRKaFJYZ0J4RjdpRkxQYjlnUUs0R3FYWks5LVVWeG5DT2VRcHpzejctS1gtcWNkbE1XVzB6MGVSZXpxdU9QWEx0cTFIX01mR0oyNkhwU3NxeDVLXzlFeTZIWFJKM3NEWDRsRjl5bnc?oc=5"" target=""_blank"">December | cricket helmet safety | Sports Technology Institute</a>&nbsp;&nbsp;<font color=""#6f6f6f"">Loughborough University</font>"
The Ashes: Snicko operator admits mistake led to incorrect Alex Carey not out decision during third Test - Sky Sports,"Wed, 17 Dec 2025 08:00:00 GMT",Sky Sports,https://news.google.com/rss/articles/CBMi7gFBVV95cUxORkhnZVJxN3hnUUwzV0REejduakNJRmJHTlZ6eklZRWJsT3Y5YWNhU3lsbzNpOTlWcEs5THVaWnNqcWJZUjdBdkhjYWIwY2drSDRpamQ3LXBVenhzWVE5cWRNYnZwcXJZc3VLQUtFNXRwTEMwV1FrbVUtSXE5bHJHWWY3SUJNRzlfMnk5ckxLSXlLWTdEbXgzdlNPN2NFbHJVclNJdGNmaWdodVllR3psYncwbGJmTU9RMWtwaDE1VXQ4eWVNLWxwWHJPcW5McVdZR09fUWp1cERzOTRnRzRxRkZ3RnZuMk9YN2lTZy1B?oc=5,"<a href=""https://news.google.com/rss/articles/CBMi7gFBVV95cUxORkhnZVJxN3hnUUwzV0REejduakNJRmJHTlZ6eklZRWJsT3Y5YWNhU3lsbzNpOTlWcEs5THVaWnNqcWJZUjdBdkhjYWIwY2drSDRpamQ3LXBVenhzWVE5cWRNYnZwcXJZc3VLQUtFNXRwTEMwV1FrbVUtSXE5bHJHWWY3SUJNRzlfMnk5ckxLSXlLWTdEbXgzdlNPN2NFbHJVclNJdGNmaWdodVllR3psYncwbGJmTU9RMWtwaDE1VXQ4eWVNLWxwWHJPcW5McVdZR09fUWp1cERzOTRnRzRxRkZ3RnZuMk9YN2lTZy1B?oc=5"" target=""_blank"">The Ashes: Snicko operator admits mistake led to incorrect Alex Carey not out decision during third Test</a>&nbsp;&nbsp;<font color=""#6f6f6f"">Sky Sports</font>",UK sportswear technology,"<a href=""https://news.google.com/rss/articles/CBMi7gFBVV95cUxORkhnZVJxN3hnUUwzV0REejduakNJRmJHTlZ6eklZRWJsT3Y5YWNhU3lsbzNpOTlWcEs5THVaWnNqcWJZUjdBdkhjYWIwY2drSDRpamQ3LXBVenhzWVE5cWRNYnZwcXJZc3VLQUtFNXRwTEMwV1FrbVUtSXE5bHJHWWY3SUJNRzlfMnk5ckxLSXlLWTdEbXgzdlNPN2NFbHJVclNJdGNmaWdodVllR3psYncwbGJmTU9RMWtwaDE1VXQ4eWVNLWxwWHJPcW5McVdZR09fUWp1cERzOTRnRzRxRkZ3RnZuMk9YN2lTZy1B?oc=5"" target=""_blank"">The Ashes: Snicko operator admits mistake led to incorrect Alex Carey not out decision during third Test</a>&nbsp;&nbsp;<font color=""#6f6f6f"">Sky Sports</font>"
US-headquartered sports technology company says Northern Ireland talent will power next phase of global innovation - Belfast News Letter,"Thu, 28 May 2026 07:00:00 GMT",Belfast News Letter,https://news.google.com/rss/articles/CBMi_AFBVV95cUxPNTBYYmk0SmZkTjEyVmJmNUJ1VEluTVd0V3hZbXlxNktqMkRhMDZ5eDZOZU4tTjlQT3BvMTBJcXNiNWJ4VnJEU29tczZlSlQ1eVo5UGZNT1lqcFN1YVFONG5mRkNRYUNlQjlwcmxVMGstOE52VllFdWRDa3VJUXJiZmQ0YkIyQ29RTHFnZk8tX0Q0cWxTOWc0M1ljU0k5REtDU0FNc0QwQ09wZGtWVmx1dm5ETVlxOGhfNzRSekpnSGtXcWs0WXJrRVI2Z050TG5ZMUFyMzd6cS1KRmpYMW43LVFMcElfRE5yU1N5ZHFvcHhpc2VPYnpRT0x1UHc?oc=5,"<a href=""https://news.google.com/rss/articles/CBMi_AFBVV95cUxPNTBYYmk0SmZkTjEyVmJmNUJ1VEluTVd0V3hZbXlxNktqMkRhMDZ5eDZOZU4tTjlQT3BvMTBJcXNiNWJ4VnJEU29tczZlSlQ1eVo5UGZNT1lqcFN1YVFONG5mRkNRYUNlQjlwcmxVMGstOE52VllFdWRDa3VJUXJiZmQ0YkIyQ29RTHFnZk8tX0Q0cWxTOWc0M1ljU0k5REtDU0FNc0QwQ09wZGtWVmx1dm5ETVlxOGhfNzRSekpnSGtXcWs0WXJrRVI2Z050TG5ZMUFyMzd6cS1KRmpYMW43LVFMcElfRE5yU1N5ZHFvcHhpc2VPYnpRT0x1UHc?oc=5"" target=""_blank"">US-headquartered sports technology company says Northern Ireland talent will power next phase of global innovation</a>&nbsp;&nbsp;<font color=""#6f6f6f"">Belfast News Letter</font>",UK sportswear technology,"<a href=""https://news.google.com/rss/articles/CBMi_AFBVV95cUxPNTBYYmk0SmZkTjEyVmJmNUJ1VEluTVd0V3hZbXlxNktqMkRhMDZ5eDZOZU4tTjlQT3BvMTBJcXNiNWJ4VnJEU29tczZlSlQ1eVo5UGZNT1lqcFN1YVFONG5mRkNRYUNlQjlwcmxVMGstOE52VllFdWRDa3VJUXJiZmQ0YkIyQ29RTHFnZk8tX0Q0cWxTOWc0M1ljU0k5REtDU0FNc0QwQ09wZGtWVmx1dm5ETVlxOGhfNzRSekpnSGtXcWs0WXJrRVI2Z050TG5ZMUFyMzd6cS1KRmpYMW43LVFMcElfRE5yU1N5ZHFvcHhpc2VPYnpRT0x1UHc?oc=5"" target=""_blank"">US-headquartered sports technology company says Northern Ireland talent will power next phase of global innovation</a>&nbsp;&nbsp;<font color=""#6f6f6f"">Belfast News Letter</font>"
The Ashes 2025-26: Australia's Alex Carey reprieved by Snicko operator error - BBC,"Wed, 17 Dec 2025 08:00:00 GMT",BBC,https://news.google.com/rss/articles/CBMiZkFVX3lxTFBMVTQzNXh6VGx0aEd2Y2QzWXZtQml5bFRiejFfekNaczRmTklBRTRPSFZXV1BEUmJyZHBDUUlzM25tZndYV1VhSkJJVUJZaDEwYzU1WmFGZV9FWHhnZkV0YXVWYk1vQQ?oc=5,"<a href=""https://news.google.com/rss/articles/CBMiZkFVX3lxTFBMVTQzNXh6VGx0aEd2Y2QzWXZtQml5bFRiejFfekNaczRmTklBRTRPSFZXV1BEUmJyZHBDUUlzM25tZndYV1VhSkJJVUJZaDEwYzU1WmFGZV9FWHhnZkV0YXVWYk1vQQ?oc=5"" target=""_blank"">The Ashes 2025-26: Australia's Alex Carey reprieved by Snicko operator error</a>&nbsp;&nbsp;<font color=""#6f6f6f"">BBC</font>",UK sportswear technology,"<a href=""https://news.google.com/rss/articles/CBMiZkFVX3lxTFBMVTQzNXh6VGx0aEd2Y2QzWXZtQml5bFRiejFfekNaczRmTklBRTRPSFZXV1BEUmJyZHBDUUlzM25tZndYV1VhSkJJVUJZaDEwYzU1WmFGZV9FWHhnZkV0YXVWYk1vQQ?oc=5"" target=""_blank"">The Ashes 2025-26: Australia's Alex Carey reprieved by Snicko operator error</a>&nbsp;&nbsp;<font color=""#6f6f6f"">BBC</font>"
Study by Sports Technology student reveals cycle helmets are compromised by everyday use - Loughborough University,"Fri, 16 Apr 2021 07:00:00 GMT",Loughborough University,https://news.google.com/rss/articles/CBMinAFBVV95cUxOQzBsRVd0dWNBRnhKX2gyTlJGX3BwZzR0RGJ1c2ZsZDdSOThZbl9mYTNhQUN2MDYzNFBZU2ZzSm1xSnVzMDVyazhQenlOQ0VfV2huanFGVEE1YzlFSUVDa09JbTVHZ1dZcnUwUmJqVk5HeGliTVZLWnBhWEd3SEpQS285aTR1X3g3T1Z5NzdPdmpvbjJhREFIOGp3RWw?oc=5,"<a href=""https://news.google.com/rss/articles/CBMinAFBVV95cUxOQzBsRVd0dWNBRnhKX2gyTlJGX3BwZzR0RGJ1c2ZsZDdSOThZbl9mYTNhQUN2MDYzNFBZU2ZzSm1xSnVzMDVyazhQenlOQ0VfV2huanFGVEE1YzlFSUVDa09JbTVHZ1dZcnUwUmJqVk5HeGliTVZLWnBhWEd3SEpQS285aTR1X3g3T1Z5NzdPdmpvbjJhREFIOGp3RWw?oc=5"" target=""_blank"">Study by Sports Technology student reveals cycle helmets are compromised by everyday use</a>&nbsp;&nbsp;<font color=""#6f6f6f"">Loughborough University</font>",UK sportswear technology,"<a href=""https://news.google.com/rss/articles/CBMinAFBVV95cUxOQzBsRVd0dWNBRnhKX2gyTlJGX3BwZzR0RGJ1c2ZsZDdSOThZbl9mYTNhQUN2MDYzNFBZU2ZzSm1xSnVzMDVyazhQenlOQ0VfV2huanFGVEE1YzlFSUVDa09JbTVHZ1dZcnUwUmJqVk5HeGliTVZLWnBhWEd3SEpQS285aTR1X3g3T1Z5NzdPdmpvbjJhREFIOGp3RWw?oc=5"" target=""_blank"">Study by Sports Technology student reveals cycle helmets are compromised by everyday use</a>&nbsp;&nbsp;<font color=""#6f6f6f"">Loughborough University</font>"
October | mit-exchange | Sports Technology Institute - Loughborough University,"Mon, 19 Oct 2015 07:00:00 GMT",Loughborough University,https://news.google.com/rss/articles/CBMifEFVX3lxTE54NDE5SHJIX0pUY1lrTWZmZEozdU1sYmpsdTVRck5WcGlELUhtMjNZWlcwYnVHelpTOGFxdUNoeS1lOHV2c3MybEpkWWEtQURfSjV3RDRDWkRkSVFBWnhSM09BV0Ytbm11b3hZaGpLeDBLX05HbzROeTdLbUo?oc=5,"<a href=""https://news.google.com/rss/articles/CBMifEFVX3lxTE54NDE5SHJIX0pUY1lrTWZmZEozdU1sYmpsdTVRck5WcGlELUhtMjNZWlcwYnVHelpTOGFxdUNoeS1lOHV2c3MybEpkWWEtQURfSjV3RDRDWkRkSVFBWnhSM09BV0Ytbm11b3hZaGpLeDBLX05HbzROeTdLbUo?oc=5"" target=""_blank"">October | mit-exchange | Sports Technology Institute</a>&nbsp;&nbsp;<font color=""#6f6f6f"">Loughborough University</font>",UK sportswear technology,"<a href=""https://news.google.com/rss/articles/CBMifEFVX3lxTE54NDE5SHJIX0pUY1lrTWZmZEozdU1sYmpsdTVRck5WcGlELUhtMjNZWlcwYnVHelpTOGFxdUNoeS1lOHV2c3MybEpkWWEtQURfSjV3RDRDWkRkSVFBWnhSM09BV0Ytbm11b3hZaGpLeDBLX05HbzROeTdLbUo?oc=5"" target=""_blank"">October | mit-exchange | Sports Technology Institute</a>&nbsp;&nbsp;<font color=""#6f6f6f"">Loughborough University</font>"
Checkpoint Systems partners with JD Sports on RFID - Labels & Labeling,"Thu, 26 Feb 2026 08:00:00 GMT",Labels & Labeling,https://news.google.com/rss/articles/CBMipgFBVV95cUxOTTJ0dlVSZjNfN0I3cGNNSndpVXhSOE9UX21ONnUtSTNTd1FuNXlPN2ZyRk5VTHVRV1Fhb0tZUmdvS3lZQmhzNE5xc3FRU28tTVdVU3lkN0ZnUnBOM1ZxcWNidVhZNFBoV2kxME1lWjNHVjB2N2lhUVlkVmJqaVF3VkcxcVJGWmZEU2xPcWZzcjZNX2VvLUFIOXk5dkdXQV9UZXpHdW93?oc=5,"<a href=""https://news.google.com/rss/articles/CBMipgFBVV95cUxOTTJ0dlVSZjNfN0I3cGNNSndpVXhSOE9UX21ONnUtSTNTd1FuNXlPN2ZyRk5VTHVRV1Fhb0tZUmdvS3lZQmhzNE5xc3FRU28tTVdVU3lkN0ZnUnBOM1ZxcWNidVhZNFBoV2kxME1lWjNHVjB2N2lhUVlkVmJqaVF3VkcxcVJGWmZEU2xPcWZzcjZNX2VvLUFIOXk5dkdXQV9UZXpHdW93?oc=5"" target=""_blank"">Checkpoint Systems partners with JD Sports on RFID</a>&nbsp;&nbsp;<font color=""#6f6f6f"">Labels & Labeling</font>",UK sportswear technology,"<a href=""https://news.google.com/rss/articles/CBMipgFBVV95cUxOTTJ0dlVSZjNfN0I3cGNNSndpVXhSOE9UX21ONnUtSTNTd1FuNXlPN2ZyRk5VTHVRV1Fhb0tZUmdvS3lZQmhzNE5xc3FRU28tTVdVU3lkN0ZnUnBOM1ZxcWNidVhZNFBoV2kxME1lWjNHVjB2N2lhUVlkVmJqaVF3VkcxcVJGWmZEU2xPcWZzcjZNX2VvLUFIOXk5dkdXQV9UZXpHdW93?oc=5"" target=""_blank"">Checkpoint Systems partners with JD Sports on RFID</a>&nbsp;&nbsp;<font color=""#6f6f6f"">Labels & Labeling</font>"
Beyond protection: the growing role of instrumented mouthguards in sports | British Dental Journal - Nature,"Fri, 27 Feb 2026 08:00:00 GMT",Nature,https://news.google.com/rss/articles/CBMiXkFVX3lxTE0wMVdrQ051dmdEWFhzdEY1VWJ5WjljRWhkeVU0bndid0g1aEl5VmVHbm8wR3pZZEk4X2liWTNGbHFxbUxvVTJMYUFaeENCMHVndktjQlVMQjdwdVlUY1E?oc=5,"<a href=""https://news.google.com/rss/articles/CBMiXkFVX3lxTE0wMVdrQ051dmdEWFhzdEY1VWJ5WjljRWhkeVU0bndid0g1aEl5VmVHbm8wR3pZZEk4X2liWTNGbHFxbUxvVTJMYUFaeENCMHVndktjQlVMQjdwdVlUY1E?oc=5"" target=""_blank"">Beyond protection: the growing role of instrumented mouthguards in sports | British Dental Journal</a>&nbsp;&nbsp;<font color=""#6f6f6f"">Nature</font>",UK sportswear technology,"<a href=""https://news.google.com/rss/articles/CBMiXkFVX3lxTE0wMVdrQ051dmdEWFhzdEY1VWJ5WjljRWhkeVU0bndid0g1aEl5VmVHbm8wR3pZZEk4X2liWTNGbHFxbUxvVTJMYUFaeENCMHVndktjQlVMQjdwdVlUY1E?oc=5"" target=""_blank"">Beyond protection: the growing role of instrumented mouthguards in sports | British Dental Journal</a>&nbsp;&nbsp;<font color=""#6f6f6f"">Nature</font>"
August | 152-MME-Prizes | Sports Technology Institute - Loughborough University,"Fri, 29 Aug 2014 07:00:00 GMT",Loughborough University,https://news.google.com/rss/articles/CBMifkFVX3lxTE9UU05LeGdLUXJqdWVFb0hGQlMzOGoxbXBZNUVGaFpCVWx0aGpJYUZVT1NsVkFiRVFCVG4xS2d3eTJSZUhTcDJZR2JrcE5BNkVEeE5nS1dTSTUtMHVSYVJ1SUN0eWk3YmpHTUlUWjBEajNzMGJNbkNCcm9TRVNQdw?oc=5,"<a href=""https://news.google.com/rss/articles/CBMifkFVX3lxTE9UU05LeGdLUXJqdWVFb0hGQlMzOGoxbXBZNUVGaFpCVWx0aGpJYUZVT1NsVkFiRVFCVG4xS2d3eTJSZUhTcDJZR2JrcE5BNkVEeE5nS1dTSTUtMHVSYVJ1SUN0eWk3YmpHTUlUWjBEajNzMGJNbkNCcm9TRVNQdw?oc=5"" target=""_blank"">August | 152-MME-Prizes | Sports Technology Institute</a>&nbsp;&nbsp;<font color=""#6f6f6f"">Loughborough University</font>",UK sportswear technology,"<a href=""https://news.google.com/rss/articles/CBMifkFVX3lxTE9UU05LeGdLUXJqdWVFb0hGQlMzOGoxbXBZNUVGaFpCVWx0aGpJYUZVT1NsVkFiRVFCVG4xS2d3eTJSZUhTcDJZR2JrcE5BNkVEeE5nS1dTSTUtMHVSYVJ1SUN0eWk3YmpHTUlUWjBEajNzMGJNbkNCcm9TRVNQdw?oc=5"" target=""_blank"">August | 152-MME-Prizes | Sports Technology Institute</a>&nbsp;&nbsp;<font color=""#6f6f6f"">Loughborough University</font>"
Future of Football: Why ACL injuries have been on rise in women's game - and the technology and solutions to fix it - Sky Sports,"Tue, 20 Feb 2024 08:00:00 GMT",Sky Sports,https://news.google.com/rss/articles/CBMi-gFBVV95cUxQb19aODZKX0dNWmY3OG9fR1pCLUF4UHJGODZtRzhQMTF6dkR0bWhpWS1zcmFTMjUyQm1JRW1uR0REUDEzMGF6c2NJQkNFZERpNU9Jek02QlNZdXlPOG52azJOOFJ0TDliQjduQmJobWlVVTBEOTVMQktUVEFIY3hEd3ljMjFLd3h1QlJ0bHJxMXU3VjREX0Q0ZzNmeU9GUnc2TGxrbmNrZHFCM2RZaG1pOGRzTGpPa0UtY0dNVnhJVWlXQ3V0bF9FWTVodC1XR1JNMUlhM243a2xvV2FDTm1QbTlKUnY2b3RlRld2OHNlSDA3RVNfWGt4amx3?oc=5,"<a href=""https://news.google.com/rss/articles/CBMi-gFBVV95cUxQb19aODZKX0dNWmY3OG9fR1pCLUF4UHJGODZtRzhQMTF6dkR0bWhpWS1zcmFTMjUyQm1JRW1uR0REUDEzMGF6c2NJQkNFZERpNU9Jek02QlNZdXlPOG52azJOOFJ0TDliQjduQmJobWlVVTBEOTVMQktUVEFIY3hEd3ljMjFLd3h1QlJ0bHJxMXU3VjREX0Q0ZzNmeU9GUnc2TGxrbmNrZHFCM2RZaG1pOGRzTGpPa0UtY0dNVnhJVWlXQ3V0bF9FWTVodC1XR1JNMUlhM243a2xvV2FDTm1QbTlKUnY2b3RlRld2OHNlSDA3RVNfWGt4amx3?oc=5"" target=""_blank"">Future of Football: Why ACL injuries have been on rise in women's game - and the technology and solutions to fix it</a>&nbsp;&nbsp;<font color=""#6f6f6f"">Sky Sports</font>",UK sportswear technology,"<a href=""https://news.google.com/rss/articles/CBMi-gFBVV95cUxQb19aODZKX0dNWmY3OG9fR1pCLUF4UHJGODZtRzhQMTF6dkR0bWhpWS1zcmFTMjUyQm1JRW1uR0REUDEzMGF6c2NJQkNFZERpNU9Jek02QlNZdXlPOG52azJOOFJ0TDliQjduQmJobWlVVTBEOTVMQktUVEFIY3hEd3ljMjFLd3h1QlJ0bHJxMXU3VjREX0Q0ZzNmeU9GUnc2TGxrbmNrZHFCM2RZaG1pOGRzTGpPa0UtY0dNVnhJVWlXQ3V0bF9FWTVodC1XR1JNMUlhM243a2xvV2FDTm1QbTlKUnY2b3RlRld2OHNlSDA3RVNfWGt4amx3?oc=5"" target=""_blank"">Future of Football: Why ACL injuries have been on rise in women's game - and the technology and solutions to fix it</a>&nbsp;&nbsp;<font color=""#6f6f6f"">Sky Sports</font>"
Why British horseracing hack is a wakeup call for the sports industry - SportsPro,"Thu, 12 Jun 2025 07:00:00 GMT",SportsPro,https://news.google.com/rss/articles/CBMikAFBVV95cUxQNVJ3bnA4WmVBM3VGYmpNRzRwcXUxd3FyUzgzWTViY1BDaWtpX0FCSzdYMGpJMlhSUnFEOHRvTXlkakZHekVGV3lwVk9SOE1vUGgzN0gtODlsTElVNlN4TjlWNFpZOEU2RldqQTlNa0xROGJPN1VXbXdsbFlFU2d6cTZEOUNkajRIRk5yYnVuUVg?oc=5,"<a href=""https://news.google.com/rss/articles/CBMikAFBVV95cUxQNVJ3bnA4WmVBM3VGYmpNRzRwcXUxd3FyUzgzWTViY1BDaWtpX0FCSzdYMGpJMlhSUnFEOHRvTXlkakZHekVGV3lwVk9SOE1vUGgzN0gtODlsTElVNlN4TjlWNFpZOEU2RldqQTlNa0xROGJPN1VXbXdsbFlFU2d6cTZEOUNkajRIRk5yYnVuUVg?oc=5"" target=""_blank"">Why British horseracing hack is a wakeup call for the sports industry</a>&nbsp;&nbsp;<font color=""#6f6f6f"">SportsPro</font>",UK sportswear technology,"<a href=""https://news.google.com/rss/articles/CBMikAFBVV95cUxQNVJ3bnA4WmVBM3VGYmpNRzRwcXUxd3FyUzgzWTViY1BDaWtpX0FCSzdYMGpJMlhSUnFEOHRvTXlkakZHekVGV3lwVk9SOE1vUGgzN0gtODlsTElVNlN4TjlWNFpZOEU2RldqQTlNa0xROGJPN1VXbXdsbFlFU2d6cTZEOUNkajRIRk5yYnVuUVg?oc=5"" target=""_blank"">Why British horseracing hack is a wakeup call for the sports industry</a>&nbsp;&nbsp;<font color=""#6f6f6f"">SportsPro</font>"
Sports Direct owner defends live face-recognition camera use - bbc.co.uk,"Thu, 27 Apr 2023 07:00:00 GMT",bbc.co.uk,https://news.google.com/rss/articles/CBMiWkFVX3lxTFBSanhfSjl3cUZRS3JNSGZUSmk4Qzd3X3k1bUd2eFAyekZoclZMSVVac3Y1RnR5RjFVM3E4ZkZLYTlDTklTVlR5eWFaUzlTSnRORE5fMlpBcTdzUQ?oc=5,"<a href=""https://news.google.com/rss/articles/CBMiWkFVX3lxTFBSanhfSjl3cUZRS3JNSGZUSmk4Qzd3X3k1bUd2eFAyekZoclZMSVVac3Y1RnR5RjFVM3E4ZkZLYTlDTklTVlR5eWFaUzlTSnRORE5fMlpBcTdzUQ?oc=5"" target=""_blank"">Sports Direct owner defends live face-recognition camera use</a>&nbsp;&nbsp;<font color=""#6f6f6f"">bbc.co.uk</font>",UK sportswear technology,"<a href=""https://news.google.com/rss/articles/CBMiWkFVX3lxTFBSanhfSjl3cUZRS3JNSGZUSmk4Qzd3X3k1bUd2eFAyekZoclZMSVVac3Y1RnR5RjFVM3E4ZkZLYTlDTklTVlR5eWFaUzlTSnRORE5fMlpBcTdzUQ?oc=5"" target=""_blank"">Sports Direct owner defends live face-recognition camera use</a>&nbsp;&nbsp;<font color=""#6f6f6f"">bbc.co.uk</font>"
Appeal after two Sports Technology cars stolen in Fife - Fife Today,"Tue, 29 Mar 2022 07:00:00 GMT",Fife Today,https://news.google.com/rss/articles/CBMiowFBVV95cUxOdjBhVWdRM3RhUnFNdURKWlBoSlhucVdMeVVOTTFhRmh6czhwUmpPa2RLNm1UaDNTdjY1MlktTWR6ZVJDOUNQQzhMTXgyZVJSYUhucnk1cWU2MEg0MUllY29GWDBFQ3AzVDFFcHRTNWI2cDJVMGdMbGxGM0Nxa2ROcnh3NXNua3FNLW94QmJtTkxlQWZERmU3V2FjM05HNE9Ibk9v?oc=5,"<a href=""https://news.google.com/rss/articles/CBMiowFBVV95cUxOdjBhVWdRM3RhUnFNdURKWlBoSlhucVdMeVVOTTFhRmh6czhwUmpPa2RLNm1UaDNTdjY1MlktTWR6ZVJDOUNQQzhMTXgyZVJSYUhucnk1cWU2MEg0MUllY29GWDBFQ3AzVDFFcHRTNWI2cDJVMGdMbGxGM0Nxa2ROcnh3NXNua3FNLW94QmJtTkxlQWZERmU3V2FjM05HNE9Ibk9v?oc=5"" target=""_blank"">Appeal after two Sports Technology cars stolen in Fife</a>&nbsp;&nbsp;<font color=""#6f6f6f"">Fife Today</font>",UK sportswear technology,"<a href=""https://news.google.com/rss/articles/CBMiowFBVV95cUxOdjBhVWdRM3RhUnFNdURKWlBoSlhucVdMeVVOTTFhRmh6czhwUmpPa2RLNm1UaDNTdjY1MlktTWR6ZVJDOUNQQzhMTXgyZVJSYUhucnk1cWU2MEg0MUllY29GWDBFQ3AzVDFFcHRTNWI2cDJVMGdMbGxGM0Nxa2ROcnh3NXNua3FNLW94QmJtTkxlQWZERmU3V2FjM05HNE9Ibk9v?oc=5"" target=""_blank"">Appeal after two Sports Technology cars stolen in Fife</a>&nbsp;&nbsp;<font color=""#6f6f6f"">Fife Today</font>"
Precision Sports Technology: Tech for better exercise technique - Silicon Republic,"Mon, 07 Oct 2024 07:00:00 GMT",Silicon Republic,https://news.google.com/rss/articles/CBMikAFBVV95cUxPX2hYWFdCOXVkVi1EVFdFX1RrZWdqN0xDRUZWaVFmdHI3QkhxeVVzZk0zWE9FVWNsMFBSQVYzVVpfQjF6am5jSmtSWWRCSURJTjJvTGxEWmtCTWpBbkR2LTk2eXM3MHpvSkE0dmJUeFRWb0xxWjNIOXNXZWxRcm5iYW9IRkNjUUxSZzNlVEt4Tkw?oc=5,"<a href=""https://news.google.com/rss/articles/CBMikAFBVV95cUxPX2hYWFdCOXVkVi1EVFdFX1RrZWdqN0xDRUZWaVFmdHI3QkhxeVVzZk0zWE9FVWNsMFBSQVYzVVpfQjF6am5jSmtSWWRCSURJTjJvTGxEWmtCTWpBbkR2LTk2eXM3MHpvSkE0dmJUeFRWb0xxWjNIOXNXZWxRcm5iYW9IRkNjUUxSZzNlVEt4Tkw?oc=5"" target=""_blank"">Precision Sports Technology: Tech for better exercise technique</a>&nbsp;&nbsp;<font color=""#6f6f6f"">Silicon Republic</font>",UK sportswear technology,"<a href=""https://news.google.com/rss/articles/CBMikAFBVV95cUxPX2hYWFdCOXVkVi1EVFdFX1RrZWdqN0xDRUZWaVFmdHI3QkhxeVVzZk0zWE9FVWNsMFBSQVYzVVpfQjF6am5jSmtSWWRCSURJTjJvTGxEWmtCTWpBbkR2LTk2eXM3MHpvSkE0dmJUeFRWb0xxWjNIOXNXZWxRcm5iYW9IRkNjUUxSZzNlVEt4Tkw?oc=5"" target=""_blank"">Precision Sports Technology: Tech for better exercise technique</a>&nbsp;&nbsp;<font color=""#6f6f6f"">Silicon Republic</font>"
The wearable tech giving sports teams winning ways - BBC,"Fri, 15 Apr 2016 07:00:00 GMT",BBC,https://news.google.com/rss/articles/CBMiVEFVX3lxTFB4MGxrY0ZZemJuUlBiZkxacFcxRlIwbWFnYUZLTy14RTlBX3U4bE1KU1lzOXNiYkxEbjlMNVJvT3VmU2VvTzJrT200bHpLb05pMEJxQQ?oc=5,"<a href=""https://news.google.com/rss/articles/CBMiVEFVX3lxTFB4MGxrY0ZZemJuUlBiZkxacFcxRlIwbWFnYUZLTy14RTlBX3U4bE1KU1lzOXNiYkxEbjlMNVJvT3VmU2VvTzJrT200bHpLb05pMEJxQQ?oc=5"" target=""_blank"">The wearable tech giving sports teams winning ways</a>&nbsp;&nbsp;<font color=""#6f6f6f"">BBC</font>",UK sportswear technology,"<a href=""https://news.google.com/rss/articles/CBMiVEFVX3lxTFB4MGxrY0ZZemJuUlBiZkxacFcxRlIwbWFnYUZLTy14RTlBX3U4bE1KU1lzOXNiYkxEbjlMNVJvT3VmU2VvTzJrT200bHpLb05pMEJxQQ?oc=5"" target=""_blank"">The wearable tech giving sports teams winning ways</a>&nbsp;&nbsp;<font color=""#6f6f6f"">BBC</font>"
Capgemini to drive RFU’s technology evolution under new partnership - SportsMint Media,"Thu, 16 Apr 2026 07:00:00 GMT",SportsMint Media,https://news.google.com/rss/articles/CBMimwFBVV95cUxQU1NIZDFQOTcwWkdwLXd3eDRoQTlUa2doTWZpZTkwQXE2M1luQmlsQkIyV3k0MjItVFRvZEdhdDZsbHJQTzFhX2h3Wk9yN0NfRU94Mjlfb1JRb2hlaVRVRlc1Z25JcU8yMmNFM1BMR3NnY0tHZFI5RnVfYlA4NFhVYTJNc0FUbmdqZEpicUUxWGljcmM4cG5xMGZiSQ?oc=5,"<a href=""https://news.google.com/rss/articles/CBMimwFBVV95cUxQU1NIZDFQOTcwWkdwLXd3eDRoQTlUa2doTWZpZTkwQXE2M1luQmlsQkIyV3k0MjItVFRvZEdhdDZsbHJQTzFhX2h3Wk9yN0NfRU94Mjlfb1JRb2hlaVRVRlc1Z25JcU8yMmNFM1BMR3NnY0tHZFI5RnVfYlA4NFhVYTJNc0FUbmdqZEpicUUxWGljcmM4cG5xMGZiSQ?oc=5"" target=""_blank"">Capgemini to drive RFU’s technology evolution under new partnership</a>&nbsp;&nbsp;<font color=""#6f6f6f"">SportsMint Media</font>",UK sportswear technology,"<a href=""https://news.google.com/rss/articles/CBMimwFBVV95cUxQU1NIZDFQOTcwWkdwLXd3eDRoQTlUa2doTWZpZTkwQXE2M1luQmlsQkIyV3k0MjItVFRvZEdhdDZsbHJQTzFhX2h3Wk9yN0NfRU94Mjlfb1JRb2hlaVRVRlc1Z25JcU8yMmNFM1BMR3NnY0tHZFI5RnVfYlA4NFhVYTJNc0FUbmdqZEpicUUxWGljcmM4cG5xMGZiSQ?oc=5"" target=""_blank"">Capgemini to drive RFU’s technology evolution under new partnership</a>&nbsp;&nbsp;<font color=""#6f6f6f"">SportsMint Media</font>"
Sauber opens new technology centre ahead of Audi F1 takeover - Yahoo Sports,"Tue, 01 Jul 2025 07:00:00 GMT",Yahoo Sports,https://news.google.com/rss/articles/CBMijAFBVV95cUxQMGRQNTZFMUk2STJjSExHMFJ4OWtsbG9HdHpoQ2RxU3hFOVM2UlI5MWFaWEtGRDRwZk1Mem11Tl9OcTR0ZU9KLWNwVno1R19UYklfOS0wd29mR3E1Qkc5TEVwSklCX215cG5OWFh6M083dEl6c3pjZkdpbUszM1E0OGFrX0ZQR0VKczFEQg?oc=5,"<a href=""https://news.google.com/rss/articles/CBMijAFBVV95cUxQMGRQNTZFMUk2STJjSExHMFJ4OWtsbG9HdHpoQ2RxU3hFOVM2UlI5MWFaWEtGRDRwZk1Mem11Tl9OcTR0ZU9KLWNwVno1R19UYklfOS0wd29mR3E1Qkc5TEVwSklCX215cG5OWFh6M083dEl6c3pjZkdpbUszM1E0OGFrX0ZQR0VKczFEQg?oc=5"" target=""_blank"">Sauber opens new technology centre ahead of Audi F1 takeover</a>&nbsp;&nbsp;<font color=""#6f6f6f"">Yahoo Sports</font>",UK sportswear technology,"<a href=""https://news.google.com/rss/articles/CBMijAFBVV95cUxQMGRQNTZFMUk2STJjSExHMFJ4OWtsbG9HdHpoQ2RxU3hFOVM2UlI5MWFaWEtGRDRwZk1Mem11Tl9OcTR0ZU9KLWNwVno1R19UYklfOS0wd29mR3E1Qkc5TEVwSklCX215cG5OWFh6M083dEl6c3pjZkdpbUszM1E0OGFrX0ZQR0VKczFEQg?oc=5"" target=""_blank"">Sauber opens new technology centre ahead of Audi F1 takeover</a>&nbsp;&nbsp;<font color=""#6f6f6f"">Yahoo Sports</font>"
E-sports to become a medal event in 2022 Asian Games - BBC,"Tue, 18 Apr 2017 07:00:00 GMT",BBC,https://news.google.com/rss/articles/CBMiV0FVX3lxTE0xNGhyZkc4WWxJQ1RnVXFmek81WEVBS19PRFRfWF9vSFNCdHRjdUtSRm1GZ1UtTUVkNTJZaTMyR3BERFhLREdiVHBYTG9SNUgyY1J5ZjNPcw?oc=5,"<a href=""https://news.google.com/rss/articles/CBMiV0FVX3lxTE0xNGhyZkc4WWxJQ1RnVXFmek81WEVBS19PRFRfWF9vSFNCdHRjdUtSRm1GZ1UtTUVkNTJZaTMyR3BERFhLREdiVHBYTG9SNUgyY1J5ZjNPcw?oc=5"" target=""_blank"">E-sports to become a medal event in 2022 Asian Games</a>&nbsp;&nbsp;<font color=""#6f6f6f"">BBC</font>",UK sportswear technology,"<a href=""https://news.google.com/rss/articles/CBMiV0FVX3lxTE0xNGhyZkc4WWxJQ1RnVXFmek81WEVBS19PRFRfWF9vSFNCdHRjdUtSRm1GZ1UtTUVkNTJZaTMyR3BERFhLREdiVHBYTG9SNUgyY1J5ZjNPcw?oc=5"" target=""_blank"">E-sports to become a medal event in 2022 Asian Games</a>&nbsp;&nbsp;<font color=""#6f6f6f"">BBC</font>"
UK sports tech leader establishes Asia-Pacific HQ in Melbourne - Invest Victoria,"Mon, 10 Nov 2025 08:00:00 GMT",Invest Victoria,https://news.google.com/rss/articles/CBMixgFBVV95cUxPUHE4SlEzU3ZmQzE0UlJkbFhiaktvX0hfa0RWVjJrUk5CU0VwV21Ia3BjaHpuV0swUTNfQWxtdW14aVpnZGNUb00tSUhlQ08zZXJEemhTS3k4TmtLZEIydHdTc1dqSnViX01YVHh2VTBTQ0ItbldOdld2eDB0Q0NDUWlRSlZ2OHZzTjJETTlMWU9xSTZYenlFcno2RmZfaXJkVHZPbV9Qc29oY1JFWjZsV192TGNsUlI0ekFTb0c1WXU3cFpvS0E?oc=5,"<a href=""https://news.google.com/rss/articles/CBMixgFBVV95cUxPUHE4SlEzU3ZmQzE0UlJkbFhiaktvX0hfa0RWVjJrUk5CU0VwV21Ia3BjaHpuV0swUTNfQWxtdW14aVpnZGNUb00tSUhlQ08zZXJEemhTS3k4TmtLZEIydHdTc1dqSnViX01YVHh2VTBTQ0ItbldOdld2eDB0Q0NDUWlRSlZ2OHZzTjJETTlMWU9xSTZYenlFcno2RmZfaXJkVHZPbV9Qc29oY1JFWjZsV192TGNsUlI0ekFTb0c1WXU3cFpvS0E?oc=5"" target=""_blank"">UK sports tech leader establishes Asia-Pacific HQ in Melbourne</a>&nbsp;&nbsp;<font color=""#6f6f6f"">Invest Victoria</font>",UK sportswear technology,"<a href=""https://news.google.com/rss/articles/CBMixgFBVV95cUxPUHE4SlEzU3ZmQzE0UlJkbFhiaktvX0hfa0RWVjJrUk5CU0VwV21Ia3BjaHpuV0swUTNfQWxtdW14aVpnZGNUb00tSUhlQ08zZXJEemhTS3k4TmtLZEIydHdTc1dqSnViX01YVHh2VTBTQ0ItbldOdld2eDB0Q0NDUWlRSlZ2OHZzTjJETTlMWU9xSTZYenlFcno2RmZfaXJkVHZPbV9Qc29oY1JFWjZsV192TGNsUlI0ekFTb0c1WXU3cFpvS0E?oc=5"" target=""_blank"">UK sports tech leader establishes Asia-Pacific HQ in Melbourne</a>&nbsp;&nbsp;<font color=""#6f6f6f"">Invest Victoria</font>"
Fortnite: UK player finishes second in e-sports World Cup - bbc.co.uk,"Sun, 28 Jul 2019 07:00:00 GMT",bbc.co.uk,https://news.google.com/rss/articles/CBMiWkFVX3lxTE9Ld2pJLU9henFmdTdhVEx1cHJVXzZrcE5JamdMd2FKeGFGS0hZdGxqUU1wSmNDLW9lUWMtSjd0MnB0bk50X1NsMThJMXRlaWxKVzI4Y0lvcnVsUQ?oc=5,"<a href=""https://news.google.com/rss/articles/CBMiWkFVX3lxTE9Ld2pJLU9henFmdTdhVEx1cHJVXzZrcE5JamdMd2FKeGFGS0hZdGxqUU1wSmNDLW9lUWMtSjd0MnB0bk50X1NsMThJMXRlaWxKVzI4Y0lvcnVsUQ?oc=5"" target=""_blank"">Fortnite: UK player finishes second in e-sports World Cup</a>&nbsp;&nbsp;<font color=""#6f6f6f"">bbc.co.uk</font>",UK sportswear technology,"<a href=""https://news.google.com/rss/articles/CBMiWkFVX3lxTE9Ld2pJLU9henFmdTdhVEx1cHJVXzZrcE5JamdMd2FKeGFGS0hZdGxqUU1wSmNDLW9lUWMtSjd0MnB0bk50X1NsMThJMXRlaWxKVzI4Y0lvcnVsUQ?oc=5"" target=""_blank"">Fortnite: UK player finishes second in e-sports World Cup</a>&nbsp;&nbsp;<font color=""#6f6f6f"">bbc.co.uk</font>"
Under the skin: The science behind Lotus's E-Sports architecture - Autocar,"Mon, 18 Oct 2021 07:00:00 GMT",Autocar,https://news.google.com/rss/articles/CBMiqAFBVV95cUxNVWFFS3pKWUxMOHJRV052Y21QRGxEQUR5LTVYVjNyZ1RUTXhZdUxta0ZyanZxTnJXQ1JzamY5WWoyUmtLT2hoOHNra2oybGxnaFVQZkJINnNTaGNKNnVHOHkxWUpoeGtYUkgxRjEzdW02cTYzNTJLT292WUE1ZTFxN3JuMk9JMl9CWW9MRTVmNlp2SC1EWTFGN0wxOThZYXJxcGtXZ2J0eko?oc=5,"<a href=""https://news.google.com/rss/articles/CBMiqAFBVV95cUxNVWFFS3pKWUxMOHJRV052Y21QRGxEQUR5LTVYVjNyZ1RUTXhZdUxta0ZyanZxTnJXQ1JzamY5WWoyUmtLT2hoOHNra2oybGxnaFVQZkJINnNTaGNKNnVHOHkxWUpoeGtYUkgxRjEzdW02cTYzNTJLT292WUE1ZTFxN3JuMk9JMl9CWW9MRTVmNlp2SC1EWTFGN0wxOThZYXJxcGtXZ2J0eko?oc=5"" target=""_blank"">Under the skin: The science behind Lotus's E-Sports architecture</a>&nbsp;&nbsp;<font color=""#6f6f6f"">Autocar</font>",UK sportswear technology,"<a href=""https://news.google.com/rss/articles/CBMiqAFBVV95cUxNVWFFS3pKWUxMOHJRV052Y21QRGxEQUR5LTVYVjNyZ1RUTXhZdUxta0ZyanZxTnJXQ1JzamY5WWoyUmtLT2hoOHNra2oybGxnaFVQZkJINnNTaGNKNnVHOHkxWUpoeGtYUkgxRjEzdW02cTYzNTJLT292WUE1ZTFxN3JuMk9JMl9CWW9MRTVmNlp2SC1EWTFGN0wxOThZYXJxcGtXZ2J0eko?oc=5"" target=""_blank"">Under the skin: The science behind Lotus's E-Sports architecture</a>&nbsp;&nbsp;<font color=""#6f6f6f"">Autocar</font>"
Manchester City sign first e-sports player - BBC,"Thu, 07 Jul 2016 07:00:00 GMT",BBC,https://news.google.com/rss/articles/CBMiV0FVX3lxTE9QR2kyRzd6NmJVOXBydnM1ZjVhN2JRUkFHZjRoTllnNU45ZXV5b3NhM3dNTkVUWFBKc0FEYTRyU095RXl6WFBlY0hxc1JlaVdkc1ZhQm9tWQ?oc=5,"<a href=""https://news.google.com/rss/articles/CBMiV0FVX3lxTE9QR2kyRzd6NmJVOXBydnM1ZjVhN2JRUkFHZjRoTllnNU45ZXV5b3NhM3dNTkVUWFBKc0FEYTRyU095RXl6WFBlY0hxc1JlaVdkc1ZhQm9tWQ?oc=5"" target=""_blank"">Manchester City sign first e-sports player</a>&nbsp;&nbsp;<font color=""#6f6f6f"">BBC</font>",UK sportswear technology,"<a href=""https://news.google.com/rss/articles/CBMiV0FVX3lxTE9QR2kyRzd6NmJVOXBydnM1ZjVhN2JRUkFHZjRoTllnNU45ZXV5b3NhM3dNTkVUWFBKc0FEYTRyU095RXl6WFBlY0hxc1JlaVdkc1ZhQm9tWQ?oc=5"" target=""_blank"">Manchester City sign first e-sports player</a>&nbsp;&nbsp;<font color=""#6f6f6f"">BBC</font>"
2019 Yahoo Sports Technology Awards Shortlist Revealed - Yahoo Sports UK,"Fri, 01 Feb 2019 08:00:00 GMT",Yahoo Sports UK,https://news.google.com/rss/articles/CBMipAFBVV95cUxNV2xmc0dEeFJSbnZvbVhSbnp1UjBGczVxekdMYkpudFFxb1cxS3Zha1JNUFB2dlg3VGExUUJ1MFh2VkdhVDRhS3dvV2lUX01wTG90NThOR21WeGlZbFc2eFN3NEs3bVhuQVA4dVVqLWw5MDVhelNHaTVNWEFDcUVaTThPeXR1VWlGZkFoOGktbGhxTFJRazNCMHJHWTZKZV90bjVPMg?oc=5,"<a href=""https://news.google.com/rss/articles/CBMipAFBVV95cUxNV2xmc0dEeFJSbnZvbVhSbnp1UjBGczVxekdMYkpudFFxb1cxS3Zha1JNUFB2dlg3VGExUUJ1MFh2VkdhVDRhS3dvV2lUX01wTG90NThOR21WeGlZbFc2eFN3NEs3bVhuQVA4dVVqLWw5MDVhelNHaTVNWEFDcUVaTThPeXR1VWlGZkFoOGktbGhxTFJRazNCMHJHWTZKZV90bjVPMg?oc=5"" target=""_blank"">2019 Yahoo Sports Technology Awards Shortlist Revealed</a>&nbsp;&nbsp;<font color=""#6f6f6f"">Yahoo Sports UK</font>",UK sportswear technology,"<a href=""https://news.google.com/rss/articles/CBMipAFBVV95cUxNV2xmc0dEeFJSbnZvbVhSbnp1UjBGczVxekdMYkpudFFxb1cxS3Zha1JNUFB2dlg3VGExUUJ1MFh2VkdhVDRhS3dvV2lUX01wTG90NThOR21WeGlZbFc2eFN3NEs3bVhuQVA4dVVqLWw5MDVhelNHaTVNWEFDcUVaTThPeXR1VWlGZkFoOGktbGhxTFJRazNCMHJHWTZKZV90bjVPMg?oc=5"" target=""_blank"">2019 Yahoo Sports Technology Awards Shortlist Revealed</a>&nbsp;&nbsp;<font color=""#6f6f6f"">Yahoo Sports UK</font>"
Data shows 4.3% of UK iPhone owners are using sports betting apps - The Guardian,"Wed, 19 Jun 2013 07:00:00 GMT",The Guardian,https://news.google.com/rss/articles/CBMiiwFBVV95cUxPZ01pX05Sbm5DTWFzUS05NGl4UmxBVXhwWjBFZHdtQWttZmtnXzRLb1NtQjN4WlBEQldUTWg2QXFxNEZpdmhyWkJsQk1XT0szSHFPUW1VNllqZFZGbmkxUXZOZXAwNjVhZGZwSUFjWS1jOW4yWUNvVzZ2ZTVkQUs3ZlNHTkc3RDFKaV84?oc=5,"<a href=""https://news.google.com/rss/articles/CBMiiwFBVV95cUxPZ01pX05Sbm5DTWFzUS05NGl4UmxBVXhwWjBFZHdtQWttZmtnXzRLb1NtQjN4WlBEQldUTWg2QXFxNEZpdmhyWkJsQk1XT0szSHFPUW1VNllqZFZGbmkxUXZOZXAwNjVhZGZwSUFjWS1jOW4yWUNvVzZ2ZTVkQUs3ZlNHTkc3RDFKaV84?oc=5"" target=""_blank"">Data shows 4.3% of UK iPhone owners are using sports betting apps</a>&nbsp;&nbsp;<font color=""#6f6f6f"">The Guardian</font>",UK sportswear technology,"<a href=""https://news.google.com/rss/articles/CBMiiwFBVV95cUxPZ01pX05Sbm5DTWFzUS05NGl4UmxBVXhwWjBFZHdtQWttZmtnXzRLb1NtQjN4WlBEQldUTWg2QXFxNEZpdmhyWkJsQk1XT0szSHFPUW1VNllqZFZGbmkxUXZOZXAwNjVhZGZwSUFjWS1jOW4yWUNvVzZ2ZTVkQUs3ZlNHTkc3RDFKaV84?oc=5"" target=""_blank"">Data shows 4.3% of UK iPhone owners are using sports betting apps</a>&nbsp;&nbsp;<font color=""#6f6f6f"">The Guardian</font>"
Geoff Hurst's crucial second goal in the World Cup final comes under the MNF microscope - Sky Sports,"Tue, 05 Jan 2016 08:00:00 GMT",Sky Sports,https://news.google.com/rss/articles/CBMi4AFBVV95cUxQN1I2QkQzMWExWnliYV9RM3NYZ2lpSXNmNHU2ZENVdXZkVjZKTjVKQS1yRkc4NTZBcExwcEVGb24tNThONEM4XzFMUDFMOWtVZkUxYXVVaVA2VzNlZGdIV3RiYTdaS2dTTnpKc1dvcG96OWMyUXRmZnhmSlo3a3RiU3FzQVlSNDF2d2xvVFRrZ0RhSDZlYVpwSjdHZUJiYTdCSGJfQndmWTkxdVo0bllqNWNuNWNvOUtnaXM2UEJ1cnRzNkZrM0xSQkNyazZraGZ5aHFOelBlZjVpaHM4Q3MzSQ?oc=5,"<a href=""https://news.google.com/rss/articles/CBMi4AFBVV95cUxQN1I2QkQzMWExWnliYV9RM3NYZ2lpSXNmNHU2ZENVdXZkVjZKTjVKQS1yRkc4NTZBcExwcEVGb24tNThONEM4XzFMUDFMOWtVZkUxYXVVaVA2VzNlZGdIV3RiYTdaS2dTTnpKc1dvcG96OWMyUXRmZnhmSlo3a3RiU3FzQVlSNDF2d2xvVFRrZ0RhSDZlYVpwSjdHZUJiYTdCSGJfQndmWTkxdVo0bllqNWNuNWNvOUtnaXM2UEJ1cnRzNkZrM0xSQkNyazZraGZ5aHFOelBlZjVpaHM4Q3MzSQ?oc=5"" target=""_blank"">Geoff Hurst's crucial second goal in the World Cup final comes under the MNF microscope</a>&nbsp;&nbsp;<font color=""#6f6f6f"">Sky Sports</font>",UK sportswear technology,"<a href=""https://news.google.com/rss/articles/CBMi4AFBVV95cUxQN1I2QkQzMWExWnliYV9RM3NYZ2lpSXNmNHU2ZENVdXZkVjZKTjVKQS1yRkc4NTZBcExwcEVGb24tNThONEM4XzFMUDFMOWtVZkUxYXVVaVA2VzNlZGdIV3RiYTdaS2dTTnpKc1dvcG96OWMyUXRmZnhmSlo3a3RiU3FzQVlSNDF2d2xvVFRrZ0RhSDZlYVpwSjdHZUJiYTdCSGJfQndmWTkxdVo0bllqNWNuNWNvOUtnaXM2UEJ1cnRzNkZrM0xSQkNyazZraGZ5aHFOelBlZjVpaHM4Q3MzSQ?oc=5"" target=""_blank"">Geoff Hurst's crucial second goal in the World Cup final comes under the MNF microscope</a>&nbsp;&nbsp;<font color=""#6f6f6f"">Sky Sports</font>"
Zaha Hadid Architects Unveils Designs for Sports-Centered Eco Technology Hub in England - ArchDaily,"Thu, 06 Apr 2017 07:00:00 GMT",ArchDaily,https://news.google.com/rss/articles/CBMivAFBVV95cUxNbGdXZVZncVRGcUhCeXpCUkE0eDRkVWdfVjl6OXZfblVkcXBSdUVZLWtjOWotQUhtM182cEc2aC05dXc4azFTeEdJYzU3THB2UUROSmV0OWVwd1o3ZldJX0tZZ0xhT24tRjcyUEViR295Ul9MX282T1ZabTNSMUdkNXluNVRWbTRJeFpMS2U3OUVsd3pLU2wyRGoyOFNtNVpUYWhSVGhaMGdqMHJGZm9hZS1JVTVzQnlJbXJ0dw?oc=5,"<a href=""https://news.google.com/rss/articles/CBMivAFBVV95cUxNbGdXZVZncVRGcUhCeXpCUkE0eDRkVWdfVjl6OXZfblVkcXBSdUVZLWtjOWotQUhtM182cEc2aC05dXc4azFTeEdJYzU3THB2UUROSmV0OWVwd1o3ZldJX0tZZ0xhT24tRjcyUEViR295Ul9MX282T1ZabTNSMUdkNXluNVRWbTRJeFpMS2U3OUVsd3pLU2wyRGoyOFNtNVpUYWhSVGhaMGdqMHJGZm9hZS1JVTVzQnlJbXJ0dw?oc=5"" target=""_blank"">Zaha Hadid Architects Unveils Designs for Sports-Centered Eco Technology Hub in England</a>&nbsp;&nbsp;<font color=""#6f6f6f"">ArchDaily</font>",UK sportswear technology,"<a href=""https://news.google.com/rss/articles/CBMivAFBVV95cUxNbGdXZVZncVRGcUhCeXpCUkE0eDRkVWdfVjl6OXZfblVkcXBSdUVZLWtjOWotQUhtM182cEc2aC05dXc4azFTeEdJYzU3THB2UUROSmV0OWVwd1o3ZldJX0tZZ0xhT24tRjcyUEViR295Ul9MX282T1ZabTNSMUdkNXluNVRWbTRJeFpMS2U3OUVsd3pLU2wyRGoyOFNtNVpUYWhSVGhaMGdqMHJGZm9hZS1JVTVzQnlJbXJ0dw?oc=5"" target=""_blank"">Zaha Hadid Architects Unveils Designs for Sports-Centered Eco Technology Hub in England</a>&nbsp;&nbsp;<font color=""#6f6f6f"">ArchDaily</font>"
Yahoo Sports Technology Awards adds leading figures from sport and business to judging panel - Yahoo Sports UK,"Mon, 19 Nov 2018 08:00:00 GMT",Yahoo Sports UK,https://news.google.com/rss/articles/CBMixwFBVV95cUxOUzJQQlhJbzUxdjFzOWhkOHozNkw4Sjd0NWFkRXJ3RG84bVBjZlhpNmt0YXItdjF3OFJEUDAtelZWcUhqTFQ5eWFOakQ5TmNtU0VzMVg2VTFYeXlqdDRhTEJ2VEhNc0lTRnZYN3prU3VRaDdiVEZOYW8zX1cwdlZ6Mm5vMzZaUGJUY29FakV5TC1HOEdicEpYUTV2OF8xUjRvU1FJNWotS2FqRmI3cXRQeFNsVzdHMHg1dEYtQ3EzY05IaUpUSmpj?oc=5,"<a href=""https://news.google.com/rss/articles/CBMixwFBVV95cUxOUzJQQlhJbzUxdjFzOWhkOHozNkw4Sjd0NWFkRXJ3RG84bVBjZlhpNmt0YXItdjF3OFJEUDAtelZWcUhqTFQ5eWFOakQ5TmNtU0VzMVg2VTFYeXlqdDRhTEJ2VEhNc0lTRnZYN3prU3VRaDdiVEZOYW8zX1cwdlZ6Mm5vMzZaUGJUY29FakV5TC1HOEdicEpYUTV2OF8xUjRvU1FJNWotS2FqRmI3cXRQeFNsVzdHMHg1dEYtQ3EzY05IaUpUSmpj?oc=5"" target=""_blank"">Yahoo Sports Technology Awards adds leading figures from sport and business to judging panel</a>&nbsp;&nbsp;<font color=""#6f6f6f"">Yahoo Sports UK</font>",UK sportswear technology,"<a href=""https://news.google.com/rss/articles/CBMixwFBVV95cUxOUzJQQlhJbzUxdjFzOWhkOHozNkw4Sjd0NWFkRXJ3RG84bVBjZlhpNmt0YXItdjF3OFJEUDAtelZWcUhqTFQ5eWFOakQ5TmNtU0VzMVg2VTFYeXlqdDRhTEJ2VEhNc0lTRnZYN3prU3VRaDdiVEZOYW8zX1cwdlZ6Mm5vMzZaUGJUY29FakV5TC1HOEdicEpYUTV2OF8xUjRvU1FJNWotS2FqRmI3cXRQeFNsVzdHMHg1dEYtQ3EzY05IaUpUSmpj?oc=5"" target=""_blank"">Yahoo Sports Technology Awards adds leading figures from sport and business to judging panel</a>&nbsp;&nbsp;<font color=""#6f6f6f"">Yahoo Sports UK</font>"
Meltdown: the UK’s first e-sports bar - The Guardian,"Sun, 12 Oct 2014 07:00:00 GMT",The Guardian,https://news.google.com/rss/articles/CBMioAFBVV95cUxOdGdXSDY0OXBmYXMzQmxHekdGSWhvV1MyWU9lTUtpMkppUTFidV9zNU43MWhJZlFKdWJxUEtmVXNXNHowYVpvLXNZUjdjRE9ONVhsQmxrUVlIYVZpNEl6djYxUFhWalZVUWN1Vlg1RGdRT19NMHE5YWZ4MXBLNF9zaGV1RlRaZnNJZHlDdWlMamp0TFhxZDBlRGlVSFhmaXZr?oc=5,"<a href=""https://news.google.com/rss/articles/CBMioAFBVV95cUxOdGdXSDY0OXBmYXMzQmxHekdGSWhvV1MyWU9lTUtpMkppUTFidV9zNU43MWhJZlFKdWJxUEtmVXNXNHowYVpvLXNZUjdjRE9ONVhsQmxrUVlIYVZpNEl6djYxUFhWalZVUWN1Vlg1RGdRT19NMHE5YWZ4MXBLNF9zaGV1RlRaZnNJZHlDdWlMamp0TFhxZDBlRGlVSFhmaXZr?oc=5"" target=""_blank"">Meltdown: the UK’s first e-sports bar</a>&nbsp;&nbsp;<font color=""#6f6f6f"">The Guardian</font>",UK sportswear technology,"<a href=""https://news.google.com/rss/articles/CBMioAFBVV95cUxOdGdXSDY0OXBmYXMzQmxHekdGSWhvV1MyWU9lTUtpMkppUTFidV9zNU43MWhJZlFKdWJxUEtmVXNXNHowYVpvLXNZUjdjRE9ONVhsQmxrUVlIYVZpNEl6djYxUFhWalZVUWN1Vlg1RGdRT19NMHE5YWZ4MXBLNF9zaGV1RlRaZnNJZHlDdWlMamp0TFhxZDBlRGlVSFhmaXZr?oc=5"" target=""_blank"">Meltdown: the UK’s first e-sports bar</a>&nbsp;&nbsp;<font color=""#6f6f6f"">The Guardian</font>"
"Chrisland School Steps Up Technology In Learning, Partners UK Firm On E-sports - Independent Newspaper Nigeria","Sun, 21 Jul 2024 07:00:00 GMT",Independent Newspaper Nigeria,https://news.google.com/rss/articles/CBMiowFBVV95cUxQVC1NanJPQnVvMUJxS3VweEdYZHNTNGtMR2F3eEVuY3BzQzJPMDJEWnNpNVc4RUVLYVNTbGZMaHN2NFRNc1VlWEVpRjNHbFItY0tWUlpfcGhRcndrdTRiY1Vvb1ctQWNldXZsVl81TzM2aVFFZWZ5ekVJTWF6YjBTZTA3X1lvY1Yxblp4cjRtY2NGSklDWXgtODFZblRyYklGRElB?oc=5,"<a href=""https://news.google.com/rss/articles/CBMiowFBVV95cUxQVC1NanJPQnVvMUJxS3VweEdYZHNTNGtMR2F3eEVuY3BzQzJPMDJEWnNpNVc4RUVLYVNTbGZMaHN2NFRNc1VlWEVpRjNHbFItY0tWUlpfcGhRcndrdTRiY1Vvb1ctQWNldXZsVl81TzM2aVFFZWZ5ekVJTWF6YjBTZTA3X1lvY1Yxblp4cjRtY2NGSklDWXgtODFZblRyYklGRElB?oc=5"" target=""_blank"">Chrisland School Steps Up Technology In Learning, Partners UK Firm On E-sports</a>&nbsp;&nbsp;<font color=""#6f6f6f"">Independent Newspaper Nigeria</font>",UK sportswear technology,"<a href=""https://news.google.com/rss/articles/CBMiowFBVV95cUxQVC1NanJPQnVvMUJxS3VweEdYZHNTNGtMR2F3eEVuY3BzQzJPMDJEWnNpNVc4RUVLYVNTbGZMaHN2NFRNc1VlWEVpRjNHbFItY0tWUlpfcGhRcndrdTRiY1Vvb1ctQWNldXZsVl81TzM2aVFFZWZ5ekVJTWF6YjBTZTA3X1lvY1Yxblp4cjRtY2NGSklDWXgtODFZblRyYklGRElB?oc=5"" target=""_blank"">Chrisland School Steps Up Technology In Learning, Partners UK Firm On E-sports</a>&nbsp;&nbsp;<font color=""#6f6f6f"">Independent Newspaper Nigeria</font>"
Technology | Green sports car set for launch - BBC,"Mon, 03 Mar 2008 08:00:00 GMT",BBC,https://news.google.com/rss/articles/CBMiXkFVX3lxTE84SWp4aEJOc09yXzI3UndHMGpCYlotT2VFMmEzWmRMN2NIT1Z1SVB0d3N1aU44N0swTG5KNlFYUlllOEMzLWxZRG9FVVM0YjhQZ1hZUGhjZzJqQ3duc3c?oc=5,"<a href=""https://news.google.com/rss/articles/CBMiXkFVX3lxTE84SWp4aEJOc09yXzI3UndHMGpCYlotT2VFMmEzWmRMN2NIT1Z1SVB0d3N1aU44N0swTG5KNlFYUlllOEMzLWxZRG9FVVM0YjhQZ1hZUGhjZzJqQ3duc3c?oc=5"" target=""_blank"">Technology | Green sports car set for launch</a>&nbsp;&nbsp;<font color=""#6f6f6f"">BBC</font>",UK sportswear technology,"<a href=""https://news.google.com/rss/articles/CBMiXkFVX3lxTE84SWp4aEJOc09yXzI3UndHMGpCYlotT2VFMmEzWmRMN2NIT1Z1SVB0d3N1aU44N0swTG5KNlFYUlllOEMzLWxZRG9FVVM0YjhQZ1hZUGhjZzJqQ3duc3c?oc=5"" target=""_blank"">Technology | Green sports car set for launch</a>&nbsp;&nbsp;<font color=""#6f6f6f"">BBC</font>"
"Andrew Grimshaw: Driving Innovation Across iGaming, Digital Marketing, and Sports Technology - buzblog.co.uk","Thu, 14 Aug 2025 07:00:00 GMT",buzblog.co.uk,https://news.google.com/rss/articles/CBMiT0FVX3lxTE1TQklfNXg3a0wwQk8zTWxBbmVpR3BBRFFoUjJiM0Y2TWJMSm5lYnpfRm9EU0kwakVlZ3pMdGJUWmJucjR5dVhBOWxxSkhHNms?oc=5,"<a href=""https://news.google.com/rss/articles/CBMiT0FVX3lxTE1TQklfNXg3a0wwQk8zTWxBbmVpR3BBRFFoUjJiM0Y2TWJMSm5lYnpfRm9EU0kwakVlZ3pMdGJUWmJucjR5dVhBOWxxSkhHNms?oc=5"" target=""_blank"">Andrew Grimshaw: Driving Innovation Across iGaming, Digital Marketing, and Sports Technology</a>&nbsp;&nbsp;<font color=""#6f6f6f"">buzblog.co.uk</font>",UK sportswear technology,"<a href=""https://news.google.com/rss/articles/CBMiT0FVX3lxTE1TQklfNXg3a0wwQk8zTWxBbmVpR3BBRFFoUjJiM0Y2TWJMSm5lYnpfRm9EU0kwakVlZ3pMdGJUWmJucjR5dVhBOWxxSkhHNms?oc=5"" target=""_blank"">Andrew Grimshaw: Driving Innovation Across iGaming, Digital Marketing, and Sports Technology</a>&nbsp;&nbsp;<font color=""#6f6f6f"">buzblog.co.uk</font>"
19 activewear brands that actually encourage me to work out - Glamour UK,"Tue, 28 Jul 2026 07:00:00 GMT",Glamour UK,https://news.google.com/rss/articles/CBMiiwFBVV95cUxPaWU4SUlySjRpbnZ2NGZ4TGxPRzZGTVVZSDJIWnozMWlUWVNaWHpPdElCOXJDQ3VIZUVFQ1M2cjgtUmdzb052WlFsaUdYWmoydDNyeDM3ODdPUnhYMDM0YjRVM0JQb1phWV9zTjk3Znl0VGdUZmFGV3RzS3lqVEVLOFI0a0ZUbTNobVlZ?oc=5,"<a href=""https://news.google.com/rss/articles/CBMiiwFBVV95cUxPaWU4SUlySjRpbnZ2NGZ4TGxPRzZGTVVZSDJIWnozMWlUWVNaWHpPdElCOXJDQ3VIZUVFQ1M2cjgtUmdzb052WlFsaUdYWmoydDNyeDM3ODdPUnhYMDM0YjRVM0JQb1phWV9zTjk3Znl0VGdUZmFGV3RzS3lqVEVLOFI0a0ZUbTNobVlZ?oc=5"" target=""_blank"">19 activewear brands that actually encourage me to work out</a>&nbsp;&nbsp;<font color=""#6f6f6f"">Glamour UK</font>",UK activewear technology,"<a href=""https://news.google.com/rss/articles/CBMiiwFBVV95cUxPaWU4SUlySjRpbnZ2NGZ4TGxPRzZGTVVZSDJIWnozMWlUWVNaWHpPdElCOXJDQ3VIZUVFQ1M2cjgtUmdzb052WlFsaUdYWmoydDNyeDM3ODdPUnhYMDM0YjRVM0JQb1phWV9zTjk3Znl0VGdUZmFGV3RzS3lqVEVLOFI0a0ZUbTNobVlZ?oc=5"" target=""_blank"">19 activewear brands that actually encourage me to work out</a>&nbsp;&nbsp;<font color=""#6f6f6f"">Glamour UK</font>"
"Best activewear brands for women, from high street to luxury - The Independent","Tue, 07 Jul 2026 07:00:00 GMT",The Independent,https://news.google.com/rss/articles/CBMi0AFBVV95cUxOTXdOWk5US0xCVmdQMUlndDZaU1U1Wk1WT3NtT3hKZEgzbXBxY2hmUXNMVzBVRVI5WlpqdkFyZ2MxWnJGZHotdVNfd2ttS293TE1EUzI1cVBJU0JWLV84bGxKcHB4MEZaV2Z5LXJhcGY1bDZ3LU5RbWlRYXZzaExvU1JvaVduaHUzRkpuN2VsVjI1eUJuRUVtS2NBLVhrQWxFdFhpbldzSXhtVHdwc0hvRlRhM0ZSYXZRU09PNktWbHMyUHNvYWRZYWs5aWViNDBN?oc=5,"<a href=""https://news.google.com/rss/articles/CBMi0AFBVV95cUxOTXdOWk5US0xCVmdQMUlndDZaU1U1Wk1WT3NtT3hKZEgzbXBxY2hmUXNMVzBVRVI5WlpqdkFyZ2MxWnJGZHotdVNfd2ttS293TE1EUzI1cVBJU0JWLV84bGxKcHB4MEZaV2Z5LXJhcGY1bDZ3LU5RbWlRYXZzaExvU1JvaVduaHUzRkpuN2VsVjI1eUJuRUVtS2NBLVhrQWxFdFhpbldzSXhtVHdwc0hvRlRhM0ZSYXZRU09PNktWbHMyUHNvYWRZYWs5aWViNDBN?oc=5"" target=""_blank"">Best activewear brands for women, from high street to luxury</a>&nbsp;&nbsp;<font color=""#6f6f6f"">The Independent</font>",UK activewear technology,"<a href=""https://news.google.com/rss/articles/CBMi0AFBVV95cUxOTXdOWk5US0xCVmdQMUlndDZaU1U1Wk1WT3NtT3hKZEgzbXBxY2hmUXNMVzBVRVI5WlpqdkFyZ2MxWnJGZHotdVNfd2ttS293TE1EUzI1cVBJU0JWLV84bGxKcHB4MEZaV2Z5LXJhcGY1bDZ3LU5RbWlRYXZzaExvU1JvaVduaHUzRkpuN2VsVjI1eUJuRUVtS2NBLVhrQWxFdFhpbldzSXhtVHdwc0hvRlRhM0ZSYXZRU09PNktWbHMyUHNvYWRZYWs5aWViNDBN?oc=5"" target=""_blank"">Best activewear brands for women, from high street to luxury</a>&nbsp;&nbsp;<font color=""#6f6f6f"">The Independent</font>"
16 Best Activewear Brands To Get You Into Gear In 2026 - British Vogue,"Mon, 05 Jan 2026 08:00:00 GMT",British Vogue,https://news.google.com/rss/articles/CBMiZkFVX3lxTE5OZTUxbUI1dnlJNjQ2ZlNMNjVUaWZWR0RIQ01fNDlHeUtnRC1FSGZYQlpZZ0VXQ2ZQaGJDcHFybDVpN0F4Sjc3ZEFDRi1obEJrTDlodVliMGVFSXdFZDRDV1B1S05HZw?oc=5,"<a href=""https://news.google.com/rss/articles/CBMiZkFVX3lxTE5OZTUxbUI1dnlJNjQ2ZlNMNjVUaWZWR0RIQ01fNDlHeUtnRC1FSGZYQlpZZ0VXQ2ZQaGJDcHFybDVpN0F4Sjc3ZEFDRi1obEJrTDlodVliMGVFSXdFZDRDV1B1S05HZw?oc=5"" target=""_blank"">16 Best Activewear Brands To Get You Into Gear In 2026</a>&nbsp;&nbsp;<font color=""#6f6f6f"">British Vogue</font>",UK activewear technology,"<a href=""https://news.google.com/rss/articles/CBMiZkFVX3lxTE5OZTUxbUI1dnlJNjQ2ZlNMNjVUaWZWR0RIQ01fNDlHeUtnRC1FSGZYQlpZZ0VXQ2ZQaGJDcHFybDVpN0F4Sjc3ZEFDRi1obEJrTDlodVliMGVFSXdFZDRDV1B1S05HZw?oc=5"" target=""_blank"">16 Best Activewear Brands To Get You Into Gear In 2026</a>&nbsp;&nbsp;<font color=""#6f6f6f"">British Vogue</font>"
Fashion Insiders Rely On These Activewear Brands For A Reason - elle.com,"Wed, 29 Apr 2026 07:00:00 GMT",elle.com,https://news.google.com/rss/articles/CBMihAFBVV95cUxNNW9udjVXcUpBLU9GR01LUG5seXJjbmpRM2JqNUY5QUFDc3N1emd4akt3OTU3bFUzXzlPZzItSG9QWThPVFFuTjBKNG1YLWZtTTdDX3NxckhJbWl6dk9QVm5XcVNkc1M0UkhhRVIyTGtwS1hqTl9QMXpuQ3k5LTN6TXRuRW0?oc=5,"<a href=""https://news.google.com/rss/articles/CBMihAFBVV95cUxNNW9udjVXcUpBLU9GR01LUG5seXJjbmpRM2JqNUY5QUFDc3N1emd4akt3OTU3bFUzXzlPZzItSG9QWThPVFFuTjBKNG1YLWZtTTdDX3NxckhJbWl6dk9QVm5XcVNkc1M0UkhhRVIyTGtwS1hqTl9QMXpuQ3k5LTN6TXRuRW0?oc=5"" target=""_blank"">Fashion Insiders Rely On These Activewear Brands For A Reason</a>&nbsp;&nbsp;<font color=""#6f6f6f"">elle.com</font>",UK activewear technology,"<a href=""https://news.google.com/rss/articles/CBMihAFBVV95cUxNNW9udjVXcUpBLU9GR01LUG5seXJjbmpRM2JqNUY5QUFDc3N1emd4akt3OTU3bFUzXzlPZzItSG9QWThPVFFuTjBKNG1YLWZtTTdDX3NxckhJbWl6dk9QVm5XcVNkc1M0UkhhRVIyTGtwS1hqTl9QMXpuQ3k5LTN6TXRuRW0?oc=5"" target=""_blank"">Fashion Insiders Rely On These Activewear Brands For A Reason</a>&nbsp;&nbsp;<font color=""#6f6f6f"">elle.com</font>"
M&C Sport & Sportstech Summit – 29th April 2026 at Glasgow Hampden Café - Edinburgh Chamber of Commerce,"Thu, 09 Apr 2026 07:00:00 GMT",Edinburgh Chamber of Commerce,https://news.google.com/rss/articles/CBMipAFBVV95cUxNTkRYRTgwck05NnFlTTI3VXVvX3VUUjhBNGJpYmRYYUFCbU83aVhXZUE2QkRwSmxlSl93cWt5UGRpRHdWSTJGdmo3U241UElIVVhsbzJKeDZXcUpUZTNLWVEwUHktenEwZVNsUER3T2lFalJ6ZnVpM3hYMDZ0dkd4MlFhRDlrN2l0b1FER25YcEotS25iWFpFYlBlNXR2WTB3S0hqZw?oc=5,"<a href=""https://news.google.com/rss/articles/CBMipAFBVV95cUxNTkRYRTgwck05NnFlTTI3VXVvX3VUUjhBNGJpYmRYYUFCbU83aVhXZUE2QkRwSmxlSl93cWt5UGRpRHdWSTJGdmo3U241UElIVVhsbzJKeDZXcUpUZTNLWVEwUHktenEwZVNsUER3T2lFalJ6ZnVpM3hYMDZ0dkd4MlFhRDlrN2l0b1FER25YcEotS25iWFpFYlBlNXR2WTB3S0hqZw?oc=5"" target=""_blank"">M&amp;C Sport & Sportstech Summit – 29th April 2026 at Glasgow Hampden Café</a>&nbsp;&nbsp;<font color=""#6f6f6f"">Edinburgh Chamber of Commerce</font>",UK activewear technology,"<a href=""https://news.google.com/rss/articles/CBMipAFBVV95cUxNTkRYRTgwck05NnFlTTI3VXVvX3VUUjhBNGJpYmRYYUFCbU83aVhXZUE2QkRwSmxlSl93cWt5UGRpRHdWSTJGdmo3U241UElIVVhsbzJKeDZXcUpUZTNLWVEwUHktenEwZVNsUER3T2lFalJ6ZnVpM3hYMDZ0dkd4MlFhRDlrN2l0b1FER25YcEotS25iWFpFYlBlNXR2WTB3S0hqZw?oc=5"" target=""_blank"">M&amp;C Sport & Sportstech Summit – 29th April 2026 at Glasgow Hampden Café</a>&nbsp;&nbsp;<font color=""#6f6f6f"">Edinburgh Chamber of Commerce</font>"
The best activewear brands to help you hit your 2026 goals - British GQ,"Mon, 22 Dec 2025 08:00:00 GMT",British GQ,https://news.google.com/rss/articles/CBMickFVX3lxTE1qZDhINEZuSHJWM1lkUXBCcEpWam4zc2ZPVDF1Si1KNDZBWk1tVUxJcUtXdUZ5UnlNZnhYVnU1bk5UMjY4aG5oNDZfLUkxekNjcGVmSUVoaHZCLVdHQzBaOW90VFNLMG9BSVF3MXF3aURRZw?oc=5,"<a href=""https://news.google.com/rss/articles/CBMickFVX3lxTE1qZDhINEZuSHJWM1lkUXBCcEpWam4zc2ZPVDF1Si1KNDZBWk1tVUxJcUtXdUZ5UnlNZnhYVnU1bk5UMjY4aG5oNDZfLUkxekNjcGVmSUVoaHZCLVdHQzBaOW90VFNLMG9BSVF3MXF3aURRZw?oc=5"" target=""_blank"">The best activewear brands to help you hit your 2026 goals</a>&nbsp;&nbsp;<font color=""#6f6f6f"">British GQ</font>",UK activewear technology,"<a href=""https://news.google.com/rss/articles/CBMickFVX3lxTE1qZDhINEZuSHJWM1lkUXBCcEpWam4zc2ZPVDF1Si1KNDZBWk1tVUxJcUtXdUZ5UnlNZnhYVnU1bk5UMjY4aG5oNDZfLUkxekNjcGVmSUVoaHZCLVdHQzBaOW90VFNLMG9BSVF3MXF3aURRZw?oc=5"" target=""_blank"">The best activewear brands to help you hit your 2026 goals</a>&nbsp;&nbsp;<font color=""#6f6f6f"">British GQ</font>"
"Europe Activewear Market Size, Share & Growth Report, 2034 - Market Data Forecast","Fri, 17 Jul 2026 07:00:00 GMT",Market Data Forecast,https://news.google.com/rss/articles/CBMif0FVX3lxTE5mbDYteFEyVkxqZWVyM2V5dE93RTh5QS1RbW10VERKZ3hLUW12enE2el9yWGdLMDRvaDJPUHN4ZHdDQlAtQ0U4bVIwYnlvd0FEalBONnNxN1dNM3VIekUzZWo3bU4xZmlnT2xMQ3JVRWZTV0dNZ0U0Tm12SHU3aVU?oc=5,"<a href=""https://news.google.com/rss/articles/CBMif0FVX3lxTE5mbDYteFEyVkxqZWVyM2V5dE93RTh5QS1RbW10VERKZ3hLUW12enE2el9yWGdLMDRvaDJPUHN4ZHdDQlAtQ0U4bVIwYnlvd0FEalBONnNxN1dNM3VIekUzZWo3bU4xZmlnT2xMQ3JVRWZTV0dNZ0U0Tm12SHU3aVU?oc=5"" target=""_blank"">Europe Activewear Market Size, Share & Growth Report, 2034</a>&nbsp;&nbsp;<font color=""#6f6f6f"">Market Data Forecast</font>",UK activewear technology,"<a href=""https://news.google.com/rss/articles/CBMif0FVX3lxTE5mbDYteFEyVkxqZWVyM2V5dE93RTh5QS1RbW10VERKZ3hLUW12enE2el9yWGdLMDRvaDJPUHN4ZHdDQlAtQ0U4bVIwYnlvd0FEalBONnNxN1dNM3VIekUzZWo3bU4xZmlnT2xMQ3JVRWZTV0dNZ0U0Tm12SHU3aVU?oc=5"" target=""_blank"">Europe Activewear Market Size, Share & Growth Report, 2034</a>&nbsp;&nbsp;<font color=""#6f6f6f"">Market Data Forecast</font>"
Primark rolls out biggest activewear collection - Retail Gazette,"Wed, 07 Jan 2026 08:00:00 GMT",Retail Gazette,https://news.google.com/rss/articles/CBMiekFVX3lxTFAzUGtMV3doWmpKeHJaZDVJNk1wSFotZHBnaS1NWkFwOWNzY3hfX0dPdTJCc3kwUWU3b2Nkc3hMdmNfc0hfWTVnSGpmUGRmX2hmeWJYVVZEM3diNHFGSC1xTVZFd1lDNUxZRlgyelQ5eVBGXzlTU3h1emVB?oc=5,"<a href=""https://news.google.com/rss/articles/CBMiekFVX3lxTFAzUGtMV3doWmpKeHJaZDVJNk1wSFotZHBnaS1NWkFwOWNzY3hfX0dPdTJCc3kwUWU3b2Nkc3hMdmNfc0hfWTVnSGpmUGRmX2hmeWJYVVZEM3diNHFGSC1xTVZFd1lDNUxZRlgyelQ5eVBGXzlTU3h1emVB?oc=5"" target=""_blank"">Primark rolls out biggest activewear collection</a>&nbsp;&nbsp;<font color=""#6f6f6f"">Retail Gazette</font>",UK activewear technology,"<a href=""https://news.google.com/rss/articles/CBMiekFVX3lxTFAzUGtMV3doWmpKeHJaZDVJNk1wSFotZHBnaS1NWkFwOWNzY3hfX0dPdTJCc3kwUWU3b2Nkc3hMdmNfc0hfWTVnSGpmUGRmX2hmeWJYVVZEM3diNHFGSC1xTVZFd1lDNUxZRlgyelQ5eVBGXzlTU3h1emVB?oc=5"" target=""_blank"">Primark rolls out biggest activewear collection</a>&nbsp;&nbsp;<font color=""#6f6f6f"">Retail Gazette</font>"
The best Black Friday gym clothes you can still get on Cyber Monday — according to WH editors - Women's Health,"Mon, 01 Dec 2025 08:00:00 GMT",Women's Health,https://news.google.com/rss/articles/CBMimgFBVV95cUxPNE9sb1ZWSU5rVUJYM0Y4enpwcUhDMEhZZS1ONFZhSkVhbi1pSTN4bHJUbkowcXo1NDlIcE5TYUR1Q09Ca3gtOHJiV0Q0V2hwVG12bG1MS0pKd0NQd0xHd1RnVkJBNmNqMWh4QlNUZnlhRGJDeXRGZV9DbVBaZnRpdUh6ZTdkbnRsSF9pRmRhOTZNTzdLWWIyWkdR?oc=5,"<a href=""https://news.google.com/rss/articles/CBMimgFBVV95cUxPNE9sb1ZWSU5rVUJYM0Y4enpwcUhDMEhZZS1ONFZhSkVhbi1pSTN4bHJUbkowcXo1NDlIcE5TYUR1Q09Ca3gtOHJiV0Q0V2hwVG12bG1MS0pKd0NQd0xHd1RnVkJBNmNqMWh4QlNUZnlhRGJDeXRGZV9DbVBaZnRpdUh6ZTdkbnRsSF9pRmRhOTZNTzdLWWIyWkdR?oc=5"" target=""_blank"">The best Black Friday gym clothes you can still get on Cyber Monday — according to WH editors</a>&nbsp;&nbsp;<font color=""#6f6f6f"">Women's Health</font>",UK activewear technology,"<a href=""https://news.google.com/rss/articles/CBMimgFBVV95cUxPNE9sb1ZWSU5rVUJYM0Y4enpwcUhDMEhZZS1ONFZhSkVhbi1pSTN4bHJUbkowcXo1NDlIcE5TYUR1Q09Ca3gtOHJiV0Q0V2hwVG12bG1MS0pKd0NQd0xHd1RnVkJBNmNqMWh4QlNUZnlhRGJDeXRGZV9DbVBaZnRpdUh6ZTdkbnRsSF9pRmRhOTZNTzdLWWIyWkdR?oc=5"" target=""_blank"">The best Black Friday gym clothes you can still get on Cyber Monday — according to WH editors</a>&nbsp;&nbsp;<font color=""#6f6f6f"">Women's Health</font>"
Winter workouts: The best activewear to keep you warm and dry - Luxury London,"Wed, 29 Oct 2025 07:00:00 GMT",Luxury London,https://news.google.com/rss/articles/CBMilgFBVV95cUxQQXpMLXdaa1ZMMXJVc3c3SzdfeXNVSF9ZSWsyMVdXdjlwT1Q1cWNXTmkteGNPcW43NlEwTFNXT0ZHVFNNemlfU3NmZjRCTGhwcVo1alpFRGpUUlU4ZGhOb1VUNklRT2FoZjJlQmtkNExhbHc5dlZZMVhwam5zU19TT1pXR0N3ZzFzQkRQX09zd3BIbWhURUE?oc=5,"<a href=""https://news.google.com/rss/articles/CBMilgFBVV95cUxQQXpMLXdaa1ZMMXJVc3c3SzdfeXNVSF9ZSWsyMVdXdjlwT1Q1cWNXTmkteGNPcW43NlEwTFNXT0ZHVFNNemlfU3NmZjRCTGhwcVo1alpFRGpUUlU4ZGhOb1VUNklRT2FoZjJlQmtkNExhbHc5dlZZMVhwam5zU19TT1pXR0N3ZzFzQkRQX09zd3BIbWhURUE?oc=5"" target=""_blank"">Winter workouts: The best activewear to keep you warm and dry</a>&nbsp;&nbsp;<font color=""#6f6f6f"">Luxury London</font>",UK activewear technology,"<a href=""https://news.google.com/rss/articles/CBMilgFBVV95cUxQQXpMLXdaa1ZMMXJVc3c3SzdfeXNVSF9ZSWsyMVdXdjlwT1Q1cWNXTmkteGNPcW43NlEwTFNXT0ZHVFNNemlfU3NmZjRCTGhwcVo1alpFRGpUUlU4ZGhOb1VUNklRT2FoZjJlQmtkNExhbHc5dlZZMVhwam5zU19TT1pXR0N3ZzFzQkRQX09zd3BIbWhURUE?oc=5"" target=""_blank"">Winter workouts: The best activewear to keep you warm and dry</a>&nbsp;&nbsp;<font color=""#6f6f6f"">Luxury London</font>"
PSA: It’s the final hour of lululemon’s Black Friday sale and your last chance to shop discounts - Runner's World,"Mon, 01 Dec 2025 08:00:00 GMT",Runner's World,https://news.google.com/rss/articles/CBMilgFBVV95cUxOQ3RjZ0lXX0lYai1vZzhjMzE2SXl5SnNtUjRuYzNJeS1FUWlwRElnUzM2R3FvUE9BcUZjbGRXdEc5SFBaVzFkaG5UbjYtTGRpU2hFNWxKM0tPYUJDajIxMzdyVDhYcHBFWjgwOV9nRFFIZlZPeGxUdzRSZHNsMHN0WFdhWDNmTDRabnVuclpUT1JfZFRlOXc?oc=5,"<a href=""https://news.google.com/rss/articles/CBMilgFBVV95cUxOQ3RjZ0lXX0lYai1vZzhjMzE2SXl5SnNtUjRuYzNJeS1FUWlwRElnUzM2R3FvUE9BcUZjbGRXdEc5SFBaVzFkaG5UbjYtTGRpU2hFNWxKM0tPYUJDajIxMzdyVDhYcHBFWjgwOV9nRFFIZlZPeGxUdzRSZHNsMHN0WFdhWDNmTDRabnVuclpUT1JfZFRlOXc?oc=5"" target=""_blank"">PSA: It’s the final hour of lululemon’s Black Friday sale and your last chance to shop discounts</a>&nbsp;&nbsp;<font color=""#6f6f6f"">Runner's World</font>",UK activewear technology,"<a href=""https://news.google.com/rss/articles/CBMilgFBVV95cUxOQ3RjZ0lXX0lYai1vZzhjMzE2SXl5SnNtUjRuYzNJeS1FUWlwRElnUzM2R3FvUE9BcUZjbGRXdEc5SFBaVzFkaG5UbjYtTGRpU2hFNWxKM0tPYUJDajIxMzdyVDhYcHBFWjgwOV9nRFFIZlZPeGxUdzRSZHNsMHN0WFdhWDNmTDRabnVuclpUT1JfZFRlOXc?oc=5"" target=""_blank"">PSA: It’s the final hour of lululemon’s Black Friday sale and your last chance to shop discounts</a>&nbsp;&nbsp;<font color=""#6f6f6f"">Runner's World</font>"
Refined Active Essentials - Trend Hunter,"Thu, 23 Oct 2025 07:00:00 GMT",Trend Hunter,https://news.google.com/rss/articles/CBMiX0FVX3lxTE5CS2NPTXdZMEFhN3ZkTDVyaF9ZeGdlakpsOTREa3VKbW50aGdNdXdoOHdsWWdrTHNhdzg5TXZjTTZYd1hoRWstZjJzNGVSek8yMzExTnBwRFd5djcwZFVj0gFkQVVfeXFMUDBGNUloLTRFNzZlOUVURXd0VGJ0NVpLMG9MVExuME1TZWpmeVRNNEtWUWEzalZfU1ZzZmhhMGFEWkxhaWNFanl4SjdJbFEtRXZSaDJVSjNkVnd6RThZMVhjUkhkbQ?oc=5,"<a href=""https://news.google.com/rss/articles/CBMiX0FVX3lxTE5CS2NPTXdZMEFhN3ZkTDVyaF9ZeGdlakpsOTREa3VKbW50aGdNdXdoOHdsWWdrTHNhdzg5TXZjTTZYd1hoRWstZjJzNGVSek8yMzExTnBwRFd5djcwZFVj0gFkQVVfeXFMUDBGNUloLTRFNzZlOUVURXd0VGJ0NVpLMG9MVExuME1TZWpmeVRNNEtWUWEzalZfU1ZzZmhhMGFEWkxhaWNFanl4SjdJbFEtRXZSaDJVSjNkVnd6RThZMVhjUkhkbQ?oc=5"" target=""_blank"">Refined Active Essentials</a>&nbsp;&nbsp;<font color=""#6f6f6f"">Trend Hunter</font>",UK activewear technology,"<a href=""https://news.google.com/rss/articles/CBMiX0FVX3lxTE5CS2NPTXdZMEFhN3ZkTDVyaF9ZeGdlakpsOTREa3VKbW50aGdNdXdoOHdsWWdrTHNhdzg5TXZjTTZYd1hoRWstZjJzNGVSek8yMzExTnBwRFd5djcwZFVj0gFkQVVfeXFMUDBGNUloLTRFNzZlOUVURXd0VGJ0NVpLMG9MVExuME1TZWpmeVRNNEtWUWEzalZfU1ZzZmhhMGFEWkxhaWNFanl4SjdJbFEtRXZSaDJVSjNkVnd6RThZMVhjUkhkbQ?oc=5"" target=""_blank"">Refined Active Essentials</a>&nbsp;&nbsp;<font color=""#6f6f6f"">Trend Hunter</font>"
Activewear Market to Be Worth $746.3 Billion by 2031 - Exclusive Report by Meticulous Research® - PR Newswire UK,"Wed, 11 Dec 2024 08:00:00 GMT",PR Newswire UK,https://news.google.com/rss/articles/CBMi5gFBVV95cUxPaUhpT1Z0NjcyNHAteHZRVDQ3azRCdlh4ZURUS202RW8wd0ZJVGZ2QjlnS2ltOGJPVkRXUmFhU3pzZmxoOWlhUTdISzFNbmlFTDNVNldPdzJvdjhBTUNqZmhONk83ZmN3aldMTTJOazBaTkNqS3h2dk5veUs5d3ZPZGZtUVdaTmEydkVLTXVwcFcwOEdvZTU2ZlZjYXZ6Ml8yV2FXdHVXWU1iYTM2U3Q2eG5EWEpUTGRQT3hMT2N3WkE5cU1CZEFnQWl1Z1JyLTloWndNcXc0RTFYRDJFU0xwQUpQejM4UQ?oc=5,"<a href=""https://news.google.com/rss/articles/CBMi5gFBVV95cUxPaUhpT1Z0NjcyNHAteHZRVDQ3azRCdlh4ZURUS202RW8wd0ZJVGZ2QjlnS2ltOGJPVkRXUmFhU3pzZmxoOWlhUTdISzFNbmlFTDNVNldPdzJvdjhBTUNqZmhONk83ZmN3aldMTTJOazBaTkNqS3h2dk5veUs5d3ZPZGZtUVdaTmEydkVLTXVwcFcwOEdvZTU2ZlZjYXZ6Ml8yV2FXdHVXWU1iYTM2U3Q2eG5EWEpUTGRQT3hMT2N3WkE5cU1CZEFnQWl1Z1JyLTloWndNcXc0RTFYRDJFU0xwQUpQejM4UQ?oc=5"" target=""_blank"">Activewear Market to Be Worth $746.3 Billion by 2031 - Exclusive Report by Meticulous Research®</a>&nbsp;&nbsp;<font color=""#6f6f6f"">PR Newswire UK</font>",UK activewear technology,"<a href=""https://news.google.com/rss/articles/CBMi5gFBVV95cUxPaUhpT1Z0NjcyNHAteHZRVDQ3azRCdlh4ZURUS202RW8wd0ZJVGZ2QjlnS2ltOGJPVkRXUmFhU3pzZmxoOWlhUTdISzFNbmlFTDNVNldPdzJvdjhBTUNqZmhONk83ZmN3aldMTTJOazBaTkNqS3h2dk5veUs5d3ZPZGZtUVdaTmEydkVLTXVwcFcwOEdvZTU2ZlZjYXZ6Ml8yV2FXdHVXWU1iYTM2U3Q2eG5EWEpUTGRQT3hMT2N3WkE5cU1CZEFnQWl1Z1JyLTloWndNcXc0RTFYRDJFU0xwQUpQejM4UQ?oc=5"" target=""_blank"">Activewear Market to Be Worth $746.3 Billion by 2031 - Exclusive Report by Meticulous Research®</a>&nbsp;&nbsp;<font color=""#6f6f6f"">PR Newswire UK</font>"
Seissense premium activewear brand unveiled in the UK - FashionNetwork France,"Tue, 03 Jun 2025 07:00:00 GMT",FashionNetwork France,https://news.google.com/rss/articles/CBMiowFBVV95cUxPRF8wM0staGRwUmc2dEtXLVduQzVwVE5Ba2Jyai1lME5GajNTYmhPWjhZM29TdmhKZ3AxTHJnUFMwZktSc0U5NmFPTlJSem0yUUxKLWtfZk1YdlZmU19kUXVIMHVycG5uOFEtd3NBTmtueC1FSDZreVdZUGljUXdqWGxvTzREcGdna01oWkRtV2xxNlU5Y3pia1lFNl9fLVBObC1R?oc=5,"<a href=""https://news.google.com/rss/articles/CBMiowFBVV95cUxPRF8wM0staGRwUmc2dEtXLVduQzVwVE5Ba2Jyai1lME5GajNTYmhPWjhZM29TdmhKZ3AxTHJnUFMwZktSc0U5NmFPTlJSem0yUUxKLWtfZk1YdlZmU19kUXVIMHVycG5uOFEtd3NBTmtueC1FSDZreVdZUGljUXdqWGxvTzREcGdna01oWkRtV2xxNlU5Y3pia1lFNl9fLVBObC1R?oc=5"" target=""_blank"">Seissense premium activewear brand unveiled in the UK</a>&nbsp;&nbsp;<font color=""#6f6f6f"">FashionNetwork France</font>",UK activewear technology,"<a href=""https://news.google.com/rss/articles/CBMiowFBVV95cUxPRF8wM0staGRwUmc2dEtXLVduQzVwVE5Ba2Jyai1lME5GajNTYmhPWjhZM29TdmhKZ3AxTHJnUFMwZktSc0U5NmFPTlJSem0yUUxKLWtfZk1YdlZmU19kUXVIMHVycG5uOFEtd3NBTmtueC1FSDZreVdZUGljUXdqWGxvTzREcGdna01oWkRtV2xxNlU5Y3pia1lFNl9fLVBObC1R?oc=5"" target=""_blank"">Seissense premium activewear brand unveiled in the UK</a>&nbsp;&nbsp;<font color=""#6f6f6f"">FashionNetwork France</font>"
Crew Clothing enters activewear space - fashionunited.uk,"Wed, 11 Jun 2025 07:00:00 GMT",fashionunited.uk,https://news.google.com/rss/articles/CBMikwFBVV95cUxPNWZGQ0tJU0t5Tks3MmNBMTlILXJjMncxOEZ4QXVHRjYtZ1JyaEg4aFJoQjZfZHpRZmJKdEt3LWhJZTZkU21zb3pWTDJqNkJBaXpaTndQclNILWFrdGxlYkJBU3NwSGxNcDZzMmtmSlMxMkJvNjZ0Sm9jQ2JkX2xjQ21GVHN4R0hteFhHMG1vLU9fNXM?oc=5,"<a href=""https://news.google.com/rss/articles/CBMikwFBVV95cUxPNWZGQ0tJU0t5Tks3MmNBMTlILXJjMncxOEZ4QXVHRjYtZ1JyaEg4aFJoQjZfZHpRZmJKdEt3LWhJZTZkU21zb3pWTDJqNkJBaXpaTndQclNILWFrdGxlYkJBU3NwSGxNcDZzMmtmSlMxMkJvNjZ0Sm9jQ2JkX2xjQ21GVHN4R0hteFhHMG1vLU9fNXM?oc=5"" target=""_blank"">Crew Clothing enters activewear space</a>&nbsp;&nbsp;<font color=""#6f6f6f"">fashionunited.uk</font>",UK activewear technology,"<a href=""https://news.google.com/rss/articles/CBMikwFBVV95cUxPNWZGQ0tJU0t5Tks3MmNBMTlILXJjMncxOEZ4QXVHRjYtZ1JyaEg4aFJoQjZfZHpRZmJKdEt3LWhJZTZkU21zb3pWTDJqNkJBaXpaTndQclNILWFrdGxlYkJBU3NwSGxNcDZzMmtmSlMxMkJvNjZ0Sm9jQ2JkX2xjQ21GVHN4R0hteFhHMG1vLU9fNXM?oc=5"" target=""_blank"">Crew Clothing enters activewear space</a>&nbsp;&nbsp;<font color=""#6f6f6f"">fashionunited.uk</font>"
"The coolest activewear brands to know in 2026, tried and tested - cosmopolitan.com","Fri, 16 Jan 2026 08:00:00 GMT",cosmopolitan.com,https://news.google.com/rss/articles/CBMiigFBVV95cUxQdUZKSC1vZEJicGw5TlV3cXFJcS1IbjU0cHJJMERIYjM4WGJJM1ZjdVR3NmRvV0g2S0F6RThGS2l3T00zcUEySDQtREkwbUlKeHFpY0FiR2xfY3I3NWczdFZDcHAtYXdpd2lETDA5TTZtRGxBTy1TMV96SThRQUFpbDdhWXVudWNyU1E?oc=5,"<a href=""https://news.google.com/rss/articles/CBMiigFBVV95cUxQdUZKSC1vZEJicGw5TlV3cXFJcS1IbjU0cHJJMERIYjM4WGJJM1ZjdVR3NmRvV0g2S0F6RThGS2l3T00zcUEySDQtREkwbUlKeHFpY0FiR2xfY3I3NWczdFZDcHAtYXdpd2lETDA5TTZtRGxBTy1TMV96SThRQUFpbDdhWXVudWNyU1E?oc=5"" target=""_blank"">The coolest activewear brands to know in 2026, tried and tested</a>&nbsp;&nbsp;<font color=""#6f6f6f"">cosmopolitan.com</font>",UK activewear technology,"<a href=""https://news.google.com/rss/articles/CBMiigFBVV95cUxQdUZKSC1vZEJicGw5TlV3cXFJcS1IbjU0cHJJMERIYjM4WGJJM1ZjdVR3NmRvV0g2S0F6RThGS2l3T00zcUEySDQtREkwbUlKeHFpY0FiR2xfY3I3NWczdFZDcHAtYXdpd2lETDA5TTZtRGxBTy1TMV96SThRQUFpbDdhWXVudWNyU1E?oc=5"" target=""_blank"">The coolest activewear brands to know in 2026, tried and tested</a>&nbsp;&nbsp;<font color=""#6f6f6f"">cosmopolitan.com</font>"
The best activewear sales to upgrade your training kit - British GQ,"Sun, 01 Feb 2026 08:00:00 GMT",British GQ,https://news.google.com/rss/articles/CBMia0FVX3lxTE5qelZaZzEwV3FveWtrVks4OU5pX085bkR0UW5GT0ZmWHY2ZExJQ3doRkwzaFpxZmxhWHRaYTgtZnYycVZ6UTJmVFY0MXBlOUJrZGVYX0FCTTVoUXMxdXU4U290bTVuWGR6YW9R?oc=5,"<a href=""https://news.google.com/rss/articles/CBMia0FVX3lxTE5qelZaZzEwV3FveWtrVks4OU5pX085bkR0UW5GT0ZmWHY2ZExJQ3doRkwzaFpxZmxhWHRaYTgtZnYycVZ6UTJmVFY0MXBlOUJrZGVYX0FCTTVoUXMxdXU4U290bTVuWGR6YW9R?oc=5"" target=""_blank"">The best activewear sales to upgrade your training kit</a>&nbsp;&nbsp;<font color=""#6f6f6f"">British GQ</font>",UK activewear technology,"<a href=""https://news.google.com/rss/articles/CBMia0FVX3lxTE5qelZaZzEwV3FveWtrVks4OU5pX085bkR0UW5GT0ZmWHY2ZExJQ3doRkwzaFpxZmxhWHRaYTgtZnYycVZ6UTJmVFY0MXBlOUJrZGVYX0FCTTVoUXMxdXU4U290bTVuWGR6YW9R?oc=5"" target=""_blank"">The best activewear sales to upgrade your training kit</a>&nbsp;&nbsp;<font color=""#6f6f6f"">British GQ</font>"
Can this activewear really fix your posture? Taylor Swift thinks so - Women's Health,"Fri, 10 Jan 2025 08:00:00 GMT",Women's Health,https://news.google.com/rss/articles/CBMihwFBVV95cUxQMWktZDF4TldwWFVXZ2hubEptWDNGaXlDeThLZWxlN09Gay10WUF3SUdjVmVseHlVejI1NnBNNmxBU2c5dVBIWWZSQWNTZU5QcDFFWUluSUxjbjU3dFRwOC14ejJJZ0xWTm1JdHlHMnBYeU1wQ296YWRlYkxBZWYteFRZdnNLeE0?oc=5,"<a href=""https://news.google.com/rss/articles/CBMihwFBVV95cUxQMWktZDF4TldwWFVXZ2hubEptWDNGaXlDeThLZWxlN09Gay10WUF3SUdjVmVseHlVejI1NnBNNmxBU2c5dVBIWWZSQWNTZU5QcDFFWUluSUxjbjU3dFRwOC14ejJJZ0xWTm1JdHlHMnBYeU1wQ296YWRlYkxBZWYteFRZdnNLeE0?oc=5"" target=""_blank"">Can this activewear really fix your posture? Taylor Swift thinks so</a>&nbsp;&nbsp;<font color=""#6f6f6f"">Women's Health</font>",UK activewear technology,"<a href=""https://news.google.com/rss/articles/CBMihwFBVV95cUxQMWktZDF4TldwWFVXZ2hubEptWDNGaXlDeThLZWxlN09Gay10WUF3SUdjVmVseHlVejI1NnBNNmxBU2c5dVBIWWZSQWNTZU5QcDFFWUluSUxjbjU3dFRwOC14ejJJZ0xWTm1JdHlHMnBYeU1wQ296YWRlYkxBZWYteFRZdnNLeE0?oc=5"" target=""_blank"">Can this activewear really fix your posture? Taylor Swift thinks so</a>&nbsp;&nbsp;<font color=""#6f6f6f"">Women's Health</font>"
Looking for plus-size activewear this January but don't know where to find it? We've got you - Glamour UK,"Mon, 20 Jan 2025 08:00:00 GMT",Glamour UK,https://news.google.com/rss/articles/CBMicEFVX3lxTE1zaHczbzB6LTNVd3JzdENNSjR3RTFwelZhaDVFVXg2MzVuaFpfWkRLN01QZkxXby1FOG1DLTFYX2dqVjZfNDI4dU9WZ2lCa3VzNUgzSTBWTHg4dHVsRkhPaHp1X2IzajVkLS0zdHEwUGU?oc=5,"<a href=""https://news.google.com/rss/articles/CBMicEFVX3lxTE1zaHczbzB6LTNVd3JzdENNSjR3RTFwelZhaDVFVXg2MzVuaFpfWkRLN01QZkxXby1FOG1DLTFYX2dqVjZfNDI4dU9WZ2lCa3VzNUgzSTBWTHg4dHVsRkhPaHp1X2IzajVkLS0zdHEwUGU?oc=5"" target=""_blank"">Looking for plus-size activewear this January but don't know where to find it? We've got you</a>&nbsp;&nbsp;<font color=""#6f6f6f"">Glamour UK</font>",UK activewear technology,"<a href=""https://news.google.com/rss/articles/CBMicEFVX3lxTE1zaHczbzB6LTNVd3JzdENNSjR3RTFwelZhaDVFVXg2MzVuaFpfWkRLN01QZkxXby1FOG1DLTFYX2dqVjZfNDI4dU9WZ2lCa3VzNUgzSTBWTHg4dHVsRkhPaHp1X2IzajVkLS0zdHEwUGU?oc=5"" target=""_blank"">Looking for plus-size activewear this January but don't know where to find it? We've got you</a>&nbsp;&nbsp;<font color=""#6f6f6f"">Glamour UK</font>"
S&S Activewear names new vice president of team sales - fashionunited.uk,"Tue, 18 Mar 2025 07:00:00 GMT",fashionunited.uk,https://news.google.com/rss/articles/CBMipwFBVV95cUxPQjhyb2lKU29LQVdaWUtxaTltcHgxWlpVVkxGdWVJRzRLZUU4RlBFYTRDN3pIYzdZUVRyTWl0c2ladlA5Njgzd3ZqOUxCdVdqR3YyLUhBY2FNcWVNVlZBd1A3T2ZGTzNvWGd2MklOOUs0c1ludnVVR3VFaEZsaExFMl9QemUwMGpzbWRFU241TDlnS2NUczhXR0t5WWdYSnJhV2xCa09nTQ?oc=5,"<a href=""https://news.google.com/rss/articles/CBMipwFBVV95cUxPQjhyb2lKU29LQVdaWUtxaTltcHgxWlpVVkxGdWVJRzRLZUU4RlBFYTRDN3pIYzdZUVRyTWl0c2ladlA5Njgzd3ZqOUxCdVdqR3YyLUhBY2FNcWVNVlZBd1A3T2ZGTzNvWGd2MklOOUs0c1ludnVVR3VFaEZsaExFMl9QemUwMGpzbWRFU241TDlnS2NUczhXR0t5WWdYSnJhV2xCa09nTQ?oc=5"" target=""_blank"">S&amp;S Activewear names new vice president of team sales</a>&nbsp;&nbsp;<font color=""#6f6f6f"">fashionunited.uk</font>",UK activewear technology,"<a href=""https://news.google.com/rss/articles/CBMipwFBVV95cUxPQjhyb2lKU29LQVdaWUtxaTltcHgxWlpVVkxGdWVJRzRLZUU4RlBFYTRDN3pIYzdZUVRyTWl0c2ladlA5Njgzd3ZqOUxCdVdqR3YyLUhBY2FNcWVNVlZBd1A3T2ZGTzNvWGd2MklOOUs0c1ludnVVR3VFaEZsaExFMl9QemUwMGpzbWRFU241TDlnS2NUczhXR0t5WWdYSnJhV2xCa09nTQ?oc=5"" target=""_blank"">S&amp;S Activewear names new vice president of team sales</a>&nbsp;&nbsp;<font color=""#6f6f6f"">fashionunited.uk</font>"
Firm fined £2.6m for claiming clothes prevent Covid - bbc.co.uk,"Fri, 23 Jul 2021 07:00:00 GMT",bbc.co.uk,https://news.google.com/rss/articles/CBMiV0FVX3lxTFBqRE4yMFlBbHd6QWRLVHkyc2FWRGJZQ3BEQVNHWDZwMi1xVnV6WEFyZFgzOUJIUE1qSklvS2pDT3hMUlFnY1l1R1IzNGZ6U3RIcVZxR3FBOA?oc=5,"<a href=""https://news.google.com/rss/articles/CBMiV0FVX3lxTFBqRE4yMFlBbHd6QWRLVHkyc2FWRGJZQ3BEQVNHWDZwMi1xVnV6WEFyZFgzOUJIUE1qSklvS2pDT3hMUlFnY1l1R1IzNGZ6U3RIcVZxR3FBOA?oc=5"" target=""_blank"">Firm fined £2.6m for claiming clothes prevent Covid</a>&nbsp;&nbsp;<font color=""#6f6f6f"">bbc.co.uk</font>",UK activewear technology,"<a href=""https://news.google.com/rss/articles/CBMiV0FVX3lxTFBqRE4yMFlBbHd6QWRLVHkyc2FWRGJZQ3BEQVNHWDZwMi1xVnV6WEFyZFgzOUJIUE1qSklvS2pDT3hMUlFnY1l1R1IzNGZ6U3RIcVZxR3FBOA?oc=5"" target=""_blank"">Firm fined £2.6m for claiming clothes prevent Covid</a>&nbsp;&nbsp;<font color=""#6f6f6f"">bbc.co.uk</font>"
Oysho and Fulgar together for sustainable activewear: Introducing the eco-tech collection made with Q-CYCLE® yarn - fashionunited.uk,"Thu, 03 Apr 2025 07:00:00 GMT",fashionunited.uk,https://news.google.com/rss/articles/CBMi-gFBVV95cUxPM3ZaZ090M2lYRUNFZXRmaUNfODJGMW8zc19NdlB2WDBTVjJWaFRhajNjbDJqRzJRX1RVRDFwcW9FMUM0YlRBQzRIN1RwcWdGNlU3TDU5UElHcV9xUGJ5N21QZkFUWGRiMlhqLUQtOVM4VU85Y2M3aG94c3UzVnJhQjltTU52S0FMd3RFYWplRDhyZGJnSVh3dzAyVzZFNWE1YTBZZzJOZ3ZqQ0xVaGFTekFZd0ViZVE5c2cwRF9nSmdEMWZleWNfSVNSb3JhX0VjbEJPX1JnLWdXLWNrMFZtRFl3b2N6VThicjZlRGlUb1NFRmZRLU1TaGRR?oc=5,"<a href=""https://news.google.com/rss/articles/CBMi-gFBVV95cUxPM3ZaZ090M2lYRUNFZXRmaUNfODJGMW8zc19NdlB2WDBTVjJWaFRhajNjbDJqRzJRX1RVRDFwcW9FMUM0YlRBQzRIN1RwcWdGNlU3TDU5UElHcV9xUGJ5N21QZkFUWGRiMlhqLUQtOVM4VU85Y2M3aG94c3UzVnJhQjltTU52S0FMd3RFYWplRDhyZGJnSVh3dzAyVzZFNWE1YTBZZzJOZ3ZqQ0xVaGFTekFZd0ViZVE5c2cwRF9nSmdEMWZleWNfSVNSb3JhX0VjbEJPX1JnLWdXLWNrMFZtRFl3b2N6VThicjZlRGlUb1NFRmZRLU1TaGRR?oc=5"" target=""_blank"">Oysho and Fulgar together for sustainable activewear: Introducing the eco-tech collection made with Q-CYCLE® yarn</a>&nbsp;&nbsp;<font color=""#6f6f6f"">fashionunited.uk</font>",UK activewear technology,"<a href=""https://news.google.com/rss/articles/CBMi-gFBVV95cUxPM3ZaZ090M2lYRUNFZXRmaUNfODJGMW8zc19NdlB2WDBTVjJWaFRhajNjbDJqRzJRX1RVRDFwcW9FMUM0YlRBQzRIN1RwcWdGNlU3TDU5UElHcV9xUGJ5N21QZkFUWGRiMlhqLUQtOVM4VU85Y2M3aG94c3UzVnJhQjltTU52S0FMd3RFYWplRDhyZGJnSVh3dzAyVzZFNWE1YTBZZzJOZ3ZqQ0xVaGFTekFZd0ViZVE5c2cwRF9nSmdEMWZleWNfSVNSb3JhX0VjbEJPX1JnLWdXLWNrMFZtRFl3b2N6VThicjZlRGlUb1NFRmZRLU1TaGRR?oc=5"" target=""_blank"">Oysho and Fulgar together for sustainable activewear: Introducing the eco-tech collection made with Q-CYCLE® yarn</a>&nbsp;&nbsp;<font color=""#6f6f6f"">fashionunited.uk</font>"
Fabletics to open first UK store in London - fashionunited.uk,"Tue, 16 Nov 2021 08:00:00 GMT",fashionunited.uk,https://news.google.com/rss/articles/CBMimAFBVV95cUxNUGR5dElETjZUcHNIbEU2X1dCaVNHTmwwR0lMSGtmbnd0Tm9PM3dvUUZMaWFnc0dsU2hNelNoVjdqN25zRG54RkhXeE9ZMjgwOUJzbVA0YUhqNGJ0YmZickxpT0JzeXAxc1RKaEZBYlZITUZUaVdLbHc5anJsQy0tSmJZWExzdk82bFZxOUo2Wmo1UWlHUnpRUA?oc=5,"<a href=""https://news.google.com/rss/articles/CBMimAFBVV95cUxNUGR5dElETjZUcHNIbEU2X1dCaVNHTmwwR0lMSGtmbnd0Tm9PM3dvUUZMaWFnc0dsU2hNelNoVjdqN25zRG54RkhXeE9ZMjgwOUJzbVA0YUhqNGJ0YmZickxpT0JzeXAxc1RKaEZBYlZITUZUaVdLbHc5anJsQy0tSmJZWExzdk82bFZxOUo2Wmo1UWlHUnpRUA?oc=5"" target=""_blank"">Fabletics to open first UK store in London</a>&nbsp;&nbsp;<font color=""#6f6f6f"">fashionunited.uk</font>",UK activewear technology,"<a href=""https://news.google.com/rss/articles/CBMimAFBVV95cUxNUGR5dElETjZUcHNIbEU2X1dCaVNHTmwwR0lMSGtmbnd0Tm9PM3dvUUZMaWFnc0dsU2hNelNoVjdqN25zRG54RkhXeE9ZMjgwOUJzbVA0YUhqNGJ0YmZickxpT0JzeXAxc1RKaEZBYlZITUZUaVdLbHc5anJsQy0tSmJZWExzdk82bFZxOUo2Wmo1UWlHUnpRUA?oc=5"" target=""_blank"">Fabletics to open first UK store in London</a>&nbsp;&nbsp;<font color=""#6f6f6f"">fashionunited.uk</font>"
Drone deliveries in Florida and smart cart firsts in England: last week’s biggest technology plays - Retail Technology Innovation Hub,"Mon, 03 Aug 2026 04:30:44 GMT",Retail Technology Innovation Hub,https://news.google.com/rss/articles/CBMi1wFBVV95cUxNV0tpZUlQMnpTNG9TLTJtZ25xckZZZEllMUFyWjhRbVVnM0VuaHllaVFaeHptdlplZVRBX3VHc3JEelBPenBkZU1sTUJ5eW55MU9NRm05RUxiN0tZREZTZ05HaWZzRGJOZ1VocV9JVktGc2tib1UtWmdOcWFkMVRtUHBPcVctUnVGc2QyZ1haTG1uNERPR3BqQlhSMmFteWd4TGtCbXQ0YURmdzNuTHlHbFNoWmhjTERRRHcwS3Z5eXRaTWtzTFZUVmdqYzFQcklFTWRSUWNCaw?oc=5,"<a href=""https://news.google.com/rss/articles/CBMi1wFBVV95cUxNV0tpZUlQMnpTNG9TLTJtZ25xckZZZEllMUFyWjhRbVVnM0VuaHllaVFaeHptdlplZVRBX3VHc3JEelBPenBkZU1sTUJ5eW55MU9NRm05RUxiN0tZREZTZ05HaWZzRGJOZ1VocV9JVktGc2tib1UtWmdOcWFkMVRtUHBPcVctUnVGc2QyZ1haTG1uNERPR3BqQlhSMmFteWd4TGtCbXQ0YURmdzNuTHlHbFNoWmhjTERRRHcwS3Z5eXRaTWtzTFZUVmdqYzFQcklFTWRSUWNCaw?oc=5"" target=""_blank"">Drone deliveries in Florida and smart cart firsts in England: last week’s biggest technology plays</a>&nbsp;&nbsp;<font color=""#6f6f6f"">Retail Technology Innovation Hub</font>",UK activewear technology,"<a href=""https://news.google.com/rss/articles/CBMi1wFBVV95cUxNV0tpZUlQMnpTNG9TLTJtZ25xckZZZEllMUFyWjhRbVVnM0VuaHllaVFaeHptdlplZVRBX3VHc3JEelBPenBkZU1sTUJ5eW55MU9NRm05RUxiN0tZREZTZ05HaWZzRGJOZ1VocV9JVktGc2tib1UtWmdOcWFkMVRtUHBPcVctUnVGc2QyZ1haTG1uNERPR3BqQlhSMmFteWd4TGtCbXQ0YURmdzNuTHlHbFNoWmhjTERRRHcwS3Z5eXRaTWtzTFZUVmdqYzFQcklFTWRSUWNCaw?oc=5"" target=""_blank"">Drone deliveries in Florida and smart cart firsts in England: last week’s biggest technology plays</a>&nbsp;&nbsp;<font color=""#6f6f6f"">Retail Technology Innovation Hub</font>"
Ted Baker launches activewear - Drapers,"Mon, 13 Oct 2025 07:00:00 GMT",Drapers,https://news.google.com/rss/articles/CBMickFVX3lxTE8xX3NFTWt3aHc3OFBSUjk2WVo0UlkyN0NGTEtCcGpBdnlhUC1fU05nTWNRaHNlS0ZPZFY3Ni0tamE0SlA4WFBEYVB0emg4Q3pESTVja3JiUlhNNW93RXBFa1dkNWVCUTFTbjlESldZdDcyUQ?oc=5,"<a href=""https://news.google.com/rss/articles/CBMickFVX3lxTE8xX3NFTWt3aHc3OFBSUjk2WVo0UlkyN0NGTEtCcGpBdnlhUC1fU05nTWNRaHNlS0ZPZFY3Ni0tamE0SlA4WFBEYVB0emg4Q3pESTVja3JiUlhNNW93RXBFa1dkNWVCUTFTbjlESldZdDcyUQ?oc=5"" target=""_blank"">Ted Baker launches activewear</a>&nbsp;&nbsp;<font color=""#6f6f6f"">Drapers</font>",UK activewear technology,"<a href=""https://news.google.com/rss/articles/CBMickFVX3lxTE8xX3NFTWt3aHc3OFBSUjk2WVo0UlkyN0NGTEtCcGpBdnlhUC1fU05nTWNRaHNlS0ZPZFY3Ni0tamE0SlA4WFBEYVB0emg4Q3pESTVja3JiUlhNNW93RXBFa1dkNWVCUTFTbjlESldZdDcyUQ?oc=5"" target=""_blank"">Ted Baker launches activewear</a>&nbsp;&nbsp;<font color=""#6f6f6f"">Drapers</font>"
9 Sustainable (And Stylish) Workout Brands To Shop Now - British Vogue,"Tue, 18 Jan 2022 08:00:00 GMT",British Vogue,https://news.google.com/rss/articles/CBMigAFBVV95cUxNNkUwTlJ0bTJsOGpaTl9mRjRYMWxaVTFWWGllaGJpVWVIM1VzaHl2QTlpUDBXa0xxUVktN2FEYXdpQXVqUHU0OGdLMkc5eEpURzh2OWoyNEFLZVJwcmVkc0lvRm1BN1FObzU1NFJpN3gwTUtNTU0xeENVQzN5eFpqTQ?oc=5,"<a href=""https://news.google.com/rss/articles/CBMigAFBVV95cUxNNkUwTlJ0bTJsOGpaTl9mRjRYMWxaVTFWWGllaGJpVWVIM1VzaHl2QTlpUDBXa0xxUVktN2FEYXdpQXVqUHU0OGdLMkc5eEpURzh2OWoyNEFLZVJwcmVkc0lvRm1BN1FObzU1NFJpN3gwTUtNTU0xeENVQzN5eFpqTQ?oc=5"" target=""_blank"">9 Sustainable (And Stylish) Workout Brands To Shop Now</a>&nbsp;&nbsp;<font color=""#6f6f6f"">British Vogue</font>",UK activewear technology,"<a href=""https://news.google.com/rss/articles/CBMigAFBVV95cUxNNkUwTlJ0bTJsOGpaTl9mRjRYMWxaVTFWWGllaGJpVWVIM1VzaHl2QTlpUDBXa0xxUVktN2FEYXdpQXVqUHU0OGdLMkc5eEpURzh2OWoyNEFLZVJwcmVkc0lvRm1BN1FObzU1NFJpN3gwTUtNTU0xeENVQzN5eFpqTQ?oc=5"" target=""_blank"">9 Sustainable (And Stylish) Workout Brands To Shop Now</a>&nbsp;&nbsp;<font color=""#6f6f6f"">British Vogue</font>"
Adventure is one step closer: Montirex launches at JD - Retail Times,"Wed, 19 Apr 2023 07:00:00 GMT",Retail Times,https://news.google.com/rss/articles/CBMihgFBVV95cUxQNXNzdm5MdEx6V0tzMDJmcFdmdExvd3U2akkyZXhfTHlOM3BRRlp6NVR0NHQ2bDVNRUlnN0FNUXZRWVg3RmVmTlpVNHZodzRBbHJkc25qRXY3Q0JsVUZmTVRIWGJWbGc3MnRkRFNhQlhMaVZtWHdoNERLYVJsaGxZWFp1Tm5idw?oc=5,"<a href=""https://news.google.com/rss/articles/CBMihgFBVV95cUxQNXNzdm5MdEx6V0tzMDJmcFdmdExvd3U2akkyZXhfTHlOM3BRRlp6NVR0NHQ2bDVNRUlnN0FNUXZRWVg3RmVmTlpVNHZodzRBbHJkc25qRXY3Q0JsVUZmTVRIWGJWbGc3MnRkRFNhQlhMaVZtWHdoNERLYVJsaGxZWFp1Tm5idw?oc=5"" target=""_blank"">Adventure is one step closer: Montirex launches at JD</a>&nbsp;&nbsp;<font color=""#6f6f6f"">Retail Times</font>",UK activewear technology,"<a href=""https://news.google.com/rss/articles/CBMihgFBVV95cUxQNXNzdm5MdEx6V0tzMDJmcFdmdExvd3U2akkyZXhfTHlOM3BRRlp6NVR0NHQ2bDVNRUlnN0FNUXZRWVg3RmVmTlpVNHZodzRBbHJkc25qRXY3Q0JsVUZmTVRIWGJWbGc3MnRkRFNhQlhMaVZtWHdoNERLYVJsaGxZWFp1Tm5idw?oc=5"" target=""_blank"">Adventure is one step closer: Montirex launches at JD</a>&nbsp;&nbsp;<font color=""#6f6f6f"">Retail Times</font>"
Sportswear brand awareness KPI ranking UK 2025 - Statista,"Fri, 07 Nov 2025 08:00:00 GMT",Statista,https://news.google.com/rss/articles/CBMikgFBVV95cUxPZGg5bmJBZVZIdnZNYzFqOWNhaU9jLVhmaUxhblFrTGY3eW95WE1Ua0ptUFFJU21lUndMMUU3NHdMVVdSbmlDVVp3T0N4akd6c010UUJUNTlrR0M3Ni1ZOHVQSTBfem1PLTdkc1lybmtqTEZDcTZtbXI4MkJGeldob1piTzczbmhQelRXcTRfLTk2dw?oc=5,"<a href=""https://news.google.com/rss/articles/CBMikgFBVV95cUxPZGg5bmJBZVZIdnZNYzFqOWNhaU9jLVhmaUxhblFrTGY3eW95WE1Ua0ptUFFJU21lUndMMUU3NHdMVVdSbmlDVVp3T0N4akd6c010UUJUNTlrR0M3Ni1ZOHVQSTBfem1PLTdkc1lybmtqTEZDcTZtbXI4MkJGeldob1piTzczbmhQelRXcTRfLTk2dw?oc=5"" target=""_blank"">Sportswear brand awareness KPI ranking UK 2025</a>&nbsp;&nbsp;<font color=""#6f6f6f"">Statista</font>",UK activewear technology,"<a href=""https://news.google.com/rss/articles/CBMikgFBVV95cUxPZGg5bmJBZVZIdnZNYzFqOWNhaU9jLVhmaUxhblFrTGY3eW95WE1Ua0ptUFFJU21lUndMMUU3NHdMVVdSbmlDVVp3T0N4akd6c010UUJUNTlrR0M3Ni1ZOHVQSTBfem1PLTdkc1lybmtqTEZDcTZtbXI4MkJGeldob1piTzczbmhQelRXcTRfLTk2dw?oc=5"" target=""_blank"">Sportswear brand awareness KPI ranking UK 2025</a>&nbsp;&nbsp;<font color=""#6f6f6f"">Statista</font>"
"Henkel launches game changing colour and care detergent in the UK, Dylon Detergent - Retail Times","Fri, 04 Oct 2024 07:00:00 GMT",Retail Times,https://news.google.com/rss/articles/CBMirAFBVV95cUxPNjM3bUhxRTB0T05tXzVxY3dHNFUyRjhGQ3FELW5wYVA2SW94V0ROWGZSeFlhd0tXbWwtYm1qMjhNaW9sRjZYYmllRVY4d3p6YjRFRmdoSkZqN2JRNEMzNkpmRUpXUm5LbFBZWlZoV3h2cGRvYnRyYjJnVFNoU21ucnVyUFJ6OXQ0cWdjbmRJTmpCZEJQa2l6OFFndGNVS2huTVh2cTNValBiV1Jm?oc=5,"<a href=""https://news.google.com/rss/articles/CBMirAFBVV95cUxPNjM3bUhxRTB0T05tXzVxY3dHNFUyRjhGQ3FELW5wYVA2SW94V0ROWGZSeFlhd0tXbWwtYm1qMjhNaW9sRjZYYmllRVY4d3p6YjRFRmdoSkZqN2JRNEMzNkpmRUpXUm5LbFBZWlZoV3h2cGRvYnRyYjJnVFNoU21ucnVyUFJ6OXQ0cWdjbmRJTmpCZEJQa2l6OFFndGNVS2huTVh2cTNValBiV1Jm?oc=5"" target=""_blank"">Henkel launches game changing colour and care detergent in the UK, Dylon Detergent</a>&nbsp;&nbsp;<font color=""#6f6f6f"">Retail Times</font>",UK activewear technology,"<a href=""https://news.google.com/rss/articles/CBMirAFBVV95cUxPNjM3bUhxRTB0T05tXzVxY3dHNFUyRjhGQ3FELW5wYVA2SW94V0ROWGZSeFlhd0tXbWwtYm1qMjhNaW9sRjZYYmllRVY4d3p6YjRFRmdoSkZqN2JRNEMzNkpmRUpXUm5LbFBZWlZoV3h2cGRvYnRyYjJnVFNoU21ucnVyUFJ6OXQ0cWdjbmRJTmpCZEJQa2l6OFFndGNVS2huTVh2cTNValBiV1Jm?oc=5"" target=""_blank"">Henkel launches game changing colour and care detergent in the UK, Dylon Detergent</a>&nbsp;&nbsp;<font color=""#6f6f6f"">Retail Times</font>"
"From skincare-infused pyjamas to CBD-spiked activewear, wearable beauty tech might just be the future - Glamour UK","Sun, 24 Oct 2021 07:00:00 GMT",Glamour UK,https://news.google.com/rss/articles/CBMib0FVX3lxTE1wWEtncW9ac2IwTXM3TGEtX2lKNHpOeEZVWEN2aEtnQzJ0V2p6Slpxem9CMllHRjFud0Z6OGltckFTX3JNa244NUVsanhiWUhQQktRNnhZOU9lYVRDZl9Cbk1pZGdJY0JiZjdBU1NvVQ?oc=5,"<a href=""https://news.google.com/rss/articles/CBMib0FVX3lxTE1wWEtncW9ac2IwTXM3TGEtX2lKNHpOeEZVWEN2aEtnQzJ0V2p6Slpxem9CMllHRjFud0Z6OGltckFTX3JNa244NUVsanhiWUhQQktRNnhZOU9lYVRDZl9Cbk1pZGdJY0JiZjdBU1NvVQ?oc=5"" target=""_blank"">From skincare-infused pyjamas to CBD-spiked activewear, wearable beauty tech might just be the future</a>&nbsp;&nbsp;<font color=""#6f6f6f"">Glamour UK</font>",UK activewear technology,"<a href=""https://news.google.com/rss/articles/CBMib0FVX3lxTE1wWEtncW9ac2IwTXM3TGEtX2lKNHpOeEZVWEN2aEtnQzJ0V2p6Slpxem9CMllHRjFud0Z6OGltckFTX3JNa244NUVsanhiWUhQQktRNnhZOU9lYVRDZl9Cbk1pZGdJY0JiZjdBU1NvVQ?oc=5"" target=""_blank"">From skincare-infused pyjamas to CBD-spiked activewear, wearable beauty tech might just be the future</a>&nbsp;&nbsp;<font color=""#6f6f6f"">Glamour UK</font>"
New premium activewear brand Seissense launches in the UK - FashionUnited,"Thu, 05 Jun 2025 07:00:00 GMT",FashionUnited,https://news.google.com/rss/articles/CBMirwFBVV95cUxQNy1FTTdPU01uTjNLdTNmcWJvck1lUDFycFlMXzR0Q1V6ZEpJSWZkNXVuQTJ2NDdrbWFRVWFRVlhvSTNBazByZGE3ZjVjcVFkdFJwRlRpUkowMzNWRWt5UWVLOFlMYzMzNXRzejJHd2d0V0lhangybVgwWS1jVVFrc180a1ZXTFVHU3RZZU1TOXE1S095b3NHNldjbXpfY1ZHMHlhQ00tVUZmS2g5U213?oc=5,"<a href=""https://news.google.com/rss/articles/CBMirwFBVV95cUxQNy1FTTdPU01uTjNLdTNmcWJvck1lUDFycFlMXzR0Q1V6ZEpJSWZkNXVuQTJ2NDdrbWFRVWFRVlhvSTNBazByZGE3ZjVjcVFkdFJwRlRpUkowMzNWRWt5UWVLOFlMYzMzNXRzejJHd2d0V0lhangybVgwWS1jVVFrc180a1ZXTFVHU3RZZU1TOXE1S095b3NHNldjbXpfY1ZHMHlhQ00tVUZmS2g5U213?oc=5"" target=""_blank"">New premium activewear brand Seissense launches in the UK</a>&nbsp;&nbsp;<font color=""#6f6f6f"">FashionUnited</font>",UK activewear technology,"<a href=""https://news.google.com/rss/articles/CBMirwFBVV95cUxQNy1FTTdPU01uTjNLdTNmcWJvck1lUDFycFlMXzR0Q1V6ZEpJSWZkNXVuQTJ2NDdrbWFRVWFRVlhvSTNBazByZGE3ZjVjcVFkdFJwRlRpUkowMzNWRWt5UWVLOFlMYzMzNXRzejJHd2d0V0lhangybVgwWS1jVVFrc180a1ZXTFVHU3RZZU1TOXE1S095b3NHNldjbXpfY1ZHMHlhQ00tVUZmS2g5U213?oc=5"" target=""_blank"">New premium activewear brand Seissense launches in the UK</a>&nbsp;&nbsp;<font color=""#6f6f6f"">FashionUnited</font>"
Campus Activewear elevates Rajneesh Sharma to Chief Technology Officer | Retail News India - Apparel Resources,"Wed, 22 Oct 2025 07:00:00 GMT",Apparel Resources,https://news.google.com/rss/articles/CBMivgFBVV95cUxNX29vbU5adDdobUw5WlhNdW12VkpvV2stQnNxcDF4ZGFhMVRfakJYVGRvTmlpQWZmbnRVWkRDWDV6VmdKSG1lcU55bmR2d1BVUnJJTWM0d0M2Z0V3emtfdUdWZTcySUVJcWVQaG4wRnVHeWRLVUQtai1VOUt0S09helNkT2t2a1hSZGFUenZweW03SnB4T1h2bldncWlfS0Qwd1FXX0U2aHctcHgzMVNGcG8zUU9kUFFKNVhSZ1ln?oc=5,"<a href=""https://news.google.com/rss/articles/CBMivgFBVV95cUxNX29vbU5adDdobUw5WlhNdW12VkpvV2stQnNxcDF4ZGFhMVRfakJYVGRvTmlpQWZmbnRVWkRDWDV6VmdKSG1lcU55bmR2d1BVUnJJTWM0d0M2Z0V3emtfdUdWZTcySUVJcWVQaG4wRnVHeWRLVUQtai1VOUt0S09helNkT2t2a1hSZGFUenZweW03SnB4T1h2bldncWlfS0Qwd1FXX0U2aHctcHgzMVNGcG8zUU9kUFFKNVhSZ1ln?oc=5"" target=""_blank"">Campus Activewear elevates Rajneesh Sharma to Chief Technology Officer | Retail News India</a>&nbsp;&nbsp;<font color=""#6f6f6f"">Apparel Resources</font>",UK activewear technology,"<a href=""https://news.google.com/rss/articles/CBMivgFBVV95cUxNX29vbU5adDdobUw5WlhNdW12VkpvV2stQnNxcDF4ZGFhMVRfakJYVGRvTmlpQWZmbnRVWkRDWDV6VmdKSG1lcU55bmR2d1BVUnJJTWM0d0M2Z0V3emtfdUdWZTcySUVJcWVQaG4wRnVHeWRLVUQtai1VOUt0S09helNkT2t2a1hSZGFUenZweW03SnB4T1h2bldncWlfS0Qwd1FXX0U2aHctcHgzMVNGcG8zUU9kUFFKNVhSZ1ln?oc=5"" target=""_blank"">Campus Activewear elevates Rajneesh Sharma to Chief Technology Officer | Retail News India</a>&nbsp;&nbsp;<font color=""#6f6f6f"">Apparel Resources</font>"
Sportswear Is Set for an Epic Showdown in 2025 - The Business of Fashion,"Wed, 20 Nov 2024 08:00:00 GMT",The Business of Fashion,https://news.google.com/rss/articles/CBMiuAFBVV95cUxPd3JTUWdCUS1sS0ZlbndzM0djRk5YMnBFZzAyUGU5QTRPR2xBMnZpYWZHQUd0QVNrbjlaQ1ZmaDBabVFRajNJbVprd183TXJRekNEN1BTMWkxem1EaGowNG1YYms0SVUzbC16NlRKM3ZBYm5GdUxxN29WT3hiRE5aMEt5SDlUeWM5TUx6cnBYUEQ2bDF0MjhJdTE2ZU9mUUt1eXBsMkZHRnZERW5iU2Q4OW82TURJR2cz?oc=5,"<a href=""https://news.google.com/rss/articles/CBMiuAFBVV95cUxPd3JTUWdCUS1sS0ZlbndzM0djRk5YMnBFZzAyUGU5QTRPR2xBMnZpYWZHQUd0QVNrbjlaQ1ZmaDBabVFRajNJbVprd183TXJRekNEN1BTMWkxem1EaGowNG1YYms0SVUzbC16NlRKM3ZBYm5GdUxxN29WT3hiRE5aMEt5SDlUeWM5TUx6cnBYUEQ2bDF0MjhJdTE2ZU9mUUt1eXBsMkZHRnZERW5iU2Q4OW82TURJR2cz?oc=5"" target=""_blank"">Sportswear Is Set for an Epic Showdown in 2025</a>&nbsp;&nbsp;<font color=""#6f6f6f"">The Business of Fashion</font>",UK activewear technology,"<a href=""https://news.google.com/rss/articles/CBMiuAFBVV95cUxPd3JTUWdCUS1sS0ZlbndzM0djRk5YMnBFZzAyUGU5QTRPR2xBMnZpYWZHQUd0QVNrbjlaQ1ZmaDBabVFRajNJbVprd183TXJRekNEN1BTMWkxem1EaGowNG1YYms0SVUzbC16NlRKM3ZBYm5GdUxxN29WT3hiRE5aMEt5SDlUeWM5TUx6cnBYUEQ2bDF0MjhJdTE2ZU9mUUt1eXBsMkZHRnZERW5iU2Q4OW82TURJR2cz?oc=5"" target=""_blank"">Sportswear Is Set for an Epic Showdown in 2025</a>&nbsp;&nbsp;<font color=""#6f6f6f"">The Business of Fashion</font>"
"TALA Founder and serial entrepreneur, Grace Beverley, to headline at Retail Technology Show 2026 - Premier Construction News","Wed, 10 Dec 2025 08:00:00 GMT",Premier Construction News,https://news.google.com/rss/articles/CBMi2gFBVV95cUxQVF9rd1ZlQnlKMnczdEpTVVV1WWtqUVh6Q28tUzJsNktoWkxYYkNiNXNab3JNcXFyWjR2UHk3bW9ZX1VMRExXaUM1ekJRLWp1bHJjRUs5VlUxNDcyWlA1WHc3WVQ5YkhYeWtXNXEwVE9SS3hMQ3RDczhsU0E0SXZGSzdCNnpfZFZZdDYwdWNvQWQ4a2s1QmQ0Z1l2VlFMSVQ5aGpZaGx5OFp2NUh6N05fWmk3bndpaVFDbjFPU1M5S2xXNzJlNVRwSzk1a1VBN3poQWI5LTl4cU91Zw?oc=5,"<a href=""https://news.google.com/rss/articles/CBMi2gFBVV95cUxQVF9rd1ZlQnlKMnczdEpTVVV1WWtqUVh6Q28tUzJsNktoWkxYYkNiNXNab3JNcXFyWjR2UHk3bW9ZX1VMRExXaUM1ekJRLWp1bHJjRUs5VlUxNDcyWlA1WHc3WVQ5YkhYeWtXNXEwVE9SS3hMQ3RDczhsU0E0SXZGSzdCNnpfZFZZdDYwdWNvQWQ4a2s1QmQ0Z1l2VlFMSVQ5aGpZaGx5OFp2NUh6N05fWmk3bndpaVFDbjFPU1M5S2xXNzJlNVRwSzk1a1VBN3poQWI5LTl4cU91Zw?oc=5"" target=""_blank"">TALA Founder and serial entrepreneur, Grace Beverley, to headline at Retail Technology Show 2026</a>&nbsp;&nbsp;<font color=""#6f6f6f"">Premier Construction News</font>",UK activewear technology,"<a href=""https://news.google.com/rss/articles/CBMi2gFBVV95cUxQVF9rd1ZlQnlKMnczdEpTVVV1WWtqUVh6Q28tUzJsNktoWkxYYkNiNXNab3JNcXFyWjR2UHk3bW9ZX1VMRExXaUM1ekJRLWp1bHJjRUs5VlUxNDcyWlA1WHc3WVQ5YkhYeWtXNXEwVE9SS3hMQ3RDczhsU0E0SXZGSzdCNnpfZFZZdDYwdWNvQWQ4a2s1QmQ0Z1l2VlFMSVQ5aGpZaGx5OFp2NUh6N05fWmk3bndpaVFDbjFPU1M5S2xXNzJlNVRwSzk1a1VBN3poQWI5LTl4cU91Zw?oc=5"" target=""_blank"">TALA Founder and serial entrepreneur, Grace Beverley, to headline at Retail Technology Show 2026</a>&nbsp;&nbsp;<font color=""#6f6f6f"">Premier Construction News</font>"
Sporting Goods 2025—The new balancing act: Turning uncertainty into opportunity - McKinsey & Company,"Tue, 04 Mar 2025 08:00:00 GMT",McKinsey & Company,https://news.google.com/rss/articles/CBMijwFBVV95cUxPVTNkOVVCU2VvZGEwMHBSSWpqUnFuTTZOM3NLZHhMbWY5dE8xTUZkVjVFNDltcjB0eDNjdW1WQjVXR190bFdBa3VLTzVJZElXckZuNXNzbkt4V1FuYldjSTZHZkwyLUFSbVRGdWUwWTNzM3JpV0RCb2VkbTk2UklHZFBQdUVlOUtOTlRnS3EwWQ?oc=5,"<a href=""https://news.google.com/rss/articles/CBMijwFBVV95cUxPVTNkOVVCU2VvZGEwMHBSSWpqUnFuTTZOM3NLZHhMbWY5dE8xTUZkVjVFNDltcjB0eDNjdW1WQjVXR190bFdBa3VLTzVJZElXckZuNXNzbkt4V1FuYldjSTZHZkwyLUFSbVRGdWUwWTNzM3JpV0RCb2VkbTk2UklHZFBQdUVlOUtOTlRnS3EwWQ?oc=5"" target=""_blank"">Sporting Goods 2025—The new balancing act: Turning uncertainty into opportunity</a>&nbsp;&nbsp;<font color=""#6f6f6f"">McKinsey & Company</font>",UK activewear technology,"<a href=""https://news.google.com/rss/articles/CBMijwFBVV95cUxPVTNkOVVCU2VvZGEwMHBSSWpqUnFuTTZOM3NLZHhMbWY5dE8xTUZkVjVFNDltcjB0eDNjdW1WQjVXR190bFdBa3VLTzVJZElXckZuNXNzbkt4V1FuYldjSTZHZkwyLUFSbVRGdWUwWTNzM3JpV0RCb2VkbTk2UklHZFBQdUVlOUtOTlRnS3EwWQ?oc=5"" target=""_blank"">Sporting Goods 2025—The new balancing act: Turning uncertainty into opportunity</a>&nbsp;&nbsp;<font color=""#6f6f6f"">McKinsey & Company</font>"
Buyer’s guide: The best tech tees for cycling - cyclist.co.uk,"Thu, 15 Sep 2022 07:00:00 GMT",cyclist.co.uk,https://news.google.com/rss/articles/CBMiiAFBVV95cUxOMHBqb2I3dzdpMTBWWXp0cWhxZkkyblVQVDFVdEpfaHUtcnFWMjFublRoYzc0cTNhZGN4RzlSM3BYU1U1WXRSX3VZQllTR3RobEVxd3g2cjBCRU15dV85TTdhb0swZFBUUlRieEhhUkoybm5BNVV4d1l4bTlEQVQwSUQ4ejNtNmRV?oc=5,"<a href=""https://news.google.com/rss/articles/CBMiiAFBVV95cUxOMHBqb2I3dzdpMTBWWXp0cWhxZkkyblVQVDFVdEpfaHUtcnFWMjFublRoYzc0cTNhZGN4RzlSM3BYU1U1WXRSX3VZQllTR3RobEVxd3g2cjBCRU15dV85TTdhb0swZFBUUlRieEhhUkoybm5BNVV4d1l4bTlEQVQwSUQ4ejNtNmRV?oc=5"" target=""_blank"">Buyer’s guide: The best tech tees for cycling</a>&nbsp;&nbsp;<font color=""#6f6f6f"">cyclist.co.uk</font>",UK activewear technology,"<a href=""https://news.google.com/rss/articles/CBMiiAFBVV95cUxOMHBqb2I3dzdpMTBWWXp0cWhxZkkyblVQVDFVdEpfaHUtcnFWMjFublRoYzc0cTNhZGN4RzlSM3BYU1U1WXRSX3VZQllTR3RobEVxd3g2cjBCRU15dV85TTdhb0swZFBUUlRieEhhUkoybm5BNVV4d1l4bTlEQVQwSUQ4ejNtNmRV?oc=5"" target=""_blank"">Buyer’s guide: The best tech tees for cycling</a>&nbsp;&nbsp;<font color=""#6f6f6f"">cyclist.co.uk</font>"
M&S innovating its way to Net Zero through new Plan A partnership funding - Marks & Spencer,"Mon, 08 Apr 2024 07:00:00 GMT",Marks & Spencer,https://news.google.com/rss/articles/CBMiyAFBVV95cUxQdmQwOGtQSC0ySF9iUzhIZFNKY3YtMmhTRTVBQjZseDhuS1p4bEVMNEM3emJrNHNERE96bGpCbmFicUNrSmIyR0R3eHZRMnJLQ2Jqbi0zajB5V1RITDEydGY1VFNqbXhIUkkzNHJHRnVCak9hMkM0c0VWdDhqNmx0b0dBRjVmaS1mRFBOTmtRUEt6Vm9BMHJiTjlxSXZzSFlwMGxES0Y2elFkNWxKLVhCaVo2eVNGT2hPSWRLUWJFWjdTQ3JCNnBuTg?oc=5,"<a href=""https://news.google.com/rss/articles/CBMiyAFBVV95cUxQdmQwOGtQSC0ySF9iUzhIZFNKY3YtMmhTRTVBQjZseDhuS1p4bEVMNEM3emJrNHNERE96bGpCbmFicUNrSmIyR0R3eHZRMnJLQ2Jqbi0zajB5V1RITDEydGY1VFNqbXhIUkkzNHJHRnVCak9hMkM0c0VWdDhqNmx0b0dBRjVmaS1mRFBOTmtRUEt6Vm9BMHJiTjlxSXZzSFlwMGxES0Y2elFkNWxKLVhCaVo2eVNGT2hPSWRLUWJFWjdTQ3JCNnBuTg?oc=5"" target=""_blank"">M&amp;S innovating its way to Net Zero through new Plan A partnership funding</a>&nbsp;&nbsp;<font color=""#6f6f6f"">Marks & Spencer</font>",UK activewear technology,"<a href=""https://news.google.com/rss/articles/CBMiyAFBVV95cUxQdmQwOGtQSC0ySF9iUzhIZFNKY3YtMmhTRTVBQjZseDhuS1p4bEVMNEM3emJrNHNERE96bGpCbmFicUNrSmIyR0R3eHZRMnJLQ2Jqbi0zajB5V1RITDEydGY1VFNqbXhIUkkzNHJHRnVCak9hMkM0c0VWdDhqNmx0b0dBRjVmaS1mRFBOTmtRUEt6Vm9BMHJiTjlxSXZzSFlwMGxES0Y2elFkNWxKLVhCaVo2eVNGT2hPSWRLUWJFWjdTQ3JCNnBuTg?oc=5"" target=""_blank"">M&amp;S innovating its way to Net Zero through new Plan A partnership funding</a>&nbsp;&nbsp;<font color=""#6f6f6f"">Marks & Spencer</font>"
From £300 Bedroom Startup to Global Phenomenon: Pursue Fitness Celebrates 12 Years of Disrupting the Activewear Industry - News By Wire,"Fri, 05 Sep 2025 07:00:00 GMT",News By Wire,https://news.google.com/rss/articles/CBMi2gFBVV95cUxOdVpQWk1rNU1laExkTklqZEc0MFF6aHdtODFXMDVjc1ROb0ZvdmdremJ4RXEzVE5kLTUxMTJYNGNmUFR1QTFWcFhNUU9XUktIakhMdDZBUzFMcGJUSm9ZekJmWlNNU2ZKZm9IWjZibGFoMXo0M2JHOHY0M2x6bVhzWmhZTmFuRVVhZy1GV0tFYVRKdWZjeFpYT1pvRlVqS2pYZFp3MndDMHctTkszWVZFMzNTdHh5RGRQa0V2eWROTTQxMDNGcDVVdG5zeFpiOFJTR2l6TnI1ZHBQdw?oc=5,"<a href=""https://news.google.com/rss/articles/CBMi2gFBVV95cUxOdVpQWk1rNU1laExkTklqZEc0MFF6aHdtODFXMDVjc1ROb0ZvdmdremJ4RXEzVE5kLTUxMTJYNGNmUFR1QTFWcFhNUU9XUktIakhMdDZBUzFMcGJUSm9ZekJmWlNNU2ZKZm9IWjZibGFoMXo0M2JHOHY0M2x6bVhzWmhZTmFuRVVhZy1GV0tFYVRKdWZjeFpYT1pvRlVqS2pYZFp3MndDMHctTkszWVZFMzNTdHh5RGRQa0V2eWROTTQxMDNGcDVVdG5zeFpiOFJTR2l6TnI1ZHBQdw?oc=5"" target=""_blank"">From £300 Bedroom Startup to Global Phenomenon: Pursue Fitness Celebrates 12 Years of Disrupting the Activewear Industry</a>&nbsp;&nbsp;<font color=""#6f6f6f"">News By Wire</font>",UK activewear technology,"<a href=""https://news.google.com/rss/articles/CBMi2gFBVV95cUxOdVpQWk1rNU1laExkTklqZEc0MFF6aHdtODFXMDVjc1ROb0ZvdmdremJ4RXEzVE5kLTUxMTJYNGNmUFR1QTFWcFhNUU9XUktIakhMdDZBUzFMcGJUSm9ZekJmWlNNU2ZKZm9IWjZibGFoMXo0M2JHOHY0M2x6bVhzWmhZTmFuRVVhZy1GV0tFYVRKdWZjeFpYT1pvRlVqS2pYZFp3MndDMHctTkszWVZFMzNTdHh5RGRQa0V2eWROTTQxMDNGcDVVdG5zeFpiOFJTR2l6TnI1ZHBQdw?oc=5"" target=""_blank"">From £300 Bedroom Startup to Global Phenomenon: Pursue Fitness Celebrates 12 Years of Disrupting the Activewear Industry</a>&nbsp;&nbsp;<font color=""#6f6f6f"">News By Wire</font>"
Waitrose keeps the faith with Flooid as retailer inks new Point of Sale technology deal - Retail Technology Innovation Hub,"Sun, 15 Feb 2026 08:00:00 GMT",Retail Technology Innovation Hub,https://news.google.com/rss/articles/CBMi1AFBVV95cUxOVUoxLVVmOHdBOHBHVWtiVGc0eUM3VG9vOGNWTnVvMnktRzF5NFpMNTAtRHdyc256OFJwNHBfdG5QTTRFSjc0TkR6WjhZOG5kc3RwN2l2NkhPS2l0azFKbTc1cFFsOWFmVHZTN3RnUmdDMEIzMENUb0FuNWZtcVBZZTNDRXhSOFBTNVpFdUwwRzJSLWR2bUl4anpTczhXcnM3bkFQYlZiaUlXSnZ0ejdYWXRJRU9taTVMWUJYbmVoUEdpa3pxVjNsRjVHUVg2Y0ZYcldvdg?oc=5,"<a href=""https://news.google.com/rss/articles/CBMi1AFBVV95cUxOVUoxLVVmOHdBOHBHVWtiVGc0eUM3VG9vOGNWTnVvMnktRzF5NFpMNTAtRHdyc256OFJwNHBfdG5QTTRFSjc0TkR6WjhZOG5kc3RwN2l2NkhPS2l0azFKbTc1cFFsOWFmVHZTN3RnUmdDMEIzMENUb0FuNWZtcVBZZTNDRXhSOFBTNVpFdUwwRzJSLWR2bUl4anpTczhXcnM3bkFQYlZiaUlXSnZ0ejdYWXRJRU9taTVMWUJYbmVoUEdpa3pxVjNsRjVHUVg2Y0ZYcldvdg?oc=5"" target=""_blank"">Waitrose keeps the faith with Flooid as retailer inks new Point of Sale technology deal</a>&nbsp;&nbsp;<font color=""#6f6f6f"">Retail Technology Innovation Hub</font>",UK activewear technology,"<a href=""https://news.google.com/rss/articles/CBMi1AFBVV95cUxOVUoxLVVmOHdBOHBHVWtiVGc0eUM3VG9vOGNWTnVvMnktRzF5NFpMNTAtRHdyc256OFJwNHBfdG5QTTRFSjc0TkR6WjhZOG5kc3RwN2l2NkhPS2l0azFKbTc1cFFsOWFmVHZTN3RnUmdDMEIzMENUb0FuNWZtcVBZZTNDRXhSOFBTNVpFdUwwRzJSLWR2bUl4anpTczhXcnM3bkFQYlZiaUlXSnZ0ejdYWXRJRU9taTVMWUJYbmVoUEdpa3pxVjNsRjVHUVg2Y0ZYcldvdg?oc=5"" target=""_blank"">Waitrose keeps the faith with Flooid as retailer inks new Point of Sale technology deal</a>&nbsp;&nbsp;<font color=""#6f6f6f"">Retail Technology Innovation Hub</font>"
lululemon's Black Friday Sale Ends Today: Shop Up to 61% Off Top Gym Gear - Men's Health,"Mon, 01 Dec 2025 08:00:00 GMT",Men's Health,https://news.google.com/rss/articles/CBMiiwFBVV95cUxOYUtLVk9icnhCX0IyV0hvWXpRZTRBSW5TaHhRMHYwc1Q3V0tVR2JtSHdKVlhpX1JPaUhFeUI2MnljRHJ0N2w0MW5NUHJtc1Y4NURpRGZjY05hNVN3TVdMUHo2eThyQUd4NzZYdXVESGRhOXVsd01GRURyTnYwdmh2QkNhY0RjdDhReFVR?oc=5,"<a href=""https://news.google.com/rss/articles/CBMiiwFBVV95cUxOYUtLVk9icnhCX0IyV0hvWXpRZTRBSW5TaHhRMHYwc1Q3V0tVR2JtSHdKVlhpX1JPaUhFeUI2MnljRHJ0N2w0MW5NUHJtc1Y4NURpRGZjY05hNVN3TVdMUHo2eThyQUd4NzZYdXVESGRhOXVsd01GRURyTnYwdmh2QkNhY0RjdDhReFVR?oc=5"" target=""_blank"">lululemon's Black Friday Sale Ends Today: Shop Up to 61% Off Top Gym Gear</a>&nbsp;&nbsp;<font color=""#6f6f6f"">Men's Health</font>",UK activewear technology,"<a href=""https://news.google.com/rss/articles/CBMiiwFBVV95cUxOYUtLVk9icnhCX0IyV0hvWXpRZTRBSW5TaHhRMHYwc1Q3V0tVR2JtSHdKVlhpX1JPaUhFeUI2MnljRHJ0N2w0MW5NUHJtc1Y4NURpRGZjY05hNVN3TVdMUHo2eThyQUd4NzZYdXVESGRhOXVsd01GRURyTnYwdmh2QkNhY0RjdDhReFVR?oc=5"" target=""_blank"">lululemon's Black Friday Sale Ends Today: Shop Up to 61% Off Top Gym Gear</a>&nbsp;&nbsp;<font color=""#6f6f6f"">Men's Health</font>"
How to shop Liberty’s Feel-Good Florals activewear collection - Stylist,"Sat, 14 May 2022 07:00:00 GMT",Stylist,https://news.google.com/rss/articles/CBMimwFBVV95cUxQc0VUejNOT0tvRDA0RXJvalVQUHdBS0xKbE90bTlyM25mZTRNR3VpQ28tUHh4a3R3TFN0SFBTUTFQY0E3dFZJSG12bmVKWjdqRC12RmsxRGxrNGdaUHozRUx5XzhLWXYwZS1MWnpvZTV5bWU1bm5xNHN0eTN5UFNQNU51WXFYVjlTcGlULWFQNEpLb0dHSFF6enFtSQ?oc=5,"<a href=""https://news.google.com/rss/articles/CBMimwFBVV95cUxQc0VUejNOT0tvRDA0RXJvalVQUHdBS0xKbE90bTlyM25mZTRNR3VpQ28tUHh4a3R3TFN0SFBTUTFQY0E3dFZJSG12bmVKWjdqRC12RmsxRGxrNGdaUHozRUx5XzhLWXYwZS1MWnpvZTV5bWU1bm5xNHN0eTN5UFNQNU51WXFYVjlTcGlULWFQNEpLb0dHSFF6enFtSQ?oc=5"" target=""_blank"">How to shop Liberty’s Feel-Good Florals activewear collection</a>&nbsp;&nbsp;<font color=""#6f6f6f"">Stylist</font>",UK activewear technology,"<a href=""https://news.google.com/rss/articles/CBMimwFBVV95cUxQc0VUejNOT0tvRDA0RXJvalVQUHdBS0xKbE90bTlyM25mZTRNR3VpQ28tUHh4a3R3TFN0SFBTUTFQY0E3dFZJSG12bmVKWjdqRC12RmsxRGxrNGdaUHozRUx5XzhLWXYwZS1MWnpvZTV5bWU1bm5xNHN0eTN5UFNQNU51WXFYVjlTcGlULWFQNEpLb0dHSFF6enFtSQ?oc=5"" target=""_blank"">How to shop Liberty’s Feel-Good Florals activewear collection</a>&nbsp;&nbsp;<font color=""#6f6f6f"">Stylist</font>"
M&S KICKS OFF 2020 WITH ITS NEW WOMENSWEAR ACTIVEWEAR RANGE – GOODMOVE - Marks & Spencer,"Fri, 03 Jan 2020 08:00:00 GMT",Marks & Spencer,https://news.google.com/rss/articles/CBMivAFBVV95cUxPcjNaVklKS3NHQ0g4WDB6MUZvMkJ4OFR0clI3Nl9oR1E3cUVkODlqbkswdXlWSEZuUGVRWmphbHJXVXp1aHVnZTZoRVJ0aU9GTU1jN04yVE5LdmRyUkhHRkg1djM3enhiNlc2MEU4b0FpY3FSYTI5ZF9Vd25tdzdEZ2ZwaGh1d1R4WUh6T2ZYNjNxQWdYVnJLVDB4OUt0OUg0aXRFMDk1d2xlVjBVZF9uVERoaEU0bW5ibk1JNQ?oc=5,"<a href=""https://news.google.com/rss/articles/CBMivAFBVV95cUxPcjNaVklKS3NHQ0g4WDB6MUZvMkJ4OFR0clI3Nl9oR1E3cUVkODlqbkswdXlWSEZuUGVRWmphbHJXVXp1aHVnZTZoRVJ0aU9GTU1jN04yVE5LdmRyUkhHRkg1djM3enhiNlc2MEU4b0FpY3FSYTI5ZF9Vd25tdzdEZ2ZwaGh1d1R4WUh6T2ZYNjNxQWdYVnJLVDB4OUt0OUg0aXRFMDk1d2xlVjBVZF9uVERoaEU0bW5ibk1JNQ?oc=5"" target=""_blank"">M&amp;S KICKS OFF 2020 WITH ITS NEW WOMENSWEAR ACTIVEWEAR RANGE – GOODMOVE</a>&nbsp;&nbsp;<font color=""#6f6f6f"">Marks & Spencer</font>",UK activewear technology,"<a href=""https://news.google.com/rss/articles/CBMivAFBVV95cUxPcjNaVklKS3NHQ0g4WDB6MUZvMkJ4OFR0clI3Nl9oR1E3cUVkODlqbkswdXlWSEZuUGVRWmphbHJXVXp1aHVnZTZoRVJ0aU9GTU1jN04yVE5LdmRyUkhHRkg1djM3enhiNlc2MEU4b0FpY3FSYTI5ZF9Vd25tdzdEZ2ZwaGh1d1R4WUh6T2ZYNjNxQWdYVnJLVDB4OUt0OUg0aXRFMDk1d2xlVjBVZF9uVERoaEU0bW5ibk1JNQ?oc=5"" target=""_blank"">M&amp;S KICKS OFF 2020 WITH ITS NEW WOMENSWEAR ACTIVEWEAR RANGE – GOODMOVE</a>&nbsp;&nbsp;<font color=""#6f6f6f"">Marks & Spencer</font>"
Female-Founded Activewear Brand TALA Raises £5m in Funding - orrick.com,"Wed, 17 Jul 2024 07:00:00 GMT",orrick.com,https://news.google.com/rss/articles/CBMinAFBVV95cUxOeGdnTWhzX3VNellHRzZVelBJNTRwX18wS01saHVNR19tY1owTERqZkNvN0x4WW1PUlU4X3FyU211bHRiWEhrT3l0UTFZUXoxRkgyX2dHZXhtRDN6SC1xQmkzZHRSbnBJb19qTXFXbFFZZEFEQjU1ZXkxLXRxbng3RHNJWjNibFZjX0tHUjNiWVJJQnpobXdaUlREWHo?oc=5,"<a href=""https://news.google.com/rss/articles/CBMinAFBVV95cUxOeGdnTWhzX3VNellHRzZVelBJNTRwX18wS01saHVNR19tY1owTERqZkNvN0x4WW1PUlU4X3FyU211bHRiWEhrT3l0UTFZUXoxRkgyX2dHZXhtRDN6SC1xQmkzZHRSbnBJb19qTXFXbFFZZEFEQjU1ZXkxLXRxbng3RHNJWjNibFZjX0tHUjNiWVJJQnpobXdaUlREWHo?oc=5"" target=""_blank"">Female-Founded Activewear Brand TALA Raises £5m in Funding</a>&nbsp;&nbsp;<font color=""#6f6f6f"">orrick.com</font>",UK activewear technology,"<a href=""https://news.google.com/rss/articles/CBMinAFBVV95cUxOeGdnTWhzX3VNellHRzZVelBJNTRwX18wS01saHVNR19tY1owTERqZkNvN0x4WW1PUlU4X3FyU211bHRiWEhrT3l0UTFZUXoxRkgyX2dHZXhtRDN6SC1xQmkzZHRSbnBJb19qTXFXbFFZZEFEQjU1ZXkxLXRxbng3RHNJWjNibFZjX0tHUjNiWVJJQnpobXdaUlREWHo?oc=5"" target=""_blank"">Female-Founded Activewear Brand TALA Raises £5m in Funding</a>&nbsp;&nbsp;<font color=""#6f6f6f"">orrick.com</font>"
A Fitness Editor Ran 12 Miles in This T-Shirt—It Dried in 30 Seconds - Men's Health,"Thu, 14 Aug 2025 07:00:00 GMT",Men's Health,https://news.google.com/rss/articles/CBMihAFBVV95cUxObFJpMTJJU1Z3VHd6dU1SdEFMWmp5aHVVSklWa1RwMDJRcFFEaWhpUHJCQ1FtQ3ZpQS14TnowS0lmSmp5bFBBdG5MU1RVVDByTUVwbEVlbVV2Rk01bmhFWUdEUDdreEtndnZhcjdFWWNMYTFobFE4NlVKbl9fd1R1UV8xM3M?oc=5,"<a href=""https://news.google.com/rss/articles/CBMihAFBVV95cUxObFJpMTJJU1Z3VHd6dU1SdEFMWmp5aHVVSklWa1RwMDJRcFFEaWhpUHJCQ1FtQ3ZpQS14TnowS0lmSmp5bFBBdG5MU1RVVDByTUVwbEVlbVV2Rk01bmhFWUdEUDdreEtndnZhcjdFWWNMYTFobFE4NlVKbl9fd1R1UV8xM3M?oc=5"" target=""_blank"">A Fitness Editor Ran 12 Miles in This T-Shirt—It Dried in 30 Seconds</a>&nbsp;&nbsp;<font color=""#6f6f6f"">Men's Health</font>",UK activewear technology,"<a href=""https://news.google.com/rss/articles/CBMihAFBVV95cUxObFJpMTJJU1Z3VHd6dU1SdEFMWmp5aHVVSklWa1RwMDJRcFFEaWhpUHJCQ1FtQ3ZpQS14TnowS0lmSmp5bFBBdG5MU1RVVDByTUVwbEVlbVV2Rk01bmhFWUdEUDdreEtndnZhcjdFWWNMYTFobFE4NlVKbl9fd1R1UV8xM3M?oc=5"" target=""_blank"">A Fitness Editor Ran 12 Miles in This T-Shirt—It Dried in 30 Seconds</a>&nbsp;&nbsp;<font color=""#6f6f6f"">Men's Health</font>"
Tala to open second UK store - Retail Bulletin,"Thu, 18 Sep 2025 07:00:00 GMT",Retail Bulletin,https://news.google.com/rss/articles/CBMiigFBVV95cUxPeGFTY09kM1ZiXzQ5VWFlbXBjZ3c5WW9sbFhEZFV6X2xIclhvYW1jN2k1Vk1jalc4YWtOSVJRSXZPalNGLWRwTEQ5dEJOTHM2NkRzTU55Rkl4ZWVFUlFPbm9kOWduWUtOZFhNbmVQU1dpOW1EejhJTVdxS3lkZ2xnZ0wwdUFYel9UM0E?oc=5,"<a href=""https://news.google.com/rss/articles/CBMiigFBVV95cUxPeGFTY09kM1ZiXzQ5VWFlbXBjZ3c5WW9sbFhEZFV6X2xIclhvYW1jN2k1Vk1jalc4YWtOSVJRSXZPalNGLWRwTEQ5dEJOTHM2NkRzTU55Rkl4ZWVFUlFPbm9kOWduWUtOZFhNbmVQU1dpOW1EejhJTVdxS3lkZ2xnZ0wwdUFYel9UM0E?oc=5"" target=""_blank"">Tala to open second UK store</a>&nbsp;&nbsp;<font color=""#6f6f6f"">Retail Bulletin</font>",UK activewear technology,"<a href=""https://news.google.com/rss/articles/CBMiigFBVV95cUxPeGFTY09kM1ZiXzQ5VWFlbXBjZ3c5WW9sbFhEZFV6X2xIclhvYW1jN2k1Vk1jalc4YWtOSVJRSXZPalNGLWRwTEQ5dEJOTHM2NkRzTU55Rkl4ZWVFUlFPbm9kOWduWUtOZFhNbmVQU1dpOW1EejhJTVdxS3lkZ2xnZ0wwdUFYel9UM0E?oc=5"" target=""_blank"">Tala to open second UK store</a>&nbsp;&nbsp;<font color=""#6f6f6f"">Retail Bulletin</font>"
"Sweaty Betty's new FemTech collection was made by women, for women - Women's Health","Wed, 31 Jul 2024 07:00:00 GMT",Women's Health,https://news.google.com/rss/articles/CBMijwFBVV95cUxOLWFuanUtd215VndXMHBvb0FEOTR2NkRKaWc5V0NpQlkyS2djN3JXd1VrVXRhUVE4REhZdVFvbmNocnBPSURSVmVVZ3gtcnlCOUtjVWNIZXNyQVRHZmsxLVBpOWVibDZrYjVpU0RNdjZTbjl1QUE4Y1I3RUs1VklWWTA0RHJ3V2RmaXFOcnI0MA?oc=5,"<a href=""https://news.google.com/rss/articles/CBMijwFBVV95cUxOLWFuanUtd215VndXMHBvb0FEOTR2NkRKaWc5V0NpQlkyS2djN3JXd1VrVXRhUVE4REhZdVFvbmNocnBPSURSVmVVZ3gtcnlCOUtjVWNIZXNyQVRHZmsxLVBpOWVibDZrYjVpU0RNdjZTbjl1QUE4Y1I3RUs1VklWWTA0RHJ3V2RmaXFOcnI0MA?oc=5"" target=""_blank"">Sweaty Betty's new FemTech collection was made by women, for women</a>&nbsp;&nbsp;<font color=""#6f6f6f"">Women's Health</font>",UK activewear technology,"<a href=""https://news.google.com/rss/articles/CBMijwFBVV95cUxOLWFuanUtd215VndXMHBvb0FEOTR2NkRKaWc5V0NpQlkyS2djN3JXd1VrVXRhUVE4REhZdVFvbmNocnBPSURSVmVVZ3gtcnlCOUtjVWNIZXNyQVRHZmsxLVBpOWVibDZrYjVpU0RNdjZTbjl1QUE4Y1I3RUs1VklWWTA0RHJ3V2RmaXFOcnI0MA?oc=5"" target=""_blank"">Sweaty Betty's new FemTech collection was made by women, for women</a>&nbsp;&nbsp;<font color=""#6f6f6f"">Women's Health</font>"
Health and beauty retailer Boots UK taps Ocula Technologies’ Ocula Boost solution to boost online experience - Retail Technology Innovation Hub,"Fri, 03 Nov 2023 07:00:00 GMT",Retail Technology Innovation Hub,https://news.google.com/rss/articles/CBMi7wFBVV95cUxQWXdscURmZnNnaDBHTzFwVk9qcFFYZ3JfbFAtNjV5QzdKQm9vdzd5WmJzMEtleVhIZzlvTEFxcUhGSG9HS0hicF9idURuUnhUZl9iRk43X2RsRnhwd2JkWTNXNk04QWVTTFhFeDQyRkN6VEgzdFJJZGtELVRPOVdKZ3dxM3VYdXVwY25MalduTjlXQVQ0WkRlRWtMeVFZZE1kMVhndXEzVkxET2dzejRKMklIMktWUlRBZkZma1BHdnZ3WmZoS01FeDVZME44cnNwVEt3cnBxdThSWHAwUG9qQk03ZFNIMVQyTC1pQmZmdw?oc=5,"<a href=""https://news.google.com/rss/articles/CBMi7wFBVV95cUxQWXdscURmZnNnaDBHTzFwVk9qcFFYZ3JfbFAtNjV5QzdKQm9vdzd5WmJzMEtleVhIZzlvTEFxcUhGSG9HS0hicF9idURuUnhUZl9iRk43X2RsRnhwd2JkWTNXNk04QWVTTFhFeDQyRkN6VEgzdFJJZGtELVRPOVdKZ3dxM3VYdXVwY25MalduTjlXQVQ0WkRlRWtMeVFZZE1kMVhndXEzVkxET2dzejRKMklIMktWUlRBZkZma1BHdnZ3WmZoS01FeDVZME44cnNwVEt3cnBxdThSWHAwUG9qQk03ZFNIMVQyTC1pQmZmdw?oc=5"" target=""_blank"">Health and beauty retailer Boots UK taps Ocula Technologies’ Ocula Boost solution to boost online experience</a>&nbsp;&nbsp;<font color=""#6f6f6f"">Retail Technology Innovation Hub</font>",UK activewear technology,"<a href=""https://news.google.com/rss/articles/CBMi7wFBVV95cUxQWXdscURmZnNnaDBHTzFwVk9qcFFYZ3JfbFAtNjV5QzdKQm9vdzd5WmJzMEtleVhIZzlvTEFxcUhGSG9HS0hicF9idURuUnhUZl9iRk43X2RsRnhwd2JkWTNXNk04QWVTTFhFeDQyRkN6VEgzdFJJZGtELVRPOVdKZ3dxM3VYdXVwY25MalduTjlXQVQ0WkRlRWtMeVFZZE1kMVhndXEzVkxET2dzejRKMklIMktWUlRBZkZma1BHdnZ3WmZoS01FeDVZME44cnNwVEt3cnBxdThSWHAwUG9qQk03ZFNIMVQyTC1pQmZmdw?oc=5"" target=""_blank"">Health and beauty retailer Boots UK taps Ocula Technologies’ Ocula Boost solution to boost online experience</a>&nbsp;&nbsp;<font color=""#6f6f6f"">Retail Technology Innovation Hub</font>"
Unmissable payday deals: save up to £300 on top tech and sports brands - The Telegraph,"Thu, 22 Feb 2024 08:00:00 GMT",The Telegraph,https://news.google.com/rss/articles/CBMidkFVX3lxTE9hSzZYX0ZtSUZyX2JsRVkyMkFxb1U4MXVfOUtYVndyRXhKcTF4VEtCaHRJeVQtMUl3V2RPbU13UFZzVjJCSnJIMjhHU3dwcThRLV84Q0wyUzB0ME4xanJVLTVZNVpfZERRRXM1dXFKdTlOeVRqc0E?oc=5,"<a href=""https://news.google.com/rss/articles/CBMidkFVX3lxTE9hSzZYX0ZtSUZyX2JsRVkyMkFxb1U4MXVfOUtYVndyRXhKcTF4VEtCaHRJeVQtMUl3V2RPbU13UFZzVjJCSnJIMjhHU3dwcThRLV84Q0wyUzB0ME4xanJVLTVZNVpfZERRRXM1dXFKdTlOeVRqc0E?oc=5"" target=""_blank"">Unmissable payday deals: save up to £300 on top tech and sports brands</a>&nbsp;&nbsp;<font color=""#6f6f6f"">The Telegraph</font>",UK activewear technology,"<a href=""https://news.google.com/rss/articles/CBMidkFVX3lxTE9hSzZYX0ZtSUZyX2JsRVkyMkFxb1U4MXVfOUtYVndyRXhKcTF4VEtCaHRJeVQtMUl3V2RPbU13UFZzVjJCSnJIMjhHU3dwcThRLV84Q0wyUzB0ME4xanJVLTVZNVpfZERRRXM1dXFKdTlOeVRqc0E?oc=5"" target=""_blank"">Unmissable payday deals: save up to £300 on top tech and sports brands</a>&nbsp;&nbsp;<font color=""#6f6f6f"">The Telegraph</font>"
PUMA x Modibodi's period underwear and activewear is stylish *and* leak-free - Women's Health,"Thu, 13 Jul 2023 07:00:00 GMT",Women's Health,https://news.google.com/rss/articles/CBMisAFBVV95cUxOcDZxa1JGMXV0YjFrM2xPVVQ3aHF0alg5WmFuXzdyM3o1aXgzMUQyV0pZSHBrU193YklYTGNibklQdzF3S0VPWHRCM2hldVNrR0RBZEZQbWk5dFE0dEV1cm1ZckUzWGlOWlNITlZpbmFkRDV1UExVdVl6cUt5LVhSRmVLZE9QUEIzdndiM01iaUN2Nmh0a3RBZUtxQXV0cE1kODNrdUszMGw0cXlzN0FPdQ?oc=5,"<a href=""https://news.google.com/rss/articles/CBMisAFBVV95cUxOcDZxa1JGMXV0YjFrM2xPVVQ3aHF0alg5WmFuXzdyM3o1aXgzMUQyV0pZSHBrU193YklYTGNibklQdzF3S0VPWHRCM2hldVNrR0RBZEZQbWk5dFE0dEV1cm1ZckUzWGlOWlNITlZpbmFkRDV1UExVdVl6cUt5LVhSRmVLZE9QUEIzdndiM01iaUN2Nmh0a3RBZUtxQXV0cE1kODNrdUszMGw0cXlzN0FPdQ?oc=5"" target=""_blank"">PUMA x Modibodi's period underwear and activewear is stylish *and* leak-free</a>&nbsp;&nbsp;<font color=""#6f6f6f"">Women's Health</font>",UK activewear technology,"<a href=""https://news.google.com/rss/articles/CBMisAFBVV95cUxOcDZxa1JGMXV0YjFrM2xPVVQ3aHF0alg5WmFuXzdyM3o1aXgzMUQyV0pZSHBrU193YklYTGNibklQdzF3S0VPWHRCM2hldVNrR0RBZEZQbWk5dFE0dEV1cm1ZckUzWGlOWlNITlZpbmFkRDV1UExVdVl6cUt5LVhSRmVLZE9QUEIzdndiM01iaUN2Nmh0a3RBZUtxQXV0cE1kODNrdUszMGw0cXlzN0FPdQ?oc=5"" target=""_blank"">PUMA x Modibodi's period underwear and activewear is stylish *and* leak-free</a>&nbsp;&nbsp;<font color=""#6f6f6f"">Women's Health</font>"
Recovery: Sportswear’s next frontier - Vogue,"Wed, 04 May 2022 07:00:00 GMT",Vogue,https://news.google.com/rss/articles/CBMickFVX3lxTE02d2pPOWllUHhWaWtXQjVFZDV2UUpaTlNudXQ1TUJoVWc5aG9RelNieC0yRklrSW5RRXNoc0lvMllhcERIazRxeVVZOGNycU5OYW1hSndFdkYyQzY4eGNGNjdWZ0E0TXVBOF90aDZoc0xzUQ?oc=5,"<a href=""https://news.google.com/rss/articles/CBMickFVX3lxTE02d2pPOWllUHhWaWtXQjVFZDV2UUpaTlNudXQ1TUJoVWc5aG9RelNieC0yRklrSW5RRXNoc0lvMllhcERIazRxeVVZOGNycU5OYW1hSndFdkYyQzY4eGNGNjdWZ0E0TXVBOF90aDZoc0xzUQ?oc=5"" target=""_blank"">Recovery: Sportswear’s next frontier</a>&nbsp;&nbsp;<font color=""#6f6f6f"">Vogue</font>",UK activewear technology,"<a href=""https://news.google.com/rss/articles/CBMickFVX3lxTE02d2pPOWllUHhWaWtXQjVFZDV2UUpaTlNudXQ1TUJoVWc5aG9RelNieC0yRklrSW5RRXNoc0lvMllhcERIazRxeVVZOGNycU5OYW1hSndFdkYyQzY4eGNGNjdWZ0E0TXVBOF90aDZoc0xzUQ?oc=5"" target=""_blank"">Recovery: Sportswear’s next frontier</a>&nbsp;&nbsp;<font color=""#6f6f6f"">Vogue</font>"
Oceansapart chooses Emana Beauty technology - Knitting Industry,"Fri, 23 Dec 2022 08:00:00 GMT",Knitting Industry,https://news.google.com/rss/articles/CBMifkFVX3lxTE1uc1JWdEU5Zy1nRmtsMGMza3NTREFrbGpMcjJhM1diMERRTkRsSHB1Y3hjb002OG5LeG9aYS1Za0xVRFBucVgzdG1GWTJDQW1TenJvbW92ZVRjOTd4VFNlMWU0bnVEdERPTGdnTUVkYW5BRmNHUUFCbTlZNEdYUQ?oc=5,"<a href=""https://news.google.com/rss/articles/CBMifkFVX3lxTE1uc1JWdEU5Zy1nRmtsMGMza3NTREFrbGpMcjJhM1diMERRTkRsSHB1Y3hjb002OG5LeG9aYS1Za0xVRFBucVgzdG1GWTJDQW1TenJvbW92ZVRjOTd4VFNlMWU0bnVEdERPTGdnTUVkYW5BRmNHUUFCbTlZNEdYUQ?oc=5"" target=""_blank"">Oceansapart chooses Emana Beauty technology</a>&nbsp;&nbsp;<font color=""#6f6f6f"">Knitting Industry</font>",UK activewear technology,"<a href=""https://news.google.com/rss/articles/CBMifkFVX3lxTE1uc1JWdEU5Zy1nRmtsMGMza3NTREFrbGpMcjJhM1diMERRTkRsSHB1Y3hjb002OG5LeG9aYS1Za0xVRFBucVgzdG1GWTJDQW1TenJvbW92ZVRjOTd4VFNlMWU0bnVEdERPTGdnTUVkYW5BRmNHUUFCbTlZNEdYUQ?oc=5"" target=""_blank"">Oceansapart chooses Emana Beauty technology</a>&nbsp;&nbsp;<font color=""#6f6f6f"">Knitting Industry</font>"
UK Home Secretary Yvette Cooper calls on more retailers to adopt Auror crime prevention technology - Retail Technology Innovation Hub,"Sat, 05 Jul 2025 07:00:00 GMT",Retail Technology Innovation Hub,https://news.google.com/rss/articles/CBMi4wFBVV95cUxPelVoR0w2cmZjdHRUUTF3WXAtNndGdDVZbjA2RmdSNDVrRGtTa1Q2QXlodDEwUGpacWxOaWZVTjVmSU1EX1NST3FVOVZBQnFfVVpoMjA1S0NPMVRhSFZKMkJGX1FrMGVUSTNCV1E2VVFURTVvRHlJRXRmUkxHakZkTUZpcl9zSUsxQTR6UXo0NlJDY1A4Q2FZVTRpQ3JKUWMzcGdmcGJ3dUpiRkpieUNXTWpUbzJMVkxhNFFxLTJUMXBZcXZYNU9iS2NOWHhXVUVmdFcyOWpLUm9Qb3R2RFluMG0wcw?oc=5,"<a href=""https://news.google.com/rss/articles/CBMi4wFBVV95cUxPelVoR0w2cmZjdHRUUTF3WXAtNndGdDVZbjA2RmdSNDVrRGtTa1Q2QXlodDEwUGpacWxOaWZVTjVmSU1EX1NST3FVOVZBQnFfVVpoMjA1S0NPMVRhSFZKMkJGX1FrMGVUSTNCV1E2VVFURTVvRHlJRXRmUkxHakZkTUZpcl9zSUsxQTR6UXo0NlJDY1A4Q2FZVTRpQ3JKUWMzcGdmcGJ3dUpiRkpieUNXTWpUbzJMVkxhNFFxLTJUMXBZcXZYNU9iS2NOWHhXVUVmdFcyOWpLUm9Qb3R2RFluMG0wcw?oc=5"" target=""_blank"">UK Home Secretary Yvette Cooper calls on more retailers to adopt Auror crime prevention technology</a>&nbsp;&nbsp;<font color=""#6f6f6f"">Retail Technology Innovation Hub</font>",UK activewear technology,"<a href=""https://news.google.com/rss/articles/CBMi4wFBVV95cUxPelVoR0w2cmZjdHRUUTF3WXAtNndGdDVZbjA2RmdSNDVrRGtTa1Q2QXlodDEwUGpacWxOaWZVTjVmSU1EX1NST3FVOVZBQnFfVVpoMjA1S0NPMVRhSFZKMkJGX1FrMGVUSTNCV1E2VVFURTVvRHlJRXRmUkxHakZkTUZpcl9zSUsxQTR6UXo0NlJDY1A4Q2FZVTRpQ3JKUWMzcGdmcGJ3dUpiRkpieUNXTWpUbzJMVkxhNFFxLTJUMXBZcXZYNU9iS2NOWHhXVUVmdFcyOWpLUm9Qb3R2RFluMG0wcw?oc=5"" target=""_blank"">UK Home Secretary Yvette Cooper calls on more retailers to adopt Auror crime prevention technology</a>&nbsp;&nbsp;<font color=""#6f6f6f"">Retail Technology Innovation Hub</font>"
"M&S Has Sold More Than A Million Pairs Of These Leggings, So We Put Them To The Test - Grazia Daily UK","Wed, 15 Jan 2025 08:00:00 GMT",Grazia Daily UK,https://news.google.com/rss/articles/CBMihgFBVV95cUxQTXQ3eEhWYXBGRjJMWWJHOUlvbXM5aFE5cGlVdUttNFlyOEItNTF5TE8zQ1dLUXczN2NocXRWT3R6MjVmcHFxQW94Z2dLT0pUQ1NYZDd4bkdZSENwdzRGelpYaXdzb2JRNVg3bjB6WDI2Sk56TG1OWGtyTlJfSVhtZVhtWDJqZw?oc=5,"<a href=""https://news.google.com/rss/articles/CBMihgFBVV95cUxQTXQ3eEhWYXBGRjJMWWJHOUlvbXM5aFE5cGlVdUttNFlyOEItNTF5TE8zQ1dLUXczN2NocXRWT3R6MjVmcHFxQW94Z2dLT0pUQ1NYZDd4bkdZSENwdzRGelpYaXdzb2JRNVg3bjB6WDI2Sk56TG1OWGtyTlJfSVhtZVhtWDJqZw?oc=5"" target=""_blank"">M&amp;S Has Sold More Than A Million Pairs Of These Leggings, So We Put Them To The Test</a>&nbsp;&nbsp;<font color=""#6f6f6f"">Grazia Daily UK</font>",UK activewear technology,"<a href=""https://news.google.com/rss/articles/CBMihgFBVV95cUxQTXQ3eEhWYXBGRjJMWWJHOUlvbXM5aFE5cGlVdUttNFlyOEItNTF5TE8zQ1dLUXczN2NocXRWT3R6MjVmcHFxQW94Z2dLT0pUQ1NYZDd4bkdZSENwdzRGelpYaXdzb2JRNVg3bjB6WDI2Sk56TG1OWGtyTlJfSVhtZVhtWDJqZw?oc=5"" target=""_blank"">M&amp;S Has Sold More Than A Million Pairs Of These Leggings, So We Put Them To The Test</a>&nbsp;&nbsp;<font color=""#6f6f6f"">Grazia Daily UK</font>"
How M&S stealthily became the UK’s number one activewear destination - The Telegraph,"Wed, 29 Dec 2021 08:00:00 GMT",The Telegraph,https://news.google.com/rss/articles/CBMipAFBVV95cUxPa0wzTGZmblBySHMxbGtzLUFGRDh6Z0JYdS1KWnF4eXVVRm9oU05aSzc5ZDlLMFpOSFJNdV9IelZkZm5GLTd3cjVaVzdqYjJfMW5HXzNvYTlsV2VBTVhjbUxDb3A2Nmt5SG9hVlFiMWJPeFZ3ZVNMNHpCVEsxQkNQSEtWMWVnTzhHeC1wZ1FrLTFvMExGSk9ILWlTUXM2VGZrRURQRQ?oc=5,"<a href=""https://news.google.com/rss/articles/CBMipAFBVV95cUxPa0wzTGZmblBySHMxbGtzLUFGRDh6Z0JYdS1KWnF4eXVVRm9oU05aSzc5ZDlLMFpOSFJNdV9IelZkZm5GLTd3cjVaVzdqYjJfMW5HXzNvYTlsV2VBTVhjbUxDb3A2Nmt5SG9hVlFiMWJPeFZ3ZVNMNHpCVEsxQkNQSEtWMWVnTzhHeC1wZ1FrLTFvMExGSk9ILWlTUXM2VGZrRURQRQ?oc=5"" target=""_blank"">How M&amp;S stealthily became the UK’s number one activewear destination</a>&nbsp;&nbsp;<font color=""#6f6f6f"">The Telegraph</font>",UK activewear technology,"<a href=""https://news.google.com/rss/articles/CBMipAFBVV95cUxPa0wzTGZmblBySHMxbGtzLUFGRDh6Z0JYdS1KWnF4eXVVRm9oU05aSzc5ZDlLMFpOSFJNdV9IelZkZm5GLTd3cjVaVzdqYjJfMW5HXzNvYTlsV2VBTVhjbUxDb3A2Nmt5SG9hVlFiMWJPeFZ3ZVNMNHpCVEsxQkNQSEtWMWVnTzhHeC1wZ1FrLTFvMExGSk9ILWlTUXM2VGZrRURQRQ?oc=5"" target=""_blank"">How M&amp;S stealthily became the UK’s number one activewear destination</a>&nbsp;&nbsp;<font color=""#6f6f6f"">The Telegraph</font>"
Sweaty Betty collaborates with Halle Berry - fashionunited.uk,"Tue, 18 May 2021 07:00:00 GMT",fashionunited.uk,https://news.google.com/rss/articles/CBMimgFBVV95cUxQWTlOQzQyd19OeE9sRWE2SDhsM1RKZnpGZmpVWmZ5ekNKUUtFNXNkbG5mMUFfdTJuQlZqRkROTWltSFRjNU0weDFqN1RHb2x3UWFqbXFzQ2hnaGVRX0FBX1A1bHFxWDhrTERWOFVOOF9oSXNxLW1jZUI1Rzc0NTFEVHA3WGtyUGVUelJ2Y1RaQmpEWjZ0VVVQWFd3?oc=5,"<a href=""https://news.google.com/rss/articles/CBMimgFBVV95cUxQWTlOQzQyd19OeE9sRWE2SDhsM1RKZnpGZmpVWmZ5ekNKUUtFNXNkbG5mMUFfdTJuQlZqRkROTWltSFRjNU0weDFqN1RHb2x3UWFqbXFzQ2hnaGVRX0FBX1A1bHFxWDhrTERWOFVOOF9oSXNxLW1jZUI1Rzc0NTFEVHA3WGtyUGVUelJ2Y1RaQmpEWjZ0VVVQWFd3?oc=5"" target=""_blank"">Sweaty Betty collaborates with Halle Berry</a>&nbsp;&nbsp;<font color=""#6f6f6f"">fashionunited.uk</font>",UK activewear technology,"<a href=""https://news.google.com/rss/articles/CBMimgFBVV95cUxQWTlOQzQyd19OeE9sRWE2SDhsM1RKZnpGZmpVWmZ5ekNKUUtFNXNkbG5mMUFfdTJuQlZqRkROTWltSFRjNU0weDFqN1RHb2x3UWFqbXFzQ2hnaGVRX0FBX1A1bHFxWDhrTERWOFVOOF9oSXNxLW1jZUI1Rzc0NTFEVHA3WGtyUGVUelJ2Y1RaQmpEWjZ0VVVQWFd3?oc=5"" target=""_blank"">Sweaty Betty collaborates with Halle Berry</a>&nbsp;&nbsp;<font color=""#6f6f6f"">fashionunited.uk</font>"
Liberty London launches activewear range in iconic floral print - The Independent,"Thu, 12 May 2022 07:00:00 GMT",The Independent,https://news.google.com/rss/articles/CBMingFBVV95cUxQZ0hSUWQxd2FPUVFzMGFtMUNqQUE0eV85ajFxQkxCUG5ISUJRNHcxN055blhteXMzX2llUjItdUZnT3dBclVXc2VUbVFvUjc2TXd2d3JXa0toOVl6d1J5TV9CTlJMbExZVWQwVnVjVXRyeVczVjl3OF9TaWpNUW8xZlM0SVhsQ1prazh4UnMxOFZraGloYkxkd0FMYXNwdw?oc=5,"<a href=""https://news.google.com/rss/articles/CBMingFBVV95cUxQZ0hSUWQxd2FPUVFzMGFtMUNqQUE0eV85ajFxQkxCUG5ISUJRNHcxN055blhteXMzX2llUjItdUZnT3dBclVXc2VUbVFvUjc2TXd2d3JXa0toOVl6d1J5TV9CTlJMbExZVWQwVnVjVXRyeVczVjl3OF9TaWpNUW8xZlM0SVhsQ1prazh4UnMxOFZraGloYkxkd0FMYXNwdw?oc=5"" target=""_blank"">Liberty London launches activewear range in iconic floral print</a>&nbsp;&nbsp;<font color=""#6f6f6f"">The Independent</font>",UK activewear technology,"<a href=""https://news.google.com/rss/articles/CBMingFBVV95cUxQZ0hSUWQxd2FPUVFzMGFtMUNqQUE0eV85ajFxQkxCUG5ISUJRNHcxN055blhteXMzX2llUjItdUZnT3dBclVXc2VUbVFvUjc2TXd2d3JXa0toOVl6d1J5TV9CTlJMbExZVWQwVnVjVXRyeVczVjl3OF9TaWpNUW8xZlM0SVhsQ1prazh4UnMxOFZraGloYkxkd0FMYXNwdw?oc=5"" target=""_blank"">Liberty London launches activewear range in iconic floral print</a>&nbsp;&nbsp;<font color=""#6f6f6f"">The Independent</font>"
Alo Yoga expands UK footprint with four new stores - Retail Gazette,"Thu, 09 Oct 2025 07:00:00 GMT",Retail Gazette,https://news.google.com/rss/articles/CBMiekFVX3lxTFAtZS1GalNaNTBxNUw4V1FYenFLUDFveXp6ejA5QjlsVmthYTE2NkcwZkk3bDRqSUVxYVNoR3I3TDlGenJjb1ptMUhkMm1iMXpkdGQzVEJFZU51N2F5U19DS2d3a2oyc2tJRF9CYVlpQ2w2Z3Myd0pHSTBR?oc=5,"<a href=""https://news.google.com/rss/articles/CBMiekFVX3lxTFAtZS1GalNaNTBxNUw4V1FYenFLUDFveXp6ejA5QjlsVmthYTE2NkcwZkk3bDRqSUVxYVNoR3I3TDlGenJjb1ptMUhkMm1iMXpkdGQzVEJFZU51N2F5U19DS2d3a2oyc2tJRF9CYVlpQ2w2Z3Myd0pHSTBR?oc=5"" target=""_blank"">Alo Yoga expands UK footprint with four new stores</a>&nbsp;&nbsp;<font color=""#6f6f6f"">Retail Gazette</font>",UK activewear technology,"<a href=""https://news.google.com/rss/articles/CBMiekFVX3lxTFAtZS1GalNaNTBxNUw4V1FYenFLUDFveXp6ejA5QjlsVmthYTE2NkcwZkk3bDRqSUVxYVNoR3I3TDlGenJjb1ptMUhkMm1iMXpkdGQzVEJFZU51N2F5U19DS2d3a2oyc2tJRF9CYVlpQ2w2Z3Myd0pHSTBR?oc=5"" target=""_blank"">Alo Yoga expands UK footprint with four new stores</a>&nbsp;&nbsp;<font color=""#6f6f6f"">Retail Gazette</font>"
Amazon Might Just Be The Best Place To Buy Beauty Tech Right Now—Here Are 11 Tools We Rate - Marie Claire UK,"Wed, 09 Jul 2025 07:00:00 GMT",Marie Claire UK,https://news.google.com/rss/articles/CBMiekFVX3lxTE5YYlQ4RUt4cUg1M3NrUVdmOURSN3FpOTBOa0xYYWdJUHlXaklSeWRLdms5THN2cFUxUkhhQmQwTDZPa1p1X0pvYUVMMkgwQ2R6TnpaQVZzaG5JV3dhVnR6M1d6VzRua2hMdGZRX2ZPakFYWXNwTkc2dFhn?oc=5,"<a href=""https://news.google.com/rss/articles/CBMiekFVX3lxTE5YYlQ4RUt4cUg1M3NrUVdmOURSN3FpOTBOa0xYYWdJUHlXaklSeWRLdms5THN2cFUxUkhhQmQwTDZPa1p1X0pvYUVMMkgwQ2R6TnpaQVZzaG5JV3dhVnR6M1d6VzRua2hMdGZRX2ZPakFYWXNwTkc2dFhn?oc=5"" target=""_blank"">Amazon Might Just Be The Best Place To Buy Beauty Tech Right Now—Here Are 11 Tools We Rate</a>&nbsp;&nbsp;<font color=""#6f6f6f"">Marie Claire UK</font>",UK activewear technology,"<a href=""https://news.google.com/rss/articles/CBMiekFVX3lxTE5YYlQ4RUt4cUg1M3NrUVdmOURSN3FpOTBOa0xYYWdJUHlXaklSeWRLdms5THN2cFUxUkhhQmQwTDZPa1p1X0pvYUVMMkgwQ2R6TnpaQVZzaG5JV3dhVnR6M1d6VzRua2hMdGZRX2ZPakFYWXNwTkc2dFhn?oc=5"" target=""_blank"">Amazon Might Just Be The Best Place To Buy Beauty Tech Right Now—Here Are 11 Tools We Rate</a>&nbsp;&nbsp;<font color=""#6f6f6f"">Marie Claire UK</font>"
Unveiling the future: L'Oréal's top beauty breakthroughs at Viva Tech 2023 - Marie Claire UK,"Tue, 24 Oct 2023 07:00:00 GMT",Marie Claire UK,https://news.google.com/rss/articles/CBMidkFVX3lxTE5iR1ROUXZQVFFkZ0FrNlNJOWZpcV9BV2JWNnc0UkUxSGtLMWZMSk5DNEVCTm5vQjd2TGUzV0FTRHh6N1prT1FVVjQwV2Jndk1CNnh1aUNxQ3BwS2VkSmdTaVdGQm9aZHdXeFJqc2ZIZ05jd1VFZ2c?oc=5,"<a href=""https://news.google.com/rss/articles/CBMidkFVX3lxTE5iR1ROUXZQVFFkZ0FrNlNJOWZpcV9BV2JWNnc0UkUxSGtLMWZMSk5DNEVCTm5vQjd2TGUzV0FTRHh6N1prT1FVVjQwV2Jndk1CNnh1aUNxQ3BwS2VkSmdTaVdGQm9aZHdXeFJqc2ZIZ05jd1VFZ2c?oc=5"" target=""_blank"">Unveiling the future: L'Oréal's top beauty breakthroughs at Viva Tech 2023</a>&nbsp;&nbsp;<font color=""#6f6f6f"">Marie Claire UK</font>",UK activewear technology,"<a href=""https://news.google.com/rss/articles/CBMidkFVX3lxTE5iR1ROUXZQVFFkZ0FrNlNJOWZpcV9BV2JWNnc0UkUxSGtLMWZMSk5DNEVCTm5vQjd2TGUzV0FTRHh6N1prT1FVVjQwV2Jndk1CNnh1aUNxQ3BwS2VkSmdTaVdGQm9aZHdXeFJqc2ZIZ05jd1VFZ2c?oc=5"" target=""_blank"">Unveiling the future: L'Oréal's top beauty breakthroughs at Viva Tech 2023</a>&nbsp;&nbsp;<font color=""#6f6f6f"">Marie Claire UK</font>"
"Activewear Market Size, Share, Trends & Growth Report, 2034 - Fortune Business Insights","Fri, 18 Aug 2023 20:01:25 GMT",Fortune Business Insights,https://news.google.com/rss/articles/CBMickFVX3lxTE1lWXJGN1NPREFlYU9pb2w0UFh4N2UwOXYxMGR5YWVOVFRuUkJpeWpRZFBhUEdGbDQzSkFzQno2RkdTT3NLS3NlX0hzY25tRUcxRFRqUHlJWG5WNjc5YVI5b05NUWlvdXFST2t5YVhsX01yUQ?oc=5,"<a href=""https://news.google.com/rss/articles/CBMickFVX3lxTE1lWXJGN1NPREFlYU9pb2w0UFh4N2UwOXYxMGR5YWVOVFRuUkJpeWpRZFBhUEdGbDQzSkFzQno2RkdTT3NLS3NlX0hzY25tRUcxRFRqUHlJWG5WNjc5YVI5b05NUWlvdXFST2t5YVhsX01yUQ?oc=5"" target=""_blank"">Activewear Market Size, Share, Trends & Growth Report, 2034</a>&nbsp;&nbsp;<font color=""#6f6f6f"">Fortune Business Insights</font>",UK activewear technology,"<a href=""https://news.google.com/rss/articles/CBMickFVX3lxTE1lWXJGN1NPREFlYU9pb2w0UFh4N2UwOXYxMGR5YWVOVFRuUkJpeWpRZFBhUEdGbDQzSkFzQno2RkdTT3NLS3NlX0hzY25tRUcxRFRqUHlJWG5WNjc5YVI5b05NUWlvdXFST2t5YVhsX01yUQ?oc=5"" target=""_blank"">Activewear Market Size, Share, Trends & Growth Report, 2034</a>&nbsp;&nbsp;<font color=""#6f6f6f"">Fortune Business Insights</font>"
Everyone’s Wearing This One Jacket Right Now — and It’s Surprisingly Easy To Style - Marie Claire UK,"Tue, 30 Sep 2025 07:00:00 GMT",Marie Claire UK,https://news.google.com/rss/articles/CBMiekFVX3lxTFB0U0tGMzZTQlpka2JMamV2WkJzYWw5Vl82V2hUaXlFOVRHV2lURW1IVTRtY0xhOFNDUEZMOXFUdWVWc1lVRWo3N29GbnBKNzRBQ2hRUXRLZnlYUW11TXB2LUk5NGhmM3pla3I0UXY4WDhYaFpnUHVKbm1B?oc=5,"<a href=""https://news.google.com/rss/articles/CBMiekFVX3lxTFB0U0tGMzZTQlpka2JMamV2WkJzYWw5Vl82V2hUaXlFOVRHV2lURW1IVTRtY0xhOFNDUEZMOXFUdWVWc1lVRWo3N29GbnBKNzRBQ2hRUXRLZnlYUW11TXB2LUk5NGhmM3pla3I0UXY4WDhYaFpnUHVKbm1B?oc=5"" target=""_blank"">Everyone’s Wearing This One Jacket Right Now — and It’s Surprisingly Easy To Style</a>&nbsp;&nbsp;<font color=""#6f6f6f"">Marie Claire UK</font>",UK activewear technology,"<a href=""https://news.google.com/rss/articles/CBMiekFVX3lxTFB0U0tGMzZTQlpka2JMamV2WkJzYWw5Vl82V2hUaXlFOVRHV2lURW1IVTRtY0xhOFNDUEZMOXFUdWVWc1lVRWo3N29GbnBKNzRBQ2hRUXRLZnlYUW11TXB2LUk5NGhmM3pla3I0UXY4WDhYaFpnUHVKbm1B?oc=5"" target=""_blank"">Everyone’s Wearing This One Jacket Right Now — and It’s Surprisingly Easy To Style</a>&nbsp;&nbsp;<font color=""#6f6f6f"">Marie Claire UK</font>"
"Gymshark Taps Google Cloud AI for Personalization, Expansion - Athletech News","Mon, 16 Oct 2023 07:00:00 GMT",Athletech News,https://news.google.com/rss/articles/CBMijwFBVV95cUxOeHNqVXNwX2Y4cHNPQVlSYUVIS3lrNV9yeTg3QlNQRWlxZ1BVN3FxbU45VmlOWXN3bENudXNmNjJRZFZRUFd4UFdtc3hkdEJ6XzlZU3VhYm5nWG5mSXJJbDMwU3ozLWhpdDFKZF9jejlGMi1sSWk1Z1BJSkhHcGNQaDdQSUFISDkyQ0RHbHNERQ?oc=5,"<a href=""https://news.google.com/rss/articles/CBMijwFBVV95cUxOeHNqVXNwX2Y4cHNPQVlSYUVIS3lrNV9yeTg3QlNQRWlxZ1BVN3FxbU45VmlOWXN3bENudXNmNjJRZFZRUFd4UFdtc3hkdEJ6XzlZU3VhYm5nWG5mSXJJbDMwU3ozLWhpdDFKZF9jejlGMi1sSWk1Z1BJSkhHcGNQaDdQSUFISDkyQ0RHbHNERQ?oc=5"" target=""_blank"">Gymshark Taps Google Cloud AI for Personalization, Expansion</a>&nbsp;&nbsp;<font color=""#6f6f6f"">Athletech News</font>",UK activewear technology,"<a href=""https://news.google.com/rss/articles/CBMijwFBVV95cUxOeHNqVXNwX2Y4cHNPQVlSYUVIS3lrNV9yeTg3QlNQRWlxZ1BVN3FxbU45VmlOWXN3bENudXNmNjJRZFZRUFd4UFdtc3hkdEJ6XzlZU3VhYm5nWG5mSXJJbDMwU3ozLWhpdDFKZF9jejlGMi1sSWk1Z1BJSkhHcGNQaDdQSUFISDkyQ0RHbHNERQ?oc=5"" target=""_blank"">Gymshark Taps Google Cloud AI for Personalization, Expansion</a>&nbsp;&nbsp;<font color=""#6f6f6f"">Athletech News</font>"
"Alo Yoga takes on Europe, starting with the UK - Vogue","Tue, 14 Nov 2023 08:00:00 GMT",Vogue,https://news.google.com/rss/articles/CBMigAFBVV95cUxQd2NUOUhUTGtFU2g5RXZyVWlYcVF1Q3ZDa0l3c1dBeXdsekUxZ1pXOE51ZWs5RFYwejUwU0dlakRzUGo3T1lxX3p3MmQ1RXMzekQ1MldKMG92eHJ3QkxseElQd2dXMUhBTV9qTFF5SHFlNWdOeHU2VzlHTlplR2J3Nw?oc=5,"<a href=""https://news.google.com/rss/articles/CBMigAFBVV95cUxQd2NUOUhUTGtFU2g5RXZyVWlYcVF1Q3ZDa0l3c1dBeXdsekUxZ1pXOE51ZWs5RFYwejUwU0dlakRzUGo3T1lxX3p3MmQ1RXMzekQ1MldKMG92eHJ3QkxseElQd2dXMUhBTV9qTFF5SHFlNWdOeHU2VzlHTlplR2J3Nw?oc=5"" target=""_blank"">Alo Yoga takes on Europe, starting with the UK</a>&nbsp;&nbsp;<font color=""#6f6f6f"">Vogue</font>",UK activewear technology,"<a href=""https://news.google.com/rss/articles/CBMigAFBVV95cUxQd2NUOUhUTGtFU2g5RXZyVWlYcVF1Q3ZDa0l3c1dBeXdsekUxZ1pXOE51ZWs5RFYwejUwU0dlakRzUGo3T1lxX3p3MmQ1RXMzekQ1MldKMG92eHJ3QkxseElQd2dXMUhBTV9qTFF5SHFlNWdOeHU2VzlHTlplR2J3Nw?oc=5"" target=""_blank"">Alo Yoga takes on Europe, starting with the UK</a>&nbsp;&nbsp;<font color=""#6f6f6f"">Vogue</font>"
"Unicorn startups in United Kingdom (Aug, 2026) - Tracxn","Mon, 03 Aug 2026 02:16:33 GMT",Tracxn,https://news.google.com/rss/articles/CBMipAFBVV95cUxPN1RJejd2TDljc24wQVFOdnoxbFFMaVNZbGFxcHhIM2dfcEo5UWpzZHFjRENXMVRoWl9fYi1vZzFvYjRFZ2FoNTNTV2NRSk53Tk4tVUhwQVIyMS0wWnJDaEtEU0wtOWlwcnNPUUR3aE43N2xvWnpPQURzZUowcFZaWDY3ODJuMl93dTF4T0Vuak1rUzFXR0ZmVnRiOERyR3NyUnh3LQ?oc=5,"<a href=""https://news.google.com/rss/articles/CBMipAFBVV95cUxPN1RJejd2TDljc24wQVFOdnoxbFFMaVNZbGFxcHhIM2dfcEo5UWpzZHFjRENXMVRoWl9fYi1vZzFvYjRFZ2FoNTNTV2NRSk53Tk4tVUhwQVIyMS0wWnJDaEtEU0wtOWlwcnNPUUR3aE43N2xvWnpPQURzZUowcFZaWDY3ODJuMl93dTF4T0Vuak1rUzFXR0ZmVnRiOERyR3NyUnh3LQ?oc=5"" target=""_blank"">Unicorn startups in United Kingdom (Aug, 2026)</a>&nbsp;&nbsp;<font color=""#6f6f6f"">Tracxn</font>",UK activewear technology,"<a href=""https://news.google.com/rss/articles/CBMipAFBVV95cUxPN1RJejd2TDljc24wQVFOdnoxbFFMaVNZbGFxcHhIM2dfcEo5UWpzZHFjRENXMVRoWl9fYi1vZzFvYjRFZ2FoNTNTV2NRSk53Tk4tVUhwQVIyMS0wWnJDaEtEU0wtOWlwcnNPUUR3aE43N2xvWnpPQURzZUowcFZaWDY3ODJuMl93dTF4T0Vuak1rUzFXR0ZmVnRiOERyR3NyUnh3LQ?oc=5"" target=""_blank"">Unicorn startups in United Kingdom (Aug, 2026)</a>&nbsp;&nbsp;<font color=""#6f6f6f"">Tracxn</font>"
Top 3 Textile Trends Transforming the UK Fashion World - Fibre2Fashion,"Mon, 06 Jul 2020 05:59:45 GMT",Fibre2Fashion,https://news.google.com/rss/articles/CBMiqgFBVV95cUxOZkFHWlFtOElUN0VyclJkdEl2eThwb0tJcFlfckx4Wm9wX1JFUVNFRjNMNzVGbmJER3BKWFQwMjlCMVhHZWw3QjZVRmY1WW1GTERRcUlfQkJlNHZWaXJnbEcxSklITFFJaExBcExDNXk2Wl9CYkE4WE83bVVWTjhfTGMxTVpjSm5nMjlzU2FKSWRzU0RxZW9wd191QmNFUnpJTUQ5U0R1dXNWQdIBtgFBVV95cUxOanJBZ3JybnB0Yko1WWswQ1F4bXFEcm03N3prX0VwUG9ObUFmZGRPN0NhTEFsbm9hTHB6YWdNR1NNVmVYbU5sNWJiSnVPUWdXVzhTckhyTy1tcVEtMlpZQzdUWG81d3Ewckt3YVVaWUpMc1k3WVZDTnRBZDVjQVJnSWVwSUFQYlluWlZleGtSMlNVQU83N2VaWHU5WldjZ3ZNazlnakw3VXFQQ3MzNlJleUg3dnVSQQ?oc=5,"<a href=""https://news.google.com/rss/articles/CBMiqgFBVV95cUxOZkFHWlFtOElUN0VyclJkdEl2eThwb0tJcFlfckx4Wm9wX1JFUVNFRjNMNzVGbmJER3BKWFQwMjlCMVhHZWw3QjZVRmY1WW1GTERRcUlfQkJlNHZWaXJnbEcxSklITFFJaExBcExDNXk2Wl9CYkE4WE83bVVWTjhfTGMxTVpjSm5nMjlzU2FKSWRzU0RxZW9wd191QmNFUnpJTUQ5U0R1dXNWQdIBtgFBVV95cUxOanJBZ3JybnB0Yko1WWswQ1F4bXFEcm03N3prX0VwUG9ObUFmZGRPN0NhTEFsbm9hTHB6YWdNR1NNVmVYbU5sNWJiSnVPUWdXVzhTckhyTy1tcVEtMlpZQzdUWG81d3Ewckt3YVVaWUpMc1k3WVZDTnRBZDVjQVJnSWVwSUFQYlluWlZleGtSMlNVQU83N2VaWHU5WldjZ3ZNazlnakw3VXFQQ3MzNlJleUg3dnVSQQ?oc=5"" target=""_blank"">Top 3 Textile Trends Transforming the UK Fashion World</a>&nbsp;&nbsp;<font color=""#6f6f6f"">Fibre2Fashion</font>",UK activewear technology,"<a href=""https://news.google.com/rss/articles/CBMiqgFBVV95cUxOZkFHWlFtOElUN0VyclJkdEl2eThwb0tJcFlfckx4Wm9wX1JFUVNFRjNMNzVGbmJER3BKWFQwMjlCMVhHZWw3QjZVRmY1WW1GTERRcUlfQkJlNHZWaXJnbEcxSklITFFJaExBcExDNXk2Wl9CYkE4WE83bVVWTjhfTGMxTVpjSm5nMjlzU2FKSWRzU0RxZW9wd191QmNFUnpJTUQ5U0R1dXNWQdIBtgFBVV95cUxOanJBZ3JybnB0Yko1WWswQ1F4bXFEcm03N3prX0VwUG9ObUFmZGRPN0NhTEFsbm9hTHB6YWdNR1NNVmVYbU5sNWJiSnVPUWdXVzhTckhyTy1tcVEtMlpZQzdUWG81d3Ewckt3YVVaWUpMc1k3WVZDTnRBZDVjQVJnSWVwSUFQYlluWlZleGtSMlNVQU83N2VaWHU5WldjZ3ZNazlnakw3VXFQQ3MzNlJleUg3dnVSQQ?oc=5"" target=""_blank"">Top 3 Textile Trends Transforming the UK Fashion World</a>&nbsp;&nbsp;<font color=""#6f6f6f"">Fibre2Fashion</font>"
Menswear Bros Say These $50 Chinos Will Replace Your Office Pants - Men's Health,"Thu, 07 May 2026 07:00:00 GMT",Men's Health,https://news.google.com/rss/articles/CBMicEFVX3lxTFBwMVhzOVdtUnh2WWJkcDVxV2RpRUJSRE5nbGhjcy1zMTN3WUt3NC1COENHdjFMc2tpTFVjUUM4SEVpdXlqUWM3S3JSdXNJRm42MlFFRkZFSkhuTHczQnFXb1NlUFdwdTdoMlYtYkowMDc?oc=5,"<a href=""https://news.google.com/rss/articles/CBMicEFVX3lxTFBwMVhzOVdtUnh2WWJkcDVxV2RpRUJSRE5nbGhjcy1zMTN3WUt3NC1COENHdjFMc2tpTFVjUUM4SEVpdXlqUWM3S3JSdXNJRm42MlFFRkZFSkhuTHczQnFXb1NlUFdwdTdoMlYtYkowMDc?oc=5"" target=""_blank"">Menswear Bros Say These $50 Chinos Will Replace Your Office Pants</a>&nbsp;&nbsp;<font color=""#6f6f6f"">Men's Health</font>",UK activewear technology,"<a href=""https://news.google.com/rss/articles/CBMicEFVX3lxTFBwMVhzOVdtUnh2WWJkcDVxV2RpRUJSRE5nbGhjcy1zMTN3WUt3NC1COENHdjFMc2tpTFVjUUM4SEVpdXlqUWM3S3JSdXNJRm42MlFFRkZFSkhuTHczQnFXb1NlUFdwdTdoMlYtYkowMDc?oc=5"" target=""_blank"">Menswear Bros Say These $50 Chinos Will Replace Your Office Pants</a>&nbsp;&nbsp;<font color=""#6f6f6f"">Men's Health</font>"
The Kick-Ass STEM Investor: 'A tech career is where you can make a real impact' - Marie Claire UK,"Mon, 08 Feb 2021 08:00:00 GMT",Marie Claire UK,https://news.google.com/rss/articles/CBMilAFBVV95cUxQaG1NOW1ZZmdzX3JKeXlpdXV5ekg4dEpKdTFFdDNmYmxaaUFVdGpVWU1iSk54QWFPWjVydGhTUkNtUnVYRm44SlVMTmoycWJNU0dDZzJoVmJxelN0eHdtd0dpWGZkbEF4XzE4dDMzMnpFSzE1eVc5R2EyV1c3VnQ1M0R0MzJra1dBTnJkcFU5MEF5aE1i?oc=5,"<a href=""https://news.google.com/rss/articles/CBMilAFBVV95cUxQaG1NOW1ZZmdzX3JKeXlpdXV5ekg4dEpKdTFFdDNmYmxaaUFVdGpVWU1iSk54QWFPWjVydGhTUkNtUnVYRm44SlVMTmoycWJNU0dDZzJoVmJxelN0eHdtd0dpWGZkbEF4XzE4dDMzMnpFSzE1eVc5R2EyV1c3VnQ1M0R0MzJra1dBTnJkcFU5MEF5aE1i?oc=5"" target=""_blank"">The Kick-Ass STEM Investor: 'A tech career is where you can make a real impact'</a>&nbsp;&nbsp;<font color=""#6f6f6f"">Marie Claire UK</font>",UK activewear technology,"<a href=""https://news.google.com/rss/articles/CBMilAFBVV95cUxQaG1NOW1ZZmdzX3JKeXlpdXV5ekg4dEpKdTFFdDNmYmxaaUFVdGpVWU1iSk54QWFPWjVydGhTUkNtUnVYRm44SlVMTmoycWJNU0dDZzJoVmJxelN0eHdtd0dpWGZkbEF4XzE4dDMzMnpFSzE1eVc5R2EyV1c3VnQ1M0R0MzJra1dBTnJkcFU5MEF5aE1i?oc=5"" target=""_blank"">The Kick-Ass STEM Investor: 'A tech career is where you can make a real impact'</a>&nbsp;&nbsp;<font color=""#6f6f6f"">Marie Claire UK</font>"
Hi-tech fashion - pressreader.com,"Wed, 24 Oct 2018 07:00:00 GMT",pressreader.com,https://news.google.com/rss/articles/CBMid0FVX3lxTE5ROTZlaVVZM2lhMkNIRmRPUEdpd051bWo0OTMydWxMLXZEUFFjOE5MWWtrTG1keEIwNHhCLUVjWnZ2RU5XcmQ1SjlkNXNqbHpwZ29OUlJkNmZrVG96RWY5VEVRc3BTRVJjamI2YzY5TVJsSEY2NVZZ?oc=5,"<a href=""https://news.google.com/rss/articles/CBMid0FVX3lxTE5ROTZlaVVZM2lhMkNIRmRPUEdpd051bWo0OTMydWxMLXZEUFFjOE5MWWtrTG1keEIwNHhCLUVjWnZ2RU5XcmQ1SjlkNXNqbHpwZ29OUlJkNmZrVG96RWY5VEVRc3BTRVJjamI2YzY5TVJsSEY2NVZZ?oc=5"" target=""_blank"">Hi-tech fashion</a>&nbsp;&nbsp;<font color=""#6f6f6f"">pressreader.com</font>",UK activewear technology,"<a href=""https://news.google.com/rss/articles/CBMid0FVX3lxTE5ROTZlaVVZM2lhMkNIRmRPUEdpd051bWo0OTMydWxMLXZEUFFjOE5MWWtrTG1keEIwNHhCLUVjWnZ2RU5XcmQ1SjlkNXNqbHpwZ29OUlJkNmZrVG96RWY5VEVRc3BTRVJjamI2YzY5TVJsSEY2NVZZ?oc=5"" target=""_blank"">Hi-tech fashion</a>&nbsp;&nbsp;<font color=""#6f6f6f"">pressreader.com</font>"
"Backpacks can be seriously stylish and no, they don’t all look the same – shop our favourites - cosmopolitan.com","Fri, 13 Mar 2026 07:00:00 GMT",cosmopolitan.com,https://news.google.com/rss/articles/CBMidEFVX3lxTFBDVmVGQnlYb3RpallSQ085NHpDeDhnZUVndGIzWWwtRGstN2FZeDJvVkxVLVh5cjJuWDlTb1g1TTlINjBCRFpPVzBzdDdWVXUyY0h0ZEFJVndKLUdCVXZfcjdxMzZJWEo5UzU3a0xIbjlWeHpD?oc=5,"<a href=""https://news.google.com/rss/articles/CBMidEFVX3lxTFBDVmVGQnlYb3RpallSQ085NHpDeDhnZUVndGIzWWwtRGstN2FZeDJvVkxVLVh5cjJuWDlTb1g1TTlINjBCRFpPVzBzdDdWVXUyY0h0ZEFJVndKLUdCVXZfcjdxMzZJWEo5UzU3a0xIbjlWeHpD?oc=5"" target=""_blank"">Backpacks can be seriously stylish and no, they don’t all look the same – shop our favourites</a>&nbsp;&nbsp;<font color=""#6f6f6f"">cosmopolitan.com</font>",UK activewear technology,"<a href=""https://news.google.com/rss/articles/CBMidEFVX3lxTFBDVmVGQnlYb3RpallSQ085NHpDeDhnZUVndGIzWWwtRGstN2FZeDJvVkxVLVh5cjJuWDlTb1g1TTlINjBCRFpPVzBzdDdWVXUyY0h0ZEFJVndKLUdCVXZfcjdxMzZJWEo5UzU3a0xIbjlWeHpD?oc=5"" target=""_blank"">Backpacks can be seriously stylish and no, they don’t all look the same – shop our favourites</a>&nbsp;&nbsp;<font color=""#6f6f6f"">cosmopolitan.com</font>"
"So, 'Smart' Activewear Is A Thing Now - Here's What To Know - glam.com","Mon, 26 Jun 2023 07:00:00 GMT",glam.com,https://news.google.com/rss/articles/CBMib0FVX3lxTE9jdGN1VVVxWjlFYVZmSmNqQmNDQmhpWkl3ZjVKTUlFM1JMMDU2bFdpNGROSTRiSXl1ZW1HNkRfcGlkZnRMb2gxSzhNMWQxMjB5ZDFTYm9ockRLUW9ZbWNoTThuQXF5QWFncnFnMW5pZw?oc=5,"<a href=""https://news.google.com/rss/articles/CBMib0FVX3lxTE9jdGN1VVVxWjlFYVZmSmNqQmNDQmhpWkl3ZjVKTUlFM1JMMDU2bFdpNGROSTRiSXl1ZW1HNkRfcGlkZnRMb2gxSzhNMWQxMjB5ZDFTYm9ockRLUW9ZbWNoTThuQXF5QWFncnFnMW5pZw?oc=5"" target=""_blank"">So, 'Smart' Activewear Is A Thing Now - Here's What To Know</a>&nbsp;&nbsp;<font color=""#6f6f6f"">glam.com</font>",UK activewear technology,"<a href=""https://news.google.com/rss/articles/CBMib0FVX3lxTE9jdGN1VVVxWjlFYVZmSmNqQmNDQmhpWkl3ZjVKTUlFM1JMMDU2bFdpNGROSTRiSXl1ZW1HNkRfcGlkZnRMb2gxSzhNMWQxMjB5ZDFTYm9ockRLUW9ZbWNoTThuQXF5QWFncnFnMW5pZw?oc=5"" target=""_blank"">So, 'Smart' Activewear Is A Thing Now - Here's What To Know</a>&nbsp;&nbsp;<font color=""#6f6f6f"">glam.com</font>"
NASA-inspired infrared activewear from KYMIRA Sport says it can help with recovery - Sports Illustrated,"Tue, 14 Mar 2017 07:00:00 GMT",Sports Illustrated,https://news.google.com/rss/articles/CBMigAFBVV95cUxPY3VwNWZNUUgtOHpnUkE4YnQzeDBHaTBiUGkyXzZhSUJUT3dheXdhWDlPeHFZV3l0cVIycnEyWmtEenhHVGFFeF9Lb0VjUWVYZi1pWXBEajRrVjR0aV9qWk83c2FyUmh4ZmJHZ2V2d2VtX3EyNDA2cUM3VkNKRG40OA?oc=5,"<a href=""https://news.google.com/rss/articles/CBMigAFBVV95cUxPY3VwNWZNUUgtOHpnUkE4YnQzeDBHaTBiUGkyXzZhSUJUT3dheXdhWDlPeHFZV3l0cVIycnEyWmtEenhHVGFFeF9Lb0VjUWVYZi1pWXBEajRrVjR0aV9qWk83c2FyUmh4ZmJHZ2V2d2VtX3EyNDA2cUM3VkNKRG40OA?oc=5"" target=""_blank"">NASA-inspired infrared activewear from KYMIRA Sport says it can help with recovery</a>&nbsp;&nbsp;<font color=""#6f6f6f"">Sports Illustrated</font>",UK activewear technology,"<a href=""https://news.google.com/rss/articles/CBMigAFBVV95cUxPY3VwNWZNUUgtOHpnUkE4YnQzeDBHaTBiUGkyXzZhSUJUT3dheXdhWDlPeHFZV3l0cVIycnEyWmtEenhHVGFFeF9Lb0VjUWVYZi1pWXBEajRrVjR0aV9qWk83c2FyUmh4ZmJHZ2V2d2VtX3EyNDA2cUM3VkNKRG40OA?oc=5"" target=""_blank"">NASA-inspired infrared activewear from KYMIRA Sport says it can help with recovery</a>&nbsp;&nbsp;<font color=""#6f6f6f"">Sports Illustrated</font>"
Adidas x Karlie Kloss Launch Tech-Inspired Activewear Collection - Athletech News,"Tue, 14 Jun 2022 07:00:00 GMT",Athletech News,https://news.google.com/rss/articles/CBMiggFBVV95cUxPVmZSQ25yRUdOdW1ZVzNmRmduZ0VpWm1KR2JVTExnUnloUHR2ZUF4R04teFFqMnN2cXdXWmZEZ2FuZzJuU2dXSTF1ZWprSkNkdVBNQ1pBdWdVZDRNVlMxaWlNWGw3NmphWmFhTnQ1enZMMUxPcU5YT0RiMl9RM29QWWlB?oc=5,"<a href=""https://news.google.com/rss/articles/CBMiggFBVV95cUxPVmZSQ25yRUdOdW1ZVzNmRmduZ0VpWm1KR2JVTExnUnloUHR2ZUF4R04teFFqMnN2cXdXWmZEZ2FuZzJuU2dXSTF1ZWprSkNkdVBNQ1pBdWdVZDRNVlMxaWlNWGw3NmphWmFhTnQ1enZMMUxPcU5YT0RiMl9RM29QWWlB?oc=5"" target=""_blank"">Adidas x Karlie Kloss Launch Tech-Inspired Activewear Collection</a>&nbsp;&nbsp;<font color=""#6f6f6f"">Athletech News</font>",UK activewear technology,"<a href=""https://news.google.com/rss/articles/CBMiggFBVV95cUxPVmZSQ25yRUdOdW1ZVzNmRmduZ0VpWm1KR2JVTExnUnloUHR2ZUF4R04teFFqMnN2cXdXWmZEZ2FuZzJuU2dXSTF1ZWprSkNkdVBNQ1pBdWdVZDRNVlMxaWlNWGw3NmphWmFhTnQ1enZMMUxPcU5YT0RiMl9RM29QWWlB?oc=5"" target=""_blank"">Adidas x Karlie Kloss Launch Tech-Inspired Activewear Collection</a>&nbsp;&nbsp;<font color=""#6f6f6f"">Athletech News</font>"
How Nike and Adidas are tapping the modest sportswear opportunity - Vogue,"Mon, 17 Oct 2022 07:00:00 GMT",Vogue,https://news.google.com/rss/articles/CBMimwFBVV95cUxQamNjQ3V4UFp4YnE5Y0h5R3dhem9hMjlfVXJ2aDc4WUJjUWN5U3hBam45TXBVMUl6V1lET2R4WGdEV1VHQ1Zsd3RqSF9sNUgwclpITmRMQTVMaVRvR0xySVIzSjExYVBXdktEOE5WTU9OcW5BMkR4dVlUQm9pSGZFcE9yR0dhWFpKbWNLOU5qRnhfTnhvLXVNZmFSdw?oc=5,"<a href=""https://news.google.com/rss/articles/CBMimwFBVV95cUxQamNjQ3V4UFp4YnE5Y0h5R3dhem9hMjlfVXJ2aDc4WUJjUWN5U3hBam45TXBVMUl6V1lET2R4WGdEV1VHQ1Zsd3RqSF9sNUgwclpITmRMQTVMaVRvR0xySVIzSjExYVBXdktEOE5WTU9OcW5BMkR4dVlUQm9pSGZFcE9yR0dhWFpKbWNLOU5qRnhfTnhvLXVNZmFSdw?oc=5"" target=""_blank"">How Nike and Adidas are tapping the modest sportswear opportunity</a>&nbsp;&nbsp;<font color=""#6f6f6f"">Vogue</font>",UK activewear technology,"<a href=""https://news.google.com/rss/articles/CBMimwFBVV95cUxQamNjQ3V4UFp4YnE5Y0h5R3dhem9hMjlfVXJ2aDc4WUJjUWN5U3hBam45TXBVMUl6V1lET2R4WGdEV1VHQ1Zsd3RqSF9sNUgwclpITmRMQTVMaVRvR0xySVIzSjExYVBXdktEOE5WTU9OcW5BMkR4dVlUQm9pSGZFcE9yR0dhWFpKbWNLOU5qRnhfTnhvLXVNZmFSdw?oc=5"" target=""_blank"">How Nike and Adidas are tapping the modest sportswear opportunity</a>&nbsp;&nbsp;<font color=""#6f6f6f"">Vogue</font>"
Here’s why K-Beauty is killing it - Marie Claire UK,"Thu, 09 Jun 2016 07:00:00 GMT",Marie Claire UK,https://news.google.com/rss/articles/CBMijgFBVV95cUxPVmVWQmJCLUlKZ3gxM1czdFpqTHdxeVBmNjRVNVEtTUZTV3JrWUVuLW5tTE1VdmlVMnhfYlhiRU4xRTg1RmpuQ3lFdFBiWmpTYW1ZNGJHdnFiQnA4Z1l0OEhFY19zbXYzWGp2cTZPaC05V2NTUDJMd2taU0t6MnU3S0tOdk5fZVg1ZWNOQmRR?oc=5,"<a href=""https://news.google.com/rss/articles/CBMijgFBVV95cUxPVmVWQmJCLUlKZ3gxM1czdFpqTHdxeVBmNjRVNVEtTUZTV3JrWUVuLW5tTE1VdmlVMnhfYlhiRU4xRTg1RmpuQ3lFdFBiWmpTYW1ZNGJHdnFiQnA4Z1l0OEhFY19zbXYzWGp2cTZPaC05V2NTUDJMd2taU0t6MnU3S0tOdk5fZVg1ZWNOQmRR?oc=5"" target=""_blank"">Here’s why K-Beauty is killing it</a>&nbsp;&nbsp;<font color=""#6f6f6f"">Marie Claire UK</font>",UK activewear technology,"<a href=""https://news.google.com/rss/articles/CBMijgFBVV95cUxPVmVWQmJCLUlKZ3gxM1czdFpqTHdxeVBmNjRVNVEtTUZTV3JrWUVuLW5tTE1VdmlVMnhfYlhiRU4xRTg1RmpuQ3lFdFBiWmpTYW1ZNGJHdnFiQnA4Z1l0OEhFY19zbXYzWGp2cTZPaC05V2NTUDJMd2taU0t6MnU3S0tOdk5fZVg1ZWNOQmRR?oc=5"" target=""_blank"">Here’s why K-Beauty is killing it</a>&nbsp;&nbsp;<font color=""#6f6f6f"">Marie Claire UK</font>"
Nike Unveils the Tech Woven Suit: A Stylish New Take on Activewear - stupidDOPE,"Fri, 11 Oct 2024 07:00:00 GMT",stupidDOPE,https://news.google.com/rss/articles/CBMingFBVV95cUxNbVpyLV9PSV9JdmE3OHVLVXBFb0dYY3RhNnBOaWUzNUxJcFdwblBjUEtyanV5b1g0WkRyb2JHQWZZeW12TzlmTC1hM3EwYU43ajJDWEdMQkxLaXVBYzJVWXlLVC1wYVItNzh3SkFPXzdrbFp1cTE3Y0E5QncyZXJHU0ZvdHFZVDJkelh4VldiYTFrbmtfajdpN2tocDl4QQ?oc=5,"<a href=""https://news.google.com/rss/articles/CBMingFBVV95cUxNbVpyLV9PSV9JdmE3OHVLVXBFb0dYY3RhNnBOaWUzNUxJcFdwblBjUEtyanV5b1g0WkRyb2JHQWZZeW12TzlmTC1hM3EwYU43ajJDWEdMQkxLaXVBYzJVWXlLVC1wYVItNzh3SkFPXzdrbFp1cTE3Y0E5QncyZXJHU0ZvdHFZVDJkelh4VldiYTFrbmtfajdpN2tocDl4QQ?oc=5"" target=""_blank"">Nike Unveils the Tech Woven Suit: A Stylish New Take on Activewear</a>&nbsp;&nbsp;<font color=""#6f6f6f"">stupidDOPE</font>",UK activewear technology,"<a href=""https://news.google.com/rss/articles/CBMingFBVV95cUxNbVpyLV9PSV9JdmE3OHVLVXBFb0dYY3RhNnBOaWUzNUxJcFdwblBjUEtyanV5b1g0WkRyb2JHQWZZeW12TzlmTC1hM3EwYU43ajJDWEdMQkxLaXVBYzJVWXlLVC1wYVItNzh3SkFPXzdrbFp1cTE3Y0E5QncyZXJHU0ZvdHFZVDJkelh4VldiYTFrbmtfajdpN2tocDl4QQ?oc=5"" target=""_blank"">Nike Unveils the Tech Woven Suit: A Stylish New Take on Activewear</a>&nbsp;&nbsp;<font color=""#6f6f6f"">stupidDOPE</font>"
Global sportswear giant JD Sports to launch in Australia with first store to open in Melbourne - SmartCompany,"Mon, 06 Mar 2017 08:00:00 GMT",SmartCompany,https://news.google.com/rss/articles/CBMiiAJBVV95cUxNWG81azJtVmtscFRGZW5oMDJFa0FGc1dPV3l1NWJyNjRFbmc0TVJZX2ZiZ0hiN0xvVGh0d0NDU283elNObG5zVzZkbjU0LXFiWmM0NUhNa3liYlVjOWdCTll6cWU3eVZieWl3a0l5NEViX2NPcE9mblF2NmhsZFhqUFRkaXlLTDZKazBRWnVJWFpGR2lQXzJhbm1MOTN3TzEtYkUwNGtqeGo1MVBZQ09EUmluVVJ6bXVvQ29TTVJ6WjFFTHU3ZWw3clhyb1Y5ZlN1WHh1VGFCYjdQOUt4STFLNU96S1gwbHh6bFJmYmY5eXc0b0x1ZlN0a21lZEIyZFhhQXNZckkxMEI?oc=5,"<a href=""https://news.google.com/rss/articles/CBMiiAJBVV95cUxNWG81azJtVmtscFRGZW5oMDJFa0FGc1dPV3l1NWJyNjRFbmc0TVJZX2ZiZ0hiN0xvVGh0d0NDU283elNObG5zVzZkbjU0LXFiWmM0NUhNa3liYlVjOWdCTll6cWU3eVZieWl3a0l5NEViX2NPcE9mblF2NmhsZFhqUFRkaXlLTDZKazBRWnVJWFpGR2lQXzJhbm1MOTN3TzEtYkUwNGtqeGo1MVBZQ09EUmluVVJ6bXVvQ29TTVJ6WjFFTHU3ZWw3clhyb1Y5ZlN1WHh1VGFCYjdQOUt4STFLNU96S1gwbHh6bFJmYmY5eXc0b0x1ZlN0a21lZEIyZFhhQXNZckkxMEI?oc=5"" target=""_blank"">Global sportswear giant JD Sports to launch in Australia with first store to open in Melbourne</a>&nbsp;&nbsp;<font color=""#6f6f6f"">SmartCompany</font>",UK activewear technology,"<a href=""https://news.google.com/rss/articles/CBMiiAJBVV95cUxNWG81azJtVmtscFRGZW5oMDJFa0FGc1dPV3l1NWJyNjRFbmc0TVJZX2ZiZ0hiN0xvVGh0d0NDU283elNObG5zVzZkbjU0LXFiWmM0NUhNa3liYlVjOWdCTll6cWU3eVZieWl3a0l5NEViX2NPcE9mblF2NmhsZFhqUFRkaXlLTDZKazBRWnVJWFpGR2lQXzJhbm1MOTN3TzEtYkUwNGtqeGo1MVBZQ09EUmluVVJ6bXVvQ29TTVJ6WjFFTHU3ZWw3clhyb1Y5ZlN1WHh1VGFCYjdQOUt4STFLNU96S1gwbHh6bFJmYmY5eXc0b0x1ZlN0a21lZEIyZFhhQXNZckkxMEI?oc=5"" target=""_blank"">Global sportswear giant JD Sports to launch in Australia with first store to open in Melbourne</a>&nbsp;&nbsp;<font color=""#6f6f6f"">SmartCompany</font>"
JD Sports downgraded due to pressure on consumers and lack of 'brand heat' - Proactive Investors,"Mon, 03 Aug 2026 10:31:00 GMT",Proactive Investors,https://news.google.com/rss/articles/CBMi3gFBVV95cUxPcDgzQ092Y2NjdndaMkREZVhiUDhwUllqSWpxNncyVnFxSmVNNEtGQVpYNlVzM2Uxc2xBRTdOOGRuQTNnSVRfSkpFLTZhYS1BTllmSEZOd052RXJKRENVT1QyQkIyRm51ekFlVVZOc2k3bXFTd3U1UUFkRktHN1MzbkVobkVfUUNuNmJjUmdpWlFCOE0wM2hYa00wS29aU2cycmdfeTUzQmctX3dIR2lSeXh0MjhKbktIUm9HUS14SjZmdTA0S2RBSmFacG1BY0NnM1dpT0VCc1BtTVh5TVE?oc=5,"<a href=""https://news.google.com/rss/articles/CBMi3gFBVV95cUxPcDgzQ092Y2NjdndaMkREZVhiUDhwUllqSWpxNncyVnFxSmVNNEtGQVpYNlVzM2Uxc2xBRTdOOGRuQTNnSVRfSkpFLTZhYS1BTllmSEZOd052RXJKRENVT1QyQkIyRm51ekFlVVZOc2k3bXFTd3U1UUFkRktHN1MzbkVobkVfUUNuNmJjUmdpWlFCOE0wM2hYa00wS29aU2cycmdfeTUzQmctX3dIR2lSeXh0MjhKbktIUm9HUS14SjZmdTA0S2RBSmFacG1BY0NnM1dpT0VCc1BtTVh5TVE?oc=5"" target=""_blank"">JD Sports downgraded due to pressure on consumers and lack of 'brand heat'</a>&nbsp;&nbsp;<font color=""#6f6f6f"">Proactive Investors</font>",sportswear consumer behaviour UK,"<a href=""https://news.google.com/rss/articles/CBMi3gFBVV95cUxPcDgzQ092Y2NjdndaMkREZVhiUDhwUllqSWpxNncyVnFxSmVNNEtGQVpYNlVzM2Uxc2xBRTdOOGRuQTNnSVRfSkpFLTZhYS1BTllmSEZOd052RXJKRENVT1QyQkIyRm51ekFlVVZOc2k3bXFTd3U1UUFkRktHN1MzbkVobkVfUUNuNmJjUmdpWlFCOE0wM2hYa00wS29aU2cycmdfeTUzQmctX3dIR2lSeXh0MjhKbktIUm9HUS14SjZmdTA0S2RBSmFacG1BY0NnM1dpT0VCc1BtTVh5TVE?oc=5"" target=""_blank"">JD Sports downgraded due to pressure on consumers and lack of 'brand heat'</a>&nbsp;&nbsp;<font color=""#6f6f6f"">Proactive Investors</font>"
Retail sector in the UK - The House of Commons Library,"Fri, 19 Dec 2025 08:00:00 GMT",The House of Commons Library,https://news.google.com/rss/articles/CBMickFVX3lxTE5hQVAzTk5WWEcwNlZYUXdXdFlVSV90YllHNFVibE5uUWZXWWRaZVk3bXQzZWVSR0ExTGZQZmVfdmNDemJCbFR2UDBiV3FPSWNEX1VmQXdkbGxBMnNPTGpaSTFHb1J4UUVBS1FLN01KMl8zQQ?oc=5,"<a href=""https://news.google.com/rss/articles/CBMickFVX3lxTE5hQVAzTk5WWEcwNlZYUXdXdFlVSV90YllHNFVibE5uUWZXWWRaZVk3bXQzZWVSR0ExTGZQZmVfdmNDemJCbFR2UDBiV3FPSWNEX1VmQXdkbGxBMnNPTGpaSTFHb1J4UUVBS1FLN01KMl8zQQ?oc=5"" target=""_blank"">Retail sector in the UK</a>&nbsp;&nbsp;<font color=""#6f6f6f"">The House of Commons Library</font>",sportswear consumer behaviour UK,"<a href=""https://news.google.com/rss/articles/CBMickFVX3lxTE5hQVAzTk5WWEcwNlZYUXdXdFlVSV90YllHNFVibE5uUWZXWWRaZVk3bXQzZWVSR0ExTGZQZmVfdmNDemJCbFR2UDBiV3FPSWNEX1VmQXdkbGxBMnNPTGpaSTFHb1J4UUVBS1FLN01KMl8zQQ?oc=5"" target=""_blank"">Retail sector in the UK</a>&nbsp;&nbsp;<font color=""#6f6f6f"">The House of Commons Library</font>"
The State of Fashion 2026: When the rules change - McKinsey & Company,"Mon, 17 Nov 2025 08:00:00 GMT",McKinsey & Company,https://news.google.com/rss/articles/CBMifEFVX3lxTE9ndVBlLTlsYy1uTjJ3eWhmWXRPcHYyckpRM0hHMnJieUR0UnF5UGNjczZOTDNuTVI2Z3lIUEZpektKamtkdXEyY204dVlJQ09wVGpkTG5kM1ZibVpzNXU4MXNZSmxRZkpFYjUxQlJsdjVhNTFoTV9QREZodWU?oc=5,"<a href=""https://news.google.com/rss/articles/CBMifEFVX3lxTE9ndVBlLTlsYy1uTjJ3eWhmWXRPcHYyckpRM0hHMnJieUR0UnF5UGNjczZOTDNuTVI2Z3lIUEZpektKamtkdXEyY204dVlJQ09wVGpkTG5kM1ZibVpzNXU4MXNZSmxRZkpFYjUxQlJsdjVhNTFoTV9QREZodWU?oc=5"" target=""_blank"">The State of Fashion 2026: When the rules change</a>&nbsp;&nbsp;<font color=""#6f6f6f"">McKinsey & Company</font>",sportswear consumer behaviour UK,"<a href=""https://news.google.com/rss/articles/CBMifEFVX3lxTE9ndVBlLTlsYy1uTjJ3eWhmWXRPcHYyckpRM0hHMnJieUR0UnF5UGNjczZOTDNuTVI2Z3lIUEZpektKamtkdXEyY204dVlJQ09wVGpkTG5kM1ZibVpzNXU4MXNZSmxRZkpFYjUxQlJsdjVhNTFoTV9QREZodWU?oc=5"" target=""_blank"">The State of Fashion 2026: When the rules change</a>&nbsp;&nbsp;<font color=""#6f6f6f"">McKinsey & Company</font>"
Awareness vs. Impact: Are sports-fashion partnerships influencing buying behaviours? - YouGov,"Wed, 08 Jul 2026 07:00:00 GMT",YouGov,https://news.google.com/rss/articles/CBMivgFBVV95cUxNRW5pTWJXQWZOVTRpLUc3c0JHX3g3MFZ2R2c0NmlJN29zcG81VGZRVWsxNnBrZmRMR195SXpQMGhNWkFvdlFqd0ExQVNOekVsM3lxMWo1Q3E1NkdyZXJQMmhrMmQwMnpNZUJpQlM5MkZkSkQtMjZwMmVxXzBzOC0xYjUxUlBlakdpdzJHZEJvR245b2QzUTVsRV9OQ1lkRnF5TWVrczdPN0FyMS1CLVl1b29ZUFBsanR4RzNNTUt3?oc=5,"<a href=""https://news.google.com/rss/articles/CBMivgFBVV95cUxNRW5pTWJXQWZOVTRpLUc3c0JHX3g3MFZ2R2c0NmlJN29zcG81VGZRVWsxNnBrZmRMR195SXpQMGhNWkFvdlFqd0ExQVNOekVsM3lxMWo1Q3E1NkdyZXJQMmhrMmQwMnpNZUJpQlM5MkZkSkQtMjZwMmVxXzBzOC0xYjUxUlBlakdpdzJHZEJvR245b2QzUTVsRV9OQ1lkRnF5TWVrczdPN0FyMS1CLVl1b29ZUFBsanR4RzNNTUt3?oc=5"" target=""_blank"">Awareness vs. Impact: Are sports-fashion partnerships influencing buying behaviours?</a>&nbsp;&nbsp;<font color=""#6f6f6f"">YouGov</font>",sportswear consumer behaviour UK,"<a href=""https://news.google.com/rss/articles/CBMivgFBVV95cUxNRW5pTWJXQWZOVTRpLUc3c0JHX3g3MFZ2R2c0NmlJN29zcG81VGZRVWsxNnBrZmRMR195SXpQMGhNWkFvdlFqd0ExQVNOekVsM3lxMWo1Q3E1NkdyZXJQMmhrMmQwMnpNZUJpQlM5MkZkSkQtMjZwMmVxXzBzOC0xYjUxUlBlakdpdzJHZEJvR245b2QzUTVsRV9OQ1lkRnF5TWVrczdPN0FyMS1CLVl1b29ZUFBsanR4RzNNTUt3?oc=5"" target=""_blank"">Awareness vs. Impact: Are sports-fashion partnerships influencing buying behaviours?</a>&nbsp;&nbsp;<font color=""#6f6f6f"">YouGov</font>"
JD Sports Growth Outlook: Challenges in UK and Europe Markets - Global Banking & Finance Review,"Wed, 21 Jan 2026 08:00:00 GMT",Global Banking & Finance Review,https://news.google.com/rss/articles/CBMiqAFBVV95cUxOWHk2VGlwSFVGNXljRzJhOTB0dDY0X1ZvOFMxR0dkR3VrZWlpXzVRZi1pQ3NhUm9jRmFsYzJGXzRDTEdBVG1haVlabVhfMnY2MURKQ0loT3ZUcVcyclk0WmtkV05LX2NYbHNfOXhpSjNodTF6QXltMXA1ZTBHTmxLVEJGLXpZNXRDUjBMM3lNd1Z6aVVWUVM5LWUtSWxfMXQ5Nl9HQ2didzI?oc=5,"<a href=""https://news.google.com/rss/articles/CBMiqAFBVV95cUxOWHk2VGlwSFVGNXljRzJhOTB0dDY0X1ZvOFMxR0dkR3VrZWlpXzVRZi1pQ3NhUm9jRmFsYzJGXzRDTEdBVG1haVlabVhfMnY2MURKQ0loT3ZUcVcyclk0WmtkV05LX2NYbHNfOXhpSjNodTF6QXltMXA1ZTBHTmxLVEJGLXpZNXRDUjBMM3lNd1Z6aVVWUVM5LWUtSWxfMXQ5Nl9HQ2didzI?oc=5"" target=""_blank"">JD Sports Growth Outlook: Challenges in UK and Europe Markets</a>&nbsp;&nbsp;<font color=""#6f6f6f"">Global Banking & Finance Review</font>",sportswear consumer behaviour UK,"<a href=""https://news.google.com/rss/articles/CBMiqAFBVV95cUxOWHk2VGlwSFVGNXljRzJhOTB0dDY0X1ZvOFMxR0dkR3VrZWlpXzVRZi1pQ3NhUm9jRmFsYzJGXzRDTEdBVG1haVlabVhfMnY2MURKQ0loT3ZUcVcyclk0WmtkV05LX2NYbHNfOXhpSjNodTF6QXltMXA1ZTBHTmxLVEJGLXpZNXRDUjBMM3lNd1Z6aVVWUVM5LWUtSWxfMXQ5Nl9HQ2didzI?oc=5"" target=""_blank"">JD Sports Growth Outlook: Challenges in UK and Europe Markets</a>&nbsp;&nbsp;<font color=""#6f6f6f"">Global Banking & Finance Review</font>"
Key Consumer Trends Shaping the Future of Luxury Retail - Mintel,"Tue, 30 Sep 2025 07:00:00 GMT",Mintel,https://news.google.com/rss/articles/CBMibEFVX3lxTFBGUGdmR0ZiLW1WZEN5VnJQTXJjM1VoMEN2TnpjdW9OdVFnWFFJT0JBTzI5YlRlR29vUEhRNzNUSHgyeGxFMlZTdkV1My1jc0czOGJVakozRms2ZHloOVVFMkNFY2VaT21QMHFVOQ?oc=5,"<a href=""https://news.google.com/rss/articles/CBMibEFVX3lxTFBGUGdmR0ZiLW1WZEN5VnJQTXJjM1VoMEN2TnpjdW9OdVFnWFFJT0JBTzI5YlRlR29vUEhRNzNUSHgyeGxFMlZTdkV1My1jc0czOGJVakozRms2ZHloOVVFMkNFY2VaT21QMHFVOQ?oc=5"" target=""_blank"">Key Consumer Trends Shaping the Future of Luxury Retail</a>&nbsp;&nbsp;<font color=""#6f6f6f"">Mintel</font>",sportswear consumer behaviour UK,"<a href=""https://news.google.com/rss/articles/CBMibEFVX3lxTFBGUGdmR0ZiLW1WZEN5VnJQTXJjM1VoMEN2TnpjdW9OdVFnWFFJT0JBTzI5YlRlR29vUEhRNzNUSHgyeGxFMlZTdkV1My1jc0czOGJVakozRms2ZHloOVVFMkNFY2VaT21QMHFVOQ?oc=5"" target=""_blank"">Key Consumer Trends Shaping the Future of Luxury Retail</a>&nbsp;&nbsp;<font color=""#6f6f6f"">Mintel</font>"
Demand for Online Clothing Rental in United Kingdom - Future Market Insights,"Wed, 14 Jan 2026 08:00:00 GMT",Future Market Insights,https://news.google.com/rss/articles/CBMikwFBVV95cUxOVjk5cUxad29vMGp6MG5Dd2NtTEV3ZFBOd1ZtTG42dnV5VmJQTjJmVzBuRUotU1dTZklGU01zZFR1Vm9VcWhIR3NoZ3VuejRCLXoxa1I5cVJVUUx2T0dKWFRnT3drWFdsTk0yOFZCeHo3ejBxNmxTaDJCSDVjZE1BV0h1NzliRHlnaVBTcWU3eW9SM1k?oc=5,"<a href=""https://news.google.com/rss/articles/CBMikwFBVV95cUxOVjk5cUxad29vMGp6MG5Dd2NtTEV3ZFBOd1ZtTG42dnV5VmJQTjJmVzBuRUotU1dTZklGU01zZFR1Vm9VcWhIR3NoZ3VuejRCLXoxa1I5cVJVUUx2T0dKWFRnT3drWFdsTk0yOFZCeHo3ejBxNmxTaDJCSDVjZE1BV0h1NzliRHlnaVBTcWU3eW9SM1k?oc=5"" target=""_blank"">Demand for Online Clothing Rental in United Kingdom</a>&nbsp;&nbsp;<font color=""#6f6f6f"">Future Market Insights</font>",sportswear consumer behaviour UK,"<a href=""https://news.google.com/rss/articles/CBMikwFBVV95cUxOVjk5cUxad29vMGp6MG5Dd2NtTEV3ZFBOd1ZtTG42dnV5VmJQTjJmVzBuRUotU1dTZklGU01zZFR1Vm9VcWhIR3NoZ3VuejRCLXoxa1I5cVJVUUx2T0dKWFRnT3drWFdsTk0yOFZCeHo3ejBxNmxTaDJCSDVjZE1BV0h1NzliRHlnaVBTcWU3eW9SM1k?oc=5"" target=""_blank"">Demand for Online Clothing Rental in United Kingdom</a>&nbsp;&nbsp;<font color=""#6f6f6f"">Future Market Insights</font>"
Reflo launches £2.5m crowdfunding round inviting public to invest alongside Harry Kane - Business Matters,"Fri, 06 Mar 2026 08:00:00 GMT",Business Matters,https://news.google.com/rss/articles/CBMiogFBVV95cUxNczA3bWs2Rjc4ZkwtaWM2NjNZZl80YlBiVTZpY0N5NW4yak54V2p1NTV3bHduSmk2dXJqZGV3bG1nRHRVdHV1a0J1bWdlbDZfdTA2U2c4VDRPTTRLb0xFQUZTdHpia1dqd2t6S2tUdUlaOU5nNXlZd2FnVzk2NTUtR3NiOWc1MzNydXg4MVN2MzkxNW43TVhoTzlXN1VaYy1GcEE?oc=5,"<a href=""https://news.google.com/rss/articles/CBMiogFBVV95cUxNczA3bWs2Rjc4ZkwtaWM2NjNZZl80YlBiVTZpY0N5NW4yak54V2p1NTV3bHduSmk2dXJqZGV3bG1nRHRVdHV1a0J1bWdlbDZfdTA2U2c4VDRPTTRLb0xFQUZTdHpia1dqd2t6S2tUdUlaOU5nNXlZd2FnVzk2NTUtR3NiOWc1MzNydXg4MVN2MzkxNW43TVhoTzlXN1VaYy1GcEE?oc=5"" target=""_blank"">Reflo launches £2.5m crowdfunding round inviting public to invest alongside Harry Kane</a>&nbsp;&nbsp;<font color=""#6f6f6f"">Business Matters</font>",sportswear consumer behaviour UK,"<a href=""https://news.google.com/rss/articles/CBMiogFBVV95cUxNczA3bWs2Rjc4ZkwtaWM2NjNZZl80YlBiVTZpY0N5NW4yak54V2p1NTV3bHduSmk2dXJqZGV3bG1nRHRVdHV1a0J1bWdlbDZfdTA2U2c4VDRPTTRLb0xFQUZTdHpia1dqd2t6S2tUdUlaOU5nNXlZd2FnVzk2NTUtR3NiOWc1MzNydXg4MVN2MzkxNW43TVhoTzlXN1VaYy1GcEE?oc=5"" target=""_blank"">Reflo launches £2.5m crowdfunding round inviting public to invest alongside Harry Kane</a>&nbsp;&nbsp;<font color=""#6f6f6f"">Business Matters</font>"
JD Sports Rebound Sparks Fresh Focus on FTSE 100 Retail Trends - Kalkine Media,"Thu, 07 May 2026 07:00:00 GMT",Kalkine Media,https://news.google.com/rss/articles/CBMiqgFBVV95cUxOQm0yb0tSUHZwcU5xYWVqczloMXJwalBwMkZ6X0l1RUQza0NybVpyWjVlTHRnTlBCXzE4bjdnWHdZaTZ0cTVETVB0T0NCWFI2b0FZMl9COE9EOFdHbVh4S3Nwb2lnLU1kdmJ2MVNEcS1QSjJuRWJYX1Z2Vy1oVXVOY3BMWGZIdEpQMnM5WEVXSmxXNnpkU0ZqMHFxX3M1UnloWG02Mi1YRFVNZw?oc=5,"<a href=""https://news.google.com/rss/articles/CBMiqgFBVV95cUxOQm0yb0tSUHZwcU5xYWVqczloMXJwalBwMkZ6X0l1RUQza0NybVpyWjVlTHRnTlBCXzE4bjdnWHdZaTZ0cTVETVB0T0NCWFI2b0FZMl9COE9EOFdHbVh4S3Nwb2lnLU1kdmJ2MVNEcS1QSjJuRWJYX1Z2Vy1oVXVOY3BMWGZIdEpQMnM5WEVXSmxXNnpkU0ZqMHFxX3M1UnloWG02Mi1YRFVNZw?oc=5"" target=""_blank"">JD Sports Rebound Sparks Fresh Focus on FTSE 100 Retail Trends</a>&nbsp;&nbsp;<font color=""#6f6f6f"">Kalkine Media</font>",sportswear consumer behaviour UK,"<a href=""https://news.google.com/rss/articles/CBMiqgFBVV95cUxOQm0yb0tSUHZwcU5xYWVqczloMXJwalBwMkZ6X0l1RUQza0NybVpyWjVlTHRnTlBCXzE4bjdnWHdZaTZ0cTVETVB0T0NCWFI2b0FZMl9COE9EOFdHbVh4S3Nwb2lnLU1kdmJ2MVNEcS1QSjJuRWJYX1Z2Vy1oVXVOY3BMWGZIdEpQMnM5WEVXSmxXNnpkU0ZqMHFxX3M1UnloWG02Mi1YRFVNZw?oc=5"" target=""_blank"">JD Sports Rebound Sparks Fresh Focus on FTSE 100 Retail Trends</a>&nbsp;&nbsp;<font color=""#6f6f6f"">Kalkine Media</font>"
Sizing is stopping consumers from shopping. Here’s what brands need to know - Vogue,"Mon, 13 Oct 2025 07:00:00 GMT",Vogue,https://news.google.com/rss/articles/CBMipgFBVV95cUxOYk5tYVFqWG5kV2c0cEd6eEJZRWx3dlk1Z2pxLVFxbm42U01KR2dudWw0WUZYR3dUUXB4Q3RCVml6QjFnTWJMTWttZ3owQ3VLVklHNVc2OG5JNHdScllqXzBDbjNTa2kyVjF1ZGlaN0Q4WTZmUHI4cG5rU3R0RnlseVUzOXlmZFliR0NwV2ZibmRnNy10bHd2VzVnOVBWZlB6cU5OWFZR?oc=5,"<a href=""https://news.google.com/rss/articles/CBMipgFBVV95cUxOYk5tYVFqWG5kV2c0cEd6eEJZRWx3dlk1Z2pxLVFxbm42U01KR2dudWw0WUZYR3dUUXB4Q3RCVml6QjFnTWJMTWttZ3owQ3VLVklHNVc2OG5JNHdScllqXzBDbjNTa2kyVjF1ZGlaN0Q4WTZmUHI4cG5rU3R0RnlseVUzOXlmZFliR0NwV2ZibmRnNy10bHd2VzVnOVBWZlB6cU5OWFZR?oc=5"" target=""_blank"">Sizing is stopping consumers from shopping. Here’s what brands need to know</a>&nbsp;&nbsp;<font color=""#6f6f6f"">Vogue</font>",sportswear consumer behaviour UK,"<a href=""https://news.google.com/rss/articles/CBMipgFBVV95cUxOYk5tYVFqWG5kV2c0cEd6eEJZRWx3dlk1Z2pxLVFxbm42U01KR2dudWw0WUZYR3dUUXB4Q3RCVml6QjFnTWJMTWttZ3owQ3VLVklHNVc2OG5JNHdScllqXzBDbjNTa2kyVjF1ZGlaN0Q4WTZmUHI4cG5rU3R0RnlseVUzOXlmZFliR0NwV2ZibmRnNy10bHd2VzVnOVBWZlB6cU5OWFZR?oc=5"" target=""_blank"">Sizing is stopping consumers from shopping. Here’s what brands need to know</a>&nbsp;&nbsp;<font color=""#6f6f6f"">Vogue</font>"
The sale of Russell & Bromley is a symbol of the challenges facing independent heritage brands - The Conversation,"Wed, 04 Feb 2026 08:00:00 GMT",The Conversation,https://news.google.com/rss/articles/CBMiywFBVV95cUxQaHh0cUtSZm1jcFZxUFIzdDFXNm1oM2lXbGZIVElZMlhkdmxweThsTVhtWEF3dWdjOTdlUVJxUmx3bHhGaG9iblZMOEU4bFV3b1I3TXllOUgtWXBERmE5Rk1HZlhxNkstUFFieVl4M0ZlcUc5LVgwUGNKLXJHRXltU2pETmFqZXZkVkQ5a1VkVVJnT0h6WE1QQnVNdHFGZWd1UFBQNS1WSzR0eXJSc3M1bHNjdEliekhEMVI1YUNmZE5PY0xkYk8wWkFaUQ?oc=5,"<a href=""https://news.google.com/rss/articles/CBMiywFBVV95cUxQaHh0cUtSZm1jcFZxUFIzdDFXNm1oM2lXbGZIVElZMlhkdmxweThsTVhtWEF3dWdjOTdlUVJxUmx3bHhGaG9iblZMOEU4bFV3b1I3TXllOUgtWXBERmE5Rk1HZlhxNkstUFFieVl4M0ZlcUc5LVgwUGNKLXJHRXltU2pETmFqZXZkVkQ5a1VkVVJnT0h6WE1QQnVNdHFGZWd1UFBQNS1WSzR0eXJSc3M1bHNjdEliekhEMVI1YUNmZE5PY0xkYk8wWkFaUQ?oc=5"" target=""_blank"">The sale of Russell & Bromley is a symbol of the challenges facing independent heritage brands</a>&nbsp;&nbsp;<font color=""#6f6f6f"">The Conversation</font>",sportswear consumer behaviour UK,"<a href=""https://news.google.com/rss/articles/CBMiywFBVV95cUxQaHh0cUtSZm1jcFZxUFIzdDFXNm1oM2lXbGZIVElZMlhkdmxweThsTVhtWEF3dWdjOTdlUVJxUmx3bHhGaG9iblZMOEU4bFV3b1I3TXllOUgtWXBERmE5Rk1HZlhxNkstUFFieVl4M0ZlcUc5LVgwUGNKLXJHRXltU2pETmFqZXZkVkQ5a1VkVVJnT0h6WE1QQnVNdHFGZWd1UFBQNS1WSzR0eXJSc3M1bHNjdEliekhEMVI1YUNmZE5PY0xkYk8wWkFaUQ?oc=5"" target=""_blank"">The sale of Russell & Bromley is a symbol of the challenges facing independent heritage brands</a>&nbsp;&nbsp;<font color=""#6f6f6f"">The Conversation</font>"
Consumers Want Brands to Prove They’re Worth It - The Business of Fashion,"Thu, 09 Jan 2025 08:00:00 GMT",The Business of Fashion,https://news.google.com/rss/articles/CBMiwgFBVV95cUxNTkNXNkdFWk40bkpHcmVnUnV5UTJXdlN0SWVmNmN6cHJZSEZ5dGJfYURTaTcwREYzaFJtOTk1RExQdWZfczdDQmJLdV9ESjdITy11MzliT0l1NjVKQVZJRmkwUG1pMmtUZXA1dld1SmdXNHlHOWlwWkkyZ0NSM1JmOTRub0xOSmQyZ3ZoQy1ocUxRc195Z3RQMVlKUFFQNVNhVnhod19DZElITUkwWWNVdFN3RnZSZkZGeDNvSlZiVkJLUQ?oc=5,"<a href=""https://news.google.com/rss/articles/CBMiwgFBVV95cUxNTkNXNkdFWk40bkpHcmVnUnV5UTJXdlN0SWVmNmN6cHJZSEZ5dGJfYURTaTcwREYzaFJtOTk1RExQdWZfczdDQmJLdV9ESjdITy11MzliT0l1NjVKQVZJRmkwUG1pMmtUZXA1dld1SmdXNHlHOWlwWkkyZ0NSM1JmOTRub0xOSmQyZ3ZoQy1ocUxRc195Z3RQMVlKUFFQNVNhVnhod19DZElITUkwWWNVdFN3RnZSZkZGeDNvSlZiVkJLUQ?oc=5"" target=""_blank"">Consumers Want Brands to Prove They’re Worth It</a>&nbsp;&nbsp;<font color=""#6f6f6f"">The Business of Fashion</font>",sportswear consumer behaviour UK,"<a href=""https://news.google.com/rss/articles/CBMiwgFBVV95cUxNTkNXNkdFWk40bkpHcmVnUnV5UTJXdlN0SWVmNmN6cHJZSEZ5dGJfYURTaTcwREYzaFJtOTk1RExQdWZfczdDQmJLdV9ESjdITy11MzliT0l1NjVKQVZJRmkwUG1pMmtUZXA1dld1SmdXNHlHOWlwWkkyZ0NSM1JmOTRub0xOSmQyZ3ZoQy1ocUxRc195Z3RQMVlKUFFQNVNhVnhod19DZElITUkwWWNVdFN3RnZSZkZGeDNvSlZiVkJLUQ?oc=5"" target=""_blank"">Consumers Want Brands to Prove They’re Worth It</a>&nbsp;&nbsp;<font color=""#6f6f6f"">The Business of Fashion</font>"
Fast fashion: EU laws for sustainable textile consumption - European Parliament,"Fri, 12 Sep 2025 07:00:00 GMT",European Parliament,https://news.google.com/rss/articles/CBMivwFBVV95cUxPLTlvSlZRc1hxOHpRb05NeTd3VWtrbHpoRHZEcXdKcU9Na3V4VG9IWlZtUVFDSnlCaXZhVDJwc0NNUEdqU3pHX2pET0F3TFNySHpSQ3FJQTVFQ2RCd2s3UUlhWExrNzFNZDdiVmVuU0dpUERjZnJlQzFLYjhqRjF5SFktZmpiNDE5NHJHLW1JYlRiRmtGempDbzVleEZnN2kyOEtBNnhXQThLbTdSTmQ1eDdmX1NGTDRKbEFVYUxwVQ?oc=5,"<a href=""https://news.google.com/rss/articles/CBMivwFBVV95cUxPLTlvSlZRc1hxOHpRb05NeTd3VWtrbHpoRHZEcXdKcU9Na3V4VG9IWlZtUVFDSnlCaXZhVDJwc0NNUEdqU3pHX2pET0F3TFNySHpSQ3FJQTVFQ2RCd2s3UUlhWExrNzFNZDdiVmVuU0dpUERjZnJlQzFLYjhqRjF5SFktZmpiNDE5NHJHLW1JYlRiRmtGempDbzVleEZnN2kyOEtBNnhXQThLbTdSTmQ1eDdmX1NGTDRKbEFVYUxwVQ?oc=5"" target=""_blank"">Fast fashion: EU laws for sustainable textile consumption</a>&nbsp;&nbsp;<font color=""#6f6f6f"">European Parliament</font>",sportswear consumer behaviour UK,"<a href=""https://news.google.com/rss/articles/CBMivwFBVV95cUxPLTlvSlZRc1hxOHpRb05NeTd3VWtrbHpoRHZEcXdKcU9Na3V4VG9IWlZtUVFDSnlCaXZhVDJwc0NNUEdqU3pHX2pET0F3TFNySHpSQ3FJQTVFQ2RCd2s3UUlhWExrNzFNZDdiVmVuU0dpUERjZnJlQzFLYjhqRjF5SFktZmpiNDE5NHJHLW1JYlRiRmtGempDbzVleEZnN2kyOEtBNnhXQThLbTdSTmQ1eDdmX1NGTDRKbEFVYUxwVQ?oc=5"" target=""_blank"">Fast fashion: EU laws for sustainable textile consumption</a>&nbsp;&nbsp;<font color=""#6f6f6f"">European Parliament</font>"
JD Sports Fashion Expands Retail Focus Across FTSE 100 Markets - Kalkine Media,"Fri, 08 May 2026 07:00:00 GMT",Kalkine Media,https://news.google.com/rss/articles/CBMiqgFBVV95cUxOR0tPSDFkRjF4SU1JWmlKdmZxa2g1cjMtemZMNDlJZm1BME4ya0NOaktNMUMzc0dCYmd1Y3B6ZjQ4aVV6OTQ3dmZEYW4yZFZiOHItWFFkZXpKM0hudS0zQ184NjNPbnJDSUlrNjlFd3RqN2xjdUwtOEMxTV9oZDdHNHhEREtua2NRdjZXNjN2UHk4WWlzXzF1eFZvanZFbkU1bTlBejR2bjVaUQ?oc=5,"<a href=""https://news.google.com/rss/articles/CBMiqgFBVV95cUxOR0tPSDFkRjF4SU1JWmlKdmZxa2g1cjMtemZMNDlJZm1BME4ya0NOaktNMUMzc0dCYmd1Y3B6ZjQ4aVV6OTQ3dmZEYW4yZFZiOHItWFFkZXpKM0hudS0zQ184NjNPbnJDSUlrNjlFd3RqN2xjdUwtOEMxTV9oZDdHNHhEREtua2NRdjZXNjN2UHk4WWlzXzF1eFZvanZFbkU1bTlBejR2bjVaUQ?oc=5"" target=""_blank"">JD Sports Fashion Expands Retail Focus Across FTSE 100 Markets</a>&nbsp;&nbsp;<font color=""#6f6f6f"">Kalkine Media</font>",sportswear consumer behaviour UK,"<a href=""https://news.google.com/rss/articles/CBMiqgFBVV95cUxOR0tPSDFkRjF4SU1JWmlKdmZxa2g1cjMtemZMNDlJZm1BME4ya0NOaktNMUMzc0dCYmd1Y3B6ZjQ4aVV6OTQ3dmZEYW4yZFZiOHItWFFkZXpKM0hudS0zQ184NjNPbnJDSUlrNjlFd3RqN2xjdUwtOEMxTV9oZDdHNHhEREtua2NRdjZXNjN2UHk4WWlzXzF1eFZvanZFbkU1bTlBejR2bjVaUQ?oc=5"" target=""_blank"">JD Sports Fashion Expands Retail Focus Across FTSE 100 Markets</a>&nbsp;&nbsp;<font color=""#6f6f6f"">Kalkine Media</font>"
The Future of Fashion: Circular and Sustainable Fashion Trends - Mintel,"Mon, 02 Sep 2024 07:00:00 GMT",Mintel,https://news.google.com/rss/articles/CBMimAFBVV95cUxQVFRrdHhXUWhvOGpnNWNZcFE0LUVWVzU4SDVkWGo3RWFnUTh0a0R4QzZDNmZoQlZTVlpicEJGSi1scmVfVFJUcEhZSllhbkhTQUt5SkdWUWRXUlk5X1J0WXV5eHdFMER2SzNhZjB0bWktQjVKMTZHRUdDdnRVQW9FYV9vWGMxZERGVS1qV1RyQTJzaG01MUJvLQ?oc=5,"<a href=""https://news.google.com/rss/articles/CBMimAFBVV95cUxQVFRrdHhXUWhvOGpnNWNZcFE0LUVWVzU4SDVkWGo3RWFnUTh0a0R4QzZDNmZoQlZTVlpicEJGSi1scmVfVFJUcEhZSllhbkhTQUt5SkdWUWRXUlk5X1J0WXV5eHdFMER2SzNhZjB0bWktQjVKMTZHRUdDdnRVQW9FYV9vWGMxZERGVS1qV1RyQTJzaG01MUJvLQ?oc=5"" target=""_blank"">The Future of Fashion: Circular and Sustainable Fashion Trends</a>&nbsp;&nbsp;<font color=""#6f6f6f"">Mintel</font>",sportswear consumer behaviour UK,"<a href=""https://news.google.com/rss/articles/CBMimAFBVV95cUxQVFRrdHhXUWhvOGpnNWNZcFE0LUVWVzU4SDVkWGo3RWFnUTh0a0R4QzZDNmZoQlZTVlpicEJGSi1scmVfVFJUcEhZSllhbkhTQUt5SkdWUWRXUlk5X1J0WXV5eHdFMER2SzNhZjB0bWktQjVKMTZHRUdDdnRVQW9FYV9vWGMxZERGVS1qV1RyQTJzaG01MUJvLQ?oc=5"" target=""_blank"">The Future of Fashion: Circular and Sustainable Fashion Trends</a>&nbsp;&nbsp;<font color=""#6f6f6f"">Mintel</font>"
Survey: Consumer sentiment on sustainability in fashion - McKinsey & Company,"Fri, 17 Jul 2020 07:00:00 GMT",McKinsey & Company,https://news.google.com/rss/articles/CBMirwFBVV95cUxPRlpSMkNScVM3cmtlUlljcTVzc2ZJclNZWGhBQmxyMFNtdjRDWmhPNTBGU01fc1FFUWRnZ21icWktYmdOb0pCRWpzajJZODNYeGw1X0FRaVV2RmxibnBQWjlNOFBaWTlLMHNkOEpoRVZ6YlZrWEhOTGgtRlVCWktMcGhlalhMVTVNNWZXSWZCNlV0cnVsRUxqc3NpTk5iSzBUYWw3NUtPQzdRZmktVU5z?oc=5,"<a href=""https://news.google.com/rss/articles/CBMirwFBVV95cUxPRlpSMkNScVM3cmtlUlljcTVzc2ZJclNZWGhBQmxyMFNtdjRDWmhPNTBGU01fc1FFUWRnZ21icWktYmdOb0pCRWpzajJZODNYeGw1X0FRaVV2RmxibnBQWjlNOFBaWTlLMHNkOEpoRVZ6YlZrWEhOTGgtRlVCWktMcGhlalhMVTVNNWZXSWZCNlV0cnVsRUxqc3NpTk5iSzBUYWw3NUtPQzdRZmktVU5z?oc=5"" target=""_blank"">Survey: Consumer sentiment on sustainability in fashion</a>&nbsp;&nbsp;<font color=""#6f6f6f"">McKinsey & Company</font>",sportswear consumer behaviour UK,"<a href=""https://news.google.com/rss/articles/CBMirwFBVV95cUxPRlpSMkNScVM3cmtlUlljcTVzc2ZJclNZWGhBQmxyMFNtdjRDWmhPNTBGU01fc1FFUWRnZ21icWktYmdOb0pCRWpzajJZODNYeGw1X0FRaVV2RmxibnBQWjlNOFBaWTlLMHNkOEpoRVZ6YlZrWEhOTGgtRlVCWktMcGhlalhMVTVNNWZXSWZCNlV0cnVsRUxqc3NpTk5iSzBUYWw3NUtPQzdRZmktVU5z?oc=5"" target=""_blank"">Survey: Consumer sentiment on sustainability in fashion</a>&nbsp;&nbsp;<font color=""#6f6f6f"">McKinsey & Company</font>"
FTSE 100: UK Fashion Shares in Focus as Retail Trends Shape Market Outlook - Kalkine Media,"Thu, 28 May 2026 07:00:00 GMT",Kalkine Media,https://news.google.com/rss/articles/CBMitgFBVV95cUxQNWhSOVdwSnhqNDJCeDhkWFFfSGU1MlU1czE3aEdjRmxZZmNUeHpmaTNINHpmbnIzdVlTQlV4Q1lhZXVlejgteUtMZGJra3RQRXhxNHlUUlZoTGJNNkxSMzNxT2ctMHEzcnMzc0tIN2NLb2pvNzJ2QWVVNVVNYmlkZkNBUkc3TVgtbjdCZ3NaUHVGMlhRazQ4ZmxNV1FQM1dUdnRhOHdrZGo2c2tJRWMyZDYwNnlPdw?oc=5,"<a href=""https://news.google.com/rss/articles/CBMitgFBVV95cUxQNWhSOVdwSnhqNDJCeDhkWFFfSGU1MlU1czE3aEdjRmxZZmNUeHpmaTNINHpmbnIzdVlTQlV4Q1lhZXVlejgteUtMZGJra3RQRXhxNHlUUlZoTGJNNkxSMzNxT2ctMHEzcnMzc0tIN2NLb2pvNzJ2QWVVNVVNYmlkZkNBUkc3TVgtbjdCZ3NaUHVGMlhRazQ4ZmxNV1FQM1dUdnRhOHdrZGo2c2tJRWMyZDYwNnlPdw?oc=5"" target=""_blank"">FTSE 100: UK Fashion Shares in Focus as Retail Trends Shape Market Outlook</a>&nbsp;&nbsp;<font color=""#6f6f6f"">Kalkine Media</font>",sportswear consumer behaviour UK,"<a href=""https://news.google.com/rss/articles/CBMitgFBVV95cUxQNWhSOVdwSnhqNDJCeDhkWFFfSGU1MlU1czE3aEdjRmxZZmNUeHpmaTNINHpmbnIzdVlTQlV4Q1lhZXVlejgteUtMZGJra3RQRXhxNHlUUlZoTGJNNkxSMzNxT2ctMHEzcnMzc0tIN2NLb2pvNzJ2QWVVNVVNYmlkZkNBUkc3TVgtbjdCZ3NaUHVGMlhRazQ4ZmxNV1FQM1dUdnRhOHdrZGo2c2tJRWMyZDYwNnlPdw?oc=5"" target=""_blank"">FTSE 100: UK Fashion Shares in Focus as Retail Trends Shape Market Outlook</a>&nbsp;&nbsp;<font color=""#6f6f6f"">Kalkine Media</font>"
Gen Z Online Shopping Behaviour & Trends: What Brands Need to Know - Mintel,"Thu, 26 Jun 2025 07:00:00 GMT",Mintel,https://news.google.com/rss/articles/CBMiqwFBVV95cUxNTTdIS2hrY2tGcGNaUzk4QmlXNVpLUDNQdENhNWdOY1ljM1dCSXM5WjI4QXREVkV1RzMzVGJpZVdFMTJpNDhNRVhIUHlxRnh6bGMyZGpLRDF6UnY4U3h6OFhBQS1xSFFOT1R6S0N5SmNLQXVKMUJudHc5OUlsT2VGSmpxMUY5YlJyLXh1Sm13bGV3dEdlc0pjQWZ6U2RwSkVMQndaVThMOHFLZTQ?oc=5,"<a href=""https://news.google.com/rss/articles/CBMiqwFBVV95cUxNTTdIS2hrY2tGcGNaUzk4QmlXNVpLUDNQdENhNWdOY1ljM1dCSXM5WjI4QXREVkV1RzMzVGJpZVdFMTJpNDhNRVhIUHlxRnh6bGMyZGpLRDF6UnY4U3h6OFhBQS1xSFFOT1R6S0N5SmNLQXVKMUJudHc5OUlsT2VGSmpxMUY5YlJyLXh1Sm13bGV3dEdlc0pjQWZ6U2RwSkVMQndaVThMOHFLZTQ?oc=5"" target=""_blank"">Gen Z Online Shopping Behaviour & Trends: What Brands Need to Know</a>&nbsp;&nbsp;<font color=""#6f6f6f"">Mintel</font>",sportswear consumer behaviour UK,"<a href=""https://news.google.com/rss/articles/CBMiqwFBVV95cUxNTTdIS2hrY2tGcGNaUzk4QmlXNVpLUDNQdENhNWdOY1ljM1dCSXM5WjI4QXREVkV1RzMzVGJpZVdFMTJpNDhNRVhIUHlxRnh6bGMyZGpLRDF6UnY4U3h6OFhBQS1xSFFOT1R6S0N5SmNLQXVKMUJudHc5OUlsT2VGSmpxMUY5YlJyLXh1Sm13bGV3dEdlc0pjQWZ6U2RwSkVMQndaVThMOHFLZTQ?oc=5"" target=""_blank"">Gen Z Online Shopping Behaviour & Trends: What Brands Need to Know</a>&nbsp;&nbsp;<font color=""#6f6f6f"">Mintel</font>"
Fitness or Fashion? Blurring Boundaries in the Sportswear Industry - Mintel,"Tue, 20 Aug 2024 07:00:00 GMT",Mintel,https://news.google.com/rss/articles/CBMijgFBVV95cUxOdnREWTNNc2k0OThPY1g2VFBGWDhRVlNtNVFPUUx6NVlkUkRWX1ZUWldiOWxrM1RmTHppUUdZSVRvUU1xbU1kNTBuM3M0S2tGdUFvQy1mT2NGNjJvdnU4RGwzMWxVM2pEX0JVUEExNHhzSXczanNNVTRUU1R6Skw1ZU5UTWMxVGZFd25wQzdn?oc=5,"<a href=""https://news.google.com/rss/articles/CBMijgFBVV95cUxOdnREWTNNc2k0OThPY1g2VFBGWDhRVlNtNVFPUUx6NVlkUkRWX1ZUWldiOWxrM1RmTHppUUdZSVRvUU1xbU1kNTBuM3M0S2tGdUFvQy1mT2NGNjJvdnU4RGwzMWxVM2pEX0JVUEExNHhzSXczanNNVTRUU1R6Skw1ZU5UTWMxVGZFd25wQzdn?oc=5"" target=""_blank"">Fitness or Fashion? Blurring Boundaries in the Sportswear Industry</a>&nbsp;&nbsp;<font color=""#6f6f6f"">Mintel</font>",sportswear consumer behaviour UK,"<a href=""https://news.google.com/rss/articles/CBMijgFBVV95cUxOdnREWTNNc2k0OThPY1g2VFBGWDhRVlNtNVFPUUx6NVlkUkRWX1ZUWldiOWxrM1RmTHppUUdZSVRvUU1xbU1kNTBuM3M0S2tGdUFvQy1mT2NGNjJvdnU4RGwzMWxVM2pEX0JVUEExNHhzSXczanNNVTRUU1R6Skw1ZU5UTWMxVGZFd25wQzdn?oc=5"" target=""_blank"">Fitness or Fashion? Blurring Boundaries in the Sportswear Industry</a>&nbsp;&nbsp;<font color=""#6f6f6f"">Mintel</font>"
Health-Conscious Consumer Trends Drive CPG Market Innovation - Mintel,"Mon, 04 Aug 2025 07:00:00 GMT",Mintel,https://news.google.com/rss/articles/CBMisAFBVV95cUxOSFJSQ09ocmtJcDRWMW1iZjlHbmRBd0J2N2k3eVV3WTVOdDNTSWxHbl8tZnBmQms0dWFIMndIQnZBRkM5RVlDcGUtZGFtaVJKTFM5RjNBLTI1ekt3b1VtdXRZTDFibnFLSDIzaFQtQVMtNm5VX0JuMk5wTU9mdFdxazUtemU5UFUyanVmQ041T2xoTXJCbUFMVTR6RmtRR0p5WnpWUExCdTJZOTdWbEFheA?oc=5,"<a href=""https://news.google.com/rss/articles/CBMisAFBVV95cUxOSFJSQ09ocmtJcDRWMW1iZjlHbmRBd0J2N2k3eVV3WTVOdDNTSWxHbl8tZnBmQms0dWFIMndIQnZBRkM5RVlDcGUtZGFtaVJKTFM5RjNBLTI1ekt3b1VtdXRZTDFibnFLSDIzaFQtQVMtNm5VX0JuMk5wTU9mdFdxazUtemU5UFUyanVmQ041T2xoTXJCbUFMVTR6RmtRR0p5WnpWUExCdTJZOTdWbEFheA?oc=5"" target=""_blank"">Health-Conscious Consumer Trends Drive CPG Market Innovation</a>&nbsp;&nbsp;<font color=""#6f6f6f"">Mintel</font>",sportswear consumer behaviour UK,"<a href=""https://news.google.com/rss/articles/CBMisAFBVV95cUxOSFJSQ09ocmtJcDRWMW1iZjlHbmRBd0J2N2k3eVV3WTVOdDNTSWxHbl8tZnBmQms0dWFIMndIQnZBRkM5RVlDcGUtZGFtaVJKTFM5RjNBLTI1ekt3b1VtdXRZTDFibnFLSDIzaFQtQVMtNm5VX0JuMk5wTU9mdFdxazUtemU5UFUyanVmQ041T2xoTXJCbUFMVTR6RmtRR0p5WnpWUExCdTJZOTdWbEFheA?oc=5"" target=""_blank"">Health-Conscious Consumer Trends Drive CPG Market Innovation</a>&nbsp;&nbsp;<font color=""#6f6f6f"">Mintel</font>"
From linear to limitless: pioneering circularity within the fashion and luxury sector - Deloitte,"Thu, 18 Jul 2024 07:00:00 GMT",Deloitte,https://news.google.com/rss/articles/CBMijwFBVV95cUxPNVdqTEZoM1pRTDd3OEFtZl83bWxkamNiVzI2WXVwUG1BV3hMb3NsMVZNOGhsTVp3VC1UQ2cxWGIyU0tJZnNPdVpRLTloRDZ3NWJsVFV0bF9uTWxkdmZSYkV0RVRNR3VFNm8tTWVMYmRrQjdXdXVEREhJeFkyY1huTmp2bGFZazJaYllXZnZiaw?oc=5,"<a href=""https://news.google.com/rss/articles/CBMijwFBVV95cUxPNVdqTEZoM1pRTDd3OEFtZl83bWxkamNiVzI2WXVwUG1BV3hMb3NsMVZNOGhsTVp3VC1UQ2cxWGIyU0tJZnNPdVpRLTloRDZ3NWJsVFV0bF9uTWxkdmZSYkV0RVRNR3VFNm8tTWVMYmRrQjdXdXVEREhJeFkyY1huTmp2bGFZazJaYllXZnZiaw?oc=5"" target=""_blank"">From linear to limitless: pioneering circularity within the fashion and luxury sector</a>&nbsp;&nbsp;<font color=""#6f6f6f"">Deloitte</font>",sportswear consumer behaviour UK,"<a href=""https://news.google.com/rss/articles/CBMijwFBVV95cUxPNVdqTEZoM1pRTDd3OEFtZl83bWxkamNiVzI2WXVwUG1BV3hMb3NsMVZNOGhsTVp3VC1UQ2cxWGIyU0tJZnNPdVpRLTloRDZ3NWJsVFV0bF9uTWxkdmZSYkV0RVRNR3VFNm8tTWVMYmRrQjdXdXVEREhJeFkyY1huTmp2bGFZazJaYllXZnZiaw?oc=5"" target=""_blank"">From linear to limitless: pioneering circularity within the fashion and luxury sector</a>&nbsp;&nbsp;<font color=""#6f6f6f"">Deloitte</font>"
Young consumers boost second-hand fashion market growth - fashionunited.uk,"Fri, 04 Apr 2025 07:00:00 GMT",fashionunited.uk,https://news.google.com/rss/articles/CBMiqwFBVV95cUxQaVhyNk0weHQ1UnphVmpFeEoxR1QyQVFJNzlLR2swbzlNTVIycXhHZ2lCZlFjRVIzZFAzMUlyeklsTEt5bWZZV09qWnZLbV8xSHJNaUgzMTlnMmFrVmlzc2Q2d0VDd2xzODlCZFNzYVVpTUw1R0loRE1GN3dKUEROOHp0a3d5WDhleDROSG9wc2dqY25wQ25iUjJuZ25LZkFZVklfd0l4U0hHc2c?oc=5,"<a href=""https://news.google.com/rss/articles/CBMiqwFBVV95cUxQaVhyNk0weHQ1UnphVmpFeEoxR1QyQVFJNzlLR2swbzlNTVIycXhHZ2lCZlFjRVIzZFAzMUlyeklsTEt5bWZZV09qWnZLbV8xSHJNaUgzMTlnMmFrVmlzc2Q2d0VDd2xzODlCZFNzYVVpTUw1R0loRE1GN3dKUEROOHp0a3d5WDhleDROSG9wc2dqY25wQ25iUjJuZ25LZkFZVklfd0l4U0hHc2c?oc=5"" target=""_blank"">Young consumers boost second-hand fashion market growth</a>&nbsp;&nbsp;<font color=""#6f6f6f"">fashionunited.uk</font>",sportswear consumer behaviour UK,"<a href=""https://news.google.com/rss/articles/CBMiqwFBVV95cUxQaVhyNk0weHQ1UnphVmpFeEoxR1QyQVFJNzlLR2swbzlNTVIycXhHZ2lCZlFjRVIzZFAzMUlyeklsTEt5bWZZV09qWnZLbV8xSHJNaUgzMTlnMmFrVmlzc2Q2d0VDd2xzODlCZFNzYVVpTUw1R0loRE1GN3dKUEROOHp0a3d5WDhleDROSG9wc2dqY25wQ25iUjJuZ25LZkFZVklfd0l4U0hHc2c?oc=5"" target=""_blank"">Young consumers boost second-hand fashion market growth</a>&nbsp;&nbsp;<font color=""#6f6f6f"">fashionunited.uk</font>"
UK online fashion returns hit about 30% with ‘poor fit’ as top reason - Just Style,"Mon, 27 Jan 2025 08:00:00 GMT",Just Style,https://news.google.com/rss/articles/CBMiakFVX3lxTE9jMUREazFGdGdPeURPVDNua0E2b2xpR04teTJNQmZFYkl3eTdJV3JmcUM4Z0taQ1RiQi0tNndKcWdPZEdCcjJCd2hFRUNmZEV0c2lqYTZ5TG5iejl3MXVDTkVpZlh3VjRQVVE?oc=5,"<a href=""https://news.google.com/rss/articles/CBMiakFVX3lxTE9jMUREazFGdGdPeURPVDNua0E2b2xpR04teTJNQmZFYkl3eTdJV3JmcUM4Z0taQ1RiQi0tNndKcWdPZEdCcjJCd2hFRUNmZEV0c2lqYTZ5TG5iejl3MXVDTkVpZlh3VjRQVVE?oc=5"" target=""_blank"">UK online fashion returns hit about 30% with ‘poor fit’ as top reason</a>&nbsp;&nbsp;<font color=""#6f6f6f"">Just Style</font>",sportswear consumer behaviour UK,"<a href=""https://news.google.com/rss/articles/CBMiakFVX3lxTE9jMUREazFGdGdPeURPVDNua0E2b2xpR04teTJNQmZFYkl3eTdJV3JmcUM4Z0taQ1RiQi0tNndKcWdPZEdCcjJCd2hFRUNmZEV0c2lqYTZ5TG5iejl3MXVDTkVpZlh3VjRQVVE?oc=5"" target=""_blank"">UK online fashion returns hit about 30% with ‘poor fit’ as top reason</a>&nbsp;&nbsp;<font color=""#6f6f6f"">Just Style</font>"
UK fashion spend to continue in 2026 despite financial pressures - Just Style,"Mon, 26 Jan 2026 08:00:00 GMT",Just Style,https://news.google.com/rss/articles/CBMingFBVV95cUxPVGdFOG8zdVFqTFcxUUxjMEMtSUdjRXZ1Y2w3WWxFLTc3LXZRSGZSaHgyZl9RLWwwNmpjQjAyeFg1ZjZ0QWF5d2NhWm9salM4U3BUVE9DejVMTlVHbHkxNHBhMDFuMmh0V2xnMjJqSnZFVFdaaFZqNDlDejFWNHRUcmdoQzNuVTVORExCSFhxNnFwNXNtUzNOSGw4QWE5QQ?oc=5,"<a href=""https://news.google.com/rss/articles/CBMingFBVV95cUxPVGdFOG8zdVFqTFcxUUxjMEMtSUdjRXZ1Y2w3WWxFLTc3LXZRSGZSaHgyZl9RLWwwNmpjQjAyeFg1ZjZ0QWF5d2NhWm9salM4U3BUVE9DejVMTlVHbHkxNHBhMDFuMmh0V2xnMjJqSnZFVFdaaFZqNDlDejFWNHRUcmdoQzNuVTVORExCSFhxNnFwNXNtUzNOSGw4QWE5QQ?oc=5"" target=""_blank"">UK fashion spend to continue in 2026 despite financial pressures</a>&nbsp;&nbsp;<font color=""#6f6f6f"">Just Style</font>",sportswear consumer behaviour UK,"<a href=""https://news.google.com/rss/articles/CBMingFBVV95cUxPVGdFOG8zdVFqTFcxUUxjMEMtSUdjRXZ1Y2w3WWxFLTc3LXZRSGZSaHgyZl9RLWwwNmpjQjAyeFg1ZjZ0QWF5d2NhWm9salM4U3BUVE9DejVMTlVHbHkxNHBhMDFuMmh0V2xnMjJqSnZFVFdaaFZqNDlDejFWNHRUcmdoQzNuVTVORExCSFhxNnFwNXNtUzNOSGw4QWE5QQ?oc=5"" target=""_blank"">UK fashion spend to continue in 2026 despite financial pressures</a>&nbsp;&nbsp;<font color=""#6f6f6f"">Just Style</font>"
40% of Gen Z turn to resale to find the styles they’re looking for - WGSN,"Sat, 23 Mar 2024 07:00:00 GMT",WGSN,https://news.google.com/rss/articles/CBMiggFBVV95cUxQZ25MWk9OY3JmY0N4Z0h5UVI3Qi1ZUUIwdjNURWl5YmFzQlhJU1JZeC1zUGx1VEFyU2ZFOUtpRDdjQ3kzYVdWQnBVdXc5c3pDZllHT2VUejk1QnV4UkpUWUFkR292QjZBazJZVnZqMy1lUGlRZV9ZUjQ4dDdraU8xQlZR?oc=5,"<a href=""https://news.google.com/rss/articles/CBMiggFBVV95cUxQZ25MWk9OY3JmY0N4Z0h5UVI3Qi1ZUUIwdjNURWl5YmFzQlhJU1JZeC1zUGx1VEFyU2ZFOUtpRDdjQ3kzYVdWQnBVdXc5c3pDZllHT2VUejk1QnV4UkpUWUFkR292QjZBazJZVnZqMy1lUGlRZV9ZUjQ4dDdraU8xQlZR?oc=5"" target=""_blank"">40% of Gen Z turn to resale to find the styles they’re looking for</a>&nbsp;&nbsp;<font color=""#6f6f6f"">WGSN</font>",sportswear consumer behaviour UK,"<a href=""https://news.google.com/rss/articles/CBMiggFBVV95cUxQZ25MWk9OY3JmY0N4Z0h5UVI3Qi1ZUUIwdjNURWl5YmFzQlhJU1JZeC1zUGx1VEFyU2ZFOUtpRDdjQ3kzYVdWQnBVdXc5c3pDZllHT2VUejk1QnV4UkpUWUFkR292QjZBazJZVnZqMy1lUGlRZV9ZUjQ4dDdraU8xQlZR?oc=5"" target=""_blank"">40% of Gen Z turn to resale to find the styles they’re looking for</a>&nbsp;&nbsp;<font color=""#6f6f6f"">WGSN</font>"
Gen Z and the Future of Consumer Behaviour - Mintel,"Tue, 13 Jun 2023 07:00:00 GMT",Mintel,https://news.google.com/rss/articles/CBMipgFBVV95cUxPUHBneG9QSTFQT0VhMUVLbmp5Y0FrTnBpMUltQWkzNVFYOXpFM0xudFFEaVZ3VS1fQ3BuX0x2amFzN2E0WkVIVkwySlIzMTlPZFZKMEtKMXlsSDNIOVZYMUZGdDR3OGhKRHlEVjE0bGtFWjNZbzBZNmt6d2cxSjJCckNxQTVYZzR0SWMtLWpGaDVUQlJNRTZnYzdfcHA2VDVhQjRBeXVR?oc=5,"<a href=""https://news.google.com/rss/articles/CBMipgFBVV95cUxPUHBneG9QSTFQT0VhMUVLbmp5Y0FrTnBpMUltQWkzNVFYOXpFM0xudFFEaVZ3VS1fQ3BuX0x2amFzN2E0WkVIVkwySlIzMTlPZFZKMEtKMXlsSDNIOVZYMUZGdDR3OGhKRHlEVjE0bGtFWjNZbzBZNmt6d2cxSjJCckNxQTVYZzR0SWMtLWpGaDVUQlJNRTZnYzdfcHA2VDVhQjRBeXVR?oc=5"" target=""_blank"">Gen Z and the Future of Consumer Behaviour</a>&nbsp;&nbsp;<font color=""#6f6f6f"">Mintel</font>",sportswear consumer behaviour UK,"<a href=""https://news.google.com/rss/articles/CBMipgFBVV95cUxPUHBneG9QSTFQT0VhMUVLbmp5Y0FrTnBpMUltQWkzNVFYOXpFM0xudFFEaVZ3VS1fQ3BuX0x2amFzN2E0WkVIVkwySlIzMTlPZFZKMEtKMXlsSDNIOVZYMUZGdDR3OGhKRHlEVjE0bGtFWjNZbzBZNmt6d2cxSjJCckNxQTVYZzR0SWMtLWpGaDVUQlJNRTZnYzdfcHA2VDVhQjRBeXVR?oc=5"" target=""_blank"">Gen Z and the Future of Consumer Behaviour</a>&nbsp;&nbsp;<font color=""#6f6f6f"">Mintel</font>"
"Global Sports Retailing Market: Key Trends, Regional and Category Performance, Competitive Landscape and Top Retailers to 2029 - Global Data","Wed, 25 Feb 2026 08:00:00 GMT",Global Data,https://news.google.com/rss/articles/CBMifkFVX3lxTE85aTFzeElBeFpoQjdwWGp2Z1NqT1NSZGVYd0hXSXYwT1RoTHNmNjdCU3lLLWFFTHZyU2lCdHhzQV9TWmpseWRfbnNvdHlXZlI3Rjg1bjNDaG5sbk1hblNqNmdpM0VuVHNCUG9RaFc5eWd1RFFrR1Y3Z0lGU3JVQQ?oc=5,"<a href=""https://news.google.com/rss/articles/CBMifkFVX3lxTE85aTFzeElBeFpoQjdwWGp2Z1NqT1NSZGVYd0hXSXYwT1RoTHNmNjdCU3lLLWFFTHZyU2lCdHhzQV9TWmpseWRfbnNvdHlXZlI3Rjg1bjNDaG5sbk1hblNqNmdpM0VuVHNCUG9RaFc5eWd1RFFrR1Y3Z0lGU3JVQQ?oc=5"" target=""_blank"">Global Sports Retailing Market: Key Trends, Regional and Category Performance, Competitive Landscape and Top Retailers to 2029</a>&nbsp;&nbsp;<font color=""#6f6f6f"">Global Data</font>",sportswear consumer behaviour UK,"<a href=""https://news.google.com/rss/articles/CBMifkFVX3lxTE85aTFzeElBeFpoQjdwWGp2Z1NqT1NSZGVYd0hXSXYwT1RoTHNmNjdCU3lLLWFFTHZyU2lCdHhzQV9TWmpseWRfbnNvdHlXZlI3Rjg1bjNDaG5sbk1hblNqNmdpM0VuVHNCUG9RaFc5eWd1RFFrR1Y3Z0lGU3JVQQ?oc=5"" target=""_blank"">Global Sports Retailing Market: Key Trends, Regional and Category Performance, Competitive Landscape and Top Retailers to 2029</a>&nbsp;&nbsp;<font color=""#6f6f6f"">Global Data</font>"
Is Online Shopping Killing the High Street? - Retail Bulletin,"Mon, 20 May 2024 07:00:00 GMT",Retail Bulletin,https://news.google.com/rss/articles/CBMirAFBVV95cUxPSkI0a21hbk05WTdHWmZNVklUOF93QU0wZUFqS2djdzNLSkdlRUdhSXdGMU1Hc0RzVXEwaDJEY0EwYW85c0pLR0s1YWRDRTdKRlhCS2l0TWF1MjI3bUJSU1Y5QTlSQnp1M2dCTnByTXRpYkExeXhCekFERG84X0g4NklmM0hfR0JYZ3g5QWZYRXJXNGZHODlWZ1BtbU1DMkM0VmRCTTBVSF9oTTBL?oc=5,"<a href=""https://news.google.com/rss/articles/CBMirAFBVV95cUxPSkI0a21hbk05WTdHWmZNVklUOF93QU0wZUFqS2djdzNLSkdlRUdhSXdGMU1Hc0RzVXEwaDJEY0EwYW85c0pLR0s1YWRDRTdKRlhCS2l0TWF1MjI3bUJSU1Y5QTlSQnp1M2dCTnByTXRpYkExeXhCekFERG84X0g4NklmM0hfR0JYZ3g5QWZYRXJXNGZHODlWZ1BtbU1DMkM0VmRCTTBVSF9oTTBL?oc=5"" target=""_blank"">Is Online Shopping Killing the High Street?</a>&nbsp;&nbsp;<font color=""#6f6f6f"">Retail Bulletin</font>",sportswear consumer behaviour UK,"<a href=""https://news.google.com/rss/articles/CBMirAFBVV95cUxPSkI0a21hbk05WTdHWmZNVklUOF93QU0wZUFqS2djdzNLSkdlRUdhSXdGMU1Hc0RzVXEwaDJEY0EwYW85c0pLR0s1YWRDRTdKRlhCS2l0TWF1MjI3bUJSU1Y5QTlSQnp1M2dCTnByTXRpYkExeXhCekFERG84X0g4NklmM0hfR0JYZ3g5QWZYRXJXNGZHODlWZ1BtbU1DMkM0VmRCTTBVSF9oTTBL?oc=5"" target=""_blank"">Is Online Shopping Killing the High Street?</a>&nbsp;&nbsp;<font color=""#6f6f6f"">Retail Bulletin</font>"
Sportswear Brands can Grow Tapping into Wellness Trends - Euromonitor,"Mon, 20 Mar 2023 07:00:00 GMT",Euromonitor,https://news.google.com/rss/articles/CBMilgFBVV95cUxQUEp6WHZFUU02dnlfVlRTcEk2bmEwQUNjQXY0S2htbEZxel9ZUkdMQk8zZk1mNlNxZWlDbm5kVzJSbXlTdVYwR29TZ3duWVBkYTkxck1YS3prQzA1Rk1CSUNLNkNGRTlDYlNxY3JyX05oVk8wS0VFSUI1Z3I1cmNzQm1oU2trNHVGSVVzZjBqS1RaREszZHc?oc=5,"<a href=""https://news.google.com/rss/articles/CBMilgFBVV95cUxQUEp6WHZFUU02dnlfVlRTcEk2bmEwQUNjQXY0S2htbEZxel9ZUkdMQk8zZk1mNlNxZWlDbm5kVzJSbXlTdVYwR29TZ3duWVBkYTkxck1YS3prQzA1Rk1CSUNLNkNGRTlDYlNxY3JyX05oVk8wS0VFSUI1Z3I1cmNzQm1oU2trNHVGSVVzZjBqS1RaREszZHc?oc=5"" target=""_blank"">Sportswear Brands can Grow Tapping into Wellness Trends</a>&nbsp;&nbsp;<font color=""#6f6f6f"">Euromonitor</font>",sportswear consumer behaviour UK,"<a href=""https://news.google.com/rss/articles/CBMilgFBVV95cUxQUEp6WHZFUU02dnlfVlRTcEk2bmEwQUNjQXY0S2htbEZxel9ZUkdMQk8zZk1mNlNxZWlDbm5kVzJSbXlTdVYwR29TZ3duWVBkYTkxck1YS3prQzA1Rk1CSUNLNkNGRTlDYlNxY3JyX05oVk8wS0VFSUI1Z3I1cmNzQm1oU2trNHVGSVVzZjBqS1RaREszZHc?oc=5"" target=""_blank"">Sportswear Brands can Grow Tapping into Wellness Trends</a>&nbsp;&nbsp;<font color=""#6f6f6f"">Euromonitor</font>"
"UK Womenswear Market Size, Trends, Share & Forecast to 2028 - Global Data","Thu, 29 Feb 2024 08:00:00 GMT",Global Data,https://news.google.com/rss/articles/CBMihwFBVV95cUxNeGg4RHlBYkI1MG9yTnNwVEtwWHA3RlU1ZjU4dDBiOHFhbVJhQzdCM2pZUW1sOUg1ZDhUdDZEQ203TVAtRjA1Q0xVYWwtNXhpbW5XREoxMXNRb2pfRkptajdOWkltUU9zZ0h4NFI0bTlUMk1kTVZLbHl2a2JsVUdkLWtXS2tMTEk?oc=5,"<a href=""https://news.google.com/rss/articles/CBMihwFBVV95cUxNeGg4RHlBYkI1MG9yTnNwVEtwWHA3RlU1ZjU4dDBiOHFhbVJhQzdCM2pZUW1sOUg1ZDhUdDZEQ203TVAtRjA1Q0xVYWwtNXhpbW5XREoxMXNRb2pfRkptajdOWkltUU9zZ0h4NFI0bTlUMk1kTVZLbHl2a2JsVUdkLWtXS2tMTEk?oc=5"" target=""_blank"">UK Womenswear Market Size, Trends, Share & Forecast to 2028</a>&nbsp;&nbsp;<font color=""#6f6f6f"">Global Data</font>",sportswear consumer behaviour UK,"<a href=""https://news.google.com/rss/articles/CBMihwFBVV95cUxNeGg4RHlBYkI1MG9yTnNwVEtwWHA3RlU1ZjU4dDBiOHFhbVJhQzdCM2pZUW1sOUg1ZDhUdDZEQ203TVAtRjA1Q0xVYWwtNXhpbW5XREoxMXNRb2pfRkptajdOWkltUU9zZ0h4NFI0bTlUMk1kTVZLbHl2a2JsVUdkLWtXS2tMTEk?oc=5"" target=""_blank"">UK Womenswear Market Size, Trends, Share & Forecast to 2028</a>&nbsp;&nbsp;<font color=""#6f6f6f"">Global Data</font>"
What the Future of Retail Looks Like - Mintel,"Fri, 01 Mar 2024 08:00:00 GMT",Mintel,https://news.google.com/rss/articles/CBMiggFBVV95cUxQd1ExV3l5dDNIWVJ2UGlrYmZYTDB3TmxHaEszc1hNSGdTNERWWEFVVmZlZzF5MGwwdy1SVUpfVnVzS1RGOEo5N25YN3luRGNZeVJYeldqTmdRNnV0blFLb2lzWmhYRExvaC1TOGdnQ1huSzRRaUhGYkE2M0ZIeFVTRkdn?oc=5,"<a href=""https://news.google.com/rss/articles/CBMiggFBVV95cUxQd1ExV3l5dDNIWVJ2UGlrYmZYTDB3TmxHaEszc1hNSGdTNERWWEFVVmZlZzF5MGwwdy1SVUpfVnVzS1RGOEo5N25YN3luRGNZeVJYeldqTmdRNnV0blFLb2lzWmhYRExvaC1TOGdnQ1huSzRRaUhGYkE2M0ZIeFVTRkdn?oc=5"" target=""_blank"">What the Future of Retail Looks Like</a>&nbsp;&nbsp;<font color=""#6f6f6f"">Mintel</font>",sportswear consumer behaviour UK,"<a href=""https://news.google.com/rss/articles/CBMiggFBVV95cUxQd1ExV3l5dDNIWVJ2UGlrYmZYTDB3TmxHaEszc1hNSGdTNERWWEFVVmZlZzF5MGwwdy1SVUpfVnVzS1RGOEo5N25YN3luRGNZeVJYeldqTmdRNnV0blFLb2lzWmhYRExvaC1TOGdnQ1huSzRRaUhGYkE2M0ZIeFVTRkdn?oc=5"" target=""_blank"">What the Future of Retail Looks Like</a>&nbsp;&nbsp;<font color=""#6f6f6f"">Mintel</font>"
Frasers’ Sports Direct launches membership scheme - Drapers,"Wed, 26 Feb 2025 08:00:00 GMT",Drapers,https://news.google.com/rss/articles/CBMiiwFBVV95cUxQbHZ6RW81bnNZTzFhdU9kVVc5bUZueFVnT3FnMmdibGxncmt2aUh1ejN0OWJCc2QtX0hiTmJmdWZvODB1R2hoQlNnSDBJdVViLTJhb0NxMW5CRUdjaTBDZ1dsalhreWJOb1VJU0g3QlNTRjB6cURndWREZ1ZDN1B1dXhGT2lQOHA4Wi1v?oc=5,"<a href=""https://news.google.com/rss/articles/CBMiiwFBVV95cUxQbHZ6RW81bnNZTzFhdU9kVVc5bUZueFVnT3FnMmdibGxncmt2aUh1ejN0OWJCc2QtX0hiTmJmdWZvODB1R2hoQlNnSDBJdVViLTJhb0NxMW5CRUdjaTBDZ1dsalhreWJOb1VJU0g3QlNTRjB6cURndWREZ1ZDN1B1dXhGT2lQOHA4Wi1v?oc=5"" target=""_blank"">Frasers’ Sports Direct launches membership scheme</a>&nbsp;&nbsp;<font color=""#6f6f6f"">Drapers</font>",sportswear consumer behaviour UK,"<a href=""https://news.google.com/rss/articles/CBMiiwFBVV95cUxQbHZ6RW81bnNZTzFhdU9kVVc5bUZueFVnT3FnMmdibGxncmt2aUh1ejN0OWJCc2QtX0hiTmJmdWZvODB1R2hoQlNnSDBJdVViLTJhb0NxMW5CRUdjaTBDZ1dsalhreWJOb1VJU0g3QlNTRjB6cURndWREZ1ZDN1B1dXhGT2lQOHA4Wi1v?oc=5"" target=""_blank"">Frasers’ Sports Direct launches membership scheme</a>&nbsp;&nbsp;<font color=""#6f6f6f"">Drapers</font>"
"Consumers willing to pay 9.7% sustainability premium, even as cost-of-living and inflationary concerns weigh: PwC 2024 Voice of the Consumer Survey - PwC","Wed, 15 May 2024 07:00:00 GMT",PwC,https://news.google.com/rss/articles/CBMimgFBVV95cUxQTjBWSmJ6eEY3QUFwbXlCV0JvVzNjRUNZLVE5ZjBSM1dteHowRVEwamd4NEdTUUFXeVdzOEpuMzNlLVJuNWNpRmNkaEQ3NGdkUHFJRTZYOFBqTkZ0Y043QXVJQ0xBWG5nQWpfMThLUzNiN0xJaTFVc1JYQzBzZHNCRG81Y3ZnQVpVRHFZQ3NQTEE5TDJVWktqNmZR?oc=5,"<a href=""https://news.google.com/rss/articles/CBMimgFBVV95cUxQTjBWSmJ6eEY3QUFwbXlCV0JvVzNjRUNZLVE5ZjBSM1dteHowRVEwamd4NEdTUUFXeVdzOEpuMzNlLVJuNWNpRmNkaEQ3NGdkUHFJRTZYOFBqTkZ0Y043QXVJQ0xBWG5nQWpfMThLUzNiN0xJaTFVc1JYQzBzZHNCRG81Y3ZnQVpVRHFZQ3NQTEE5TDJVWktqNmZR?oc=5"" target=""_blank"">Consumers willing to pay 9.7% sustainability premium, even as cost-of-living and inflationary concerns weigh: PwC 2024 Voice of the Consumer Survey</a>&nbsp;&nbsp;<font color=""#6f6f6f"">PwC</font>",sportswear consumer behaviour UK,"<a href=""https://news.google.com/rss/articles/CBMimgFBVV95cUxQTjBWSmJ6eEY3QUFwbXlCV0JvVzNjRUNZLVE5ZjBSM1dteHowRVEwamd4NEdTUUFXeVdzOEpuMzNlLVJuNWNpRmNkaEQ3NGdkUHFJRTZYOFBqTkZ0Y043QXVJQ0xBWG5nQWpfMThLUzNiN0xJaTFVc1JYQzBzZHNCRG81Y3ZnQVpVRHFZQ3NQTEE5TDJVWktqNmZR?oc=5"" target=""_blank"">Consumers willing to pay 9.7% sustainability premium, even as cost-of-living and inflationary concerns weigh: PwC 2024 Voice of the Consumer Survey</a>&nbsp;&nbsp;<font color=""#6f6f6f"">PwC</font>"
BoF Insights | The New Era of Fashion E-Commerce - The Business of Fashion,"Mon, 23 Jun 2025 07:00:00 GMT",The Business of Fashion,https://news.google.com/rss/articles/CBMipAFBVV95cUxQNl9Odm9UT3dvSV9LVTlqUDZ2VG9UenhBVm03eGlzTFRFNk1MdnRHLWZxV3RCQVk2OFhCc215Z2FhRnRHUHpXd3QtY1FUWlZaT3o5WF9tR0ZuUGVyZEpUbUVfV2pjX1pISlFCZHJ5a2ZnUmwtNjFOekZOTmxUSkJnQUNnLUxBVnVDaXhka3VkNlpDT0ljZHJoNnpiQl8wdFVEV2dWaw?oc=5,"<a href=""https://news.google.com/rss/articles/CBMipAFBVV95cUxQNl9Odm9UT3dvSV9LVTlqUDZ2VG9UenhBVm03eGlzTFRFNk1MdnRHLWZxV3RCQVk2OFhCc215Z2FhRnRHUHpXd3QtY1FUWlZaT3o5WF9tR0ZuUGVyZEpUbUVfV2pjX1pISlFCZHJ5a2ZnUmwtNjFOekZOTmxUSkJnQUNnLUxBVnVDaXhka3VkNlpDT0ljZHJoNnpiQl8wdFVEV2dWaw?oc=5"" target=""_blank"">BoF Insights | The New Era of Fashion E-Commerce</a>&nbsp;&nbsp;<font color=""#6f6f6f"">The Business of Fashion</font>",sportswear consumer behaviour UK,"<a href=""https://news.google.com/rss/articles/CBMipAFBVV95cUxQNl9Odm9UT3dvSV9LVTlqUDZ2VG9UenhBVm03eGlzTFRFNk1MdnRHLWZxV3RCQVk2OFhCc215Z2FhRnRHUHpXd3QtY1FUWlZaT3o5WF9tR0ZuUGVyZEpUbUVfV2pjX1pISlFCZHJ5a2ZnUmwtNjFOekZOTmxUSkJnQUNnLUxBVnVDaXhka3VkNlpDT0ljZHJoNnpiQl8wdFVEV2dWaw?oc=5"" target=""_blank"">BoF Insights | The New Era of Fashion E-Commerce</a>&nbsp;&nbsp;<font color=""#6f6f6f"">The Business of Fashion</font>"
Global uncertainty gives rise to new strategies in consumer and retail - Financial Times,"Tue, 22 Jul 2025 19:34:25 GMT",Financial Times,https://news.google.com/rss/articles/CBMimgJBVV95cUxNM2poN29MSFQwaG5CeGF2U1hkQzlRbmx5YmNBelN5TnF1LXBETkZMVlhsNnV6dFpCUDdjQUFna29xQ0FlSFgwT2RUU0RZUlJvYldrR2k1T00wNnFjWlBUOG1JZGcxcGZuUXFTazA5bXE5SDRvWGlpeG95MUxLbVZqRUpfY0xCV2F3Mlc2Sy1jQ2loYjBVV25fMkNoM3FzZjU3MFBHSUdKZkV0ZUhLSnhDcU14bU52NG56Q1RfZWFGd0xvc1RsS1BFTFNZRXQ5M1lXRF8xR3RBUDlrV0E1NGR4Rko5cWQweGl3Rk9KejAzZlY4YTNrUmM1U3ZJRkgwdVVYS3VWd2JHajFLN3JuZlV1NEZLLUVrZ2ZveWc?oc=5,"<a href=""https://news.google.com/rss/articles/CBMimgJBVV95cUxNM2poN29MSFQwaG5CeGF2U1hkQzlRbmx5YmNBelN5TnF1LXBETkZMVlhsNnV6dFpCUDdjQUFna29xQ0FlSFgwT2RUU0RZUlJvYldrR2k1T00wNnFjWlBUOG1JZGcxcGZuUXFTazA5bXE5SDRvWGlpeG95MUxLbVZqRUpfY0xCV2F3Mlc2Sy1jQ2loYjBVV25fMkNoM3FzZjU3MFBHSUdKZkV0ZUhLSnhDcU14bU52NG56Q1RfZWFGd0xvc1RsS1BFTFNZRXQ5M1lXRF8xR3RBUDlrV0E1NGR4Rko5cWQweGl3Rk9KejAzZlY4YTNrUmM1U3ZJRkgwdVVYS3VWd2JHajFLN3JuZlV1NEZLLUVrZ2ZveWc?oc=5"" target=""_blank"">Global uncertainty gives rise to new strategies in consumer and retail</a>&nbsp;&nbsp;<font color=""#6f6f6f"">Financial Times</font>",sportswear consumer behaviour UK,"<a href=""https://news.google.com/rss/articles/CBMimgJBVV95cUxNM2poN29MSFQwaG5CeGF2U1hkQzlRbmx5YmNBelN5TnF1LXBETkZMVlhsNnV6dFpCUDdjQUFna29xQ0FlSFgwT2RUU0RZUlJvYldrR2k1T00wNnFjWlBUOG1JZGcxcGZuUXFTazA5bXE5SDRvWGlpeG95MUxLbVZqRUpfY0xCV2F3Mlc2Sy1jQ2loYjBVV25fMkNoM3FzZjU3MFBHSUdKZkV0ZUhLSnhDcU14bU52NG56Q1RfZWFGd0xvc1RsS1BFTFNZRXQ5M1lXRF8xR3RBUDlrV0E1NGR4Rko5cWQweGl3Rk9KejAzZlY4YTNrUmM1U3ZJRkgwdVVYS3VWd2JHajFLN3JuZlV1NEZLLUVrZ2ZveWc?oc=5"" target=""_blank"">Global uncertainty gives rise to new strategies in consumer and retail</a>&nbsp;&nbsp;<font color=""#6f6f6f"">Financial Times</font>"
Is Manchester the next big fashion city? - Vogue,"Fri, 05 Sep 2025 07:00:00 GMT",Vogue,https://news.google.com/rss/articles/CBMieEFVX3lxTE5kS1l5VjZScjlNWGxOQTNWai0zTDc4T0s5cHExQWZyU1hXZFpYTmpMNU9DeGxPZ1VSVUQ4bHdYN3NUVEdlQ1lHM2FDN0R3NEFWVWtVNE5obzRMLTE4d2lCemFKSUJtSmpNQk1WVjEyR0UycjhKeTJpcg?oc=5,"<a href=""https://news.google.com/rss/articles/CBMieEFVX3lxTE5kS1l5VjZScjlNWGxOQTNWai0zTDc4T0s5cHExQWZyU1hXZFpYTmpMNU9DeGxPZ1VSVUQ4bHdYN3NUVEdlQ1lHM2FDN0R3NEFWVWtVNE5obzRMLTE4d2lCemFKSUJtSmpNQk1WVjEyR0UycjhKeTJpcg?oc=5"" target=""_blank"">Is Manchester the next big fashion city?</a>&nbsp;&nbsp;<font color=""#6f6f6f"">Vogue</font>",sportswear consumer behaviour UK,"<a href=""https://news.google.com/rss/articles/CBMieEFVX3lxTE5kS1l5VjZScjlNWGxOQTNWai0zTDc4T0s5cHExQWZyU1hXZFpYTmpMNU9DeGxPZ1VSVUQ4bHdYN3NUVEdlQ1lHM2FDN0R3NEFWVWtVNE5obzRMLTE4d2lCemFKSUJtSmpNQk1WVjEyR0UycjhKeTJpcg?oc=5"" target=""_blank"">Is Manchester the next big fashion city?</a>&nbsp;&nbsp;<font color=""#6f6f6f"">Vogue</font>"
Exploring the Role of Prospect Theory for Fast-Fashion Practice as Experienced Through a Generational Lens: Marketing an Environmental Business Strategy That Appeals to Fashion Identity and Time Horizon Values - Wiley Online Library,"Thu, 16 Oct 2025 07:00:00 GMT",Wiley Online Library,https://news.google.com/rss/articles/CBMiakFVX3lxTE9KVHliUUs5Qm5nS2FVbEdFcUtoQ1M4SzdlLUFHYWpYbHRhQVFlOTRuMG5TZzlmSC1KRkFYZUZqTENiV0JqZWltMW1IRFpsNlhFM2JabmZ0bnAyOHB4Z1p6bjJCeXJzYlBSblE?oc=5,"<a href=""https://news.google.com/rss/articles/CBMiakFVX3lxTE9KVHliUUs5Qm5nS2FVbEdFcUtoQ1M4SzdlLUFHYWpYbHRhQVFlOTRuMG5TZzlmSC1KRkFYZUZqTENiV0JqZWltMW1IRFpsNlhFM2JabmZ0bnAyOHB4Z1p6bjJCeXJzYlBSblE?oc=5"" target=""_blank"">Exploring the Role of Prospect Theory for Fast-Fashion Practice as Experienced Through a Generational Lens: Marketing an Environmental Business Strategy That Appeals to Fashion Identity and Time Horizon Values</a>&nbsp;&nbsp;<font color=""#6f6f6f"">Wiley Online Library</font>",sportswear consumer behaviour UK,"<a href=""https://news.google.com/rss/articles/CBMiakFVX3lxTE9KVHliUUs5Qm5nS2FVbEdFcUtoQ1M4SzdlLUFHYWpYbHRhQVFlOTRuMG5TZzlmSC1KRkFYZUZqTENiV0JqZWltMW1IRFpsNlhFM2JabmZ0bnAyOHB4Z1p6bjJCeXJzYlBSblE?oc=5"" target=""_blank"">Exploring the Role of Prospect Theory for Fast-Fashion Practice as Experienced Through a Generational Lens: Marketing an Environmental Business Strategy That Appeals to Fashion Identity and Time Horizon Values</a>&nbsp;&nbsp;<font color=""#6f6f6f"">Wiley Online Library</font>"
JD Sports ‘cautious’ over consumer finances as UK sales slide - The Independent,"Wed, 27 Aug 2025 07:00:00 GMT",The Independent,https://news.google.com/rss/articles/CBMif0FVX3lxTFAwdW1TdnZaaHh4RURIQUlNcDVldWl5SC0xUXFQbFUwTlZXeWVIQm51c2lVSjhoS3dtZ3Y5X0VSZy1BSk5rTk9WNEVKUEEyMkxfNzVnanBLaENlQVhnNGxSQkNOWHA0dWpYalB1VXEwMEZIUEROc1ZYdUpjMWZOb3M?oc=5,"<a href=""https://news.google.com/rss/articles/CBMif0FVX3lxTFAwdW1TdnZaaHh4RURIQUlNcDVldWl5SC0xUXFQbFUwTlZXeWVIQm51c2lVSjhoS3dtZ3Y5X0VSZy1BSk5rTk9WNEVKUEEyMkxfNzVnanBLaENlQVhnNGxSQkNOWHA0dWpYalB1VXEwMEZIUEROc1ZYdUpjMWZOb3M?oc=5"" target=""_blank"">JD Sports ‘cautious’ over consumer finances as UK sales slide</a>&nbsp;&nbsp;<font color=""#6f6f6f"">The Independent</font>",sportswear consumer behaviour UK,"<a href=""https://news.google.com/rss/articles/CBMif0FVX3lxTFAwdW1TdnZaaHh4RURIQUlNcDVldWl5SC0xUXFQbFUwTlZXeWVIQm51c2lVSjhoS3dtZ3Y5X0VSZy1BSk5rTk9WNEVKUEEyMkxfNzVnanBLaENlQVhnNGxSQkNOWHA0dWpYalB1VXEwMEZIUEROc1ZYdUpjMWZOb3M?oc=5"" target=""_blank"">JD Sports ‘cautious’ over consumer finances as UK sales slide</a>&nbsp;&nbsp;<font color=""#6f6f6f"">The Independent</font>"
Why Integrating Sustainability in Fashion Retail is Becoming a Must - Euromonitor,"Wed, 06 Sep 2023 07:00:00 GMT",Euromonitor,https://news.google.com/rss/articles/CBMipgFBVV95cUxNcWczdndpNHEtWnpGdTFwWXFxWnoyT1lxbXFNZWFGc0RJLTAydEFuSzdTdmxFYmNTRVJXREpOeV9pTHdLamR5LVBGMVhYeHRKWlB5RXN0OFJPZHpoZW5abXFyajBmN0dqWGlaNUMzdGozU3JxZmdPZVpsVHZZemRtWGV6czNQMjRiaUFodDhaa0lSMU53YmRaaDgxQ0szYmZMbTdyV1hR?oc=5,"<a href=""https://news.google.com/rss/articles/CBMipgFBVV95cUxNcWczdndpNHEtWnpGdTFwWXFxWnoyT1lxbXFNZWFGc0RJLTAydEFuSzdTdmxFYmNTRVJXREpOeV9pTHdLamR5LVBGMVhYeHRKWlB5RXN0OFJPZHpoZW5abXFyajBmN0dqWGlaNUMzdGozU3JxZmdPZVpsVHZZemRtWGV6czNQMjRiaUFodDhaa0lSMU53YmRaaDgxQ0szYmZMbTdyV1hR?oc=5"" target=""_blank"">Why Integrating Sustainability in Fashion Retail is Becoming a Must</a>&nbsp;&nbsp;<font color=""#6f6f6f"">Euromonitor</font>",sportswear consumer behaviour UK,"<a href=""https://news.google.com/rss/articles/CBMipgFBVV95cUxNcWczdndpNHEtWnpGdTFwWXFxWnoyT1lxbXFNZWFGc0RJLTAydEFuSzdTdmxFYmNTRVJXREpOeV9pTHdLamR5LVBGMVhYeHRKWlB5RXN0OFJPZHpoZW5abXFyajBmN0dqWGlaNUMzdGozU3JxZmdPZVpsVHZZemRtWGV6czNQMjRiaUFodDhaa0lSMU53YmRaaDgxQ0szYmZMbTdyV1hR?oc=5"" target=""_blank"">Why Integrating Sustainability in Fashion Retail is Becoming a Must</a>&nbsp;&nbsp;<font color=""#6f6f6f"">Euromonitor</font>"
"Apparel Market Size, Share, Future Trends & Forecast, 2034 - Fortune Business Insights","Mon, 20 Jul 2026 07:00:00 GMT",Fortune Business Insights,https://news.google.com/rss/articles/CBMibkFVX3lxTE10ZGllZmF6c0hVN3NKUllOVHFYVzl3OGJjY21VSm0zMU5EOVdkOWZmRlVVRU9QbDRTdWdsQjlkbVEtb1R0Zkh5bFY3YmpmWTFOTGdmUWplZlcwSVFqVGFrTFlWbHRWYWdoWnJ0UzR3?oc=5,"<a href=""https://news.google.com/rss/articles/CBMibkFVX3lxTE10ZGllZmF6c0hVN3NKUllOVHFYVzl3OGJjY21VSm0zMU5EOVdkOWZmRlVVRU9QbDRTdWdsQjlkbVEtb1R0Zkh5bFY3YmpmWTFOTGdmUWplZlcwSVFqVGFrTFlWbHRWYWdoWnJ0UzR3?oc=5"" target=""_blank"">Apparel Market Size, Share, Future Trends & Forecast, 2034</a>&nbsp;&nbsp;<font color=""#6f6f6f"">Fortune Business Insights</font>",sportswear consumer behaviour UK,"<a href=""https://news.google.com/rss/articles/CBMibkFVX3lxTE10ZGllZmF6c0hVN3NKUllOVHFYVzl3OGJjY21VSm0zMU5EOVdkOWZmRlVVRU9QbDRTdWdsQjlkbVEtb1R0Zkh5bFY3YmpmWTFOTGdmUWplZlcwSVFqVGFrTFlWbHRWYWdoWnJ0UzR3?oc=5"" target=""_blank"">Apparel Market Size, Share, Future Trends & Forecast, 2034</a>&nbsp;&nbsp;<font color=""#6f6f6f"">Fortune Business Insights</font>"
Retailing in the UK sports niche: pros and cons - Retail Times,"Tue, 17 Sep 2024 07:00:00 GMT",Retail Times,https://news.google.com/rss/articles/CBMifkFVX3lxTE9xZDlRdExkYk9TMTlLTlI5LXNqN19UMkFtX1EyQUhEcjNHNkoyMzRPd21jM29ma2FNOUE5aXdXaVpOWVZKRklrUkN5clg2bGhublItZnFwMk5yU0djN3p0ZGJrdWJBeVVKTzZBNG02dmh1VWxjRjZKRndhVkM1Zw?oc=5,"<a href=""https://news.google.com/rss/articles/CBMifkFVX3lxTE9xZDlRdExkYk9TMTlLTlI5LXNqN19UMkFtX1EyQUhEcjNHNkoyMzRPd21jM29ma2FNOUE5aXdXaVpOWVZKRklrUkN5clg2bGhublItZnFwMk5yU0djN3p0ZGJrdWJBeVVKTzZBNG02dmh1VWxjRjZKRndhVkM1Zw?oc=5"" target=""_blank"">Retailing in the UK sports niche: pros and cons</a>&nbsp;&nbsp;<font color=""#6f6f6f"">Retail Times</font>",sportswear consumer behaviour UK,"<a href=""https://news.google.com/rss/articles/CBMifkFVX3lxTE9xZDlRdExkYk9TMTlLTlI5LXNqN19UMkFtX1EyQUhEcjNHNkoyMzRPd21jM29ma2FNOUE5aXdXaVpOWVZKRklrUkN5clg2bGhublItZnFwMk5yU0djN3p0ZGJrdWJBeVVKTzZBNG02dmh1VWxjRjZKRndhVkM1Zw?oc=5"" target=""_blank"">Retailing in the UK sports niche: pros and cons</a>&nbsp;&nbsp;<font color=""#6f6f6f"">Retail Times</font>"
Sports Direct owner Frasers warns of £100m Covid writedown | Frasers Group - The Guardian,"Tue, 23 Feb 2021 08:00:00 GMT",The Guardian,https://news.google.com/rss/articles/CBMijwFBVV95cUxNblU4eVZMalFTRll2YlR4ZkRsaGxBdVFHRzJyZ3V1RTlPQkN1aUNsSXpXSXU3QUpFb2VnNW1meGR3eldUQnNmeS1tZU1lZWtsNDJBQ0RFYVUyaXVhQkFER0RjbTljQUFqem5ubmN3aEdRbmZQLUlKWTFldnhKdk8telp6Mkp2QVpYbTdNbmZJOA?oc=5,"<a href=""https://news.google.com/rss/articles/CBMijwFBVV95cUxNblU4eVZMalFTRll2YlR4ZkRsaGxBdVFHRzJyZ3V1RTlPQkN1aUNsSXpXSXU3QUpFb2VnNW1meGR3eldUQnNmeS1tZU1lZWtsNDJBQ0RFYVUyaXVhQkFER0RjbTljQUFqem5ubmN3aEdRbmZQLUlKWTFldnhKdk8telp6Mkp2QVpYbTdNbmZJOA?oc=5"" target=""_blank"">Sports Direct owner Frasers warns of £100m Covid writedown | Frasers Group</a>&nbsp;&nbsp;<font color=""#6f6f6f"">The Guardian</font>",sportswear consumer behaviour UK,"<a href=""https://news.google.com/rss/articles/CBMijwFBVV95cUxNblU4eVZMalFTRll2YlR4ZkRsaGxBdVFHRzJyZ3V1RTlPQkN1aUNsSXpXSXU3QUpFb2VnNW1meGR3eldUQnNmeS1tZU1lZWtsNDJBQ0RFYVUyaXVhQkFER0RjbTljQUFqem5ubmN3aEdRbmZQLUlKWTFldnhKdk8telp6Mkp2QVpYbTdNbmZJOA?oc=5"" target=""_blank"">Sports Direct owner Frasers warns of £100m Covid writedown | Frasers Group</a>&nbsp;&nbsp;<font color=""#6f6f6f"">The Guardian</font>"
"Luxury squeeze, personal uniforms, and American heritage: Insights from Lyst's VP of brand - fashionunited.uk","Mon, 12 Jan 2026 08:00:00 GMT",fashionunited.uk,https://news.google.com/rss/articles/CBMi1AFBVV95cUxNbTFTYl95alJoN2c0YUhTa3g5c2hKU2xpbG9COGxueWljT2xlZngyeVdnYndUamZ4Y0V2WmtEczlJWjhjaEc4dU5YUUtWa3hXc1RENWk3SmxqOWE3SWt6VWJCankzNGxiX253YWQ5aGJERXcyWHl4YmJmNWZJVGpDZDRIZ2ZFLTFKc0lRODdGeEdVcjBNSGZPNGs5Q24wMFZvcHQ5NXNIUWxadE5leFpmWkhJeGliVUZVcENZOWNiN2FJZk5oaUFIYlo2SjZ2MlI1cVN4Sw?oc=5,"<a href=""https://news.google.com/rss/articles/CBMi1AFBVV95cUxNbTFTYl95alJoN2c0YUhTa3g5c2hKU2xpbG9COGxueWljT2xlZngyeVdnYndUamZ4Y0V2WmtEczlJWjhjaEc4dU5YUUtWa3hXc1RENWk3SmxqOWE3SWt6VWJCankzNGxiX253YWQ5aGJERXcyWHl4YmJmNWZJVGpDZDRIZ2ZFLTFKc0lRODdGeEdVcjBNSGZPNGs5Q24wMFZvcHQ5NXNIUWxadE5leFpmWkhJeGliVUZVcENZOWNiN2FJZk5oaUFIYlo2SjZ2MlI1cVN4Sw?oc=5"" target=""_blank"">Luxury squeeze, personal uniforms, and American heritage: Insights from Lyst's VP of brand</a>&nbsp;&nbsp;<font color=""#6f6f6f"">fashionunited.uk</font>",sportswear consumer behaviour UK,"<a href=""https://news.google.com/rss/articles/CBMi1AFBVV95cUxNbTFTYl95alJoN2c0YUhTa3g5c2hKU2xpbG9COGxueWljT2xlZngyeVdnYndUamZ4Y0V2WmtEczlJWjhjaEc4dU5YUUtWa3hXc1RENWk3SmxqOWE3SWt6VWJCankzNGxiX253YWQ5aGJERXcyWHl4YmJmNWZJVGpDZDRIZ2ZFLTFKc0lRODdGeEdVcjBNSGZPNGs5Q24wMFZvcHQ5NXNIUWxadE5leFpmWkhJeGliVUZVcENZOWNiN2FJZk5oaUFIYlo2SjZ2MlI1cVN4Sw?oc=5"" target=""_blank"">Luxury squeeze, personal uniforms, and American heritage: Insights from Lyst's VP of brand</a>&nbsp;&nbsp;<font color=""#6f6f6f"">fashionunited.uk</font>"
Sportswear brands face new crossroads as growth slows and consumer habits change - fashionunited.uk,"Tue, 04 Mar 2025 08:00:00 GMT",fashionunited.uk,https://news.google.com/rss/articles/CBMizgFBVV95cUxPVkVaUG5kdlo0ZW5adWJxb01ZMnhfUWFSUW9XYzI4ejJKcGE2Z3J2ZlkwNlYxWUZ2Ql9TTU1wT3ZBSVoxQXNPSk9FeXU5Q3VMd0hZcmE3NVU5WlUxb09BaDhSektYRlBXdjRWSDczZ2R3SEJzc3pKLUdTa0IxV2doNzlXRDNia05JX0xIWkhlOUtKajJteWJ1T2VKdEt0djJLZUtDZ1ZBbnhMbXV6M1JGMEJWOTd3emZCSjFPRE4xVnVldEhldUNycWJuVno5QQ?oc=5,"<a href=""https://news.google.com/rss/articles/CBMizgFBVV95cUxPVkVaUG5kdlo0ZW5adWJxb01ZMnhfUWFSUW9XYzI4ejJKcGE2Z3J2ZlkwNlYxWUZ2Ql9TTU1wT3ZBSVoxQXNPSk9FeXU5Q3VMd0hZcmE3NVU5WlUxb09BaDhSektYRlBXdjRWSDczZ2R3SEJzc3pKLUdTa0IxV2doNzlXRDNia05JX0xIWkhlOUtKajJteWJ1T2VKdEt0djJLZUtDZ1ZBbnhMbXV6M1JGMEJWOTd3emZCSjFPRE4xVnVldEhldUNycWJuVno5QQ?oc=5"" target=""_blank"">Sportswear brands face new crossroads as growth slows and consumer habits change</a>&nbsp;&nbsp;<font color=""#6f6f6f"">fashionunited.uk</font>",sportswear consumer behaviour UK,"<a href=""https://news.google.com/rss/articles/CBMizgFBVV95cUxPVkVaUG5kdlo0ZW5adWJxb01ZMnhfUWFSUW9XYzI4ejJKcGE2Z3J2ZlkwNlYxWUZ2Ql9TTU1wT3ZBSVoxQXNPSk9FeXU5Q3VMd0hZcmE3NVU5WlUxb09BaDhSektYRlBXdjRWSDczZ2R3SEJzc3pKLUdTa0IxV2doNzlXRDNia05JX0xIWkhlOUtKajJteWJ1T2VKdEt0djJLZUtDZ1ZBbnhMbXV6M1JGMEJWOTd3emZCSjFPRE4xVnVldEhldUNycWJuVno5QQ?oc=5"" target=""_blank"">Sportswear brands face new crossroads as growth slows and consumer habits change</a>&nbsp;&nbsp;<font color=""#6f6f6f"">fashionunited.uk</font>"
Fashioning the perfect fit – the UK’s favourite fitting brands revealed - FashionUnited,"Fri, 18 Mar 2022 07:00:00 GMT",FashionUnited,https://news.google.com/rss/articles/CBMivwFBVV95cUxONUR0QkZiLTZtZFo4cVFyM3VPNWFHTFlST2VsLW1neksyMTVlZ1lXcE02QWowLWZPcHJZWS1FdFg1LXc5SEYxRWdXc0xRZVh3WnNIazJNOXJoTzg0WlYxMDdrcTM5WnJ4VHVTZ2t3V3FVQUluTmE5cUN0WUYyMEtVWEJTS1lmVnFack9rUGFmaDhGSEpEdDBiM2FsNXpYV3duRlVjNm03R2swRnhUTHZXcXluU05nVnpyTGt5MXJ2VQ?oc=5,"<a href=""https://news.google.com/rss/articles/CBMivwFBVV95cUxONUR0QkZiLTZtZFo4cVFyM3VPNWFHTFlST2VsLW1neksyMTVlZ1lXcE02QWowLWZPcHJZWS1FdFg1LXc5SEYxRWdXc0xRZVh3WnNIazJNOXJoTzg0WlYxMDdrcTM5WnJ4VHVTZ2t3V3FVQUluTmE5cUN0WUYyMEtVWEJTS1lmVnFack9rUGFmaDhGSEpEdDBiM2FsNXpYV3duRlVjNm03R2swRnhUTHZXcXluU05nVnpyTGt5MXJ2VQ?oc=5"" target=""_blank"">Fashioning the perfect fit – the UK’s favourite fitting brands revealed</a>&nbsp;&nbsp;<font color=""#6f6f6f"">FashionUnited</font>",sportswear consumer behaviour UK,"<a href=""https://news.google.com/rss/articles/CBMivwFBVV95cUxONUR0QkZiLTZtZFo4cVFyM3VPNWFHTFlST2VsLW1neksyMTVlZ1lXcE02QWowLWZPcHJZWS1FdFg1LXc5SEYxRWdXc0xRZVh3WnNIazJNOXJoTzg0WlYxMDdrcTM5WnJ4VHVTZ2t3V3FVQUluTmE5cUN0WUYyMEtVWEJTS1lmVnFack9rUGFmaDhGSEpEdDBiM2FsNXpYV3duRlVjNm03R2swRnhUTHZXcXluU05nVnpyTGt5MXJ2VQ?oc=5"" target=""_blank"">Fashioning the perfect fit – the UK’s favourite fitting brands revealed</a>&nbsp;&nbsp;<font color=""#6f6f6f"">FashionUnited</font>"
Dr Carolyn Mair on the psychology of fashion - Meer | English edition,"Mon, 22 Jun 2026 07:00:00 GMT",Meer | English edition,https://news.google.com/rss/articles/CBMigAFBVV95cUxNREE3UXVpVDZKOG1MWU1ic1NwYnhCMzBxVmZfUTRmdEJIQlF0aEJJZ2hSNEJvWDM0YlZTS0FvX3JscEdaRjBWc255QmlxcS14SFJtM1dhVldHU2FiLUtKd0lLVDlrSlFBcTBSWTBUX0pNcUo1VjRtelBndUtSWGQ1NQ?oc=5,"<a href=""https://news.google.com/rss/articles/CBMigAFBVV95cUxNREE3UXVpVDZKOG1MWU1ic1NwYnhCMzBxVmZfUTRmdEJIQlF0aEJJZ2hSNEJvWDM0YlZTS0FvX3JscEdaRjBWc255QmlxcS14SFJtM1dhVldHU2FiLUtKd0lLVDlrSlFBcTBSWTBUX0pNcUo1VjRtelBndUtSWGQ1NQ?oc=5"" target=""_blank"">Dr Carolyn Mair on the psychology of fashion</a>&nbsp;&nbsp;<font color=""#6f6f6f"">Meer | English edition</font>",sportswear consumer behaviour UK,"<a href=""https://news.google.com/rss/articles/CBMigAFBVV95cUxNREE3UXVpVDZKOG1MWU1ic1NwYnhCMzBxVmZfUTRmdEJIQlF0aEJJZ2hSNEJvWDM0YlZTS0FvX3JscEdaRjBWc255QmlxcS14SFJtM1dhVldHU2FiLUtKd0lLVDlrSlFBcTBSWTBUX0pNcUo1VjRtelBndUtSWGQ1NQ?oc=5"" target=""_blank"">Dr Carolyn Mair on the psychology of fashion</a>&nbsp;&nbsp;<font color=""#6f6f6f"">Meer | English edition</font>"
'You don't feel judged': Why we buy more at self-service terminals - BBC,"Wed, 28 Jan 2026 08:00:00 GMT",BBC,https://news.google.com/rss/articles/CBMiWkFVX3lxTE43cUtPUkFMblRfOG9kV3NYS1FOWEhxR01iRnBEY2RKTlE4Y09HOXRfV24yWVVaUHRmOG0wbVdCTkpEMDJOSXhqa0Qzam9fRzVrM3J2MThNMElMQQ?oc=5,"<a href=""https://news.google.com/rss/articles/CBMiWkFVX3lxTE43cUtPUkFMblRfOG9kV3NYS1FOWEhxR01iRnBEY2RKTlE4Y09HOXRfV24yWVVaUHRmOG0wbVdCTkpEMDJOSXhqa0Qzam9fRzVrM3J2MThNMElMQQ?oc=5"" target=""_blank"">'You don't feel judged': Why we buy more at self-service terminals</a>&nbsp;&nbsp;<font color=""#6f6f6f"">BBC</font>",sportswear consumer behaviour UK,"<a href=""https://news.google.com/rss/articles/CBMiWkFVX3lxTE43cUtPUkFMblRfOG9kV3NYS1FOWEhxR01iRnBEY2RKTlE4Y09HOXRfV24yWVVaUHRmOG0wbVdCTkpEMDJOSXhqa0Qzam9fRzVrM3J2MThNMElMQQ?oc=5"" target=""_blank"">'You don't feel judged': Why we buy more at self-service terminals</a>&nbsp;&nbsp;<font color=""#6f6f6f"">BBC</font>"
Consumer behavior shifts and new experiences are broadening fan engagement - Nielsen,"Fri, 22 Jul 2022 02:01:12 GMT",Nielsen,https://news.google.com/rss/articles/CBMiswFBVV95cUxNNlJvTDBJSVM4RHFySkR5ZHpxeldoLU9LUl9wRzJMNEhMRS04dlFCYVlaYzBSZW81eUZHWUpwY0VXekN0OUxFY01HdVYwMk5nT0dJVzlDLTFNbTlwaHRtTFJCM2dlVWVtUzJCZndvN3dmb3NwZVdjeTJZMXZwbzlhNlIzMUgzRHVoXzZXMmJyUmdaTjBiMllvOVZjTVBaZjdtT3hfZmRPQ1NiU1FDUDU1X0FlOA?oc=5,"<a href=""https://news.google.com/rss/articles/CBMiswFBVV95cUxNNlJvTDBJSVM4RHFySkR5ZHpxeldoLU9LUl9wRzJMNEhMRS04dlFCYVlaYzBSZW81eUZHWUpwY0VXekN0OUxFY01HdVYwMk5nT0dJVzlDLTFNbTlwaHRtTFJCM2dlVWVtUzJCZndvN3dmb3NwZVdjeTJZMXZwbzlhNlIzMUgzRHVoXzZXMmJyUmdaTjBiMllvOVZjTVBaZjdtT3hfZmRPQ1NiU1FDUDU1X0FlOA?oc=5"" target=""_blank"">Consumer behavior shifts and new experiences are broadening fan engagement</a>&nbsp;&nbsp;<font color=""#6f6f6f"">Nielsen</font>",sportswear consumer behaviour UK,"<a href=""https://news.google.com/rss/articles/CBMiswFBVV95cUxNNlJvTDBJSVM4RHFySkR5ZHpxeldoLU9LUl9wRzJMNEhMRS04dlFCYVlaYzBSZW81eUZHWUpwY0VXekN0OUxFY01HdVYwMk5nT0dJVzlDLTFNbTlwaHRtTFJCM2dlVWVtUzJCZndvN3dmb3NwZVdjeTJZMXZwbzlhNlIzMUgzRHVoXzZXMmJyUmdaTjBiMllvOVZjTVBaZjdtT3hfZmRPQ1NiU1FDUDU1X0FlOA?oc=5"" target=""_blank"">Consumer behavior shifts and new experiences are broadening fan engagement</a>&nbsp;&nbsp;<font color=""#6f6f6f"">Nielsen</font>"
Changing the British high street retail: Sports Direct rebrands - 2021 - Articles - Transform magazine,"Thu, 25 Mar 2021 07:00:00 GMT",Transform magazine,https://news.google.com/rss/articles/CBMisAFBVV95cUxQaGlVbVROdjNEbE9Gang0WGE1NHNrdWI5Z0dXS2FnMldPUHp2OHRhX0ZPMGtaTTRZRlRwTjEzWG90ZDI2TnMyQ2l4d0FzUHExbHdEYUlndTd6ZHFESXhiTEhsRmZETXpWTFQ5eXVtd29XMjc3NHA4cVJZNllsOFNvY21nWmxMRjdUQW40YUZLbGNIbm1lTFYyaFgzbVR0OHV6dFRBemdqOVhOVldwbGVfNQ?oc=5,"<a href=""https://news.google.com/rss/articles/CBMisAFBVV95cUxQaGlVbVROdjNEbE9Gang0WGE1NHNrdWI5Z0dXS2FnMldPUHp2OHRhX0ZPMGtaTTRZRlRwTjEzWG90ZDI2TnMyQ2l4d0FzUHExbHdEYUlndTd6ZHFESXhiTEhsRmZETXpWTFQ5eXVtd29XMjc3NHA4cVJZNllsOFNvY21nWmxMRjdUQW40YUZLbGNIbm1lTFYyaFgzbVR0OHV6dFRBemdqOVhOVldwbGVfNQ?oc=5"" target=""_blank"">Changing the British high street retail: Sports Direct rebrands - 2021 - Articles</a>&nbsp;&nbsp;<font color=""#6f6f6f"">Transform magazine</font>",sportswear consumer behaviour UK,"<a href=""https://news.google.com/rss/articles/CBMisAFBVV95cUxQaGlVbVROdjNEbE9Gang0WGE1NHNrdWI5Z0dXS2FnMldPUHp2OHRhX0ZPMGtaTTRZRlRwTjEzWG90ZDI2TnMyQ2l4d0FzUHExbHdEYUlndTd6ZHFESXhiTEhsRmZETXpWTFQ5eXVtd29XMjc3NHA4cVJZNllsOFNvY21nWmxMRjdUQW40YUZLbGNIbm1lTFYyaFgzbVR0OHV6dFRBemdqOVhOVldwbGVfNQ?oc=5"" target=""_blank"">Changing the British high street retail: Sports Direct rebrands - 2021 - Articles</a>&nbsp;&nbsp;<font color=""#6f6f6f"">Transform magazine</font>"
"Forecast share of the sustainable apparel market in the United Kingdom (UK) in 2027, by generation - Statista","Tue, 11 Jul 2023 07:00:00 GMT",Statista,https://news.google.com/rss/articles/CBMimwFBVV95cUxObkJ2RERHbmJ6ckxqNUl0QlB2elJHOUhhZzVHTl9Lalo4UjA2YmF6MGFlTnZnWFd5UFE1dWpvMUYweTk2Y0J3MmVDclNRaFNEckd5U3l3dXRVTTl1a1c0T0l4R0xrMk52RHN5NUdQRXJwOW5tZGFBQ3BhMnJITmlJaWF5RkppMUtJRW1YZWFodlRGdFdBbXRwRUlpMA?oc=5,"<a href=""https://news.google.com/rss/articles/CBMimwFBVV95cUxObkJ2RERHbmJ6ckxqNUl0QlB2elJHOUhhZzVHTl9Lalo4UjA2YmF6MGFlTnZnWFd5UFE1dWpvMUYweTk2Y0J3MmVDclNRaFNEckd5U3l3dXRVTTl1a1c0T0l4R0xrMk52RHN5NUdQRXJwOW5tZGFBQ3BhMnJITmlJaWF5RkppMUtJRW1YZWFodlRGdFdBbXRwRUlpMA?oc=5"" target=""_blank"">Forecast share of the sustainable apparel market in the United Kingdom (UK) in 2027, by generation</a>&nbsp;&nbsp;<font color=""#6f6f6f"">Statista</font>",sportswear consumer behaviour UK,"<a href=""https://news.google.com/rss/articles/CBMimwFBVV95cUxObkJ2RERHbmJ6ckxqNUl0QlB2elJHOUhhZzVHTl9Lalo4UjA2YmF6MGFlTnZnWFd5UFE1dWpvMUYweTk2Y0J3MmVDclNRaFNEckd5U3l3dXRVTTl1a1c0T0l4R0xrMk52RHN5NUdQRXJwOW5tZGFBQ3BhMnJITmlJaWF5RkppMUtJRW1YZWFodlRGdFdBbXRwRUlpMA?oc=5"" target=""_blank"">Forecast share of the sustainable apparel market in the United Kingdom (UK) in 2027, by generation</a>&nbsp;&nbsp;<font color=""#6f6f6f"">Statista</font>"
Decathlon to open new Liverpool store in former Next location - TheIndustry.fashion,"Thu, 21 Apr 2022 07:00:00 GMT",TheIndustry.fashion,https://news.google.com/rss/articles/CBMimgFBVV95cUxPRlNlVHVuOEthcWpiTmt3aVg2Tk9xclFUQ0hJQ1lhaE42TEJrLURxcXFUVS14OWs2TUhydlA0QWxTb05hb0pwXzR2eFFrMkdoV3AtbTh3VWZhWTZtb0YxTGw3c0FBWW93bmNHY1hDRllKMHFaQjdQeUV6SlNTbzNpTklZUmo0S1hyd2dYVHJlQ0NDbUM5SUFaOUhR?oc=5,"<a href=""https://news.google.com/rss/articles/CBMimgFBVV95cUxPRlNlVHVuOEthcWpiTmt3aVg2Tk9xclFUQ0hJQ1lhaE42TEJrLURxcXFUVS14OWs2TUhydlA0QWxTb05hb0pwXzR2eFFrMkdoV3AtbTh3VWZhWTZtb0YxTGw3c0FBWW93bmNHY1hDRllKMHFaQjdQeUV6SlNTbzNpTklZUmo0S1hyd2dYVHJlQ0NDbUM5SUFaOUhR?oc=5"" target=""_blank"">Decathlon to open new Liverpool store in former Next location</a>&nbsp;&nbsp;<font color=""#6f6f6f"">TheIndustry.fashion</font>",sportswear consumer behaviour UK,"<a href=""https://news.google.com/rss/articles/CBMimgFBVV95cUxPRlNlVHVuOEthcWpiTmt3aVg2Tk9xclFUQ0hJQ1lhaE42TEJrLURxcXFUVS14OWs2TUhydlA0QWxTb05hb0pwXzR2eFFrMkdoV3AtbTh3VWZhWTZtb0YxTGw3c0FBWW93bmNHY1hDRllKMHFaQjdQeUV6SlNTbzNpTklZUmo0S1hyd2dYVHJlQ0NDbUM5SUFaOUhR?oc=5"" target=""_blank"">Decathlon to open new Liverpool store in former Next location</a>&nbsp;&nbsp;<font color=""#6f6f6f"">TheIndustry.fashion</font>"
Manchester academics tackle “hidden problem” of textile waste in the football industry - The University of Manchester,"Wed, 26 Jul 2023 07:00:00 GMT",The University of Manchester,https://news.google.com/rss/articles/CBMiwwFBVV95cUxPYVJ5N0FmUXdlVXd0RFZmUFZXVlJCTDNSR1RjSHhCbFprNnA2N1RCOFNGdUxNTmZ5VV9MNGFjRWQ1dlVPdWZGeDFxWFdHMTBOcUtwN25KRndGV2pGWDRtTUt0M3E5RG45MjZGX0pPdkRHSDI2bUFmM2w5V05rMlBwdFVVQ0RBUDVxYTdsOEwzdDFITmpWQVF3YWhvdTMydjhHOWNaWThyS09odDhRVzY5YUFzT094T1l0NlhGUzFDNXkybVU?oc=5,"<a href=""https://news.google.com/rss/articles/CBMiwwFBVV95cUxPYVJ5N0FmUXdlVXd0RFZmUFZXVlJCTDNSR1RjSHhCbFprNnA2N1RCOFNGdUxNTmZ5VV9MNGFjRWQ1dlVPdWZGeDFxWFdHMTBOcUtwN25KRndGV2pGWDRtTUt0M3E5RG45MjZGX0pPdkRHSDI2bUFmM2w5V05rMlBwdFVVQ0RBUDVxYTdsOEwzdDFITmpWQVF3YWhvdTMydjhHOWNaWThyS09odDhRVzY5YUFzT094T1l0NlhGUzFDNXkybVU?oc=5"" target=""_blank"">Manchester academics tackle “hidden problem” of textile waste in the football industry</a>&nbsp;&nbsp;<font color=""#6f6f6f"">The University of Manchester</font>",sportswear consumer behaviour UK,"<a href=""https://news.google.com/rss/articles/CBMiwwFBVV95cUxPYVJ5N0FmUXdlVXd0RFZmUFZXVlJCTDNSR1RjSHhCbFprNnA2N1RCOFNGdUxNTmZ5VV9MNGFjRWQ1dlVPdWZGeDFxWFdHMTBOcUtwN25KRndGV2pGWDRtTUt0M3E5RG45MjZGX0pPdkRHSDI2bUFmM2w5V05rMlBwdFVVQ0RBUDVxYTdsOEwzdDFITmpWQVF3YWhvdTMydjhHOWNaWThyS09odDhRVzY5YUFzT094T1l0NlhGUzFDNXkybVU?oc=5"" target=""_blank"">Manchester academics tackle “hidden problem” of textile waste in the football industry</a>&nbsp;&nbsp;<font color=""#6f6f6f"">The University of Manchester</font>"
Opinions of consumers on sustainable packaging in the United Kingdom (UK) in 2022 - Statista,"Tue, 25 Nov 2025 08:00:00 GMT",Statista,https://news.google.com/rss/articles/CBMilgFBVV95cUxPUGNfSDdRUWtqeGRLMFcwV0k3emFCQm5heXBjOTV2Wm1QQ2lWUE9zTHJfVjdmZlhNVnVacmdVTy1sdVJPWEwzUk5yWkRrb0NLMDBGT2RiaFFTMGtFREs0WVAyOFpPZ1dsZF9nQ1lUdHNjaFdQVFcxS3ZvVjlrSm1wYThJMWpyeGxCQUk4U1NwVXotVXAtTkE?oc=5,"<a href=""https://news.google.com/rss/articles/CBMilgFBVV95cUxPUGNfSDdRUWtqeGRLMFcwV0k3emFCQm5heXBjOTV2Wm1QQ2lWUE9zTHJfVjdmZlhNVnVacmdVTy1sdVJPWEwzUk5yWkRrb0NLMDBGT2RiaFFTMGtFREs0WVAyOFpPZ1dsZF9nQ1lUdHNjaFdQVFcxS3ZvVjlrSm1wYThJMWpyeGxCQUk4U1NwVXotVXAtTkE?oc=5"" target=""_blank"">Opinions of consumers on sustainable packaging in the United Kingdom (UK) in 2022</a>&nbsp;&nbsp;<font color=""#6f6f6f"">Statista</font>",sportswear consumer behaviour UK,"<a href=""https://news.google.com/rss/articles/CBMilgFBVV95cUxPUGNfSDdRUWtqeGRLMFcwV0k3emFCQm5heXBjOTV2Wm1QQ2lWUE9zTHJfVjdmZlhNVnVacmdVTy1sdVJPWEwzUk5yWkRrb0NLMDBGT2RiaFFTMGtFREs0WVAyOFpPZ1dsZF9nQ1lUdHNjaFdQVFcxS3ZvVjlrSm1wYThJMWpyeGxCQUk4U1NwVXotVXAtTkE?oc=5"" target=""_blank"">Opinions of consumers on sustainable packaging in the United Kingdom (UK) in 2022</a>&nbsp;&nbsp;<font color=""#6f6f6f"">Statista</font>"
JD Sports global MD: The new store blueprint driving soaring sales - Retail Gazette,"Fri, 02 Aug 2024 07:00:00 GMT",Retail Gazette,https://news.google.com/rss/articles/CBMib0FVX3lxTE1WSzN0NlBTZ2Q5TkN2OWgzZmQ1TUI4TVBmWTgyUU00VlFseTY3b0puUEp3eGJNc0tjQ2VBaW56NGY1RFBmNjFuNmdMOXdJbC11Nmgyc05ZQ3RScTJPbmI0T0xSMTVmSVVNYkZMUlY0UQ?oc=5,"<a href=""https://news.google.com/rss/articles/CBMib0FVX3lxTE1WSzN0NlBTZ2Q5TkN2OWgzZmQ1TUI4TVBmWTgyUU00VlFseTY3b0puUEp3eGJNc0tjQ2VBaW56NGY1RFBmNjFuNmdMOXdJbC11Nmgyc05ZQ3RScTJPbmI0T0xSMTVmSVVNYkZMUlY0UQ?oc=5"" target=""_blank"">JD Sports global MD: The new store blueprint driving soaring sales</a>&nbsp;&nbsp;<font color=""#6f6f6f"">Retail Gazette</font>",sportswear consumer behaviour UK,"<a href=""https://news.google.com/rss/articles/CBMib0FVX3lxTE1WSzN0NlBTZ2Q5TkN2OWgzZmQ1TUI4TVBmWTgyUU00VlFseTY3b0puUEp3eGJNc0tjQ2VBaW56NGY1RFBmNjFuNmdMOXdJbC11Nmgyc05ZQ3RScTJPbmI0T0xSMTVmSVVNYkZMUlY0UQ?oc=5"" target=""_blank"">JD Sports global MD: The new store blueprint driving soaring sales</a>&nbsp;&nbsp;<font color=""#6f6f6f"">Retail Gazette</font>"
A Guide to the Dutch Fashion Market - FashionUnited,"Wed, 07 Dec 2022 08:00:00 GMT",FashionUnited,https://news.google.com/rss/articles/CBMilgFBVV95cUxQT0NlNGJDd3BSZzd6Y1VrSHR2M055aDFTWGFLcXNLQjhZTFJZdGpldXlPVHJpLXFnQmU0YkRrMDVXdDNpa2NtYTQzRU5WbVYyTFlidjVFSWVwUU1SZERHa3NKVUN0cUxZbVRkRlRIZ09XS2hxY3g1bUxnSFBXeDYtWW5naFEzaWV4MnM1UHA5SG1fTnNoaFE?oc=5,"<a href=""https://news.google.com/rss/articles/CBMilgFBVV95cUxQT0NlNGJDd3BSZzd6Y1VrSHR2M055aDFTWGFLcXNLQjhZTFJZdGpldXlPVHJpLXFnQmU0YkRrMDVXdDNpa2NtYTQzRU5WbVYyTFlidjVFSWVwUU1SZERHa3NKVUN0cUxZbVRkRlRIZ09XS2hxY3g1bUxnSFBXeDYtWW5naFEzaWV4MnM1UHA5SG1fTnNoaFE?oc=5"" target=""_blank"">A Guide to the Dutch Fashion Market</a>&nbsp;&nbsp;<font color=""#6f6f6f"">FashionUnited</font>",sportswear consumer behaviour UK,"<a href=""https://news.google.com/rss/articles/CBMilgFBVV95cUxQT0NlNGJDd3BSZzd6Y1VrSHR2M055aDFTWGFLcXNLQjhZTFJZdGpldXlPVHJpLXFnQmU0YkRrMDVXdDNpa2NtYTQzRU5WbVYyTFlidjVFSWVwUU1SZERHa3NKVUN0cUxZbVRkRlRIZ09XS2hxY3g1bUxnSFBXeDYtWW5naFEzaWV4MnM1UHA5SG1fTnNoaFE?oc=5"" target=""_blank"">A Guide to the Dutch Fashion Market</a>&nbsp;&nbsp;<font color=""#6f6f6f"">FashionUnited</font>"
"Plus Size Clothing Market : Global Industry Analysis and Opportunity Assessment, 2036 - Future Market Insights","Mon, 16 Feb 2026 08:00:00 GMT",Future Market Insights,https://news.google.com/rss/articles/CBMiekFVX3lxTFB0MVlsU0VXNmdEQWFXTDVoSXV1Sm00Yjkzdi1pV3hNckZBTXh6VHZIaHFRTjNaeUV0VC1RejdhVmZVekdUWEF2UWhCU19ZbmFoSlMxMWprYnQzcWp2RXYybnJRa1dDX05jRGh5V2ZEdENtTURnNzY3NWh3?oc=5,"<a href=""https://news.google.com/rss/articles/CBMiekFVX3lxTFB0MVlsU0VXNmdEQWFXTDVoSXV1Sm00Yjkzdi1pV3hNckZBTXh6VHZIaHFRTjNaeUV0VC1RejdhVmZVekdUWEF2UWhCU19ZbmFoSlMxMWprYnQzcWp2RXYybnJRa1dDX05jRGh5V2ZEdENtTURnNzY3NWh3?oc=5"" target=""_blank"">Plus Size Clothing Market : Global Industry Analysis and Opportunity Assessment, 2036</a>&nbsp;&nbsp;<font color=""#6f6f6f"">Future Market Insights</font>",sportswear consumer behaviour UK,"<a href=""https://news.google.com/rss/articles/CBMiekFVX3lxTFB0MVlsU0VXNmdEQWFXTDVoSXV1Sm00Yjkzdi1pV3hNckZBTXh6VHZIaHFRTjNaeUV0VC1RejdhVmZVekdUWEF2UWhCU19ZbmFoSlMxMWprYnQzcWp2RXYybnJRa1dDX05jRGh5V2ZEdENtTURnNzY3NWh3?oc=5"" target=""_blank"">Plus Size Clothing Market : Global Industry Analysis and Opportunity Assessment, 2036</a>&nbsp;&nbsp;<font color=""#6f6f6f"">Future Market Insights</font>"
Arc'teryx brand profile in the UK 2022 - Statista,"Tue, 13 Dec 2022 08:00:00 GMT",Statista,https://news.google.com/rss/articles/CBMimAFBVV95cUxPdTZiajRvRHR1cVg2VjZMTzU0N3d6WUdkVTdid1JQa000VlRISEZxTmNqRW1fc0MzWjJUUEtxR3p5aF9xTW1IX3dvVTZCQlpkdllrMS1mMlRoNEMzcm1OLW5mYTNOb2tyOG9rdWFWLTNDUFVORXVaOEJFZlVqZmVLVGVkYWVjYThXZi1xQ2s3aDlZcWFuS29XMg?oc=5,"<a href=""https://news.google.com/rss/articles/CBMimAFBVV95cUxPdTZiajRvRHR1cVg2VjZMTzU0N3d6WUdkVTdid1JQa000VlRISEZxTmNqRW1fc0MzWjJUUEtxR3p5aF9xTW1IX3dvVTZCQlpkdllrMS1mMlRoNEMzcm1OLW5mYTNOb2tyOG9rdWFWLTNDUFVORXVaOEJFZlVqZmVLVGVkYWVjYThXZi1xQ2s3aDlZcWFuS29XMg?oc=5"" target=""_blank"">Arc'teryx brand profile in the UK 2022</a>&nbsp;&nbsp;<font color=""#6f6f6f"">Statista</font>",sportswear consumer behaviour UK,"<a href=""https://news.google.com/rss/articles/CBMimAFBVV95cUxPdTZiajRvRHR1cVg2VjZMTzU0N3d6WUdkVTdid1JQa000VlRISEZxTmNqRW1fc0MzWjJUUEtxR3p5aF9xTW1IX3dvVTZCQlpkdllrMS1mMlRoNEMzcm1OLW5mYTNOb2tyOG9rdWFWLTNDUFVORXVaOEJFZlVqZmVLVGVkYWVjYThXZi1xQ2s3aDlZcWFuS29XMg?oc=5"" target=""_blank"">Arc'teryx brand profile in the UK 2022</a>&nbsp;&nbsp;<font color=""#6f6f6f"">Statista</font>"
Bad news from major clothing retailer in South Africa - businesstech.co.za,"Fri, 20 Mar 2026 07:00:00 GMT",businesstech.co.za,https://news.google.com/rss/articles/CBMipAFBVV95cUxNMGhxa0xzT1JNbFJWYV9JM0FjMENXMEplbTl0c2JMM3BmRERkMTZoNENNUE92VGpCb29fcnBLMUJsUnNnSy1KVXJpQU5Sd216Ym84ZDN4ZXZmcHdIWGVjaTFqY0JMQmVKWmhreUdoM2J5TGxiOW8zaUptRE5Ba0cyc2FNQmZ6VE1fSXZDeEV1LTd3cXlQUkx2NWIxYU11N05YU3RuVw?oc=5,"<a href=""https://news.google.com/rss/articles/CBMipAFBVV95cUxNMGhxa0xzT1JNbFJWYV9JM0FjMENXMEplbTl0c2JMM3BmRERkMTZoNENNUE92VGpCb29fcnBLMUJsUnNnSy1KVXJpQU5Sd216Ym84ZDN4ZXZmcHdIWGVjaTFqY0JMQmVKWmhreUdoM2J5TGxiOW8zaUptRE5Ba0cyc2FNQmZ6VE1fSXZDeEV1LTd3cXlQUkx2NWIxYU11N05YU3RuVw?oc=5"" target=""_blank"">Bad news from major clothing retailer in South Africa</a>&nbsp;&nbsp;<font color=""#6f6f6f"">businesstech.co.za</font>",sportswear consumer behaviour UK,"<a href=""https://news.google.com/rss/articles/CBMipAFBVV95cUxNMGhxa0xzT1JNbFJWYV9JM0FjMENXMEplbTl0c2JMM3BmRERkMTZoNENNUE92VGpCb29fcnBLMUJsUnNnSy1KVXJpQU5Sd216Ym84ZDN4ZXZmcHdIWGVjaTFqY0JMQmVKWmhreUdoM2J5TGxiOW8zaUptRE5Ba0cyc2FNQmZ6VE1fSXZDeEV1LTd3cXlQUkx2NWIxYU11N05YU3RuVw?oc=5"" target=""_blank"">Bad news from major clothing retailer in South Africa</a>&nbsp;&nbsp;<font color=""#6f6f6f"">businesstech.co.za</font>"
JD Sports' surging profits under threat as shopping malls remain quiet - reuters.com,"Mon, 06 Jul 2020 07:00:00 GMT",reuters.com,https://news.google.com/rss/articles/CBMiwwFBVV95cUxQU1JkaXl6YkxDaWJrTjdyQVVIWUl4NHBLdWdqZVVZdzVKOVVRSG4wc1lPeXJLNHp0YTlMVk5rTEpqbXRsQVl0a2dRU3JzeF9PQnNuUUR6dm03TE1ySTJlaU5CdXVDNXoxcF9NUlh0dy01OEVOZVRrRUlYVTVqVGxzYndyQm51NnRiR0VJSTBKNlRqenpuZEdVa1pGTU5FY1d3WEZWOTBjeW5icXdFRmxIdF9ZVlhuRzIyQk0tbkxGWkx6Mjg?oc=5,"<a href=""https://news.google.com/rss/articles/CBMiwwFBVV95cUxQU1JkaXl6YkxDaWJrTjdyQVVIWUl4NHBLdWdqZVVZdzVKOVVRSG4wc1lPeXJLNHp0YTlMVk5rTEpqbXRsQVl0a2dRU3JzeF9PQnNuUUR6dm03TE1ySTJlaU5CdXVDNXoxcF9NUlh0dy01OEVOZVRrRUlYVTVqVGxzYndyQm51NnRiR0VJSTBKNlRqenpuZEdVa1pGTU5FY1d3WEZWOTBjeW5icXdFRmxIdF9ZVlhuRzIyQk0tbkxGWkx6Mjg?oc=5"" target=""_blank"">JD Sports' surging profits under threat as shopping malls remain quiet</a>&nbsp;&nbsp;<font color=""#6f6f6f"">reuters.com</font>",sportswear consumer behaviour UK,"<a href=""https://news.google.com/rss/articles/CBMiwwFBVV95cUxQU1JkaXl6YkxDaWJrTjdyQVVIWUl4NHBLdWdqZVVZdzVKOVVRSG4wc1lPeXJLNHp0YTlMVk5rTEpqbXRsQVl0a2dRU3JzeF9PQnNuUUR6dm03TE1ySTJlaU5CdXVDNXoxcF9NUlh0dy01OEVOZVRrRUlYVTVqVGxzYndyQm51NnRiR0VJSTBKNlRqenpuZEdVa1pGTU5FY1d3WEZWOTBjeW5icXdFRmxIdF9ZVlhuRzIyQk0tbkxGWkx6Mjg?oc=5"" target=""_blank"">JD Sports' surging profits under threat as shopping malls remain quiet</a>&nbsp;&nbsp;<font color=""#6f6f6f"">reuters.com</font>"
"UK's JD Sports boosts sales to $15.34 bn in FY25, expands footprint - Fibre2Fashion","Wed, 21 May 2025 07:00:00 GMT",Fibre2Fashion,https://news.google.com/rss/articles/CBMi1AFBVV95cUxQcmNDT1NtV1YxaHY2NEp3ODBTT19lYWpDYlhHSlJuOWtOTUdHUVVQXzl5S3JyODFqMFNYME13U0FkNC1YRlJuNktSRF95a25pdlNXZUV6b1RuSklqa2pqNVVWamthV1ZMcHhSbGdvX3c3cmZJN1VzdTJDeVNZVldNSDRJZXZES2VaSkltUmVJTXhNMVVPUjJOQmhkSll2cEtMVThvSU9TLUxxM21oX1pQUXZ4LW9RSXl4MzJJRTQwVktuQndLRFJ0aVIxVnJGbUJSeWJFaA?oc=5,"<a href=""https://news.google.com/rss/articles/CBMi1AFBVV95cUxQcmNDT1NtV1YxaHY2NEp3ODBTT19lYWpDYlhHSlJuOWtOTUdHUVVQXzl5S3JyODFqMFNYME13U0FkNC1YRlJuNktSRF95a25pdlNXZUV6b1RuSklqa2pqNVVWamthV1ZMcHhSbGdvX3c3cmZJN1VzdTJDeVNZVldNSDRJZXZES2VaSkltUmVJTXhNMVVPUjJOQmhkSll2cEtMVThvSU9TLUxxM21oX1pQUXZ4LW9RSXl4MzJJRTQwVktuQndLRFJ0aVIxVnJGbUJSeWJFaA?oc=5"" target=""_blank"">UK's JD Sports boosts sales to $15.34 bn in FY25, expands footprint</a>&nbsp;&nbsp;<font color=""#6f6f6f"">Fibre2Fashion</font>",sportswear consumer behaviour UK,"<a href=""https://news.google.com/rss/articles/CBMi1AFBVV95cUxQcmNDT1NtV1YxaHY2NEp3ODBTT19lYWpDYlhHSlJuOWtOTUdHUVVQXzl5S3JyODFqMFNYME13U0FkNC1YRlJuNktSRF95a25pdlNXZUV6b1RuSklqa2pqNVVWamthV1ZMcHhSbGdvX3c3cmZJN1VzdTJDeVNZVldNSDRJZXZES2VaSkltUmVJTXhNMVVPUjJOQmhkSll2cEtMVThvSU9TLUxxM21oX1pQUXZ4LW9RSXl4MzJJRTQwVktuQndLRFJ0aVIxVnJGbUJSeWJFaA?oc=5"" target=""_blank"">UK's JD Sports boosts sales to $15.34 bn in FY25, expands footprint</a>&nbsp;&nbsp;<font color=""#6f6f6f"">Fibre2Fashion</font>"
Token Recycling Fees Won’t Change How People Shop - WWD,"Mon, 30 Mar 2026 07:00:00 GMT",WWD,https://news.google.com/rss/articles/CBMiswFBVV95cUxQWEdCRU5EYWtZeXowaFY0ZkkxX0hrdW5oamFXZHNtREcyTkpRazVPVWRaNzBuVDFPMmRzajZJWEJnVXZNRjR4VWI2WW95Z2VxM0pCc0xvNmZadUNsX094NWFzbHFKRlMwYzFjM3pDVjgzVGx6a0tGdGJWX0tzTjZfSWg0ZWpwS0VpTElXS2lGZF9zZEZadTBhS0I0UTlUWDVrd3hUZHRKcEM3NzhZTUFXUk1VOA?oc=5,"<a href=""https://news.google.com/rss/articles/CBMiswFBVV95cUxQWEdCRU5EYWtZeXowaFY0ZkkxX0hrdW5oamFXZHNtREcyTkpRazVPVWRaNzBuVDFPMmRzajZJWEJnVXZNRjR4VWI2WW95Z2VxM0pCc0xvNmZadUNsX094NWFzbHFKRlMwYzFjM3pDVjgzVGx6a0tGdGJWX0tzTjZfSWg0ZWpwS0VpTElXS2lGZF9zZEZadTBhS0I0UTlUWDVrd3hUZHRKcEM3NzhZTUFXUk1VOA?oc=5"" target=""_blank"">Token Recycling Fees Won’t Change How People Shop</a>&nbsp;&nbsp;<font color=""#6f6f6f"">WWD</font>",sportswear consumer behaviour UK,"<a href=""https://news.google.com/rss/articles/CBMiswFBVV95cUxQWEdCRU5EYWtZeXowaFY0ZkkxX0hrdW5oamFXZHNtREcyTkpRazVPVWRaNzBuVDFPMmRzajZJWEJnVXZNRjR4VWI2WW95Z2VxM0pCc0xvNmZadUNsX094NWFzbHFKRlMwYzFjM3pDVjgzVGx6a0tGdGJWX0tzTjZfSWg0ZWpwS0VpTElXS2lGZF9zZEZadTBhS0I0UTlUWDVrd3hUZHRKcEM3NzhZTUFXUk1VOA?oc=5"" target=""_blank"">Token Recycling Fees Won’t Change How People Shop</a>&nbsp;&nbsp;<font color=""#6f6f6f"">WWD</font>"
15-minute Wonder Wash innovation taps into changing laundry habits - Unilever Global,"Wed, 17 Apr 2024 07:00:00 GMT",Unilever Global,https://news.google.com/rss/articles/CBMiswFBVV95cUxOVDZsMDE3UHFMWUYycWNWSzBuSWoxaF9rc0tqTzF6TkVHWU5PNmVSVXZsc002YmJZX0VFMUV4SzNvUGlJeDVlaFpSbjB6aUpPT1NHUkQxdnhRVWx3b2lSN3NpZ3hJaGtzQTRxRVR3cERzTDdnb3NVWWVKR09zdTZqNHdIR3h6a29UUTVrbWNXenB3dDF3S2hOUml6WHpZVFZWNmpwTl9tU29JLW5ybGM1NUtIdw?oc=5,"<a href=""https://news.google.com/rss/articles/CBMiswFBVV95cUxOVDZsMDE3UHFMWUYycWNWSzBuSWoxaF9rc0tqTzF6TkVHWU5PNmVSVXZsc002YmJZX0VFMUV4SzNvUGlJeDVlaFpSbjB6aUpPT1NHUkQxdnhRVWx3b2lSN3NpZ3hJaGtzQTRxRVR3cERzTDdnb3NVWWVKR09zdTZqNHdIR3h6a29UUTVrbWNXenB3dDF3S2hOUml6WHpZVFZWNmpwTl9tU29JLW5ybGM1NUtIdw?oc=5"" target=""_blank"">15-minute Wonder Wash innovation taps into changing laundry habits</a>&nbsp;&nbsp;<font color=""#6f6f6f"">Unilever Global</font>",sportswear consumer behaviour UK,"<a href=""https://news.google.com/rss/articles/CBMiswFBVV95cUxOVDZsMDE3UHFMWUYycWNWSzBuSWoxaF9rc0tqTzF6TkVHWU5PNmVSVXZsc002YmJZX0VFMUV4SzNvUGlJeDVlaFpSbjB6aUpPT1NHUkQxdnhRVWx3b2lSN3NpZ3hJaGtzQTRxRVR3cERzTDdnb3NVWWVKR09zdTZqNHdIR3h6a29UUTVrbWNXenB3dDF3S2hOUml6WHpZVFZWNmpwTl9tU29JLW5ybGM1NUtIdw?oc=5"" target=""_blank"">15-minute Wonder Wash innovation taps into changing laundry habits</a>&nbsp;&nbsp;<font color=""#6f6f6f"">Unilever Global</font>"
"Australians revealed as world’s biggest fashion consumers, fuelling waste crisis - The Australia Institute","Wed, 29 May 2024 07:00:00 GMT",The Australia Institute,https://news.google.com/rss/articles/CBMiugFBVV95cUxPT09sdlljTXB3R1lpXzdMUzY2WDB2VU90Y3BVLXh3Y2U2REN5VmRXLVR0RzFzdWFnRDhDa09ZWktDeGpqUndDaGtZcGRySVdHWFJlRElxcGd6b2wtT0QyclYtWVZPVlhJbUNoMlRsMDRjamF4ZlV1ei1abzhIRkppcXRoMGFJYnh0LUlnNG8zX2RvNTZuWUdBcV9hMGZxdXpIOFZhcEEzNkR0aVBlOUxKbjY5aHUyLWlSSEE?oc=5,"<a href=""https://news.google.com/rss/articles/CBMiugFBVV95cUxPT09sdlljTXB3R1lpXzdMUzY2WDB2VU90Y3BVLXh3Y2U2REN5VmRXLVR0RzFzdWFnRDhDa09ZWktDeGpqUndDaGtZcGRySVdHWFJlRElxcGd6b2wtT0QyclYtWVZPVlhJbUNoMlRsMDRjamF4ZlV1ei1abzhIRkppcXRoMGFJYnh0LUlnNG8zX2RvNTZuWUdBcV9hMGZxdXpIOFZhcEEzNkR0aVBlOUxKbjY5aHUyLWlSSEE?oc=5"" target=""_blank"">Australians revealed as world’s biggest fashion consumers, fuelling waste crisis</a>&nbsp;&nbsp;<font color=""#6f6f6f"">The Australia Institute</font>",sportswear consumer behaviour UK,"<a href=""https://news.google.com/rss/articles/CBMiugFBVV95cUxPT09sdlljTXB3R1lpXzdMUzY2WDB2VU90Y3BVLXh3Y2U2REN5VmRXLVR0RzFzdWFnRDhDa09ZWktDeGpqUndDaGtZcGRySVdHWFJlRElxcGd6b2wtT0QyclYtWVZPVlhJbUNoMlRsMDRjamF4ZlV1ei1abzhIRkppcXRoMGFJYnh0LUlnNG8zX2RvNTZuWUdBcV9hMGZxdXpIOFZhcEEzNkR0aVBlOUxKbjY5aHUyLWlSSEE?oc=5"" target=""_blank"">Australians revealed as world’s biggest fashion consumers, fuelling waste crisis</a>&nbsp;&nbsp;<font color=""#6f6f6f"">The Australia Institute</font>"
60 stores loved by shoppers that have vanished from Manchester's high street - Manchester Evening News,"Fri, 19 Nov 2021 08:00:00 GMT",Manchester Evening News,https://news.google.com/rss/articles/CBMilgFBVV95cUxQczNJTXA5UjJDY0lYYXFNQUljQmVWVEZZLUNwSmo0RmI1eVFJWDl3cFRkYUJva056OHBDRGdXY3N2dzU5RTA5emRFTHlRNU45alZXTmNFOXJqRExyR3gtYkp5aGZfVGZlWWo1QlhvZHhiUXpZaVNMVjI5d3c2cW5YQ2VWcGdjS3VBUGFKNjhtaHp2X3lMaVHSAZsBQVVfeXFMTjRUNU5zR2NvbWpHOEZyckNXNVczcjEyRkpXa3FQcTlkdzBXMkFjcVNRdlRDTDN0OXdiMldjNGhQZmdVYml3OTZIWnFsUFlSZ2pIdzNnYXJ6NE1rRkllSjV2VU0tazUxS0thRkd0aFFLWGhrR2lYV2ppMHlnSVVKLXhOUnc2WkhGbHVmR3VTNWdCaGNkWi0yajFJT3c?oc=5,"<a href=""https://news.google.com/rss/articles/CBMilgFBVV95cUxQczNJTXA5UjJDY0lYYXFNQUljQmVWVEZZLUNwSmo0RmI1eVFJWDl3cFRkYUJva056OHBDRGdXY3N2dzU5RTA5emRFTHlRNU45alZXTmNFOXJqRExyR3gtYkp5aGZfVGZlWWo1QlhvZHhiUXpZaVNMVjI5d3c2cW5YQ2VWcGdjS3VBUGFKNjhtaHp2X3lMaVHSAZsBQVVfeXFMTjRUNU5zR2NvbWpHOEZyckNXNVczcjEyRkpXa3FQcTlkdzBXMkFjcVNRdlRDTDN0OXdiMldjNGhQZmdVYml3OTZIWnFsUFlSZ2pIdzNnYXJ6NE1rRkllSjV2VU0tazUxS0thRkd0aFFLWGhrR2lYV2ppMHlnSVVKLXhOUnc2WkhGbHVmR3VTNWdCaGNkWi0yajFJT3c?oc=5"" target=""_blank"">60 stores loved by shoppers that have vanished from Manchester's high street</a>&nbsp;&nbsp;<font color=""#6f6f6f"">Manchester Evening News</font>",sportswear consumer behaviour UK,"<a href=""https://news.google.com/rss/articles/CBMilgFBVV95cUxQczNJTXA5UjJDY0lYYXFNQUljQmVWVEZZLUNwSmo0RmI1eVFJWDl3cFRkYUJva056OHBDRGdXY3N2dzU5RTA5emRFTHlRNU45alZXTmNFOXJqRExyR3gtYkp5aGZfVGZlWWo1QlhvZHhiUXpZaVNMVjI5d3c2cW5YQ2VWcGdjS3VBUGFKNjhtaHp2X3lMaVHSAZsBQVVfeXFMTjRUNU5zR2NvbWpHOEZyckNXNVczcjEyRkpXa3FQcTlkdzBXMkFjcVNRdlRDTDN0OXdiMldjNGhQZmdVYml3OTZIWnFsUFlSZ2pIdzNnYXJ6NE1rRkllSjV2VU0tazUxS0thRkd0aFFLWGhrR2lYV2ppMHlnSVVKLXhOUnc2WkhGbHVmR3VTNWdCaGNkWi0yajFJT3c?oc=5"" target=""_blank"">60 stores loved by shoppers that have vanished from Manchester's high street</a>&nbsp;&nbsp;<font color=""#6f6f6f"">Manchester Evening News</font>"
"FTSE Spotlight: Market Signals Around Mony, JD Sports and Johnson Matthey - Kalkine Media","Mon, 23 Feb 2026 08:00:00 GMT",Kalkine Media,https://news.google.com/rss/articles/CBMiuwFBVV95cUxQUkdOZU1FNmJ2QjEyNXhNZFlYNUJvWk93M0Q2NUdKc2JrSWpJRlpWOTJEdFVyTFRaNVg3YXB5ZlZ6cHc3YVZjdW9uQTFZM2ZtdHFZR1pmOW5yRGEzRG5BMGdZMzM2TDV4X3hyZG45N0RMSmpSZ0NVTGl2X25yUzFsMzNHZjhmbk1zWDRhSWNVeWkxREFTYng3TjVJdkdSY2lHd2x4MGg4MXY5UmRoSDVVUW1uZHNOcDVYbUxB?oc=5,"<a href=""https://news.google.com/rss/articles/CBMiuwFBVV95cUxQUkdOZU1FNmJ2QjEyNXhNZFlYNUJvWk93M0Q2NUdKc2JrSWpJRlpWOTJEdFVyTFRaNVg3YXB5ZlZ6cHc3YVZjdW9uQTFZM2ZtdHFZR1pmOW5yRGEzRG5BMGdZMzM2TDV4X3hyZG45N0RMSmpSZ0NVTGl2X25yUzFsMzNHZjhmbk1zWDRhSWNVeWkxREFTYng3TjVJdkdSY2lHd2x4MGg4MXY5UmRoSDVVUW1uZHNOcDVYbUxB?oc=5"" target=""_blank"">FTSE Spotlight: Market Signals Around Mony, JD Sports and Johnson Matthey</a>&nbsp;&nbsp;<font color=""#6f6f6f"">Kalkine Media</font>",sportswear consumer behaviour UK,"<a href=""https://news.google.com/rss/articles/CBMiuwFBVV95cUxQUkdOZU1FNmJ2QjEyNXhNZFlYNUJvWk93M0Q2NUdKc2JrSWpJRlpWOTJEdFVyTFRaNVg3YXB5ZlZ6cHc3YVZjdW9uQTFZM2ZtdHFZR1pmOW5yRGEzRG5BMGdZMzM2TDV4X3hyZG45N0RMSmpSZ0NVTGl2X25yUzFsMzNHZjhmbk1zWDRhSWNVeWkxREFTYng3TjVJdkdSY2lHd2x4MGg4MXY5UmRoSDVVUW1uZHNOcDVYbUxB?oc=5"" target=""_blank"">FTSE Spotlight: Market Signals Around Mony, JD Sports and Johnson Matthey</a>&nbsp;&nbsp;<font color=""#6f6f6f"">Kalkine Media</font>"
Case study: Patagonia’s ‘Don’t buy this jacket’ campaign - Marketing Week,"Fri, 05 Jul 2019 01:07:18 GMT",Marketing Week,https://news.google.com/rss/articles/CBMiigFBVV95cUxOVWlqWGptUGp4OV9hQ1lxVmh6TURSNFVuMVBXekp2ekx5akd1QXNiVEtOQXU1Wjd3M1BHV21pNlBpdkNwYnBfWlJuR0MzQjVXcklrOVphWkF5SUZRdmtrMVRLb2Z0MzFnWEFxZ2p2U0c1UXQzTHF3dl9sYTA1TTA4WTdKQ3ozMFlGZXc?oc=5,"<a href=""https://news.google.com/rss/articles/CBMiigFBVV95cUxOVWlqWGptUGp4OV9hQ1lxVmh6TURSNFVuMVBXekp2ekx5akd1QXNiVEtOQXU1Wjd3M1BHV21pNlBpdkNwYnBfWlJuR0MzQjVXcklrOVphWkF5SUZRdmtrMVRLb2Z0MzFnWEFxZ2p2U0c1UXQzTHF3dl9sYTA1TTA4WTdKQ3ozMFlGZXc?oc=5"" target=""_blank"">Case study: Patagonia’s ‘Don’t buy this jacket’ campaign</a>&nbsp;&nbsp;<font color=""#6f6f6f"">Marketing Week</font>",sportswear consumer behaviour UK,"<a href=""https://news.google.com/rss/articles/CBMiigFBVV95cUxOVWlqWGptUGp4OV9hQ1lxVmh6TURSNFVuMVBXekp2ekx5akd1QXNiVEtOQXU1Wjd3M1BHV21pNlBpdkNwYnBfWlJuR0MzQjVXcklrOVphWkF5SUZRdmtrMVRLb2Z0MzFnWEFxZ2p2U0c1UXQzTHF3dl9sYTA1TTA4WTdKQ3ozMFlGZXc?oc=5"" target=""_blank"">Case study: Patagonia’s ‘Don’t buy this jacket’ campaign</a>&nbsp;&nbsp;<font color=""#6f6f6f"">Marketing Week</font>"
Fashion’s new favourite sports: Tennis and golf - Vogue,"Mon, 07 Jun 2021 07:00:00 GMT",Vogue,https://news.google.com/rss/articles/CBMijgFBVV95cUxQWkpqdFQ0UlVtSGRYSVhYaUtEZEFGVEZ0blRYRnUwQmlzVjFNNlNBM19WRVNScUtfYjVCTnNXZlZBaGlaMzEzbEg3VXlkUlJ4ZENRbjlLdXdPd09MTkxvbzZfbHRYeGtua1ljZGFjdVFuTTFGRE1ZWlpZZXpwLVhTZW9lTWdKX1lGRVA1eVJ3?oc=5,"<a href=""https://news.google.com/rss/articles/CBMijgFBVV95cUxQWkpqdFQ0UlVtSGRYSVhYaUtEZEFGVEZ0blRYRnUwQmlzVjFNNlNBM19WRVNScUtfYjVCTnNXZlZBaGlaMzEzbEg3VXlkUlJ4ZENRbjlLdXdPd09MTkxvbzZfbHRYeGtua1ljZGFjdVFuTTFGRE1ZWlpZZXpwLVhTZW9lTWdKX1lGRVA1eVJ3?oc=5"" target=""_blank"">Fashion’s new favourite sports: Tennis and golf</a>&nbsp;&nbsp;<font color=""#6f6f6f"">Vogue</font>",sportswear consumer behaviour UK,"<a href=""https://news.google.com/rss/articles/CBMijgFBVV95cUxQWkpqdFQ0UlVtSGRYSVhYaUtEZEFGVEZ0blRYRnUwQmlzVjFNNlNBM19WRVNScUtfYjVCTnNXZlZBaGlaMzEzbEg3VXlkUlJ4ZENRbjlLdXdPd09MTkxvbzZfbHRYeGtua1ljZGFjdVFuTTFGRE1ZWlpZZXpwLVhTZW9lTWdKX1lGRVA1eVJ3?oc=5"" target=""_blank"">Fashion’s new favourite sports: Tennis and golf</a>&nbsp;&nbsp;<font color=""#6f6f6f"">Vogue</font>"
Why Germany’s fashion market is hard to crack - Vogue,"Tue, 05 Mar 2019 08:00:00 GMT",Vogue,https://news.google.com/rss/articles/CBMieEFVX3lxTFBwNHpRakFOVldVT3JlWW5Mc3BNWFpVNUwtbFdBX0cwUGJfMXZ3QkJaQjdhZ25UQkxCcmZTd3BiaWJlQVBvcnozYy1ZalhKRmJiXzJGRnQtQllEdTB1XzdpbXpmeWlnN0NBRGhscG9YeElZOWNmbkNLYg?oc=5,"<a href=""https://news.google.com/rss/articles/CBMieEFVX3lxTFBwNHpRakFOVldVT3JlWW5Mc3BNWFpVNUwtbFdBX0cwUGJfMXZ3QkJaQjdhZ25UQkxCcmZTd3BiaWJlQVBvcnozYy1ZalhKRmJiXzJGRnQtQllEdTB1XzdpbXpmeWlnN0NBRGhscG9YeElZOWNmbkNLYg?oc=5"" target=""_blank"">Why Germany’s fashion market is hard to crack</a>&nbsp;&nbsp;<font color=""#6f6f6f"">Vogue</font>",sportswear consumer behaviour UK,"<a href=""https://news.google.com/rss/articles/CBMieEFVX3lxTFBwNHpRakFOVldVT3JlWW5Mc3BNWFpVNUwtbFdBX0cwUGJfMXZ3QkJaQjdhZ25UQkxCcmZTd3BiaWJlQVBvcnozYy1ZalhKRmJiXzJGRnQtQllEdTB1XzdpbXpmeWlnN0NBRGhscG9YeElZOWNmbkNLYg?oc=5"" target=""_blank"">Why Germany’s fashion market is hard to crack</a>&nbsp;&nbsp;<font color=""#6f6f6f"">Vogue</font>"
How activism forced Nike to change its ethical game - The Guardian,"Fri, 06 Jul 2012 07:00:00 GMT",The Guardian,https://news.google.com/rss/articles/CBMiiwFBVV95cUxPeVdsUy0teDJfcmdlQW9NMnJtcWQ1NW81eXNCMkZ3dmdram1CRHotTlJDREhmWS1UTE1CT19tdmh2MFJjRlpIemRFUWFIQ2s0OUN0WDdNd1F2a0YydW5BWGp0TVZfYU52X1BSeUpvYkctRUJaODlES3VlbVVqaDRqTTJ0ZE5IWElFdk5j?oc=5,"<a href=""https://news.google.com/rss/articles/CBMiiwFBVV95cUxPeVdsUy0teDJfcmdlQW9NMnJtcWQ1NW81eXNCMkZ3dmdram1CRHotTlJDREhmWS1UTE1CT19tdmh2MFJjRlpIemRFUWFIQ2s0OUN0WDdNd1F2a0YydW5BWGp0TVZfYU52X1BSeUpvYkctRUJaODlES3VlbVVqaDRqTTJ0ZE5IWElFdk5j?oc=5"" target=""_blank"">How activism forced Nike to change its ethical game</a>&nbsp;&nbsp;<font color=""#6f6f6f"">The Guardian</font>",sportswear consumer behaviour UK,"<a href=""https://news.google.com/rss/articles/CBMiiwFBVV95cUxPeVdsUy0teDJfcmdlQW9NMnJtcWQ1NW81eXNCMkZ3dmdram1CRHotTlJDREhmWS1UTE1CT19tdmh2MFJjRlpIemRFUWFIQ2s0OUN0WDdNd1F2a0YydW5BWGp0TVZfYU52X1BSeUpvYkctRUJaODlES3VlbVVqaDRqTTJ0ZE5IWElFdk5j?oc=5"" target=""_blank"">How activism forced Nike to change its ethical game</a>&nbsp;&nbsp;<font color=""#6f6f6f"">The Guardian</font>"
NKE Stock Surge: Key Factors Driving Investor Interest in the UK - Vocal,"Thu, 02 Apr 2026 08:28:57 GMT",Vocal,https://news.google.com/rss/articles/CBMilAFBVV95cUxNVVFuWnhWVmVoMUphNEtDSHIyM0VjOTMxUGxjMWFoVzNxcGZIRGVQRUNVMXpQUE5PQmVobmFuQVlWbVA2MlFHTEo5WTNUa2p3YWRRN0V3Y0V1emN0ejdub211eTF1QXNTbDZTdzVrdWR2WEdDVmlRWWpSaGlSUlowdUtnbDVvNGsxdENXa1VJQWRGZzkx?oc=5,"<a href=""https://news.google.com/rss/articles/CBMilAFBVV95cUxNVVFuWnhWVmVoMUphNEtDSHIyM0VjOTMxUGxjMWFoVzNxcGZIRGVQRUNVMXpQUE5PQmVobmFuQVlWbVA2MlFHTEo5WTNUa2p3YWRRN0V3Y0V1emN0ejdub211eTF1QXNTbDZTdzVrdWR2WEdDVmlRWWpSaGlSUlowdUtnbDVvNGsxdENXa1VJQWRGZzkx?oc=5"" target=""_blank"">NKE Stock Surge: Key Factors Driving Investor Interest in the UK</a>&nbsp;&nbsp;<font color=""#6f6f6f"">Vocal</font>",sportswear consumer behaviour UK,"<a href=""https://news.google.com/rss/articles/CBMilAFBVV95cUxNVVFuWnhWVmVoMUphNEtDSHIyM0VjOTMxUGxjMWFoVzNxcGZIRGVQRUNVMXpQUE5PQmVobmFuQVlWbVA2MlFHTEo5WTNUa2p3YWRRN0V3Y0V1emN0ejdub211eTF1QXNTbDZTdzVrdWR2WEdDVmlRWWpSaGlSUlowdUtnbDVvNGsxdENXa1VJQWRGZzkx?oc=5"" target=""_blank"">NKE Stock Surge: Key Factors Driving Investor Interest in the UK</a>&nbsp;&nbsp;<font color=""#6f6f6f"">Vocal</font>"
Which smartwatch or fitness tracker brand should you buy? - which.co.uk,"Mon, 13 Jul 2026 07:00:00 GMT",which.co.uk,https://news.google.com/rss/articles/CBMiuAFBVV95cUxOREtTUXk1bGR1ODZKRmZJeHdXOFhXeXc2d0F2M0JnWW94eUxhaUVKUFNMWnhaSUtKS1Z5Q3p5TndJQTJjcnFIc1lfaFRNbHJaR210NXNuRUhQNjFlMVhhNHI4c2tRS2VzSDhBdWhOU29CakwzU1NUcWNJQzJ3VWhBU29ocll0aWJyeWQtNTl2cl9icXE5eVNtM0JTRFprd3lOTGFjN3BudFV2UGpjc3ZkQVRHbHo0ZDhV?oc=5,"<a href=""https://news.google.com/rss/articles/CBMiuAFBVV95cUxOREtTUXk1bGR1ODZKRmZJeHdXOFhXeXc2d0F2M0JnWW94eUxhaUVKUFNMWnhaSUtKS1Z5Q3p5TndJQTJjcnFIc1lfaFRNbHJaR210NXNuRUhQNjFlMVhhNHI4c2tRS2VzSDhBdWhOU29CakwzU1NUcWNJQzJ3VWhBU29ocll0aWJyeWQtNTl2cl9icXE5eVNtM0JTRFprd3lOTGFjN3BudFV2UGpjc3ZkQVRHbHo0ZDhV?oc=5"" target=""_blank"">Which smartwatch or fitness tracker brand should you buy?</a>&nbsp;&nbsp;<font color=""#6f6f6f"">which.co.uk</font>",fitness technology consumers UK,"<a href=""https://news.google.com/rss/articles/CBMiuAFBVV95cUxOREtTUXk1bGR1ODZKRmZJeHdXOFhXeXc2d0F2M0JnWW94eUxhaUVKUFNMWnhaSUtKS1Z5Q3p5TndJQTJjcnFIc1lfaFRNbHJaR210NXNuRUhQNjFlMVhhNHI4c2tRS2VzSDhBdWhOU29CakwzU1NUcWNJQzJ3VWhBU29ocll0aWJyeWQtNTl2cl9icXE5eVNtM0JTRFprd3lOTGFjN3BudFV2UGpjc3ZkQVRHbHo0ZDhV?oc=5"" target=""_blank"">Which smartwatch or fitness tracker brand should you buy?</a>&nbsp;&nbsp;<font color=""#6f6f6f"">which.co.uk</font>"
"Home Fitness Equipment Market Size to Reach USD 18.99 Billion by 2032, Reveals Maximize Market Research Analysis - PR Newswire UK","Wed, 25 Mar 2026 07:00:00 GMT",PR Newswire UK,https://news.google.com/rss/articles/CBMi_wFBVV95cUxQVkIwcmlUYXkwUmlpN2ZKRmxlUmFIcWFLdWFHODdLelROaktTRjlreW84S1FBWXc1bktObW5XNjgtZEhyano1dDJjQmJGTjZwRW9ndXFmeldaVWdCc2ZQSHhNY1VlSkNCdVdvWjFNMG9mODhQV0NkN2hxX0Vxb0l1ZlF0OXRTeWRvYV9BaGxveXVNY3hWNXVGZzJUSzBsdGhXTG05NmRQRDU2QkhLbG5hbUx5bTBhVjBuaUJBRWVRUkZxTnUzeHp1U05iTE1rb2FxbjlIVVhLdWFIdUc4czZIamgzVTByUlJfSU5KS1pRdlZuQWRKQXRmWGxreUVFVXc?oc=5,"<a href=""https://news.google.com/rss/articles/CBMi_wFBVV95cUxQVkIwcmlUYXkwUmlpN2ZKRmxlUmFIcWFLdWFHODdLelROaktTRjlreW84S1FBWXc1bktObW5XNjgtZEhyano1dDJjQmJGTjZwRW9ndXFmeldaVWdCc2ZQSHhNY1VlSkNCdVdvWjFNMG9mODhQV0NkN2hxX0Vxb0l1ZlF0OXRTeWRvYV9BaGxveXVNY3hWNXVGZzJUSzBsdGhXTG05NmRQRDU2QkhLbG5hbUx5bTBhVjBuaUJBRWVRUkZxTnUzeHp1U05iTE1rb2FxbjlIVVhLdWFIdUc4czZIamgzVTByUlJfSU5KS1pRdlZuQWRKQXRmWGxreUVFVXc?oc=5"" target=""_blank"">Home Fitness Equipment Market Size to Reach USD 18.99 Billion by 2032, Reveals Maximize Market Research Analysis</a>&nbsp;&nbsp;<font color=""#6f6f6f"">PR Newswire UK</font>",fitness technology consumers UK,"<a href=""https://news.google.com/rss/articles/CBMi_wFBVV95cUxQVkIwcmlUYXkwUmlpN2ZKRmxlUmFIcWFLdWFHODdLelROaktTRjlreW84S1FBWXc1bktObW5XNjgtZEhyano1dDJjQmJGTjZwRW9ndXFmeldaVWdCc2ZQSHhNY1VlSkNCdVdvWjFNMG9mODhQV0NkN2hxX0Vxb0l1ZlF0OXRTeWRvYV9BaGxveXVNY3hWNXVGZzJUSzBsdGhXTG05NmRQRDU2QkhLbG5hbUx5bTBhVjBuaUJBRWVRUkZxTnUzeHp1U05iTE1rb2FxbjlIVVhLdWFIdUc4czZIamgzVTByUlJfSU5KS1pRdlZuQWRKQXRmWGxreUVFVXc?oc=5"" target=""_blank"">Home Fitness Equipment Market Size to Reach USD 18.99 Billion by 2032, Reveals Maximize Market Research Analysis</a>&nbsp;&nbsp;<font color=""#6f6f6f"">PR Newswire UK</font>"
"UK Wearable Technology Market Size Report, Growth and Trends 2035 - Market Research Future","Sat, 02 May 2026 07:00:00 GMT",Market Research Future,https://news.google.com/rss/articles/CBMihwFBVV95cUxPSjhzdFF5YkVVVldEdUhCZXJiWXgzN0Z0ZmtFZkNSMzM3dk41NGVxay1INTNiU1dUcUFTcDRQamRMbDdFOHNWQXFuV1NDbGs1SmRRalZDbGhXbkx1TEJIb3JhYlhMMHZJTkdxejJIOWFXcVFyZVdndDhuRzM5NGpCMGRHb3I3Tkk?oc=5,"<a href=""https://news.google.com/rss/articles/CBMihwFBVV95cUxPSjhzdFF5YkVVVldEdUhCZXJiWXgzN0Z0ZmtFZkNSMzM3dk41NGVxay1INTNiU1dUcUFTcDRQamRMbDdFOHNWQXFuV1NDbGs1SmRRalZDbGhXbkx1TEJIb3JhYlhMMHZJTkdxejJIOWFXcVFyZVdndDhuRzM5NGpCMGRHb3I3Tkk?oc=5"" target=""_blank"">UK Wearable Technology Market Size Report, Growth and Trends 2035</a>&nbsp;&nbsp;<font color=""#6f6f6f"">Market Research Future</font>",fitness technology consumers UK,"<a href=""https://news.google.com/rss/articles/CBMihwFBVV95cUxPSjhzdFF5YkVVVldEdUhCZXJiWXgzN0Z0ZmtFZkNSMzM3dk41NGVxay1INTNiU1dUcUFTcDRQamRMbDdFOHNWQXFuV1NDbGs1SmRRalZDbGhXbkx1TEJIb3JhYlhMMHZJTkdxejJIOWFXcVFyZVdndDhuRzM5NGpCMGRHb3I3Tkk?oc=5"" target=""_blank"">UK Wearable Technology Market Size Report, Growth and Trends 2035</a>&nbsp;&nbsp;<font color=""#6f6f6f"">Market Research Future</font>"
Where are they now? Magic AI - Startups Magazine,"Thu, 25 Jun 2026 07:00:00 GMT",Startups Magazine,https://news.google.com/rss/articles/CBMiakFVX3lxTFByMlVhNFFLOFQzN0hnZ1FIdXI1U0hDZ3huMFZCMzRTZ1BpZ2g0N19CNFkwbnhaQlI1cVRUS2dLZUhSU3o0bHpydlozX1VxOUhJcC1BVkZERmkwdkVzbTltNlZwSmJ6T2dMQnc?oc=5,"<a href=""https://news.google.com/rss/articles/CBMiakFVX3lxTFByMlVhNFFLOFQzN0hnZ1FIdXI1U0hDZ3huMFZCMzRTZ1BpZ2g0N19CNFkwbnhaQlI1cVRUS2dLZUhSU3o0bHpydlozX1VxOUhJcC1BVkZERmkwdkVzbTltNlZwSmJ6T2dMQnc?oc=5"" target=""_blank"">Where are they now? Magic AI</a>&nbsp;&nbsp;<font color=""#6f6f6f"">Startups Magazine</font>",fitness technology consumers UK,"<a href=""https://news.google.com/rss/articles/CBMiakFVX3lxTFByMlVhNFFLOFQzN0hnZ1FIdXI1U0hDZ3huMFZCMzRTZ1BpZ2g0N19CNFkwbnhaQlI1cVRUS2dLZUhSU3o0bHpydlozX1VxOUhJcC1BVkZERmkwdkVzbTltNlZwSmJ6T2dMQnc?oc=5"" target=""_blank"">Where are they now? Magic AI</a>&nbsp;&nbsp;<font color=""#6f6f6f"">Startups Magazine</font>"
The Best Heart Rate Monitors for 2026 - PCMag UK,"Wed, 03 Jun 2026 07:00:00 GMT",PCMag UK,https://news.google.com/rss/articles/CBMigAFBVV95cUxPUzVCZk1OWWZjNlFxbXRGV1dEeUN4VkktLVI2ckVSLWs4aWlxbktyNU5rV3g0T3gxeFk1V3Zyamd3NkRQQWNZYmNsSnd4aGpGM3Jtei15WEZwazdoX0ZEby1GXzBkN2o3ajVQTkRqZGRGQnRIeHVrY1AxVDVJQlk4Tg?oc=5,"<a href=""https://news.google.com/rss/articles/CBMigAFBVV95cUxPUzVCZk1OWWZjNlFxbXRGV1dEeUN4VkktLVI2ckVSLWs4aWlxbktyNU5rV3g0T3gxeFk1V3Zyamd3NkRQQWNZYmNsSnd4aGpGM3Jtei15WEZwazdoX0ZEby1GXzBkN2o3ajVQTkRqZGRGQnRIeHVrY1AxVDVJQlk4Tg?oc=5"" target=""_blank"">The Best Heart Rate Monitors for 2026</a>&nbsp;&nbsp;<font color=""#6f6f6f"">PCMag UK</font>",fitness technology consumers UK,"<a href=""https://news.google.com/rss/articles/CBMigAFBVV95cUxPUzVCZk1OWWZjNlFxbXRGV1dEeUN4VkktLVI2ckVSLWs4aWlxbktyNU5rV3g0T3gxeFk1V3Zyamd3NkRQQWNZYmNsSnd4aGpGM3Jtei15WEZwazdoX0ZEby1GXzBkN2o3ajVQTkRqZGRGQnRIeHVrY1AxVDVJQlk4Tg?oc=5"" target=""_blank"">The Best Heart Rate Monitors for 2026</a>&nbsp;&nbsp;<font color=""#6f6f6f"">PCMag UK</font>"
Leisure sector quarterly update - Deloitte,"Fri, 13 Feb 2026 08:00:00 GMT",Deloitte,https://news.google.com/rss/articles/CBMinAFBVV95cUxOYk84VUxENjI4aERHRkFXaENWcm9YRVQwa0ZZRTBxX2poeWxhSzZLc1FKQkRKZU42ckhjSHkxUXN5WEhlRDlQVXZPc3Mxc1k1VWh5YXdCNHF1cFpMNTBfYTJ5ckNDa1RwZzJubldPc0JHcUQwRDNmdE9yRVNsV2VrYmVrRnBYaUZFal9uLTdET2t6c3VwRk1EUEZlY0U?oc=5,"<a href=""https://news.google.com/rss/articles/CBMinAFBVV95cUxOYk84VUxENjI4aERHRkFXaENWcm9YRVQwa0ZZRTBxX2poeWxhSzZLc1FKQkRKZU42ckhjSHkxUXN5WEhlRDlQVXZPc3Mxc1k1VWh5YXdCNHF1cFpMNTBfYTJ5ckNDa1RwZzJubldPc0JHcUQwRDNmdE9yRVNsV2VrYmVrRnBYaUZFal9uLTdET2t6c3VwRk1EUEZlY0U?oc=5"" target=""_blank"">Leisure sector quarterly update</a>&nbsp;&nbsp;<font color=""#6f6f6f"">Deloitte</font>",fitness technology consumers UK,"<a href=""https://news.google.com/rss/articles/CBMinAFBVV95cUxOYk84VUxENjI4aERHRkFXaENWcm9YRVQwa0ZZRTBxX2poeWxhSzZLc1FKQkRKZU42ckhjSHkxUXN5WEhlRDlQVXZPc3Mxc1k1VWh5YXdCNHF1cFpMNTBfYTJ5ckNDa1RwZzJubldPc0JHcUQwRDNmdE9yRVNsV2VrYmVrRnBYaUZFal9uLTdET2t6c3VwRk1EUEZlY0U?oc=5"" target=""_blank"">Leisure sector quarterly update</a>&nbsp;&nbsp;<font color=""#6f6f6f"">Deloitte</font>"
"Smart Shoes Market Size, Industry Share | Forecast, 2034 - Fortune Business Insights","Mon, 06 Jul 2026 07:00:00 GMT",Fortune Business Insights,https://news.google.com/rss/articles/CBMic0FVX3lxTE9SMGF0ZTJ5YmNLdTlJYm9ZQmFsVW9MTE9ES2RfYTRUa2gxMXRUMDNiR0VjM21NclFFTnJuUVczemlBU2tGbnFxc2xOTEprSFp1Snd2WVo4T2I3Z3prcngwWjJqS25yMUlYOF9DdWQ3TExTTTA?oc=5,"<a href=""https://news.google.com/rss/articles/CBMic0FVX3lxTE9SMGF0ZTJ5YmNLdTlJYm9ZQmFsVW9MTE9ES2RfYTRUa2gxMXRUMDNiR0VjM21NclFFTnJuUVczemlBU2tGbnFxc2xOTEprSFp1Snd2WVo4T2I3Z3prcngwWjJqS25yMUlYOF9DdWQ3TExTTTA?oc=5"" target=""_blank"">Smart Shoes Market Size, Industry Share | Forecast, 2034</a>&nbsp;&nbsp;<font color=""#6f6f6f"">Fortune Business Insights</font>",fitness technology consumers UK,"<a href=""https://news.google.com/rss/articles/CBMic0FVX3lxTE9SMGF0ZTJ5YmNLdTlJYm9ZQmFsVW9MTE9ES2RfYTRUa2gxMXRUMDNiR0VjM21NclFFTnJuUVczemlBU2tGbnFxc2xOTEprSFp1Snd2WVo4T2I3Z3prcngwWjJqS25yMUlYOF9DdWQ3TExTTTA?oc=5"" target=""_blank"">Smart Shoes Market Size, Industry Share | Forecast, 2034</a>&nbsp;&nbsp;<font color=""#6f6f6f"">Fortune Business Insights</font>"
"Demand for Wearables Is Rising Fast, Search Data Confirms - Athletech News","Mon, 06 Apr 2026 07:00:00 GMT",Athletech News,https://news.google.com/rss/articles/CBMioAFBVV95cUxOWXRyRUloTmNZcTZXbTN4UGtkMnV2VlBRQTRwTW0wSWtNV1NublNoeDdCZEIwS1FvZDFpY055VGswTHNEQTBaemZrbUlpZkNQbzRNUF9QT0p3b2I4SmF4VFA1VTJyOFlwR1czVDFMMXlFeTVPcWl2T29nUEZkZEUxSjg1RXg4c1Z6LU1HNnZzdzd5amJSTnBmb2hwYV9YTW5m?oc=5,"<a href=""https://news.google.com/rss/articles/CBMioAFBVV95cUxOWXRyRUloTmNZcTZXbTN4UGtkMnV2VlBRQTRwTW0wSWtNV1NublNoeDdCZEIwS1FvZDFpY055VGswTHNEQTBaemZrbUlpZkNQbzRNUF9QT0p3b2I4SmF4VFA1VTJyOFlwR1czVDFMMXlFeTVPcWl2T29nUEZkZEUxSjg1RXg4c1Z6LU1HNnZzdzd5amJSTnBmb2hwYV9YTW5m?oc=5"" target=""_blank"">Demand for Wearables Is Rising Fast, Search Data Confirms</a>&nbsp;&nbsp;<font color=""#6f6f6f"">Athletech News</font>",fitness technology consumers UK,"<a href=""https://news.google.com/rss/articles/CBMioAFBVV95cUxOWXRyRUloTmNZcTZXbTN4UGtkMnV2VlBRQTRwTW0wSWtNV1NublNoeDdCZEIwS1FvZDFpY055VGswTHNEQTBaemZrbUlpZkNQbzRNUF9QT0p3b2I4SmF4VFA1VTJyOFlwR1czVDFMMXlFeTVPcWl2T29nUEZkZEUxSjg1RXg4c1Z6LU1HNnZzdzd5amJSTnBmb2hwYV9YTW5m?oc=5"" target=""_blank"">Demand for Wearables Is Rising Fast, Search Data Confirms</a>&nbsp;&nbsp;<font color=""#6f6f6f"">Athletech News</font>"
Best fitness trackers 2026: tested and reviewed by experts - which.co.uk,"Sun, 05 Jul 2026 07:00:00 GMT",which.co.uk,https://news.google.com/rss/articles/CBMiuAFBVV95cUxPejNacG0zdWJtYnpiUGgyTXE5VkVDdlhiYkdfMEtHOVcwdkVDSnloSnd2dm5SYWhfckFIRWRtT0c0QzNtVm55SXhUekQ1NlVicnRoZ2NJTWdQR0g5dGw2akVBODdPM0lzY3E2UHpyOG10SEVjblRpem9uRnJxS2lVRnpCemFWdTZGRzVNVi10RmRhaDVLVk5lZjU2WUNONDl2Vm53a2hzOUVwdGhhZ0c4dTVzR1FwYVl5?oc=5,"<a href=""https://news.google.com/rss/articles/CBMiuAFBVV95cUxPejNacG0zdWJtYnpiUGgyTXE5VkVDdlhiYkdfMEtHOVcwdkVDSnloSnd2dm5SYWhfckFIRWRtT0c0QzNtVm55SXhUekQ1NlVicnRoZ2NJTWdQR0g5dGw2akVBODdPM0lzY3E2UHpyOG10SEVjblRpem9uRnJxS2lVRnpCemFWdTZGRzVNVi10RmRhaDVLVk5lZjU2WUNONDl2Vm53a2hzOUVwdGhhZ0c4dTVzR1FwYVl5?oc=5"" target=""_blank"">Best fitness trackers 2026: tested and reviewed by experts</a>&nbsp;&nbsp;<font color=""#6f6f6f"">which.co.uk</font>",fitness technology consumers UK,"<a href=""https://news.google.com/rss/articles/CBMiuAFBVV95cUxPejNacG0zdWJtYnpiUGgyTXE5VkVDdlhiYkdfMEtHOVcwdkVDSnloSnd2dm5SYWhfckFIRWRtT0c0QzNtVm55SXhUekQ1NlVicnRoZ2NJTWdQR0g5dGw2akVBODdPM0lzY3E2UHpyOG10SEVjblRpem9uRnJxS2lVRnpCemFWdTZGRzVNVi10RmRhaDVLVk5lZjU2WUNONDl2Vm53a2hzOUVwdGhhZ0c4dTVzR1FwYVl5?oc=5"" target=""_blank"">Best fitness trackers 2026: tested and reviewed by experts</a>&nbsp;&nbsp;<font color=""#6f6f6f"">which.co.uk</font>"
I Tracked My Metabolism with a Lumen for 6 Months—My Learnings - Marie Claire UK,"Thu, 05 Mar 2026 08:00:00 GMT",Marie Claire UK,https://news.google.com/rss/articles/CBMiiAFBVV95cUxOQzNib3Q3SHI4X1phZFFzU3dvZmRZSzY2SlV1WFJhenJxekUzaEtMbFZpLUUzNW9EbXhhejFWWV9xVDU5Qk9SU1RWakUxRy1XbzNpTUpyNmxvZEFGaUs2cWdhUjZLbnhNeHlNcnItWmkxRHAxTWdYOTFjMGdMQnUwX0NnYXhjWFE1?oc=5,"<a href=""https://news.google.com/rss/articles/CBMiiAFBVV95cUxOQzNib3Q3SHI4X1phZFFzU3dvZmRZSzY2SlV1WFJhenJxekUzaEtMbFZpLUUzNW9EbXhhejFWWV9xVDU5Qk9SU1RWakUxRy1XbzNpTUpyNmxvZEFGaUs2cWdhUjZLbnhNeHlNcnItWmkxRHAxTWdYOTFjMGdMQnUwX0NnYXhjWFE1?oc=5"" target=""_blank"">I Tracked My Metabolism with a Lumen for 6 Months—My Learnings</a>&nbsp;&nbsp;<font color=""#6f6f6f"">Marie Claire UK</font>",fitness technology consumers UK,"<a href=""https://news.google.com/rss/articles/CBMiiAFBVV95cUxOQzNib3Q3SHI4X1phZFFzU3dvZmRZSzY2SlV1WFJhenJxekUzaEtMbFZpLUUzNW9EbXhhejFWWV9xVDU5Qk9SU1RWakUxRy1XbzNpTUpyNmxvZEFGaUs2cWdhUjZLbnhNeHlNcnItWmkxRHAxTWdYOTFjMGdMQnUwX0NnYXhjWFE1?oc=5"" target=""_blank"">I Tracked My Metabolism with a Lumen for 6 Months—My Learnings</a>&nbsp;&nbsp;<font color=""#6f6f6f"">Marie Claire UK</font>"
When tracking becomes toxic: the potential dark side of fitness technology - Newcastle University,"Thu, 18 Dec 2025 08:00:00 GMT",Newcastle University,https://news.google.com/rss/articles/CBMiakFVX3lxTE0zcEtzaHRLUkdsSFdvdlFqLURxbHh6anhNWUVVUG5ldk1UVThBX2NLWloxNGw1bXBNWkdfREk0eTJpck5NNVUtVDNqY1F0aXlmZF9oU0NXUzltTlZBZzFiRk9qRURGYTZONWc?oc=5,"<a href=""https://news.google.com/rss/articles/CBMiakFVX3lxTE0zcEtzaHRLUkdsSFdvdlFqLURxbHh6anhNWUVVUG5ldk1UVThBX2NLWloxNGw1bXBNWkdfREk0eTJpck5NNVUtVDNqY1F0aXlmZF9oU0NXUzltTlZBZzFiRk9qRURGYTZONWc?oc=5"" target=""_blank"">When tracking becomes toxic: the potential dark side of fitness technology</a>&nbsp;&nbsp;<font color=""#6f6f6f"">Newcastle University</font>",fitness technology consumers UK,"<a href=""https://news.google.com/rss/articles/CBMiakFVX3lxTE0zcEtzaHRLUkdsSFdvdlFqLURxbHh6anhNWUVVUG5ldk1UVThBX2NLWloxNGw1bXBNWkdfREk0eTJpck5NNVUtVDNqY1F0aXlmZF9oU0NXUzltTlZBZzFiRk9qRURGYTZONWc?oc=5"" target=""_blank"">When tracking becomes toxic: the potential dark side of fitness technology</a>&nbsp;&nbsp;<font color=""#6f6f6f"">Newcastle University</font>"
The future takes shape: Five dimensions of tomorrow’s wellness economy - McKinsey & Company,"Thu, 20 Nov 2025 08:00:00 GMT",McKinsey & Company,https://news.google.com/rss/articles/CBMiywFBVV95cUxOdlZ5UGdLaEs5TVhhN1Vha2EtS1JXcnJpUTJrVGxGU3BqVk9GMXliXzVrenAwRnYtZXpaWElyTlByY3luRUd1QmlzbXV0a3R1aTFsemtBMlAxd1c5YXllVUZGSXNhckRxbmh5akQ4SWRFam5oVVJyM09KS3RGNWpXRUR3S0RZNnNZZWgtR1NEcHE1bDRvWDRjTHc5WG0yOGY1a2w2amI0S3hvcUx6RnBCYXgxSEVLYldaM216dlJhckxhc2l2OXd2bVNQZw?oc=5,"<a href=""https://news.google.com/rss/articles/CBMiywFBVV95cUxOdlZ5UGdLaEs5TVhhN1Vha2EtS1JXcnJpUTJrVGxGU3BqVk9GMXliXzVrenAwRnYtZXpaWElyTlByY3luRUd1QmlzbXV0a3R1aTFsemtBMlAxd1c5YXllVUZGSXNhckRxbmh5akQ4SWRFam5oVVJyM09KS3RGNWpXRUR3S0RZNnNZZWgtR1NEcHE1bDRvWDRjTHc5WG0yOGY1a2w2amI0S3hvcUx6RnBCYXgxSEVLYldaM216dlJhckxhc2l2OXd2bVNQZw?oc=5"" target=""_blank"">The future takes shape: Five dimensions of tomorrow’s wellness economy</a>&nbsp;&nbsp;<font color=""#6f6f6f"">McKinsey & Company</font>",fitness technology consumers UK,"<a href=""https://news.google.com/rss/articles/CBMiywFBVV95cUxOdlZ5UGdLaEs5TVhhN1Vha2EtS1JXcnJpUTJrVGxGU3BqVk9GMXliXzVrenAwRnYtZXpaWElyTlByY3luRUd1QmlzbXV0a3R1aTFsemtBMlAxd1c5YXllVUZGSXNhckRxbmh5akQ4SWRFam5oVVJyM09KS3RGNWpXRUR3S0RZNnNZZWgtR1NEcHE1bDRvWDRjTHc5WG0yOGY1a2w2amI0S3hvcUx6RnBCYXgxSEVLYldaM216dlJhckxhc2l2OXd2bVNQZw?oc=5"" target=""_blank"">The future takes shape: Five dimensions of tomorrow’s wellness economy</a>&nbsp;&nbsp;<font color=""#6f6f6f"">McKinsey & Company</font>"
The tech reshaping market trends: 5 charts explaining the habit-tracking consumer - NutraIngredients.com,"Thu, 24 Apr 2025 07:00:00 GMT",NutraIngredients.com,https://news.google.com/rss/articles/CBMiswFBVV95cUxNOFZUcVU1MHhlSEpqMFVZSm5uQmdlR21sRW05NjhZMEJyUzZCQ0hMT3BDellWR2ZkUUxOc2lBS1VYX2sxNEI3RjJMci1TM090dzhVQVZDR0hzWUlwdHBLSXRId3pMU0NKVXFVMWFBcWtZeks4bTRxQVlLeVJlcE44SllPbU1WSzQ2WkVqWlYwU0pCUHhKNWhDMXhzTGxSTWlRQm9IRFZwZkZPcEJRSHlkeXBmSQ?oc=5,"<a href=""https://news.google.com/rss/articles/CBMiswFBVV95cUxNOFZUcVU1MHhlSEpqMFVZSm5uQmdlR21sRW05NjhZMEJyUzZCQ0hMT3BDellWR2ZkUUxOc2lBS1VYX2sxNEI3RjJMci1TM090dzhVQVZDR0hzWUlwdHBLSXRId3pMU0NKVXFVMWFBcWtZeks4bTRxQVlLeVJlcE44SllPbU1WSzQ2WkVqWlYwU0pCUHhKNWhDMXhzTGxSTWlRQm9IRFZwZkZPcEJRSHlkeXBmSQ?oc=5"" target=""_blank"">The tech reshaping market trends: 5 charts explaining the habit-tracking consumer</a>&nbsp;&nbsp;<font color=""#6f6f6f"">NutraIngredients.com</font>",fitness technology consumers UK,"<a href=""https://news.google.com/rss/articles/CBMiswFBVV95cUxNOFZUcVU1MHhlSEpqMFVZSm5uQmdlR21sRW05NjhZMEJyUzZCQ0hMT3BDellWR2ZkUUxOc2lBS1VYX2sxNEI3RjJMci1TM090dzhVQVZDR0hzWUlwdHBLSXRId3pMU0NKVXFVMWFBcWtZeks4bTRxQVlLeVJlcE44SllPbU1WSzQ2WkVqWlYwU0pCUHhKNWhDMXhzTGxSTWlRQm9IRFZwZkZPcEJRSHlkeXBmSQ?oc=5"" target=""_blank"">The tech reshaping market trends: 5 charts explaining the habit-tracking consumer</a>&nbsp;&nbsp;<font color=""#6f6f6f"">NutraIngredients.com</font>"
EE SETS BENCHMARK FOR UK TECH PROTECTION WITH THE LAUNCH OF MULTI TECH COVER - EE Newsroom,"Tue, 13 Jan 2026 08:00:00 GMT",EE Newsroom,https://news.google.com/rss/articles/CBMipgFBVV95cUxPbnhOdUtkTGw5VGQzYUdlc2doa01PdlRCcWRicnQ3SE5BVTk3NDdwMWljUU5lOGwzUE5kNnZBTlUzNG56Vm9LWmJFc1NJZU9fUF9UMWNxQXlwbERZZXRfRTl1YkJWZWpHVnpqbF9ONkY3STJROTl5MHZpYUxoQ0JNR3VLRWlyR045aVhnZFVHUXN1TlhnSTY0b2VDSnVxSlBES1drOG9n?oc=5,"<a href=""https://news.google.com/rss/articles/CBMipgFBVV95cUxPbnhOdUtkTGw5VGQzYUdlc2doa01PdlRCcWRicnQ3SE5BVTk3NDdwMWljUU5lOGwzUE5kNnZBTlUzNG56Vm9LWmJFc1NJZU9fUF9UMWNxQXlwbERZZXRfRTl1YkJWZWpHVnpqbF9ONkY3STJROTl5MHZpYUxoQ0JNR3VLRWlyR045aVhnZFVHUXN1TlhnSTY0b2VDSnVxSlBES1drOG9n?oc=5"" target=""_blank"">EE SETS BENCHMARK FOR UK TECH PROTECTION WITH THE LAUNCH OF MULTI TECH COVER</a>&nbsp;&nbsp;<font color=""#6f6f6f"">EE Newsroom</font>",fitness technology consumers UK,"<a href=""https://news.google.com/rss/articles/CBMipgFBVV95cUxPbnhOdUtkTGw5VGQzYUdlc2doa01PdlRCcWRicnQ3SE5BVTk3NDdwMWljUU5lOGwzUE5kNnZBTlUzNG56Vm9LWmJFc1NJZU9fUF9UMWNxQXlwbERZZXRfRTl1YkJWZWpHVnpqbF9ONkY3STJROTl5MHZpYUxoQ0JNR3VLRWlyR045aVhnZFVHUXN1TlhnSTY0b2VDSnVxSlBES1drOG9n?oc=5"" target=""_blank"">EE SETS BENCHMARK FOR UK TECH PROTECTION WITH THE LAUNCH OF MULTI TECH COVER</a>&nbsp;&nbsp;<font color=""#6f6f6f"">EE Newsroom</font>"
"I ran 1,000km to test the best running watches in the UK – here are my favourites - The Guardian","Sun, 28 Dec 2025 08:00:00 GMT",The Guardian,https://news.google.com/rss/articles/CBMihwFBVV95cUxOcVR1eUF2WVZCMklOTUtxb05Xdk9NYTNCaW9VTmZKUG5XSVBPVm9lVjMtcEVxZllxWlRPZ0toXzZ1Y3UxaUJ5R280VHBxNFJnNTNUYmhvdHFiYlBkVWFGMEVvQ2MyOGNUQk1RZndjNEJmZ3d3MHlCTGh5a2VzWk5nemE0dXotQTg?oc=5,"<a href=""https://news.google.com/rss/articles/CBMihwFBVV95cUxOcVR1eUF2WVZCMklOTUtxb05Xdk9NYTNCaW9VTmZKUG5XSVBPVm9lVjMtcEVxZllxWlRPZ0toXzZ1Y3UxaUJ5R280VHBxNFJnNTNUYmhvdHFiYlBkVWFGMEVvQ2MyOGNUQk1RZndjNEJmZ3d3MHlCTGh5a2VzWk5nemE0dXotQTg?oc=5"" target=""_blank"">I ran 1,000km to test the best running watches in the UK – here are my favourites</a>&nbsp;&nbsp;<font color=""#6f6f6f"">The Guardian</font>",fitness technology consumers UK,"<a href=""https://news.google.com/rss/articles/CBMihwFBVV95cUxOcVR1eUF2WVZCMklOTUtxb05Xdk9NYTNCaW9VTmZKUG5XSVBPVm9lVjMtcEVxZllxWlRPZ0toXzZ1Y3UxaUJ5R280VHBxNFJnNTNUYmhvdHFiYlBkVWFGMEVvQ2MyOGNUQk1RZndjNEJmZ3d3MHlCTGh5a2VzWk5nemE0dXotQTg?oc=5"" target=""_blank"">I ran 1,000km to test the best running watches in the UK – here are my favourites</a>&nbsp;&nbsp;<font color=""#6f6f6f"">The Guardian</font>"
The Ultimate Guide to Health and Fitness Tech for 2026 - PCMag UK,"Mon, 03 Nov 2025 08:00:00 GMT",PCMag UK,https://news.google.com/rss/articles/CBMilwFBVV95cUxQUU9vSmNVX3FNeHlqVHRTbFYzODB0UGhSelFIOTlrYl9ZcW5BV2tJczNLTVQ3YU5fZjFHeXEtd0RHZllPRVlnaDdUQU9ValJyM2xnckhjVWJZeE93Qi1qN1h1UEt4U3ZDS1RXUHNEb1FBaVFUM0JUdEhqMzBoUDBSeXdKRTdzODBpXzJRQ1JyRFE4QUZhaVJN?oc=5,"<a href=""https://news.google.com/rss/articles/CBMilwFBVV95cUxQUU9vSmNVX3FNeHlqVHRTbFYzODB0UGhSelFIOTlrYl9ZcW5BV2tJczNLTVQ3YU5fZjFHeXEtd0RHZllPRVlnaDdUQU9ValJyM2xnckhjVWJZeE93Qi1qN1h1UEt4U3ZDS1RXUHNEb1FBaVFUM0JUdEhqMzBoUDBSeXdKRTdzODBpXzJRQ1JyRFE4QUZhaVJN?oc=5"" target=""_blank"">The Ultimate Guide to Health and Fitness Tech for 2026</a>&nbsp;&nbsp;<font color=""#6f6f6f"">PCMag UK</font>",fitness technology consumers UK,"<a href=""https://news.google.com/rss/articles/CBMilwFBVV95cUxQUU9vSmNVX3FNeHlqVHRTbFYzODB0UGhSelFIOTlrYl9ZcW5BV2tJczNLTVQ3YU5fZjFHeXEtd0RHZllPRVlnaDdUQU9ValJyM2xnckhjVWJZeE93Qi1qN1h1UEt4U3ZDS1RXUHNEb1FBaVFUM0JUdEhqMzBoUDBSeXdKRTdzODBpXzJRQ1JyRFE4QUZhaVJN?oc=5"" target=""_blank"">The Ultimate Guide to Health and Fitness Tech for 2026</a>&nbsp;&nbsp;<font color=""#6f6f6f"">PCMag UK</font>"
"Fitness Tracker Market is expected to generate a revenue of USD 189.98 Billion by 2032, Globally, at 17.50% CAGR: Verified Market Research® - PR Newswire UK","Mon, 08 Sep 2025 07:00:00 GMT",PR Newswire UK,https://news.google.com/rss/articles/CBMingJBVV95cUxObWR5cHdyS09YSGVxcVZHcHNRSnZ2YzNYUFpYYy1KNUVrN2xhN1NZUFF0X3pjT01BTUJ1RGF2WGRtSUF6MkdGa2dvZUhuSDZmR3QxdV9fdHRkSHJjYjFQRWJaeG9kSlh5emlVWHA3VEtfU3Y5eHdZSzlJU3lBTVZkMlZWN2NySjBqTTg1MmdRejFSblhLVm9DUjY1eTJMMTM3WWpvV2pfaVRMLUNBRko3Z0NrVy1qRVNFR3cxcEVNWkFPQ1RYSU1Gb2RzeGdpak4xUE9tNFJzZy1DbXJodXpGQlo1amVlSHNyeEI5OEhnRmJWN2MxNTViQmxvcXBiVkhYLUQtdmQ3V2VaQU50Und2VnZOSG0wLVBzZXVTSGRn?oc=5,"<a href=""https://news.google.com/rss/articles/CBMingJBVV95cUxObWR5cHdyS09YSGVxcVZHcHNRSnZ2YzNYUFpYYy1KNUVrN2xhN1NZUFF0X3pjT01BTUJ1RGF2WGRtSUF6MkdGa2dvZUhuSDZmR3QxdV9fdHRkSHJjYjFQRWJaeG9kSlh5emlVWHA3VEtfU3Y5eHdZSzlJU3lBTVZkMlZWN2NySjBqTTg1MmdRejFSblhLVm9DUjY1eTJMMTM3WWpvV2pfaVRMLUNBRko3Z0NrVy1qRVNFR3cxcEVNWkFPQ1RYSU1Gb2RzeGdpak4xUE9tNFJzZy1DbXJodXpGQlo1amVlSHNyeEI5OEhnRmJWN2MxNTViQmxvcXBiVkhYLUQtdmQ3V2VaQU50Und2VnZOSG0wLVBzZXVTSGRn?oc=5"" target=""_blank"">Fitness Tracker Market is expected to generate a revenue of USD 189.98 Billion by 2032, Globally, at 17.50% CAGR: Verified Market Research®</a>&nbsp;&nbsp;<font color=""#6f6f6f"">PR Newswire UK</font>",fitness technology consumers UK,"<a href=""https://news.google.com/rss/articles/CBMingJBVV95cUxObWR5cHdyS09YSGVxcVZHcHNRSnZ2YzNYUFpYYy1KNUVrN2xhN1NZUFF0X3pjT01BTUJ1RGF2WGRtSUF6MkdGa2dvZUhuSDZmR3QxdV9fdHRkSHJjYjFQRWJaeG9kSlh5emlVWHA3VEtfU3Y5eHdZSzlJU3lBTVZkMlZWN2NySjBqTTg1MmdRejFSblhLVm9DUjY1eTJMMTM3WWpvV2pfaVRMLUNBRko3Z0NrVy1qRVNFR3cxcEVNWkFPQ1RYSU1Gb2RzeGdpak4xUE9tNFJzZy1DbXJodXpGQlo1amVlSHNyeEI5OEhnRmJWN2MxNTViQmxvcXBiVkhYLUQtdmQ3V2VaQU50Und2VnZOSG0wLVBzZXVTSGRn?oc=5"" target=""_blank"">Fitness Tracker Market is expected to generate a revenue of USD 189.98 Billion by 2032, Globally, at 17.50% CAGR: Verified Market Research®</a>&nbsp;&nbsp;<font color=""#6f6f6f"">PR Newswire UK</font>"
The trends defining the $1.8 trillion global wellness market in 2024 - McKinsey & Company,"Tue, 16 Jan 2024 08:00:00 GMT",McKinsey & Company,https://news.google.com/rss/articles/CBMi6AFBVV95cUxNeFZlQ1FrZUFFRHNlSGh1U2Fud0ZCak9jOEx2dmhVZDl0UlBkTWljM3p3dFhwN2N1aHk5U09UZ0Q4aFhVZ2xlT01pcFNOTmhwb0RjbmlGeFlqVTB4clJhVV9lZnUtUG5QZ3R2ZXkydHF1MkhyT3NjUTVUUWtKQjlPRlI3MWlGemY4MDZzeEFpMUYyN2o5NFYyMWhjYUJTaXBEaUFOckJIT3NCcGN4YVlQWWlYU2lldHMzakpWY0Q4SGZUWDM0NzVac0dKX2laSFR1blllNGZzMzFZREFvcmk4Snpub3MzZUgt?oc=5,"<a href=""https://news.google.com/rss/articles/CBMi6AFBVV95cUxNeFZlQ1FrZUFFRHNlSGh1U2Fud0ZCak9jOEx2dmhVZDl0UlBkTWljM3p3dFhwN2N1aHk5U09UZ0Q4aFhVZ2xlT01pcFNOTmhwb0RjbmlGeFlqVTB4clJhVV9lZnUtUG5QZ3R2ZXkydHF1MkhyT3NjUTVUUWtKQjlPRlI3MWlGemY4MDZzeEFpMUYyN2o5NFYyMWhjYUJTaXBEaUFOckJIT3NCcGN4YVlQWWlYU2lldHMzakpWY0Q4SGZUWDM0NzVac0dKX2laSFR1blllNGZzMzFZREFvcmk4Snpub3MzZUgt?oc=5"" target=""_blank"">The trends defining the $1.8 trillion global wellness market in 2024</a>&nbsp;&nbsp;<font color=""#6f6f6f"">McKinsey & Company</font>",fitness technology consumers UK,"<a href=""https://news.google.com/rss/articles/CBMi6AFBVV95cUxNeFZlQ1FrZUFFRHNlSGh1U2Fud0ZCak9jOEx2dmhVZDl0UlBkTWljM3p3dFhwN2N1aHk5U09UZ0Q4aFhVZ2xlT01pcFNOTmhwb0RjbmlGeFlqVTB4clJhVV9lZnUtUG5QZ3R2ZXkydHF1MkhyT3NjUTVUUWtKQjlPRlI3MWlGemY4MDZzeEFpMUYyN2o5NFYyMWhjYUJTaXBEaUFOckJIT3NCcGN4YVlQWWlYU2lldHMzakpWY0Q4SGZUWDM0NzVac0dKX2laSFR1blllNGZzMzFZREFvcmk4Snpub3MzZUgt?oc=5"" target=""_blank"">The trends defining the $1.8 trillion global wellness market in 2024</a>&nbsp;&nbsp;<font color=""#6f6f6f"">McKinsey & Company</font>"
The $2 trillion global wellness market gets a millennial and Gen Z glow-up - McKinsey & Company,"Thu, 29 May 2025 07:00:00 GMT",McKinsey & Company,https://news.google.com/rss/articles/CBMinwFBVV95cUxOMUtiaGVzeFRHZHprRklkVVNPeUI4UjF5allYSDNvQkt5MGVoTERDbEJGQnVudmxmUVlBdmw3SmlCZTdkekFDcTRGWXJSY0p1WHAxeUcyMVJIYU5MU0g5aEw2cGJYdHRRWlVkN3RaVnBUSkpIYTVYQ2tXOEpnV1BPdGhJYmxRZUtLMXQxVHV5QkRvQW53ckdfQk9KSmF1MGc?oc=5,"<a href=""https://news.google.com/rss/articles/CBMinwFBVV95cUxOMUtiaGVzeFRHZHprRklkVVNPeUI4UjF5allYSDNvQkt5MGVoTERDbEJGQnVudmxmUVlBdmw3SmlCZTdkekFDcTRGWXJSY0p1WHAxeUcyMVJIYU5MU0g5aEw2cGJYdHRRWlVkN3RaVnBUSkpIYTVYQ2tXOEpnV1BPdGhJYmxRZUtLMXQxVHV5QkRvQW53ckdfQk9KSmF1MGc?oc=5"" target=""_blank"">The $2 trillion global wellness market gets a millennial and Gen Z glow-up</a>&nbsp;&nbsp;<font color=""#6f6f6f"">McKinsey & Company</font>",fitness technology consumers UK,"<a href=""https://news.google.com/rss/articles/CBMinwFBVV95cUxOMUtiaGVzeFRHZHprRklkVVNPeUI4UjF5allYSDNvQkt5MGVoTERDbEJGQnVudmxmUVlBdmw3SmlCZTdkekFDcTRGWXJSY0p1WHAxeUcyMVJIYU5MU0g5aEw2cGJYdHRRWlVkN3RaVnBUSkpIYTVYQ2tXOEpnV1BPdGhJYmxRZUtLMXQxVHV5QkRvQW53ckdfQk9KSmF1MGc?oc=5"" target=""_blank"">The $2 trillion global wellness market gets a millennial and Gen Z glow-up</a>&nbsp;&nbsp;<font color=""#6f6f6f"">McKinsey & Company</font>"
Decoding the modern health consumer - Deloitte,"Tue, 02 Sep 2025 07:00:00 GMT",Deloitte,https://news.google.com/rss/articles/CBMipAFBVV95cUxNR3V6OUFPakxuM0dtZ0xSWFhYQ2NoTk1RV3lKZDJBTzBiaW1UU0VLVGtNdUhia244VkZsdW1vN29temJCQmRiQUhka0xQUTA0am50YlpZTXFwYnB0TWZmU19fSnQwaWd3Y0FCWjl6aXBZa1dEc3ZBcDNhM3dBdF9ZUVczSEtqbzFmRGFhaEQzUy1HSVZVZGQ4bmF5aHVoR09QbVlXWg?oc=5,"<a href=""https://news.google.com/rss/articles/CBMipAFBVV95cUxNR3V6OUFPakxuM0dtZ0xSWFhYQ2NoTk1RV3lKZDJBTzBiaW1UU0VLVGtNdUhia244VkZsdW1vN29temJCQmRiQUhka0xQUTA0am50YlpZTXFwYnB0TWZmU19fSnQwaWd3Y0FCWjl6aXBZa1dEc3ZBcDNhM3dBdF9ZUVczSEtqbzFmRGFhaEQzUy1HSVZVZGQ4bmF5aHVoR09QbVlXWg?oc=5"" target=""_blank"">Decoding the modern health consumer</a>&nbsp;&nbsp;<font color=""#6f6f6f"">Deloitte</font>",fitness technology consumers UK,"<a href=""https://news.google.com/rss/articles/CBMipAFBVV95cUxNR3V6OUFPakxuM0dtZ0xSWFhYQ2NoTk1RV3lKZDJBTzBiaW1UU0VLVGtNdUhia244VkZsdW1vN29temJCQmRiQUhka0xQUTA0am50YlpZTXFwYnB0TWZmU19fSnQwaWd3Y0FCWjl6aXBZa1dEc3ZBcDNhM3dBdF9ZUVczSEtqbzFmRGFhaEQzUy1HSVZVZGQ4bmF5aHVoR09QbVlXWg?oc=5"" target=""_blank"">Decoding the modern health consumer</a>&nbsp;&nbsp;<font color=""#6f6f6f"">Deloitte</font>"
Health and wellness roundup: Trends and insights for the UK in 2024 - YouGov,"Wed, 15 Jan 2025 08:00:00 GMT",YouGov,https://news.google.com/rss/articles/CBMiqgFBVV95cUxQeHI1VnQtSnpqNThHYUFtWldDRU9zRWpReG4wUVNaeUNHR0hJdVhGSjltTzlsYWwtWHl1UmowX2ZfcjlLMzNsMGVhWVZ6NGlGWWVpXzUxRGtRZk8wSTl0VUc0R19Ib1JWMjdldlpSUkZxYTJ2b0pGdFBIRHRIUmlyU0liQWxpQlBkUXgxM2NxUDhMQzFiY2NGMUtHU2dUVmk3dDNjRUFfYldpdw?oc=5,"<a href=""https://news.google.com/rss/articles/CBMiqgFBVV95cUxQeHI1VnQtSnpqNThHYUFtWldDRU9zRWpReG4wUVNaeUNHR0hJdVhGSjltTzlsYWwtWHl1UmowX2ZfcjlLMzNsMGVhWVZ6NGlGWWVpXzUxRGtRZk8wSTl0VUc0R19Ib1JWMjdldlpSUkZxYTJ2b0pGdFBIRHRIUmlyU0liQWxpQlBkUXgxM2NxUDhMQzFiY2NGMUtHU2dUVmk3dDNjRUFfYldpdw?oc=5"" target=""_blank"">Health and wellness roundup: Trends and insights for the UK in 2024</a>&nbsp;&nbsp;<font color=""#6f6f6f"">YouGov</font>",fitness technology consumers UK,"<a href=""https://news.google.com/rss/articles/CBMiqgFBVV95cUxQeHI1VnQtSnpqNThHYUFtWldDRU9zRWpReG4wUVNaeUNHR0hJdVhGSjltTzlsYWwtWHl1UmowX2ZfcjlLMzNsMGVhWVZ6NGlGWWVpXzUxRGtRZk8wSTl0VUc0R19Ib1JWMjdldlpSUkZxYTJ2b0pGdFBIRHRIUmlyU0liQWxpQlBkUXgxM2NxUDhMQzFiY2NGMUtHU2dUVmk3dDNjRUFfYldpdw?oc=5"" target=""_blank"">Health and wellness roundup: Trends and insights for the UK in 2024</a>&nbsp;&nbsp;<font color=""#6f6f6f"">YouGov</font>"
Nearly half of Britons concerned about wearable tech privacy - YouGov,"Mon, 17 Mar 2025 07:00:00 GMT",YouGov,https://news.google.com/rss/articles/CBMiogFBVV95cUxOcmdkMjlrSDN2ZVpmLUQwTmc2b2lwUlhNdHBLLWk5Q2VnWGk4dlkxaDdPb0xidWpmdDdKNkIxNFhfUmJxTXNNRmFEY2c3dUh5UjU1VVdsTzdGb0FNVDc4d2xrUUZGdzRmcFY4V1A0SEJlQ2IxNmJfTlp6RDVQR0twSk1yQ1hMR2VZaEpFR2VLTG96eU1KRHlPb0UtTzdSREY2ZWc?oc=5,"<a href=""https://news.google.com/rss/articles/CBMiogFBVV95cUxOcmdkMjlrSDN2ZVpmLUQwTmc2b2lwUlhNdHBLLWk5Q2VnWGk4dlkxaDdPb0xidWpmdDdKNkIxNFhfUmJxTXNNRmFEY2c3dUh5UjU1VVdsTzdGb0FNVDc4d2xrUUZGdzRmcFY4V1A0SEJlQ2IxNmJfTlp6RDVQR0twSk1yQ1hMR2VZaEpFR2VLTG96eU1KRHlPb0UtTzdSREY2ZWc?oc=5"" target=""_blank"">Nearly half of Britons concerned about wearable tech privacy</a>&nbsp;&nbsp;<font color=""#6f6f6f"">YouGov</font>",fitness technology consumers UK,"<a href=""https://news.google.com/rss/articles/CBMiogFBVV95cUxOcmdkMjlrSDN2ZVpmLUQwTmc2b2lwUlhNdHBLLWk5Q2VnWGk4dlkxaDdPb0xidWpmdDdKNkIxNFhfUmJxTXNNRmFEY2c3dUh5UjU1VVdsTzdGb0FNVDc4d2xrUUZGdzRmcFY4V1A0SEJlQ2IxNmJfTlp6RDVQR0twSk1yQ1hMR2VZaEpFR2VLTG96eU1KRHlPb0UtTzdSREY2ZWc?oc=5"" target=""_blank"">Nearly half of Britons concerned about wearable tech privacy</a>&nbsp;&nbsp;<font color=""#6f6f6f"">YouGov</font>"
Feeling good: The future of the $1.5 trillion wellness market - McKinsey & Company,"Thu, 08 Apr 2021 07:00:00 GMT",McKinsey & Company,https://news.google.com/rss/articles/CBMizAFBVV95cUxOakhucTRtQXN6YWZILWVHVnhJSlk3TkR1NEpRcDZKWFo5T0ZNdzFSbkRwdGpwUmZiOW1TWXhnczNtWGgwV3RVbFM2dkI0THZ1bEs4OXBPU2pEcEhrQ1JKYXZlYTNtZ21nVTREbGFLZW5oNXQ1MEJfRG5oVkFQUjE2eDZPbFJvOExyeTFvQnl4bklIc3B3M29NS21KVzREMUNteTk1SGpUbWVhZWZEX29GSlBuTW4tRTczanNQWmhKWU1tWmFmWXFweHUzQW0?oc=5,"<a href=""https://news.google.com/rss/articles/CBMizAFBVV95cUxOakhucTRtQXN6YWZILWVHVnhJSlk3TkR1NEpRcDZKWFo5T0ZNdzFSbkRwdGpwUmZiOW1TWXhnczNtWGgwV3RVbFM2dkI0THZ1bEs4OXBPU2pEcEhrQ1JKYXZlYTNtZ21nVTREbGFLZW5oNXQ1MEJfRG5oVkFQUjE2eDZPbFJvOExyeTFvQnl4bklIc3B3M29NS21KVzREMUNteTk1SGpUbWVhZWZEX29GSlBuTW4tRTczanNQWmhKWU1tWmFmWXFweHUzQW0?oc=5"" target=""_blank"">Feeling good: The future of the $1.5 trillion wellness market</a>&nbsp;&nbsp;<font color=""#6f6f6f"">McKinsey & Company</font>",fitness technology consumers UK,"<a href=""https://news.google.com/rss/articles/CBMizAFBVV95cUxOakhucTRtQXN6YWZILWVHVnhJSlk3TkR1NEpRcDZKWFo5T0ZNdzFSbkRwdGpwUmZiOW1TWXhnczNtWGgwV3RVbFM2dkI0THZ1bEs4OXBPU2pEcEhrQ1JKYXZlYTNtZ21nVTREbGFLZW5oNXQ1MEJfRG5oVkFQUjE2eDZPbFJvOExyeTFvQnl4bklIc3B3M29NS21KVzREMUNteTk1SGpUbWVhZWZEX29GSlBuTW4tRTczanNQWmhKWU1tWmFmWXFweHUzQW0?oc=5"" target=""_blank"">Feeling good: The future of the $1.5 trillion wellness market</a>&nbsp;&nbsp;<font color=""#6f6f6f"">McKinsey & Company</font>"
How sustainability focused UK gyms can make big gains - YouGov,"Tue, 17 Sep 2024 07:00:00 GMT",YouGov,https://news.google.com/rss/articles/CBMimAFBVV95cUxQYTlaRGt2YzBDOFo3N2pUWXA5Uk84YUcwSVU1N3hVeDdDSlQ2SEdvNU41QzRMUTU2eW1FUVpkQk9VbGMzaVJnd0Nfa1g4Z1laU1pGaG15eDkxNUlEQWJYZUZXZXFvZWEzQ1kzMXZwT0Z3dGloQjlyWHpGcDJoX2d6TXRHRVNMSEhoeFpWaVYxN01BSmRIXzFhWA?oc=5,"<a href=""https://news.google.com/rss/articles/CBMimAFBVV95cUxQYTlaRGt2YzBDOFo3N2pUWXA5Uk84YUcwSVU1N3hVeDdDSlQ2SEdvNU41QzRMUTU2eW1FUVpkQk9VbGMzaVJnd0Nfa1g4Z1laU1pGaG15eDkxNUlEQWJYZUZXZXFvZWEzQ1kzMXZwT0Z3dGloQjlyWHpGcDJoX2d6TXRHRVNMSEhoeFpWaVYxN01BSmRIXzFhWA?oc=5"" target=""_blank"">How sustainability focused UK gyms can make big gains</a>&nbsp;&nbsp;<font color=""#6f6f6f"">YouGov</font>",fitness technology consumers UK,"<a href=""https://news.google.com/rss/articles/CBMimAFBVV95cUxQYTlaRGt2YzBDOFo3N2pUWXA5Uk84YUcwSVU1N3hVeDdDSlQ2SEdvNU41QzRMUTU2eW1FUVpkQk9VbGMzaVJnd0Nfa1g4Z1laU1pGaG15eDkxNUlEQWJYZUZXZXFvZWEzQ1kzMXZwT0Z3dGloQjlyWHpGcDJoX2d6TXRHRVNMSEhoeFpWaVYxN01BSmRIXzFhWA?oc=5"" target=""_blank"">How sustainability focused UK gyms can make big gains</a>&nbsp;&nbsp;<font color=""#6f6f6f"">YouGov</font>"
Wearable Fitness Tracker Market | Global Market Analysis Report - 2035 - Future Market Insights,"Tue, 23 Sep 2025 07:00:00 GMT",Future Market Insights,https://news.google.com/rss/articles/CBMigwFBVV95cUxQLVN2eTJYSzFYamtqeEU0Z05yQkJDMXY1a2NHNTZYdnZNMWxhTF9ON1B0bU02N3JvLWdNRDlXdWxKMzl2SFVOeGdXaGQ3T29aZzBHODRFNmdTX2QzWjZhQkFqSE95S3ZwcGtXbVhrRE00WURDSDlSUFN1eWQwSmh4bTFUNA?oc=5,"<a href=""https://news.google.com/rss/articles/CBMigwFBVV95cUxQLVN2eTJYSzFYamtqeEU0Z05yQkJDMXY1a2NHNTZYdnZNMWxhTF9ON1B0bU02N3JvLWdNRDlXdWxKMzl2SFVOeGdXaGQ3T29aZzBHODRFNmdTX2QzWjZhQkFqSE95S3ZwcGtXbVhrRE00WURDSDlSUFN1eWQwSmh4bTFUNA?oc=5"" target=""_blank"">Wearable Fitness Tracker Market | Global Market Analysis Report - 2035</a>&nbsp;&nbsp;<font color=""#6f6f6f"">Future Market Insights</font>",fitness technology consumers UK,"<a href=""https://news.google.com/rss/articles/CBMigwFBVV95cUxQLVN2eTJYSzFYamtqeEU0Z05yQkJDMXY1a2NHNTZYdnZNMWxhTF9ON1B0bU02N3JvLWdNRDlXdWxKMzl2SFVOeGdXaGQ3T29aZzBHODRFNmdTX2QzWjZhQkFqSE95S3ZwcGtXbVhrRE00WURDSDlSUFN1eWQwSmh4bTFUNA?oc=5"" target=""_blank"">Wearable Fitness Tracker Market | Global Market Analysis Report - 2035</a>&nbsp;&nbsp;<font color=""#6f6f6f"">Future Market Insights</font>"
The Watch Is Ticking: A Five-Year Plan to Harness Wearable Health Tech - Tony Blair Institute for Global Change,"Fri, 23 Sep 2022 07:00:00 GMT",Tony Blair Institute for Global Change,https://news.google.com/rss/articles/CBMiqwFBVV95cUxQVDhKb1h6Zkx3c3JOMHpfc2haVEFVUl9SZV9qY1lmTzBDdlFSX3VKNl85eEthR0pTZjhlYVZMNFo4THdqbVYxMTJKUmZaaG5qenBrZDBhUk1TODk4SnB6c19RYzBzVW5NOVB4ZXZocWVOUWZQMHFnMnBDWERpNHFOdVB1VTU1Uk4tUnhiTlFnMjVVTkt3TDhqckZrc0lmOEdKMUtORXdwaGZWdW8?oc=5,"<a href=""https://news.google.com/rss/articles/CBMiqwFBVV95cUxQVDhKb1h6Zkx3c3JOMHpfc2haVEFVUl9SZV9qY1lmTzBDdlFSX3VKNl85eEthR0pTZjhlYVZMNFo4THdqbVYxMTJKUmZaaG5qenBrZDBhUk1TODk4SnB6c19RYzBzVW5NOVB4ZXZocWVOUWZQMHFnMnBDWERpNHFOdVB1VTU1Uk4tUnhiTlFnMjVVTkt3TDhqckZrc0lmOEdKMUtORXdwaGZWdW8?oc=5"" target=""_blank"">The Watch Is Ticking: A Five-Year Plan to Harness Wearable Health Tech</a>&nbsp;&nbsp;<font color=""#6f6f6f"">Tony Blair Institute for Global Change</font>",fitness technology consumers UK,"<a href=""https://news.google.com/rss/articles/CBMiqwFBVV95cUxQVDhKb1h6Zkx3c3JOMHpfc2haVEFVUl9SZV9qY1lmTzBDdlFSX3VKNl85eEthR0pTZjhlYVZMNFo4THdqbVYxMTJKUmZaaG5qenBrZDBhUk1TODk4SnB6c19RYzBzVW5NOVB4ZXZocWVOUWZQMHFnMnBDWERpNHFOdVB1VTU1Uk4tUnhiTlFnMjVVTkt3TDhqckZrc0lmOEdKMUtORXdwaGZWdW8?oc=5"" target=""_blank"">The Watch Is Ticking: A Five-Year Plan to Harness Wearable Health Tech</a>&nbsp;&nbsp;<font color=""#6f6f6f"">Tony Blair Institute for Global Change</font>"
Calling all gadget geeks! The fanciest new fitness tech to turbo-charge your workouts - Get the Gloss,"Mon, 23 Jun 2025 07:00:00 GMT",Get the Gloss,https://news.google.com/rss/articles/CBMiY0FVX3lxTE5VamhSbUZDYlEzelZ2QXpKRk1nSGNDQ3BhdnRhOVpraVNHeU5LZlNPQ1htNVYzNWxMZ0h0X2c4eldjY1BncFJpd1llMHZtT1IyWThUM0ZoRU1kLXNnQ1NUMW5JTQ?oc=5,"<a href=""https://news.google.com/rss/articles/CBMiY0FVX3lxTE5VamhSbUZDYlEzelZ2QXpKRk1nSGNDQ3BhdnRhOVpraVNHeU5LZlNPQ1htNVYzNWxMZ0h0X2c4eldjY1BncFJpd1llMHZtT1IyWThUM0ZoRU1kLXNnQ1NUMW5JTQ?oc=5"" target=""_blank"">Calling all gadget geeks! The fanciest new fitness tech to turbo-charge your workouts</a>&nbsp;&nbsp;<font color=""#6f6f6f"">Get the Gloss</font>",fitness technology consumers UK,"<a href=""https://news.google.com/rss/articles/CBMiY0FVX3lxTE5VamhSbUZDYlEzelZ2QXpKRk1nSGNDQ3BhdnRhOVpraVNHeU5LZlNPQ1htNVYzNWxMZ0h0X2c4eldjY1BncFJpd1llMHZtT1IyWThUM0ZoRU1kLXNnQ1NUMW5JTQ?oc=5"" target=""_blank"">Calling all gadget geeks! The fanciest new fitness tech to turbo-charge your workouts</a>&nbsp;&nbsp;<font color=""#6f6f6f"">Get the Gloss</font>"
What is the future of wellness? - McKinsey & Company,"Wed, 20 Nov 2024 08:00:00 GMT",McKinsey & Company,https://news.google.com/rss/articles/CBMimAFBVV95cUxNTHQxbVJiQ0lnQmdjSGU5WjBSNTB3T292WV9qQWw5a0RYRUxOaWFoQ3NuX200Y1BjdnNJbDFSOWVNeGhoTTZ5T2NGR3R5X0FVVlAwVTVrVVFnQVh6Qm9mR3JIcWh6SkVnVWYxYVhES0pNcVFFbDduM2FVX3g4aTB1OWJJSHp4VmV2a1l0bjVwQ2dFM2VHc2tzdA?oc=5,"<a href=""https://news.google.com/rss/articles/CBMimAFBVV95cUxNTHQxbVJiQ0lnQmdjSGU5WjBSNTB3T292WV9qQWw5a0RYRUxOaWFoQ3NuX200Y1BjdnNJbDFSOWVNeGhoTTZ5T2NGR3R5X0FVVlAwVTVrVVFnQVh6Qm9mR3JIcWh6SkVnVWYxYVhES0pNcVFFbDduM2FVX3g4aTB1OWJJSHp4VmV2a1l0bjVwQ2dFM2VHc2tzdA?oc=5"" target=""_blank"">What is the future of wellness?</a>&nbsp;&nbsp;<font color=""#6f6f6f"">McKinsey & Company</font>",fitness technology consumers UK,"<a href=""https://news.google.com/rss/articles/CBMimAFBVV95cUxNTHQxbVJiQ0lnQmdjSGU5WjBSNTB3T292WV9qQWw5a0RYRUxOaWFoQ3NuX200Y1BjdnNJbDFSOWVNeGhoTTZ5T2NGR3R5X0FVVlAwVTVrVVFnQVh6Qm9mR3JIcWh6SkVnVWYxYVhES0pNcVFFbDduM2FVX3g4aTB1OWJJSHp4VmV2a1l0bjVwQ2dFM2VHc2tzdA?oc=5"" target=""_blank"">What is the future of wellness?</a>&nbsp;&nbsp;<font color=""#6f6f6f"">McKinsey & Company</font>"
Global Surge in Demand for Smart Wearables - EMJ,"Mon, 16 Feb 2026 08:00:00 GMT",EMJ,https://news.google.com/rss/articles/CBMimgFBVV95cUxOaWFoUmZWXzRfb3NoRDRfUnZpeGpoaHNuVnlIaWdybkVIWUdwMlhlekxER1BLQmoyQmFpSHNERm9BbTd5c2tSRUUxTmt5ZGZ4MnNTME5CclcwWmNtSUlfbUNLR0k2all6cHpfS29NaUhTRFhuTjNma3N3TFBsc1JZSm9TclZQeGMzWWF3YVdaMWtqOWt1anN2VEdB?oc=5,"<a href=""https://news.google.com/rss/articles/CBMimgFBVV95cUxOaWFoUmZWXzRfb3NoRDRfUnZpeGpoaHNuVnlIaWdybkVIWUdwMlhlekxER1BLQmoyQmFpSHNERm9BbTd5c2tSRUUxTmt5ZGZ4MnNTME5CclcwWmNtSUlfbUNLR0k2all6cHpfS29NaUhTRFhuTjNma3N3TFBsc1JZSm9TclZQeGMzWWF3YVdaMWtqOWt1anN2VEdB?oc=5"" target=""_blank"">Global Surge in Demand for Smart Wearables</a>&nbsp;&nbsp;<font color=""#6f6f6f"">EMJ</font>",fitness technology consumers UK,"<a href=""https://news.google.com/rss/articles/CBMimgFBVV95cUxOaWFoUmZWXzRfb3NoRDRfUnZpeGpoaHNuVnlIaWdybkVIWUdwMlhlekxER1BLQmoyQmFpSHNERm9BbTd5c2tSRUUxTmt5ZGZ4MnNTME5CclcwWmNtSUlfbUNLR0k2all6cHpfS29NaUhTRFhuTjNma3N3TFBsc1JZSm9TclZQeGMzWWF3YVdaMWtqOWt1anN2VEdB?oc=5"" target=""_blank"">Global Surge in Demand for Smart Wearables</a>&nbsp;&nbsp;<font color=""#6f6f6f"">EMJ</font>"
22 Best fitness gadgets to upgrade your workout - British GQ,"Mon, 13 Feb 2023 08:00:00 GMT",British GQ,https://news.google.com/rss/articles/CBMiaEFVX3lxTFBmM2phaWNFYmtOejVTYmJWb1lNX2g4VWlOcFRHRmZQQ3ZzVXhtSGdOMGxxb191SzZWN3dYR0h3S0NNRTVOZm5mek4wNVJjVFM5Vk12MVZWOUNqWFh5enFkQW1sMS1XWWRR?oc=5,"<a href=""https://news.google.com/rss/articles/CBMiaEFVX3lxTFBmM2phaWNFYmtOejVTYmJWb1lNX2g4VWlOcFRHRmZQQ3ZzVXhtSGdOMGxxb191SzZWN3dYR0h3S0NNRTVOZm5mek4wNVJjVFM5Vk12MVZWOUNqWFh5enFkQW1sMS1XWWRR?oc=5"" target=""_blank"">22 Best fitness gadgets to upgrade your workout</a>&nbsp;&nbsp;<font color=""#6f6f6f"">British GQ</font>",fitness technology consumers UK,"<a href=""https://news.google.com/rss/articles/CBMiaEFVX3lxTFBmM2phaWNFYmtOejVTYmJWb1lNX2g4VWlOcFRHRmZQQ3ZzVXhtSGdOMGxxb191SzZWN3dYR0h3S0NNRTVOZm5mek4wNVJjVFM5Vk12MVZWOUNqWFh5enFkQW1sMS1XWWRR?oc=5"" target=""_blank"">22 Best fitness gadgets to upgrade your workout</a>&nbsp;&nbsp;<font color=""#6f6f6f"">British GQ</font>"
HUAWEI WATCH FIT 4 Pro - HUAWEI UK - HUAWEI Global,"Thu, 15 May 2025 14:54:21 GMT",HUAWEI Global,https://news.google.com/rss/articles/CBMiZ0FVX3lxTE5MUFpQTnlfT09FOURqdHFVekhjQ2I5TDFUaTRsWlY4TFUwN1FrQmFjX2dHNVZwVkZBZGNXN0VScUJoOFd4d2FsUkZkei1aOWZWcjlWVG5uNVZYSnFCeXMtTTFSQUpuX0k?oc=5,"<a href=""https://news.google.com/rss/articles/CBMiZ0FVX3lxTE5MUFpQTnlfT09FOURqdHFVekhjQ2I5TDFUaTRsWlY4TFUwN1FrQmFjX2dHNVZwVkZBZGNXN0VScUJoOFd4d2FsUkZkei1aOWZWcjlWVG5uNVZYSnFCeXMtTTFSQUpuX0k?oc=5"" target=""_blank"">HUAWEI WATCH FIT 4 Pro - HUAWEI UK</a>&nbsp;&nbsp;<font color=""#6f6f6f"">HUAWEI Global</font>",fitness technology consumers UK,"<a href=""https://news.google.com/rss/articles/CBMiZ0FVX3lxTE5MUFpQTnlfT09FOURqdHFVekhjQ2I5TDFUaTRsWlY4TFUwN1FrQmFjX2dHNVZwVkZBZGNXN0VScUJoOFd4d2FsUkZkei1aOWZWcjlWVG5uNVZYSnFCeXMtTTFSQUpuX0k?oc=5"" target=""_blank"">HUAWEI WATCH FIT 4 Pro - HUAWEI UK</a>&nbsp;&nbsp;<font color=""#6f6f6f"">HUAWEI Global</font>"
How active are Brits? A look at the nation’s exercise habits - YouGov,"Fri, 05 Dec 2025 08:00:00 GMT",YouGov,https://news.google.com/rss/articles/CBMinwFBVV95cUxOSjF6bmd3ZU91NkNhb0xqNnlZSUU1aExiYWtQNU9mZzFVR3p2djBWUXJBcEZJNjUtWmlIWHlFZXdoc05TMFpzQkxYZTRkNUNQdFhIeWJPSWNWWWFUeHVxa0NWSmMzN2lMMUQ1cUxyLV9NWk9PV0ZjdkRGNkJJczFRWFpvcjZpS2hxMEJoWlRkazBjOVFYbGFza1pQRnF3STg?oc=5,"<a href=""https://news.google.com/rss/articles/CBMinwFBVV95cUxOSjF6bmd3ZU91NkNhb0xqNnlZSUU1aExiYWtQNU9mZzFVR3p2djBWUXJBcEZJNjUtWmlIWHlFZXdoc05TMFpzQkxYZTRkNUNQdFhIeWJPSWNWWWFUeHVxa0NWSmMzN2lMMUQ1cUxyLV9NWk9PV0ZjdkRGNkJJczFRWFpvcjZpS2hxMEJoWlRkazBjOVFYbGFza1pQRnF3STg?oc=5"" target=""_blank"">How active are Brits? A look at the nation’s exercise habits</a>&nbsp;&nbsp;<font color=""#6f6f6f"">YouGov</font>",fitness technology consumers UK,"<a href=""https://news.google.com/rss/articles/CBMinwFBVV95cUxOSjF6bmd3ZU91NkNhb0xqNnlZSUU1aExiYWtQNU9mZzFVR3p2djBWUXJBcEZJNjUtWmlIWHlFZXdoc05TMFpzQkxYZTRkNUNQdFhIeWJPSWNWWWFUeHVxa0NWSmMzN2lMMUQ1cUxyLV9NWk9PV0ZjdkRGNkJJczFRWFpvcjZpS2hxMEJoWlRkazBjOVFYbGFza1pQRnF3STg?oc=5"" target=""_blank"">How active are Brits? A look at the nation’s exercise habits</a>&nbsp;&nbsp;<font color=""#6f6f6f"">YouGov</font>"
Self‐quantification and consumer well‐being: A meta‐analytic review - Jain - 2025 - Psychology & Marketing - Wiley Online Library,"Sat, 12 Oct 2024 07:00:00 GMT",Wiley Online Library,https://news.google.com/rss/articles/CBMiakFVX3lxTFB3STFDc3AxbmcwTUdjQmh3bV9vZUVBNS1DUENWUXVZaTFoSXdicTU2T3pGTjJPeDVxaWhEWC1Ed0ZhMlhWelE0UWZOd3pQcWtQakxaNGRXVWxmLV9GSmNiZ3N0SV9VUlFMWmc?oc=5,"<a href=""https://news.google.com/rss/articles/CBMiakFVX3lxTFB3STFDc3AxbmcwTUdjQmh3bV9vZUVBNS1DUENWUXVZaTFoSXdicTU2T3pGTjJPeDVxaWhEWC1Ed0ZhMlhWelE0UWZOd3pQcWtQakxaNGRXVWxmLV9GSmNiZ3N0SV9VUlFMWmc?oc=5"" target=""_blank"">Self‐quantification and consumer well‐being: A meta‐analytic review - Jain - 2025 - Psychology & Marketing</a>&nbsp;&nbsp;<font color=""#6f6f6f"">Wiley Online Library</font>",fitness technology consumers UK,"<a href=""https://news.google.com/rss/articles/CBMiakFVX3lxTFB3STFDc3AxbmcwTUdjQmh3bV9vZUVBNS1DUENWUXVZaTFoSXdicTU2T3pGTjJPeDVxaWhEWC1Ed0ZhMlhWelE0UWZOd3pQcWtQakxaNGRXVWxmLV9GSmNiZ3N0SV9VUlFMWmc?oc=5"" target=""_blank"">Self‐quantification and consumer well‐being: A meta‐analytic review - Jain - 2025 - Psychology & Marketing</a>&nbsp;&nbsp;<font color=""#6f6f6f"">Wiley Online Library</font>"
Trust Us - These 14 Wellness Trends Will Dominate In 2025 - Marie Claire UK,"Sat, 21 Dec 2024 08:00:00 GMT",Marie Claire UK,https://news.google.com/rss/articles/CBMiekFVX3lxTE9zRURid09hTmY1Slk5cFVwQThxdWo4M2ZpckN2cFBJWkx3T3dTTW80YUROTTJ4QTJzSXhOMFZfeWdSZUp0ZThHQVdLRk96NGxBczdzNjd1dE9Yd2pfYmRkMDNkTEw2N3VETlNFZ3ZaelRGeVB6d3VvQ19B?oc=5,"<a href=""https://news.google.com/rss/articles/CBMiekFVX3lxTE9zRURid09hTmY1Slk5cFVwQThxdWo4M2ZpckN2cFBJWkx3T3dTTW80YUROTTJ4QTJzSXhOMFZfeWdSZUp0ZThHQVdLRk96NGxBczdzNjd1dE9Yd2pfYmRkMDNkTEw2N3VETlNFZ3ZaelRGeVB6d3VvQ19B?oc=5"" target=""_blank"">Trust Us - These 14 Wellness Trends Will Dominate In 2025</a>&nbsp;&nbsp;<font color=""#6f6f6f"">Marie Claire UK</font>",fitness technology consumers UK,"<a href=""https://news.google.com/rss/articles/CBMiekFVX3lxTE9zRURid09hTmY1Slk5cFVwQThxdWo4M2ZpckN2cFBJWkx3T3dTTW80YUROTTJ4QTJzSXhOMFZfeWdSZUp0ZThHQVdLRk96NGxBczdzNjd1dE9Yd2pfYmRkMDNkTEw2N3VETlNFZ3ZaelRGeVB6d3VvQ19B?oc=5"" target=""_blank"">Trust Us - These 14 Wellness Trends Will Dominate In 2025</a>&nbsp;&nbsp;<font color=""#6f6f6f"">Marie Claire UK</font>"
Home Gym Equipment Market - Future Market Insights,"Thu, 21 Aug 2025 07:00:00 GMT",Future Market Insights,https://news.google.com/rss/articles/CBMiekFVX3lxTE1UN3lCMVZTSmt4RkRDdXRqVG5XRTdNd3FHaTQ5OXRieXExdjA3RzVJc0F1NDNVOGJLNFYtVWtYWDJncU5RbE5CcERPR1dHbEVQaDdrYVYzRVVkTXhyQVhjQ29zWXAzd0oyR01oczNsVW54RFEzajIwZDRn?oc=5,"<a href=""https://news.google.com/rss/articles/CBMiekFVX3lxTE1UN3lCMVZTSmt4RkRDdXRqVG5XRTdNd3FHaTQ5OXRieXExdjA3RzVJc0F1NDNVOGJLNFYtVWtYWDJncU5RbE5CcERPR1dHbEVQaDdrYVYzRVVkTXhyQVhjQ29zWXAzd0oyR01oczNsVW54RFEzajIwZDRn?oc=5"" target=""_blank"">Home Gym Equipment Market</a>&nbsp;&nbsp;<font color=""#6f6f6f"">Future Market Insights</font>",fitness technology consumers UK,"<a href=""https://news.google.com/rss/articles/CBMiekFVX3lxTE1UN3lCMVZTSmt4RkRDdXRqVG5XRTdNd3FHaTQ5OXRieXExdjA3RzVJc0F1NDNVOGJLNFYtVWtYWDJncU5RbE5CcERPR1dHbEVQaDdrYVYzRVVkTXhyQVhjQ29zWXAzd0oyR01oczNsVW54RFEzajIwZDRn?oc=5"" target=""_blank"">Home Gym Equipment Market</a>&nbsp;&nbsp;<font color=""#6f6f6f"">Future Market Insights</font>"
Healthy New Year: The Latest Fitness And Wellness Tech For 2026 - Forbes,"Wed, 31 Dec 2025 08:00:00 GMT",Forbes,https://news.google.com/rss/articles/CBMiuAFBVV95cUxOcDNTOG1JTkxmdkpqWEN2M0JBUTFjNjhSM1JiNzF0WHFNVXZCXzB5SEpQVkFVMkMyVS1VZEFxa0FCcU8wZHRxb3JSNnEtR3pkc1B6eUFfWnlLeEFwSmlqVVQ0bFFOZUFrc2JGUG9LenVILURzTVVMbnBfM0dDYU5Db2ZUNHQ1NEs5d1kwRTNtYkE5aGF1WmVDZFc1bnIybjlWVXI3X2lmdUFwUE9FY2FsWmFqM01mcXlJ?oc=5,"<a href=""https://news.google.com/rss/articles/CBMiuAFBVV95cUxOcDNTOG1JTkxmdkpqWEN2M0JBUTFjNjhSM1JiNzF0WHFNVXZCXzB5SEpQVkFVMkMyVS1VZEFxa0FCcU8wZHRxb3JSNnEtR3pkc1B6eUFfWnlLeEFwSmlqVVQ0bFFOZUFrc2JGUG9LenVILURzTVVMbnBfM0dDYU5Db2ZUNHQ1NEs5d1kwRTNtYkE5aGF1WmVDZFc1bnIybjlWVXI3X2lmdUFwUE9FY2FsWmFqM01mcXlJ?oc=5"" target=""_blank"">Healthy New Year: The Latest Fitness And Wellness Tech For 2026</a>&nbsp;&nbsp;<font color=""#6f6f6f"">Forbes</font>",fitness technology consumers UK,"<a href=""https://news.google.com/rss/articles/CBMiuAFBVV95cUxOcDNTOG1JTkxmdkpqWEN2M0JBUTFjNjhSM1JiNzF0WHFNVXZCXzB5SEpQVkFVMkMyVS1VZEFxa0FCcU8wZHRxb3JSNnEtR3pkc1B6eUFfWnlLeEFwSmlqVVQ0bFFOZUFrc2JGUG9LenVILURzTVVMbnBfM0dDYU5Db2ZUNHQ1NEs5d1kwRTNtYkE5aGF1WmVDZFc1bnIybjlWVXI3X2lmdUFwUE9FY2FsWmFqM01mcXlJ?oc=5"" target=""_blank"">Healthy New Year: The Latest Fitness And Wellness Tech For 2026</a>&nbsp;&nbsp;<font color=""#6f6f6f"">Forbes</font>"
Health and wellness trends in the UK. British consumers are - Innova Market Insights,"Fri, 14 Mar 2025 07:00:00 GMT",Innova Market Insights,https://news.google.com/rss/articles/CBMiiAFBVV95cUxOVW9TdkdSSV9rRVBBUWdSUGFKbTl1LWh2VmhqLVZrYmFJZnRSOWtFVjNQOWJWbkJqSGFtRmxmM3Bia3k5WkljOFZTZUxnS1MyRlN1c0hXWVhyUEdXVVVCTllOS3I5cU83S0owOUxIUkhyalAyU1ZGQUV6SkluOUF1UEh6Q2tWRmVM?oc=5,"<a href=""https://news.google.com/rss/articles/CBMiiAFBVV95cUxOVW9TdkdSSV9rRVBBUWdSUGFKbTl1LWh2VmhqLVZrYmFJZnRSOWtFVjNQOWJWbkJqSGFtRmxmM3Bia3k5WkljOFZTZUxnS1MyRlN1c0hXWVhyUEdXVVVCTllOS3I5cU83S0owOUxIUkhyalAyU1ZGQUV6SkluOUF1UEh6Q2tWRmVM?oc=5"" target=""_blank"">Health and wellness trends in the UK. British consumers are</a>&nbsp;&nbsp;<font color=""#6f6f6f"">Innova Market Insights</font>",fitness technology consumers UK,"<a href=""https://news.google.com/rss/articles/CBMiiAFBVV95cUxOVW9TdkdSSV9rRVBBUWdSUGFKbTl1LWh2VmhqLVZrYmFJZnRSOWtFVjNQOWJWbkJqSGFtRmxmM3Bia3k5WkljOFZTZUxnS1MyRlN1c0hXWVhyUEdXVVVCTllOS3I5cU83S0owOUxIUkhyalAyU1ZGQUV6SkluOUF1UEh6Q2tWRmVM?oc=5"" target=""_blank"">Health and wellness trends in the UK. British consumers are</a>&nbsp;&nbsp;<font color=""#6f6f6f"">Innova Market Insights</font>"
"From sex to exercise, here are the things that Brits are most likely to track using apps and tech - YouGov","Mon, 25 Mar 2024 07:00:00 GMT",YouGov,https://news.google.com/rss/articles/CBMihwFBVV95cUxQYjJuSTBwOGY5Q3VHQjlWbDVQYkNJM1ViWlNUUWF5TXJfaWZsc3g1OXRCNFhqREI1Y3ZVanhfVlVIR2NGVm1Gb1pObWs0bGNWcHdNTjR1V3lWbmM0UXFETTZjNktSZ0tBVXhlaEkzNTlEQnpJalVTOVY4MDUyVDQ0alVSN2JGUmM?oc=5,"<a href=""https://news.google.com/rss/articles/CBMihwFBVV95cUxQYjJuSTBwOGY5Q3VHQjlWbDVQYkNJM1ViWlNUUWF5TXJfaWZsc3g1OXRCNFhqREI1Y3ZVanhfVlVIR2NGVm1Gb1pObWs0bGNWcHdNTjR1V3lWbmM0UXFETTZjNktSZ0tBVXhlaEkzNTlEQnpJalVTOVY4MDUyVDQ0alVSN2JGUmM?oc=5"" target=""_blank"">From sex to exercise, here are the things that Brits are most likely to track using apps and tech</a>&nbsp;&nbsp;<font color=""#6f6f6f"">YouGov</font>",fitness technology consumers UK,"<a href=""https://news.google.com/rss/articles/CBMihwFBVV95cUxQYjJuSTBwOGY5Q3VHQjlWbDVQYkNJM1ViWlNUUWF5TXJfaWZsc3g1OXRCNFhqREI1Y3ZVanhfVlVIR2NGVm1Gb1pObWs0bGNWcHdNTjR1V3lWbmM0UXFETTZjNktSZ0tBVXhlaEkzNTlEQnpJalVTOVY4MDUyVDQ0alVSN2JGUmM?oc=5"" target=""_blank"">From sex to exercise, here are the things that Brits are most likely to track using apps and tech</a>&nbsp;&nbsp;<font color=""#6f6f6f"">YouGov</font>"
"Virtual Fitness Market Size, Industry Share, Forecast to 2034 - Fortune Business Insights","Mon, 29 Jun 2026 07:00:00 GMT",Fortune Business Insights,https://news.google.com/rss/articles/CBMieEFVX3lxTFBuZlg4S1NOVkU5aE0xSWRpbkFZTTRZclF5NW5iRnZneWpwTGtLLVlReTNMVGZjVnFheVQtS21ZOGtRZ0VtWUM4T2FSSEkzbVBqNTZURWVXcmV4MGsxTGdDXzVvRWFrMzRoWjF4R3ZkNFktYVFjMWthYw?oc=5,"<a href=""https://news.google.com/rss/articles/CBMieEFVX3lxTFBuZlg4S1NOVkU5aE0xSWRpbkFZTTRZclF5NW5iRnZneWpwTGtLLVlReTNMVGZjVnFheVQtS21ZOGtRZ0VtWUM4T2FSSEkzbVBqNTZURWVXcmV4MGsxTGdDXzVvRWFrMzRoWjF4R3ZkNFktYVFjMWthYw?oc=5"" target=""_blank"">Virtual Fitness Market Size, Industry Share, Forecast to 2034</a>&nbsp;&nbsp;<font color=""#6f6f6f"">Fortune Business Insights</font>",fitness technology consumers UK,"<a href=""https://news.google.com/rss/articles/CBMieEFVX3lxTFBuZlg4S1NOVkU5aE0xSWRpbkFZTTRZclF5NW5iRnZneWpwTGtLLVlReTNMVGZjVnFheVQtS21ZOGtRZ0VtWUM4T2FSSEkzbVBqNTZURWVXcmV4MGsxTGdDXzVvRWFrMzRoWjF4R3ZkNFktYVFjMWthYw?oc=5"" target=""_blank"">Virtual Fitness Market Size, Industry Share, Forecast to 2034</a>&nbsp;&nbsp;<font color=""#6f6f6f"">Fortune Business Insights</font>"
The Future of Feeling Good: The Top Wellness Tech of CES 2026 - PCMag UK,"Fri, 09 Jan 2026 08:00:00 GMT",PCMag UK,https://news.google.com/rss/articles/CBMipgFBVV95cUxPSndpaVlkSFlDdDBIMXRnYXpHVWhDS2VRM2dMQUdQSXpzTDhuNHR3dWd1SjZ6SkNNcmhBQ0I5Y1RwRUpuNnBOOGpjTnBLQ1NobXhUWFc2QTBielF4SG90STZQUXVxendQb0RRRnlBTkl3VTFReVNUeG10Xy15TWVZa2xhd1RNc1JNOWhLN0s1enV4bVVOV1lYcXFCaGlzcTB4NEJwSENn?oc=5,"<a href=""https://news.google.com/rss/articles/CBMipgFBVV95cUxPSndpaVlkSFlDdDBIMXRnYXpHVWhDS2VRM2dMQUdQSXpzTDhuNHR3dWd1SjZ6SkNNcmhBQ0I5Y1RwRUpuNnBOOGpjTnBLQ1NobXhUWFc2QTBielF4SG90STZQUXVxendQb0RRRnlBTkl3VTFReVNUeG10Xy15TWVZa2xhd1RNc1JNOWhLN0s1enV4bVVOV1lYcXFCaGlzcTB4NEJwSENn?oc=5"" target=""_blank"">The Future of Feeling Good: The Top Wellness Tech of CES 2026</a>&nbsp;&nbsp;<font color=""#6f6f6f"">PCMag UK</font>",fitness technology consumers UK,"<a href=""https://news.google.com/rss/articles/CBMipgFBVV95cUxPSndpaVlkSFlDdDBIMXRnYXpHVWhDS2VRM2dMQUdQSXpzTDhuNHR3dWd1SjZ6SkNNcmhBQ0I5Y1RwRUpuNnBOOGpjTnBLQ1NobXhUWFc2QTBielF4SG90STZQUXVxendQb0RRRnlBTkl3VTFReVNUeG10Xy15TWVZa2xhd1RNc1JNOWhLN0s1enV4bVVOV1lYcXFCaGlzcTB4NEJwSENn?oc=5"" target=""_blank"">The Future of Feeling Good: The Top Wellness Tech of CES 2026</a>&nbsp;&nbsp;<font color=""#6f6f6f"">PCMag UK</font>"
The Best Waterproof Fitness Trackers for 2026 - PCMag UK,"Fri, 24 Jul 2026 07:00:00 GMT",PCMag UK,https://news.google.com/rss/articles/CBMihwFBVV95cUxNeFFtdS1UZXpZM3puS0NwNm5KaVhFSmVfUHBuc21IdWVCTnlyMjNiWFdsSEZIcXBYTVZtMm9iZmJhMWtXQkhYNnJsOEdjVjVlUnozN2RtdU1lZi1VdDlJdkU2TXdNdHBiTWctU2dnX0hLQ2FFSlplVzgyYWRvRFgySU9sdURYbUU?oc=5,"<a href=""https://news.google.com/rss/articles/CBMihwFBVV95cUxNeFFtdS1UZXpZM3puS0NwNm5KaVhFSmVfUHBuc21IdWVCTnlyMjNiWFdsSEZIcXBYTVZtMm9iZmJhMWtXQkhYNnJsOEdjVjVlUnozN2RtdU1lZi1VdDlJdkU2TXdNdHBiTWctU2dnX0hLQ2FFSlplVzgyYWRvRFgySU9sdURYbUU?oc=5"" target=""_blank"">The Best Waterproof Fitness Trackers for 2026</a>&nbsp;&nbsp;<font color=""#6f6f6f"">PCMag UK</font>",fitness technology consumers UK,"<a href=""https://news.google.com/rss/articles/CBMihwFBVV95cUxNeFFtdS1UZXpZM3puS0NwNm5KaVhFSmVfUHBuc21IdWVCTnlyMjNiWFdsSEZIcXBYTVZtMm9iZmJhMWtXQkhYNnJsOEdjVjVlUnozN2RtdU1lZi1VdDlJdkU2TXdNdHBiTWctU2dnX0hLQ2FFSlplVzgyYWRvRFgySU9sdURYbUU?oc=5"" target=""_blank"">The Best Waterproof Fitness Trackers for 2026</a>&nbsp;&nbsp;<font color=""#6f6f6f"">PCMag UK</font>"
Wearable Fitness Trackers Market Size & Share [2026-2035] - Market Growth Reports,"Fri, 17 Jul 2026 07:00:00 GMT",Market Growth Reports,https://news.google.com/rss/articles/CBMilAFBVV95cUxQWk9tdlpSZmF0SXhmbnNUZG1ocnZ1Wk9hejd3YUg5M2w4NDRDLXRITDBHOW5GakJNRWh2Q0c2cVktMEUtczZDOFVXNWJPZzlYUnpiWEtOMlJCV28ySWtndVR2RF9kaGl6Y29TbXlqd2ZLUGl5R1I5VndSQ25OQzZEamNrWk1FUWZsLUYyRjBranJkWk1Y?oc=5,"<a href=""https://news.google.com/rss/articles/CBMilAFBVV95cUxQWk9tdlpSZmF0SXhmbnNUZG1ocnZ1Wk9hejd3YUg5M2w4NDRDLXRITDBHOW5GakJNRWh2Q0c2cVktMEUtczZDOFVXNWJPZzlYUnpiWEtOMlJCV28ySWtndVR2RF9kaGl6Y29TbXlqd2ZLUGl5R1I5VndSQ25OQzZEamNrWk1FUWZsLUYyRjBranJkWk1Y?oc=5"" target=""_blank"">Wearable Fitness Trackers Market Size & Share [2026-2035]</a>&nbsp;&nbsp;<font color=""#6f6f6f"">Market Growth Reports</font>",fitness technology consumers UK,"<a href=""https://news.google.com/rss/articles/CBMilAFBVV95cUxQWk9tdlpSZmF0SXhmbnNUZG1ocnZ1Wk9hejd3YUg5M2w4NDRDLXRITDBHOW5GakJNRWh2Q0c2cVktMEUtczZDOFVXNWJPZzlYUnpiWEtOMlJCV28ySWtndVR2RF9kaGl6Y29TbXlqd2ZLUGl5R1I5VndSQ25OQzZEamNrWk1FUWZsLUYyRjBranJkWk1Y?oc=5"" target=""_blank"">Wearable Fitness Trackers Market Size & Share [2026-2035]</a>&nbsp;&nbsp;<font color=""#6f6f6f"">Market Growth Reports</font>"
New cyber laws to protect people’s personal tech from hackers - GOV.UK,"Wed, 24 Nov 2021 08:00:00 GMT",GOV.UK,https://news.google.com/rss/articles/CBMimwFBVV95cUxPTERpVDlPWjQ5bXlscGxSeHlReGJUdjcyemM1ZE4yNk1SbmQwVkxWWmVKdTFBeGk2di1KeGI0M0VkR0hBUkpzN3Y3WEZVdWhtcVR2T0ttaUJ4N2dTb2VoclBSNWh6TDZoWi10MUQ0UHJmdlM2NzZwSUtVblBmRGpuQVM2d3QzVnYzZlF4V1ozVFgxSTM5cmNSaWV4SQ?oc=5,"<a href=""https://news.google.com/rss/articles/CBMimwFBVV95cUxPTERpVDlPWjQ5bXlscGxSeHlReGJUdjcyemM1ZE4yNk1SbmQwVkxWWmVKdTFBeGk2di1KeGI0M0VkR0hBUkpzN3Y3WEZVdWhtcVR2T0ttaUJ4N2dTb2VoclBSNWh6TDZoWi10MUQ0UHJmdlM2NzZwSUtVblBmRGpuQVM2d3QzVnYzZlF4V1ozVFgxSTM5cmNSaWV4SQ?oc=5"" target=""_blank"">New cyber laws to protect people’s personal tech from hackers</a>&nbsp;&nbsp;<font color=""#6f6f6f"">GOV.UK</font>",fitness technology consumers UK,"<a href=""https://news.google.com/rss/articles/CBMimwFBVV95cUxPTERpVDlPWjQ5bXlscGxSeHlReGJUdjcyemM1ZE4yNk1SbmQwVkxWWmVKdTFBeGk2di1KeGI0M0VkR0hBUkpzN3Y3WEZVdWhtcVR2T0ttaUJ4N2dTb2VoclBSNWh6TDZoWi10MUQ0UHJmdlM2NzZwSUtVblBmRGpuQVM2d3QzVnYzZlF4V1ozVFgxSTM5cmNSaWV4SQ?oc=5"" target=""_blank"">New cyber laws to protect people’s personal tech from hackers</a>&nbsp;&nbsp;<font color=""#6f6f6f"">GOV.UK</font>"
Samsung launches Galaxy smart ring to track sleep and periods - BBC,"Wed, 10 Jul 2024 07:00:00 GMT",BBC,https://news.google.com/rss/articles/CBMiWkFVX3lxTE8zZkxlajcwMm1IWGpOUTR3eUxiTjlSblJld1VkeHFHbXNTclkxeC1BOTRyYTVqc3FSVERsTnJod2piY1dNTEtDNXRFaFpQNzhSUk9xQnpNZDFsQQ?oc=5,"<a href=""https://news.google.com/rss/articles/CBMiWkFVX3lxTE8zZkxlajcwMm1IWGpOUTR3eUxiTjlSblJld1VkeHFHbXNTclkxeC1BOTRyYTVqc3FSVERsTnJod2piY1dNTEtDNXRFaFpQNzhSUk9xQnpNZDFsQQ?oc=5"" target=""_blank"">Samsung launches Galaxy smart ring to track sleep and periods</a>&nbsp;&nbsp;<font color=""#6f6f6f"">BBC</font>",fitness technology consumers UK,"<a href=""https://news.google.com/rss/articles/CBMiWkFVX3lxTE8zZkxlajcwMm1IWGpOUTR3eUxiTjlSblJld1VkeHFHbXNTclkxeC1BOTRyYTVqc3FSVERsTnJod2piY1dNTEtDNXRFaFpQNzhSUk9xQnpNZDFsQQ?oc=5"" target=""_blank"">Samsung launches Galaxy smart ring to track sleep and periods</a>&nbsp;&nbsp;<font color=""#6f6f6f"">BBC</font>"
The environmental cost of wearable tech - which.co.uk,"Wed, 06 Mar 2024 08:00:00 GMT",which.co.uk,https://news.google.com/rss/articles/CBMikwFBVV95cUxNc1dyeTdpd2dxRUZ6eS1FSlZNRU45UFk0M1ZraVM5NkstVmNBbGgzYTdjT0VqUmlkemx6Wk9sczllWTJqRE5sUURBdVhWTmJrZnFub0JwSHpQaThVejNJM054Y1RISTMzQmt2NWFUQ0lPaEJyeGxpVVlLNnNLOUpYLUxuYmRycElUbngyeWM1cnF2cjg?oc=5,"<a href=""https://news.google.com/rss/articles/CBMikwFBVV95cUxNc1dyeTdpd2dxRUZ6eS1FSlZNRU45UFk0M1ZraVM5NkstVmNBbGgzYTdjT0VqUmlkemx6Wk9sczllWTJqRE5sUURBdVhWTmJrZnFub0JwSHpQaThVejNJM054Y1RISTMzQmt2NWFUQ0lPaEJyeGxpVVlLNnNLOUpYLUxuYmRycElUbngyeWM1cnF2cjg?oc=5"" target=""_blank"">The environmental cost of wearable tech</a>&nbsp;&nbsp;<font color=""#6f6f6f"">which.co.uk</font>",fitness technology consumers UK,"<a href=""https://news.google.com/rss/articles/CBMikwFBVV95cUxNc1dyeTdpd2dxRUZ6eS1FSlZNRU45UFk0M1ZraVM5NkstVmNBbGgzYTdjT0VqUmlkemx6Wk9sczllWTJqRE5sUURBdVhWTmJrZnFub0JwSHpQaThVejNJM054Y1RISTMzQmt2NWFUQ0lPaEJyeGxpVVlLNnNLOUpYLUxuYmRycElUbngyeWM1cnF2cjg?oc=5"" target=""_blank"">The environmental cost of wearable tech</a>&nbsp;&nbsp;<font color=""#6f6f6f"">which.co.uk</font>"
Interactive Fitness Market Size to Hit USD 14.08 Billion by 2035 - Precedence Research,"Wed, 11 Jun 2025 13:43:49 GMT",Precedence Research,https://news.google.com/rss/articles/CBMibkFVX3lxTE1hVDNHbFpUU05vUlZRSjlqeVZzaGpDWnJzRGhJeTNjWHJkcGlPbzI0SlM0d3BRTXpzeU01RWIzY3FURkN6WVJCcUlGM0QyS2lnX1R3SDJGd2lTMkdRRVBvcXkwMXJNOTl6OEdxZnZB?oc=5,"<a href=""https://news.google.com/rss/articles/CBMibkFVX3lxTE1hVDNHbFpUU05vUlZRSjlqeVZzaGpDWnJzRGhJeTNjWHJkcGlPbzI0SlM0d3BRTXpzeU01RWIzY3FURkN6WVJCcUlGM0QyS2lnX1R3SDJGd2lTMkdRRVBvcXkwMXJNOTl6OEdxZnZB?oc=5"" target=""_blank"">Interactive Fitness Market Size to Hit USD 14.08 Billion by 2035</a>&nbsp;&nbsp;<font color=""#6f6f6f"">Precedence Research</font>",fitness technology consumers UK,"<a href=""https://news.google.com/rss/articles/CBMibkFVX3lxTE1hVDNHbFpUU05vUlZRSjlqeVZzaGpDWnJzRGhJeTNjWHJkcGlPbzI0SlM0d3BRTXpzeU01RWIzY3FURkN6WVJCcUlGM0QyS2lnX1R3SDJGd2lTMkdRRVBvcXkwMXJNOTl6OEdxZnZB?oc=5"" target=""_blank"">Interactive Fitness Market Size to Hit USD 14.08 Billion by 2035</a>&nbsp;&nbsp;<font color=""#6f6f6f"">Precedence Research</font>"
How to recycle your old smartwatch or fitness tracker - which.co.uk,"Fri, 19 Jan 2024 08:00:00 GMT",which.co.uk,https://news.google.com/rss/articles/CBMingFBVV95cUxPdkVQZGdEejkwVHoxSnZIcWt1dklleHpweEhTOEh4cFNKVXRpaWg5UWROaGJGVXRzcWUyQXE0V0ZLclRHVDU5cXlSMnRSY045Qnk4blRSRkItU2xCZFQ5VDB4WWhUN2FmNjNCeDc0TjBocXVNRHFZOWhZekNPcWRTYWdGQkdZeHdwdFpsOExpaXdlUEg4N0NJV2hSRGhmUQ?oc=5,"<a href=""https://news.google.com/rss/articles/CBMingFBVV95cUxPdkVQZGdEejkwVHoxSnZIcWt1dklleHpweEhTOEh4cFNKVXRpaWg5UWROaGJGVXRzcWUyQXE0V0ZLclRHVDU5cXlSMnRSY045Qnk4blRSRkItU2xCZFQ5VDB4WWhUN2FmNjNCeDc0TjBocXVNRHFZOWhZekNPcWRTYWdGQkdZeHdwdFpsOExpaXdlUEg4N0NJV2hSRGhmUQ?oc=5"" target=""_blank"">How to recycle your old smartwatch or fitness tracker</a>&nbsp;&nbsp;<font color=""#6f6f6f"">which.co.uk</font>",fitness technology consumers UK,"<a href=""https://news.google.com/rss/articles/CBMingFBVV95cUxPdkVQZGdEejkwVHoxSnZIcWt1dklleHpweEhTOEh4cFNKVXRpaWg5UWROaGJGVXRzcWUyQXE0V0ZLclRHVDU5cXlSMnRSY045Qnk4blRSRkItU2xCZFQ5VDB4WWhUN2FmNjNCeDc0TjBocXVNRHFZOWhZekNPcWRTYWdGQkdZeHdwdFpsOExpaXdlUEg4N0NJV2hSRGhmUQ?oc=5"" target=""_blank"">How to recycle your old smartwatch or fitness tracker</a>&nbsp;&nbsp;<font color=""#6f6f6f"">which.co.uk</font>"
Fitbit Ace 2 Review - Review 2019 - PCMag UK,"Thu, 08 Aug 2019 07:00:00 GMT",PCMag UK,https://news.google.com/rss/articles/CBMiaEFVX3lxTE5KZDFvTlk1SXN4Q1JjVGdINEhFMVRKLXNyNExQc1U4YTZ2b2lMMGl1Vkk1TU5ZSEhOTHJHZ1hTbEVGbzVUb1VOeEpCQlRJZ0lIdXNXQWFUUk5LTEpvb2FzVk9tTERQZHd4?oc=5,"<a href=""https://news.google.com/rss/articles/CBMiaEFVX3lxTE5KZDFvTlk1SXN4Q1JjVGdINEhFMVRKLXNyNExQc1U4YTZ2b2lMMGl1Vkk1TU5ZSEhOTHJHZ1hTbEVGbzVUb1VOeEpCQlRJZ0lIdXNXQWFUUk5LTEpvb2FzVk9tTERQZHd4?oc=5"" target=""_blank"">Fitbit Ace 2 Review - Review 2019</a>&nbsp;&nbsp;<font color=""#6f6f6f"">PCMag UK</font>",fitness technology consumers UK,"<a href=""https://news.google.com/rss/articles/CBMiaEFVX3lxTE5KZDFvTlk1SXN4Q1JjVGdINEhFMVRKLXNyNExQc1U4YTZ2b2lMMGl1Vkk1TU5ZSEhOTHJHZ1hTbEVGbzVUb1VOeEpCQlRJZ0lIdXNXQWFUUk5LTEpvb2FzVk9tTERQZHd4?oc=5"" target=""_blank"">Fitbit Ace 2 Review - Review 2019</a>&nbsp;&nbsp;<font color=""#6f6f6f"">PCMag UK</font>"
Amazon Prime Day 2026: best deals and expert advice - which.co.uk,"Thu, 25 Jun 2026 07:00:00 GMT",which.co.uk,https://news.google.com/rss/articles/CBMiggFBVV95cUxQOUFCb0xubFIwTXFrNXE2RUhzNW95a1JheHZuemZyLXFhWjhVeXJJd2JBcVBxcG83VVlReEtKQVd3WjZTVDdudWdscjhaYTZYNWVjRWJLYUltZlF5cXdTMjJWS0x1M0Q4VlB3TUR4aDVORnlNMjZHMFVmVGliakNpdk5B?oc=5,"<a href=""https://news.google.com/rss/articles/CBMiggFBVV95cUxQOUFCb0xubFIwTXFrNXE2RUhzNW95a1JheHZuemZyLXFhWjhVeXJJd2JBcVBxcG83VVlReEtKQVd3WjZTVDdudWdscjhaYTZYNWVjRWJLYUltZlF5cXdTMjJWS0x1M0Q4VlB3TUR4aDVORnlNMjZHMFVmVGliakNpdk5B?oc=5"" target=""_blank"">Amazon Prime Day 2026: best deals and expert advice</a>&nbsp;&nbsp;<font color=""#6f6f6f"">which.co.uk</font>",fitness technology consumers UK,"<a href=""https://news.google.com/rss/articles/CBMiggFBVV95cUxQOUFCb0xubFIwTXFrNXE2RUhzNW95a1JheHZuemZyLXFhWjhVeXJJd2JBcVBxcG83VVlReEtKQVd3WjZTVDdudWdscjhaYTZYNWVjRWJLYUltZlF5cXdTMjJWS0x1M0Q4VlB3TUR4aDVORnlNMjZHMFVmVGliakNpdk5B?oc=5"" target=""_blank"">Amazon Prime Day 2026: best deals and expert advice</a>&nbsp;&nbsp;<font color=""#6f6f6f"">which.co.uk</font>"
Global Boutique Fitness Studio Market Report 2025-2030 with Strategic Recommendations - Partnering with Local Influencers / Integration of Technology and Digitalization - ResearchAndMarkets.com - Business Wire,"Tue, 02 Dec 2025 08:00:00 GMT",Business Wire,https://news.google.com/rss/articles/CBMi5wJBVV95cUxNQXREeGF4RzdmOE9ZOXZLbnNsVUhUY3ZGZlZUZVpORWpLUC1rQktnQmVUZHB1Mm0zdlVjb1ZaWU1GeXJVbUxrTV9MbHRuQnZQVG95eS1CX1NCRUp3VmFkdlI5SDBZd2hpZW5jWDhjUnhMWm1KdkNUOGRTRkNIX1VDV3c2OFItd2oyUzRoc2tFYkFObGROSElNczhtZ2FXdzctOThON21ZTWZzby1SeHRyWjR4X05rSG5MZ3hhekQtdEF5eTQyS1pmVmNZb2lha3A4eDJ2XzJqUWNkRDRWcU43MkVSZWFvTlFoS0F5ekZMVFFESXlfRnVkSjdEellQWk9iSVkwNGpfUklXZ1Vud0Q4a3VTWWVJREdESWRmc1lxTldVZm1VdTlDX3FoTzVJcmhaUm5RRmQzaWgzWjhZSm4tTnJYY0NhZENZbERlRGRuY0o2NlFkb2t6QnBpUUNSeWpobmtrbGVEZw?oc=5,"<a href=""https://news.google.com/rss/articles/CBMi5wJBVV95cUxNQXREeGF4RzdmOE9ZOXZLbnNsVUhUY3ZGZlZUZVpORWpLUC1rQktnQmVUZHB1Mm0zdlVjb1ZaWU1GeXJVbUxrTV9MbHRuQnZQVG95eS1CX1NCRUp3VmFkdlI5SDBZd2hpZW5jWDhjUnhMWm1KdkNUOGRTRkNIX1VDV3c2OFItd2oyUzRoc2tFYkFObGROSElNczhtZ2FXdzctOThON21ZTWZzby1SeHRyWjR4X05rSG5MZ3hhekQtdEF5eTQyS1pmVmNZb2lha3A4eDJ2XzJqUWNkRDRWcU43MkVSZWFvTlFoS0F5ekZMVFFESXlfRnVkSjdEellQWk9iSVkwNGpfUklXZ1Vud0Q4a3VTWWVJREdESWRmc1lxTldVZm1VdTlDX3FoTzVJcmhaUm5RRmQzaWgzWjhZSm4tTnJYY0NhZENZbERlRGRuY0o2NlFkb2t6QnBpUUNSeWpobmtrbGVEZw?oc=5"" target=""_blank"">Global Boutique Fitness Studio Market Report 2025-2030 with Strategic Recommendations - Partnering with Local Influencers / Integration of Technology and Digitalization - ResearchAndMarkets.com</a>&nbsp;&nbsp;<font color=""#6f6f6f"">Business Wire</font>",fitness technology consumers UK,"<a href=""https://news.google.com/rss/articles/CBMi5wJBVV95cUxNQXREeGF4RzdmOE9ZOXZLbnNsVUhUY3ZGZlZUZVpORWpLUC1rQktnQmVUZHB1Mm0zdlVjb1ZaWU1GeXJVbUxrTV9MbHRuQnZQVG95eS1CX1NCRUp3VmFkdlI5SDBZd2hpZW5jWDhjUnhMWm1KdkNUOGRTRkNIX1VDV3c2OFItd2oyUzRoc2tFYkFObGROSElNczhtZ2FXdzctOThON21ZTWZzby1SeHRyWjR4X05rSG5MZ3hhekQtdEF5eTQyS1pmVmNZb2lha3A4eDJ2XzJqUWNkRDRWcU43MkVSZWFvTlFoS0F5ekZMVFFESXlfRnVkSjdEellQWk9iSVkwNGpfUklXZ1Vud0Q4a3VTWWVJREdESWRmc1lxTldVZm1VdTlDX3FoTzVJcmhaUm5RRmQzaWgzWjhZSm4tTnJYY0NhZENZbERlRGRuY0o2NlFkb2t6QnBpUUNSeWpobmtrbGVEZw?oc=5"" target=""_blank"">Global Boutique Fitness Studio Market Report 2025-2030 with Strategic Recommendations - Partnering with Local Influencers / Integration of Technology and Digitalization - ResearchAndMarkets.com</a>&nbsp;&nbsp;<font color=""#6f6f6f"">Business Wire</font>"
Huawei Watch Fit review: A good-looking fitness tracker with a few flaws - Expert Reviews,"Thu, 03 Apr 2025 21:11:25 GMT",Expert Reviews,https://news.google.com/rss/articles/CBMiiAFBVV95cUxNZWpJVzAzbmZLcVZlUURtQXlPamp3bnVvSVNyanRtV2hLZ3Jicjc1QmpXOC11NGtZNE1SVmNsTTFZaEpJV1AwS3RyOTVDVHEzdnV0RUNyQW1FWDNTOG5RMWI5TDNLV3JkN0dDUWQxSUJwQ1NTZHdRaHlKX29aU3lLd3V0b3JGZXlB?oc=5,"<a href=""https://news.google.com/rss/articles/CBMiiAFBVV95cUxNZWpJVzAzbmZLcVZlUURtQXlPamp3bnVvSVNyanRtV2hLZ3Jicjc1QmpXOC11NGtZNE1SVmNsTTFZaEpJV1AwS3RyOTVDVHEzdnV0RUNyQW1FWDNTOG5RMWI5TDNLV3JkN0dDUWQxSUJwQ1NTZHdRaHlKX29aU3lLd3V0b3JGZXlB?oc=5"" target=""_blank"">Huawei Watch Fit review: A good-looking fitness tracker with a few flaws</a>&nbsp;&nbsp;<font color=""#6f6f6f"">Expert Reviews</font>",fitness technology consumers UK,"<a href=""https://news.google.com/rss/articles/CBMiiAFBVV95cUxNZWpJVzAzbmZLcVZlUURtQXlPamp3bnVvSVNyanRtV2hLZ3Jicjc1QmpXOC11NGtZNE1SVmNsTTFZaEpJV1AwS3RyOTVDVHEzdnV0RUNyQW1FWDNTOG5RMWI5TDNLV3JkN0dDUWQxSUJwQ1NTZHdRaHlKX29aU3lLd3V0b3JGZXlB?oc=5"" target=""_blank"">Huawei Watch Fit review: A good-looking fitness tracker with a few flaws</a>&nbsp;&nbsp;<font color=""#6f6f6f"">Expert Reviews</font>"
Fitness tracker firm Jawbone faces liquidation - BBC,"Fri, 07 Jul 2017 07:00:00 GMT",BBC,https://news.google.com/rss/articles/CBMiV0FVX3lxTE5MYVFsNmZkclNMckd4aTFJQzk1NUJ0QVFsQkpCd0l0Q01jd2h5SEhmcUlDX1RBYU1FZnFNam1iTmFaN01VaUZaYUdOandfaWVoaF9tVXNwVQ?oc=5,"<a href=""https://news.google.com/rss/articles/CBMiV0FVX3lxTE5MYVFsNmZkclNMckd4aTFJQzk1NUJ0QVFsQkpCd0l0Q01jd2h5SEhmcUlDX1RBYU1FZnFNam1iTmFaN01VaUZaYUdOandfaWVoaF9tVXNwVQ?oc=5"" target=""_blank"">Fitness tracker firm Jawbone faces liquidation</a>&nbsp;&nbsp;<font color=""#6f6f6f"">BBC</font>",fitness technology consumers UK,"<a href=""https://news.google.com/rss/articles/CBMiV0FVX3lxTE5MYVFsNmZkclNMckd4aTFJQzk1NUJ0QVFsQkpCd0l0Q01jd2h5SEhmcUlDX1RBYU1FZnFNam1iTmFaN01VaUZaYUdOandfaWVoaF9tVXNwVQ?oc=5"" target=""_blank"">Fitness tracker firm Jawbone faces liquidation</a>&nbsp;&nbsp;<font color=""#6f6f6f"">BBC</font>"
Best budget fitness tracker: The finest activity monitors from £39 - Expert Reviews,"Thu, 03 Apr 2025 17:59:35 GMT",Expert Reviews,https://news.google.com/rss/articles/CBMijwFBVV95cUxNaGZOY0syTUtsRW9MS3pIRmdzSV96eXBZZ2tqZ0tfYTZlTUI1U3JKbFFnY2JHLXJoRXBlQkxqU0ZoMEJhV0ppeHZETUFLR0hqb3ZBMnBWeV9nQWtRNDkxZEN4djVVNms2dXBTYW9jMlFIRnE4UjhLRUQ5NDFrbFFPWWdvaDJWbldzeXFmWVA4Yw?oc=5,"<a href=""https://news.google.com/rss/articles/CBMijwFBVV95cUxNaGZOY0syTUtsRW9MS3pIRmdzSV96eXBZZ2tqZ0tfYTZlTUI1U3JKbFFnY2JHLXJoRXBlQkxqU0ZoMEJhV0ppeHZETUFLR0hqb3ZBMnBWeV9nQWtRNDkxZEN4djVVNms2dXBTYW9jMlFIRnE4UjhLRUQ5NDFrbFFPWWdvaDJWbldzeXFmWVA4Yw?oc=5"" target=""_blank"">Best budget fitness tracker: The finest activity monitors from £39</a>&nbsp;&nbsp;<font color=""#6f6f6f"">Expert Reviews</font>",fitness technology consumers UK,"<a href=""https://news.google.com/rss/articles/CBMijwFBVV95cUxNaGZOY0syTUtsRW9MS3pIRmdzSV96eXBZZ2tqZ0tfYTZlTUI1U3JKbFFnY2JHLXJoRXBlQkxqU0ZoMEJhV0ppeHZETUFLR0hqb3ZBMnBWeV9nQWtRNDkxZEN4djVVNms2dXBTYW9jMlFIRnE4UjhLRUQ5NDFrbFFPWWdvaDJWbldzeXFmWVA4Yw?oc=5"" target=""_blank"">Best budget fitness tracker: The finest activity monitors from £39</a>&nbsp;&nbsp;<font color=""#6f6f6f"">Expert Reviews</font>"
Fitness tracker firm Jawbone faces liquidation - bbc.co.uk,"Fri, 07 Jul 2017 07:00:00 GMT",bbc.co.uk,https://news.google.com/rss/articles/CBMiWkFVX3lxTE9KYUJOaTJDZkV1VVV5NlhlUENmZnV5VXZfVzlGbHprd1Q3amhuRUx3RkEwUGlZczQyOWhpbGZuUWVRblBYZ1dmcXRwNm5zNEloZDFzSmotaFNQUQ?oc=5,"<a href=""https://news.google.com/rss/articles/CBMiWkFVX3lxTE9KYUJOaTJDZkV1VVV5NlhlUENmZnV5VXZfVzlGbHprd1Q3amhuRUx3RkEwUGlZczQyOWhpbGZuUWVRblBYZ1dmcXRwNm5zNEloZDFzSmotaFNQUQ?oc=5"" target=""_blank"">Fitness tracker firm Jawbone faces liquidation</a>&nbsp;&nbsp;<font color=""#6f6f6f"">bbc.co.uk</font>",fitness technology consumers UK,"<a href=""https://news.google.com/rss/articles/CBMiWkFVX3lxTE9KYUJOaTJDZkV1VVV5NlhlUENmZnV5VXZfVzlGbHprd1Q3amhuRUx3RkEwUGlZczQyOWhpbGZuUWVRblBYZ1dmcXRwNm5zNEloZDFzSmotaFNQUQ?oc=5"" target=""_blank"">Fitness tracker firm Jawbone faces liquidation</a>&nbsp;&nbsp;<font color=""#6f6f6f"">bbc.co.uk</font>"
"Digital Consumer Trends – Touch-less, virtual, health-conscious and eco-wise - Deloitte","Thu, 09 Dec 2021 08:00:00 GMT",Deloitte,https://news.google.com/rss/articles/CBMiywFBVV95cUxPZU1oR1ppQ3hKaFhNeWZyNHV5VGVnaWJfUzNpTkFabE8ydlZzSkhiZy1Hcl9ZRUs2VXZkVF9xVzlGTGRsUkZyS2h2TEN1OFJ0VE9malJldkNlbTJ1VC1MOHJPWUZYMTFBYkNhV3czVWRzR2w3OHdDUWdHdTFDdlFETEZBd0JUclQ2dUJkczhUbFdOWk9vUERxZ1JvTVljMlpwdE53WUdoMFJWOUJiQkpyZXlxQk9zX2VYZmMwZFZnYlMyVl90UV85Q194VQ?oc=5,"<a href=""https://news.google.com/rss/articles/CBMiywFBVV95cUxPZU1oR1ppQ3hKaFhNeWZyNHV5VGVnaWJfUzNpTkFabE8ydlZzSkhiZy1Hcl9ZRUs2VXZkVF9xVzlGTGRsUkZyS2h2TEN1OFJ0VE9malJldkNlbTJ1VC1MOHJPWUZYMTFBYkNhV3czVWRzR2w3OHdDUWdHdTFDdlFETEZBd0JUclQ2dUJkczhUbFdOWk9vUERxZ1JvTVljMlpwdE53WUdoMFJWOUJiQkpyZXlxQk9zX2VYZmMwZFZnYlMyVl90UV85Q194VQ?oc=5"" target=""_blank"">Digital Consumer Trends – Touch-less, virtual, health-conscious and eco-wise</a>&nbsp;&nbsp;<font color=""#6f6f6f"">Deloitte</font>",fitness technology consumers UK,"<a href=""https://news.google.com/rss/articles/CBMiywFBVV95cUxPZU1oR1ppQ3hKaFhNeWZyNHV5VGVnaWJfUzNpTkFabE8ydlZzSkhiZy1Hcl9ZRUs2VXZkVF9xVzlGTGRsUkZyS2h2TEN1OFJ0VE9malJldkNlbTJ1VC1MOHJPWUZYMTFBYkNhV3czVWRzR2w3OHdDUWdHdTFDdlFETEZBd0JUclQ2dUJkczhUbFdOWk9vUERxZ1JvTVljMlpwdE53WUdoMFJWOUJiQkpyZXlxQk9zX2VYZmMwZFZnYlMyVl90UV85Q194VQ?oc=5"" target=""_blank"">Digital Consumer Trends – Touch-less, virtual, health-conscious and eco-wise</a>&nbsp;&nbsp;<font color=""#6f6f6f"">Deloitte</font>"
Apple Watch Ultra 3 review: the biggest and best smartwatch for an iPhone - The Guardian,"Mon, 27 Oct 2025 07:00:00 GMT",The Guardian,https://news.google.com/rss/articles/CBMiwAFBVV95cUxNYklnQVpvbmozUG16bkZuc0lGTWQzVFFYMTBDM0I5eThBTDZVQklhcFo2eGtwVjdBSWc0ZUk5Wmt5blNRVVpjel96eGQwdW9scU1IUGpxNHBUZmNkUk5tWWFVSVJoLUczQ01kVnZhazFfM2cyVUk1OUdNdEdpdlRqNTlRTUZjRFlrejVjM2I2RDJjZG42QnVLeVRIX0hRb1VWWnQwMmEzTTliaVVia29xWUJMSF9hd0o5aTE5RnVIWVg?oc=5,"<a href=""https://news.google.com/rss/articles/CBMiwAFBVV95cUxNYklnQVpvbmozUG16bkZuc0lGTWQzVFFYMTBDM0I5eThBTDZVQklhcFo2eGtwVjdBSWc0ZUk5Wmt5blNRVVpjel96eGQwdW9scU1IUGpxNHBUZmNkUk5tWWFVSVJoLUczQ01kVnZhazFfM2cyVUk1OUdNdEdpdlRqNTlRTUZjRFlrejVjM2I2RDJjZG42QnVLeVRIX0hRb1VWWnQwMmEzTTliaVVia29xWUJMSF9hd0o5aTE5RnVIWVg?oc=5"" target=""_blank"">Apple Watch Ultra 3 review: the biggest and best smartwatch for an iPhone</a>&nbsp;&nbsp;<font color=""#6f6f6f"">The Guardian</font>",fitness technology consumers UK,"<a href=""https://news.google.com/rss/articles/CBMiwAFBVV95cUxNYklnQVpvbmozUG16bkZuc0lGTWQzVFFYMTBDM0I5eThBTDZVQklhcFo2eGtwVjdBSWc0ZUk5Wmt5blNRVVpjel96eGQwdW9scU1IUGpxNHBUZmNkUk5tWWFVSVJoLUczQ01kVnZhazFfM2cyVUk1OUdNdEdpdlRqNTlRTUZjRFlrejVjM2I2RDJjZG42QnVLeVRIX0hRb1VWWnQwMmEzTTliaVVia29xWUJMSF9hd0o5aTE5RnVIWVg?oc=5"" target=""_blank"">Apple Watch Ultra 3 review: the biggest and best smartwatch for an iPhone</a>&nbsp;&nbsp;<font color=""#6f6f6f"">The Guardian</font>"
Data-driven excercise? How tech is revolutionising fitness - The Guardian,"Tue, 15 Nov 2016 08:00:00 GMT",The Guardian,https://news.google.com/rss/articles/CBMimAFBVV95cUxQTk0tTVgydFJUT09QRFhjVmJxWTk4LUNaUF9LSENCYVllSXFwSDJNQWlQZk12Y21KSEs1TnZMYU9SYUd1QU8xNkpDN0RqRDA1V3MxVGRUTGlIRm0tRzg0S2hxN0ZncndwTlNLb1RCcHZXQjRpY0s5Z0w3VXI5LW1xdXZ1VGdfaG5qN2dmUWZ4bzdiVmtaNWVBUw?oc=5,"<a href=""https://news.google.com/rss/articles/CBMimAFBVV95cUxQTk0tTVgydFJUT09QRFhjVmJxWTk4LUNaUF9LSENCYVllSXFwSDJNQWlQZk12Y21KSEs1TnZMYU9SYUd1QU8xNkpDN0RqRDA1V3MxVGRUTGlIRm0tRzg0S2hxN0ZncndwTlNLb1RCcHZXQjRpY0s5Z0w3VXI5LW1xdXZ1VGdfaG5qN2dmUWZ4bzdiVmtaNWVBUw?oc=5"" target=""_blank"">Data-driven excercise? How tech is revolutionising fitness</a>&nbsp;&nbsp;<font color=""#6f6f6f"">The Guardian</font>",fitness technology consumers UK,"<a href=""https://news.google.com/rss/articles/CBMimAFBVV95cUxQTk0tTVgydFJUT09QRFhjVmJxWTk4LUNaUF9LSENCYVllSXFwSDJNQWlQZk12Y21KSEs1TnZMYU9SYUd1QU8xNkpDN0RqRDA1V3MxVGRUTGlIRm0tRzg0S2hxN0ZncndwTlNLb1RCcHZXQjRpY0s5Z0w3VXI5LW1xdXZ1VGdfaG5qN2dmUWZ4bzdiVmtaNWVBUw?oc=5"" target=""_blank"">Data-driven excercise? How tech is revolutionising fitness</a>&nbsp;&nbsp;<font color=""#6f6f6f"">The Guardian</font>"
Wearables will transform health but changes brings challenges say researchers - The University of Sydney,"Wed, 09 Aug 2023 07:00:00 GMT",The University of Sydney,https://news.google.com/rss/articles/CBMiwgFBVV95cUxPejdNbXAxNllRUHJvQ21WVEppNmlCM3Rvb1ctQ2U5WWhZMDhMNlgxUjNSS1oya2lwOHkzc3ZCZjdfbjg2cVc0RWRiZlZNZ196WktQMlBwVWlmVUdyVHpPOEFnbTVJOVBvWkphRmt4TFIxVG5zdEhoNFB2b3JjX0RrQjVhRnpsR0xOUWcxWFFYTEFxVzZKNGZxNVVLS19SUUlIR1hEMXJYU2M5UFZCVlNuWnV2VHBaYUJTZkpibkFsSzFhUQ?oc=5,"<a href=""https://news.google.com/rss/articles/CBMiwgFBVV95cUxPejdNbXAxNllRUHJvQ21WVEppNmlCM3Rvb1ctQ2U5WWhZMDhMNlgxUjNSS1oya2lwOHkzc3ZCZjdfbjg2cVc0RWRiZlZNZ196WktQMlBwVWlmVUdyVHpPOEFnbTVJOVBvWkphRmt4TFIxVG5zdEhoNFB2b3JjX0RrQjVhRnpsR0xOUWcxWFFYTEFxVzZKNGZxNVVLS19SUUlIR1hEMXJYU2M5UFZCVlNuWnV2VHBaYUJTZkpibkFsSzFhUQ?oc=5"" target=""_blank"">Wearables will transform health but changes brings challenges say researchers</a>&nbsp;&nbsp;<font color=""#6f6f6f"">The University of Sydney</font>",fitness technology consumers UK,"<a href=""https://news.google.com/rss/articles/CBMiwgFBVV95cUxPejdNbXAxNllRUHJvQ21WVEppNmlCM3Rvb1ctQ2U5WWhZMDhMNlgxUjNSS1oya2lwOHkzc3ZCZjdfbjg2cVc0RWRiZlZNZ196WktQMlBwVWlmVUdyVHpPOEFnbTVJOVBvWkphRmt4TFIxVG5zdEhoNFB2b3JjX0RrQjVhRnpsR0xOUWcxWFFYTEFxVzZKNGZxNVVLS19SUUlIR1hEMXJYU2M5UFZCVlNuWnV2VHBaYUJTZkpibkFsSzFhUQ?oc=5"" target=""_blank"">Wearables will transform health but changes brings challenges say researchers</a>&nbsp;&nbsp;<font color=""#6f6f6f"">The University of Sydney</font>"
"The best smart rings to help track sleep, wellness and more - The Independent","Thu, 21 Aug 2025 07:00:00 GMT",The Independent,https://news.google.com/rss/articles/CBMikwFBVV95cUxNVktINUplUU9XclN2d3NKNzVoN1o2SFN2bTJuMktnMDF2a0h3OFpUdko4Ujlhb2tnakdSWTJuR0F5MGkyeFZleTNqRThVNGdRdUlua1k4MnZrV1VNeGJwd1JKcWhBbUpPSkRpdFJaWWVxWjlwcDJjSUE0OWNkMWdkaWM3NW1tdDYwQ2h1MU9nbFBrQ0U?oc=5,"<a href=""https://news.google.com/rss/articles/CBMikwFBVV95cUxNVktINUplUU9XclN2d3NKNzVoN1o2SFN2bTJuMktnMDF2a0h3OFpUdko4Ujlhb2tnakdSWTJuR0F5MGkyeFZleTNqRThVNGdRdUlua1k4MnZrV1VNeGJwd1JKcWhBbUpPSkRpdFJaWWVxWjlwcDJjSUE0OWNkMWdkaWM3NW1tdDYwQ2h1MU9nbFBrQ0U?oc=5"" target=""_blank"">The best smart rings to help track sleep, wellness and more</a>&nbsp;&nbsp;<font color=""#6f6f6f"">The Independent</font>",fitness technology consumers UK,"<a href=""https://news.google.com/rss/articles/CBMikwFBVV95cUxNVktINUplUU9XclN2d3NKNzVoN1o2SFN2bTJuMktnMDF2a0h3OFpUdko4Ujlhb2tnakdSWTJuR0F5MGkyeFZleTNqRThVNGdRdUlua1k4MnZrV1VNeGJwd1JKcWhBbUpPSkRpdFJaWWVxWjlwcDJjSUE0OWNkMWdkaWM3NW1tdDYwQ2h1MU9nbFBrQ0U?oc=5"" target=""_blank"">The best smart rings to help track sleep, wellness and more</a>&nbsp;&nbsp;<font color=""#6f6f6f"">The Independent</font>"
Jawbone fitness trackers removed from online shops - bbc.co.uk,"Tue, 03 Jul 2018 07:00:00 GMT",bbc.co.uk,https://news.google.com/rss/articles/CBMiWkFVX3lxTE02WWh0S0ZlbmNfQ2NuOUhQMUVNYnFiUjBUM1o4YmlCaEFEcWJSSl9LYXNhOEdRQ2hJbDRKZkZLcUhieVIteUk2X1JmZ2tDQUxwd1NNNjlkXzMtQQ?oc=5,"<a href=""https://news.google.com/rss/articles/CBMiWkFVX3lxTE02WWh0S0ZlbmNfQ2NuOUhQMUVNYnFiUjBUM1o4YmlCaEFEcWJSSl9LYXNhOEdRQ2hJbDRKZkZLcUhieVIteUk2X1JmZ2tDQUxwd1NNNjlkXzMtQQ?oc=5"" target=""_blank"">Jawbone fitness trackers removed from online shops</a>&nbsp;&nbsp;<font color=""#6f6f6f"">bbc.co.uk</font>",fitness technology consumers UK,"<a href=""https://news.google.com/rss/articles/CBMiWkFVX3lxTE02WWh0S0ZlbmNfQ2NuOUhQMUVNYnFiUjBUM1o4YmlCaEFEcWJSSl9LYXNhOEdRQ2hJbDRKZkZLcUhieVIteUk2X1JmZ2tDQUxwd1NNNjlkXzMtQQ?oc=5"" target=""_blank"">Jawbone fitness trackers removed from online shops</a>&nbsp;&nbsp;<font color=""#6f6f6f"">bbc.co.uk</font>"
The Rise of Consumer Health Wearables: Promises and Barriers - PLOS,"Tue, 02 Feb 2016 08:00:00 GMT",PLOS,https://news.google.com/rss/articles/CBMihAFBVV95cUxQZ0VfY1BycFBxZUF0UW1nbUQ1dnVEY1NCbE5PU0g2R1JiYk1FVjZaeGdVeVpvbVdPdlBzU05LYmJnR3Vza1l4RkJiRDdzbnpnZU5aS01yOXZuaFFiVzhuYU1pMndtbEQ4WlZpN3VSbWNpY1ZHZmxhdHMyNTlWX0w1SkNPUXI?oc=5,"<a href=""https://news.google.com/rss/articles/CBMihAFBVV95cUxQZ0VfY1BycFBxZUF0UW1nbUQ1dnVEY1NCbE5PU0g2R1JiYk1FVjZaeGdVeVpvbVdPdlBzU05LYmJnR3Vza1l4RkJiRDdzbnpnZU5aS01yOXZuaFFiVzhuYU1pMndtbEQ4WlZpN3VSbWNpY1ZHZmxhdHMyNTlWX0w1SkNPUXI?oc=5"" target=""_blank"">The Rise of Consumer Health Wearables: Promises and Barriers</a>&nbsp;&nbsp;<font color=""#6f6f6f"">PLOS</font>",fitness technology consumers UK,"<a href=""https://news.google.com/rss/articles/CBMihAFBVV95cUxQZ0VfY1BycFBxZUF0UW1nbUQ1dnVEY1NCbE5PU0g2R1JiYk1FVjZaeGdVeVpvbVdPdlBzU05LYmJnR3Vza1l4RkJiRDdzbnpnZU5aS01yOXZuaFFiVzhuYU1pMndtbEQ4WlZpN3VSbWNpY1ZHZmxhdHMyNTlWX0w1SkNPUXI?oc=5"" target=""_blank"">The Rise of Consumer Health Wearables: Promises and Barriers</a>&nbsp;&nbsp;<font color=""#6f6f6f"">PLOS</font>"
How to save money by shopping quality used products with Amazon Resale - About Amazon,"Mon, 12 Aug 2024 13:07:20 GMT",About Amazon,https://news.google.com/rss/articles/CBMicEFVX3lxTE5MSTVqSm5IRG1Hbk4tQWFxYUpVVTRPbUxFTkdmaVBmOFRZdTBTaXhDaS1SdHBCaHp5XzVBTlg4SWxJZTRzdDliNTNKSHRybWtybVhQaWN3b3N5dmVBSjhjYUk1aGgwTWZFX185RldTQXI?oc=5,"<a href=""https://news.google.com/rss/articles/CBMicEFVX3lxTE5MSTVqSm5IRG1Hbk4tQWFxYUpVVTRPbUxFTkdmaVBmOFRZdTBTaXhDaS1SdHBCaHp5XzVBTlg4SWxJZTRzdDliNTNKSHRybWtybVhQaWN3b3N5dmVBSjhjYUk1aGgwTWZFX185RldTQXI?oc=5"" target=""_blank"">How to save money by shopping quality used products with Amazon Resale</a>&nbsp;&nbsp;<font color=""#6f6f6f"">About Amazon</font>",fitness technology consumers UK,"<a href=""https://news.google.com/rss/articles/CBMicEFVX3lxTE5MSTVqSm5IRG1Hbk4tQWFxYUpVVTRPbUxFTkdmaVBmOFRZdTBTaXhDaS1SdHBCaHp5XzVBTlg4SWxJZTRzdDliNTNKSHRybWtybVhQaWN3b3N5dmVBSjhjYUk1aGgwTWZFX185RldTQXI?oc=5"" target=""_blank"">How to save money by shopping quality used products with Amazon Resale</a>&nbsp;&nbsp;<font color=""#6f6f6f"">About Amazon</font>"
Going Local: Some Fitness Consumers Use Booking Apps to Support Independent Gyms - Athletech News,"Thu, 25 Jun 2026 07:00:00 GMT",Athletech News,https://news.google.com/rss/articles/CBMitAFBVV95cUxOcG9VQ0dYU2tDSUM5LTF3LV9hVGR3eVU5Tk9vXzc4YlpZQnRVTXRvUTNMRlZUUTZGSGpMOUdnLThPcVd4RlB2OF91MUgwczdFTjVRdUt2bmRUY2ktckJRZzJVNkt0b00zV0Z4M2NEWFRwWVh1d0xHQ2kzTTRWRnpDVlBGY0xLQmwxS2tnUTdqNTRrQU9OMWFNcnFsN1RMOXdIQ3NDdksycHZ5bnQzaG14SHNkUi0?oc=5,"<a href=""https://news.google.com/rss/articles/CBMitAFBVV95cUxOcG9VQ0dYU2tDSUM5LTF3LV9hVGR3eVU5Tk9vXzc4YlpZQnRVTXRvUTNMRlZUUTZGSGpMOUdnLThPcVd4RlB2OF91MUgwczdFTjVRdUt2bmRUY2ktckJRZzJVNkt0b00zV0Z4M2NEWFRwWVh1d0xHQ2kzTTRWRnpDVlBGY0xLQmwxS2tnUTdqNTRrQU9OMWFNcnFsN1RMOXdIQ3NDdksycHZ5bnQzaG14SHNkUi0?oc=5"" target=""_blank"">Going Local: Some Fitness Consumers Use Booking Apps to Support Independent Gyms</a>&nbsp;&nbsp;<font color=""#6f6f6f"">Athletech News</font>",fitness technology consumers UK,"<a href=""https://news.google.com/rss/articles/CBMitAFBVV95cUxOcG9VQ0dYU2tDSUM5LTF3LV9hVGR3eVU5Tk9vXzc4YlpZQnRVTXRvUTNMRlZUUTZGSGpMOUdnLThPcVd4RlB2OF91MUgwczdFTjVRdUt2bmRUY2ktckJRZzJVNkt0b00zV0Z4M2NEWFRwWVh1d0xHQ2kzTTRWRnpDVlBGY0xLQmwxS2tnUTdqNTRrQU9OMWFNcnFsN1RMOXdIQ3NDdksycHZ5bnQzaG14SHNkUi0?oc=5"" target=""_blank"">Going Local: Some Fitness Consumers Use Booking Apps to Support Independent Gyms</a>&nbsp;&nbsp;<font color=""#6f6f6f"">Athletech News</font>"
Amazon 'betraying trust' of millions of consumers with flawed Amazon's Choice endorsement - which.co.uk,"Wed, 05 Feb 2020 08:00:00 GMT",which.co.uk,https://news.google.com/rss/articles/CBMilAFBVV95cUxOb0d6QlNWX0RiME8zTHpOamROUWNxSkJqRm02ZWIxX1hLaWg3My0wV1JldlU0N0RVZ3JNNDk1YTkxT29uRGNnOHMyVVhwcGtDNllKeXp2LTA1TGdjNDZLRDJmM0VXOWdJTjl4QWpvdWtxVG04akJhZDhuZmw3eUpseEZwUEFlaGVud1JlVmdVSThFOXJO?oc=5,"<a href=""https://news.google.com/rss/articles/CBMilAFBVV95cUxOb0d6QlNWX0RiME8zTHpOamROUWNxSkJqRm02ZWIxX1hLaWg3My0wV1JldlU0N0RVZ3JNNDk1YTkxT29uRGNnOHMyVVhwcGtDNllKeXp2LTA1TGdjNDZLRDJmM0VXOWdJTjl4QWpvdWtxVG04akJhZDhuZmw3eUpseEZwUEFlaGVud1JlVmdVSThFOXJO?oc=5"" target=""_blank"">Amazon 'betraying trust' of millions of consumers with flawed Amazon's Choice endorsement</a>&nbsp;&nbsp;<font color=""#6f6f6f"">which.co.uk</font>",fitness technology consumers UK,"<a href=""https://news.google.com/rss/articles/CBMilAFBVV95cUxOb0d6QlNWX0RiME8zTHpOamROUWNxSkJqRm02ZWIxX1hLaWg3My0wV1JldlU0N0RVZ3JNNDk1YTkxT29uRGNnOHMyVVhwcGtDNllKeXp2LTA1TGdjNDZLRDJmM0VXOWdJTjl4QWpvdWtxVG04akJhZDhuZmw3eUpseEZwUEFlaGVud1JlVmdVSThFOXJO?oc=5"" target=""_blank"">Amazon 'betraying trust' of millions of consumers with flawed Amazon's Choice endorsement</a>&nbsp;&nbsp;<font color=""#6f6f6f"">which.co.uk</font>"
There's a new competitor to the Oura Ring in town - Tech Advisor,"Mon, 30 Sep 2024 12:15:09 GMT",Tech Advisor,https://news.google.com/rss/articles/CBMickFVX3lxTE9MeHM0RWc2cnd3bnBiY005M2J3N3RMNW93RGRkdk5XN053VDhRYncxMUVFSVFxd05xb3NIbi1id1FESjBhenk4bzFjdHgzWS1GaGo4ZHJiWU5Qc3FSUVVzekpQc3AxWVpONU9jbjVPNzY4Zw?oc=5,"<a href=""https://news.google.com/rss/articles/CBMickFVX3lxTE9MeHM0RWc2cnd3bnBiY005M2J3N3RMNW93RGRkdk5XN053VDhRYncxMUVFSVFxd05xb3NIbi1id1FESjBhenk4bzFjdHgzWS1GaGo4ZHJiWU5Qc3FSUVVzekpQc3AxWVpONU9jbjVPNzY4Zw?oc=5"" target=""_blank"">There's a new competitor to the Oura Ring in town</a>&nbsp;&nbsp;<font color=""#6f6f6f"">Tech Advisor</font>",fitness technology consumers UK,"<a href=""https://news.google.com/rss/articles/CBMickFVX3lxTE9MeHM0RWc2cnd3bnBiY005M2J3N3RMNW93RGRkdk5XN053VDhRYncxMUVFSVFxd05xb3NIbi1id1FESjBhenk4bzFjdHgzWS1GaGo4ZHJiWU5Qc3FSUVVzekpQc3AxWVpONU9jbjVPNzY4Zw?oc=5"" target=""_blank"">There's a new competitor to the Oura Ring in town</a>&nbsp;&nbsp;<font color=""#6f6f6f"">Tech Advisor</font>"
Wearables: one-third of consumers abandoning devices - The Guardian,"Tue, 01 Apr 2014 07:00:00 GMT",The Guardian,https://news.google.com/rss/articles/CBMiowFBVV95cUxOd2ExdUpIUTE1Y3p5YTFiYjB5ZGo0NDk3VlQ2MW0tQmdtczFqLTRIS2pWZG5WMHpxaV80Q3NleU55QlR6blpTTE40Uk5mSU1ENnN0UU5oNTNpaW1pZzBIZHRSN0RnQ0RobkdiMHVXZlBCbnZXQkJmNUdiZGtYVWl1ZXlCSjZSSHl1b0ZhMjkzVWJjTldIX3VBbEhmQmUtUjVfRGlJ?oc=5,"<a href=""https://news.google.com/rss/articles/CBMiowFBVV95cUxOd2ExdUpIUTE1Y3p5YTFiYjB5ZGo0NDk3VlQ2MW0tQmdtczFqLTRIS2pWZG5WMHpxaV80Q3NleU55QlR6blpTTE40Uk5mSU1ENnN0UU5oNTNpaW1pZzBIZHRSN0RnQ0RobkdiMHVXZlBCbnZXQkJmNUdiZGtYVWl1ZXlCSjZSSHl1b0ZhMjkzVWJjTldIX3VBbEhmQmUtUjVfRGlJ?oc=5"" target=""_blank"">Wearables: one-third of consumers abandoning devices</a>&nbsp;&nbsp;<font color=""#6f6f6f"">The Guardian</font>",fitness technology consumers UK,"<a href=""https://news.google.com/rss/articles/CBMiowFBVV95cUxOd2ExdUpIUTE1Y3p5YTFiYjB5ZGo0NDk3VlQ2MW0tQmdtczFqLTRIS2pWZG5WMHpxaV80Q3NleU55QlR6blpTTE40Uk5mSU1ENnN0UU5oNTNpaW1pZzBIZHRSN0RnQ0RobkdiMHVXZlBCbnZXQkJmNUdiZGtYVWl1ZXlCSjZSSHl1b0ZhMjkzVWJjTldIX3VBbEhmQmUtUjVfRGlJ?oc=5"" target=""_blank"">Wearables: one-third of consumers abandoning devices</a>&nbsp;&nbsp;<font color=""#6f6f6f"">The Guardian</font>"
Turn your watch into a fitness tracker! - Good Housekeeping,"Wed, 27 Feb 2019 08:00:00 GMT",Good Housekeeping,https://news.google.com/rss/articles/CBMimAFBVV95cUxPa3JyWFlEbkRwN3YzdlRFU3NIc2J4ejVJRi05cVBqTG10QmNwbUF6RUx3NFUzaDdrZ3BRTGtVY0Z5ZU1XTGdtOXhyek43d1lWTVFtejRpdkRtN1hSczJhSmZjal9lelVvbEVpcU90QU1RaUxTUVF2cUtXUWc4WVhFZ05KaWlMWlExS1U2LU96Si1wTGVNR0ZtVA?oc=5,"<a href=""https://news.google.com/rss/articles/CBMimAFBVV95cUxPa3JyWFlEbkRwN3YzdlRFU3NIc2J4ejVJRi05cVBqTG10QmNwbUF6RUx3NFUzaDdrZ3BRTGtVY0Z5ZU1XTGdtOXhyek43d1lWTVFtejRpdkRtN1hSczJhSmZjal9lelVvbEVpcU90QU1RaUxTUVF2cUtXUWc4WVhFZ05KaWlMWlExS1U2LU96Si1wTGVNR0ZtVA?oc=5"" target=""_blank"">Turn your watch into a fitness tracker!</a>&nbsp;&nbsp;<font color=""#6f6f6f"">Good Housekeeping</font>",fitness technology consumers UK,"<a href=""https://news.google.com/rss/articles/CBMimAFBVV95cUxPa3JyWFlEbkRwN3YzdlRFU3NIc2J4ejVJRi05cVBqTG10QmNwbUF6RUx3NFUzaDdrZ3BRTGtVY0Z5ZU1XTGdtOXhyek43d1lWTVFtejRpdkRtN1hSczJhSmZjal9lelVvbEVpcU90QU1RaUxTUVF2cUtXUWc4WVhFZ05KaWlMWlExS1U2LU96Si1wTGVNR0ZtVA?oc=5"" target=""_blank"">Turn your watch into a fitness tracker!</a>&nbsp;&nbsp;<font color=""#6f6f6f"">Good Housekeeping</font>"
Percentage of people that used technology to track their fitness by age 2016 - Statista,"Tue, 29 Aug 2017 07:00:00 GMT",Statista,https://news.google.com/rss/articles/CBMikwFBVV95cUxNeFZkcXZqME5HdFJicktCT3pQWWw5aFVEU3BiRy1zSThfaUhubEZyQWp3STJPTkVscGhwYmpCU3FwZ0xmb0xZaERsRmUtR21YRXRWb2xwM1FmVURuX0h4ZW1UbHQySmRwSkc3MmVyUEppNHJTOFJsQXpfa0FIdkJld21nZHhoelVzMTdNR0Q0S2d6c0k?oc=5,"<a href=""https://news.google.com/rss/articles/CBMikwFBVV95cUxNeFZkcXZqME5HdFJicktCT3pQWWw5aFVEU3BiRy1zSThfaUhubEZyQWp3STJPTkVscGhwYmpCU3FwZ0xmb0xZaERsRmUtR21YRXRWb2xwM1FmVURuX0h4ZW1UbHQySmRwSkc3MmVyUEppNHJTOFJsQXpfa0FIdkJld21nZHhoelVzMTdNR0Q0S2d6c0k?oc=5"" target=""_blank"">Percentage of people that used technology to track their fitness by age 2016</a>&nbsp;&nbsp;<font color=""#6f6f6f"">Statista</font>",fitness technology consumers UK,"<a href=""https://news.google.com/rss/articles/CBMikwFBVV95cUxNeFZkcXZqME5HdFJicktCT3pQWWw5aFVEU3BiRy1zSThfaUhubEZyQWp3STJPTkVscGhwYmpCU3FwZ0xmb0xZaERsRmUtR21YRXRWb2xwM1FmVURuX0h4ZW1UbHQySmRwSkc3MmVyUEppNHJTOFJsQXpfa0FIdkJld21nZHhoelVzMTdNR0Q0S2d6c0k?oc=5"" target=""_blank"">Percentage of people that used technology to track their fitness by age 2016</a>&nbsp;&nbsp;<font color=""#6f6f6f"">Statista</font>"
Gymshark Taps Generative AI to Personalize Consumer Experiences - Consumer Goods Technology,"Mon, 16 Oct 2023 07:00:00 GMT",Consumer Goods Technology,https://news.google.com/rss/articles/CBMiowFBVV95cUxNdW5iTVBSbE5WSG1qNy0tOHJ4U3VYU01HekF1ellkOWtlY0Itc0pGbXB4RXg0bjJpMzNEUTlCY2s0QjJBMTdac0NWSWwtbTZNRXNyNFZUdmhmYUQwWk1JLU9zcUE0NGQ3aE1fVk5xYjloNWlhV2N2cjNweG9YWGk2cTVVU0RjLW4ySmdqVmY1am5vbGRYdzJraEFEdmpjNGpYcGZr?oc=5,"<a href=""https://news.google.com/rss/articles/CBMiowFBVV95cUxNdW5iTVBSbE5WSG1qNy0tOHJ4U3VYU01HekF1ellkOWtlY0Itc0pGbXB4RXg0bjJpMzNEUTlCY2s0QjJBMTdac0NWSWwtbTZNRXNyNFZUdmhmYUQwWk1JLU9zcUE0NGQ3aE1fVk5xYjloNWlhV2N2cjNweG9YWGk2cTVVU0RjLW4ySmdqVmY1am5vbGRYdzJraEFEdmpjNGpYcGZr?oc=5"" target=""_blank"">Gymshark Taps Generative AI to Personalize Consumer Experiences</a>&nbsp;&nbsp;<font color=""#6f6f6f"">Consumer Goods Technology</font>",fitness technology consumers UK,"<a href=""https://news.google.com/rss/articles/CBMiowFBVV95cUxNdW5iTVBSbE5WSG1qNy0tOHJ4U3VYU01HekF1ellkOWtlY0Itc0pGbXB4RXg0bjJpMzNEUTlCY2s0QjJBMTdac0NWSWwtbTZNRXNyNFZUdmhmYUQwWk1JLU9zcUE0NGQ3aE1fVk5xYjloNWlhV2N2cjNweG9YWGk2cTVVU0RjLW4ySmdqVmY1am5vbGRYdzJraEFEdmpjNGpYcGZr?oc=5"" target=""_blank"">Gymshark Taps Generative AI to Personalize Consumer Experiences</a>&nbsp;&nbsp;<font color=""#6f6f6f"">Consumer Goods Technology</font>"
Wearable technology in health care: Getting better all the time - Deloitte,"Wed, 01 Dec 2021 08:00:00 GMT",Deloitte,https://news.google.com/rss/articles/CBMi2AFBVV95cUxNZlp2QjEwNDIyakN4eEY5VTNZZVFCUFFfOW9jTF9SWXN5OG9DVVpkQmRXTzJrdHFyUUg5UklTRTd4TktST3FEM3U4WDNpQTJ0ZmJ2T0pjbjFCNnZ2Wk9EMGtZNFpVMFFYbm5QcGlqV2xXUFFTaTJNMEV6ZHlHUVhxTngxQm9ySHE0eFZmY0ZCU3JTQ0RHM1J4YXlBTE9SanZHZVRvLVlLVWtKZ3l2NW4yV3d3b19ZdXdTR3NyS0w1ZERxUW5lX1E5djJrbWJkTGpoLW01THBxZXo?oc=5,"<a href=""https://news.google.com/rss/articles/CBMi2AFBVV95cUxNZlp2QjEwNDIyakN4eEY5VTNZZVFCUFFfOW9jTF9SWXN5OG9DVVpkQmRXTzJrdHFyUUg5UklTRTd4TktST3FEM3U4WDNpQTJ0ZmJ2T0pjbjFCNnZ2Wk9EMGtZNFpVMFFYbm5QcGlqV2xXUFFTaTJNMEV6ZHlHUVhxTngxQm9ySHE0eFZmY0ZCU3JTQ0RHM1J4YXlBTE9SanZHZVRvLVlLVWtKZ3l2NW4yV3d3b19ZdXdTR3NyS0w1ZERxUW5lX1E5djJrbWJkTGpoLW01THBxZXo?oc=5"" target=""_blank"">Wearable technology in health care: Getting better all the time</a>&nbsp;&nbsp;<font color=""#6f6f6f"">Deloitte</font>",fitness technology consumers UK,"<a href=""https://news.google.com/rss/articles/CBMi2AFBVV95cUxNZlp2QjEwNDIyakN4eEY5VTNZZVFCUFFfOW9jTF9SWXN5OG9DVVpkQmRXTzJrdHFyUUg5UklTRTd4TktST3FEM3U4WDNpQTJ0ZmJ2T0pjbjFCNnZ2Wk9EMGtZNFpVMFFYbm5QcGlqV2xXUFFTaTJNMEV6ZHlHUVhxTngxQm9ySHE0eFZmY0ZCU3JTQ0RHM1J4YXlBTE9SanZHZVRvLVlLVWtKZ3l2NW4yV3d3b19ZdXdTR3NyS0w1ZERxUW5lX1E5djJrbWJkTGpoLW01THBxZXo?oc=5"" target=""_blank"">Wearable technology in health care: Getting better all the time</a>&nbsp;&nbsp;<font color=""#6f6f6f"">Deloitte</font>"
Check out the pitch deck fitness and beauty marketplace Urban used to raise $7.6 million in funding - Business Insider,"Wed, 23 Sep 2020 07:00:00 GMT",Business Insider,https://news.google.com/rss/articles/CBMikAFBVV95cUxOS2tGZUlfd3Zlc0UtaFFLWWZQQ3ZsSlBGUENmdFJXVGpFVk9DRDg2S05kSGpMbW1SY1ZBaWxvbHlSU1lUYXF4UWNxWGtENm9oYjRtbXNQODlzSWF3bWt0V3poaHFUNUNNUUdJVFpSaGpCdWNQb3RPNXFaOUZ3SUUyUUFUU2ttTk52bDRQWV9tcGU?oc=5,"<a href=""https://news.google.com/rss/articles/CBMikAFBVV95cUxOS2tGZUlfd3Zlc0UtaFFLWWZQQ3ZsSlBGUENmdFJXVGpFVk9DRDg2S05kSGpMbW1SY1ZBaWxvbHlSU1lUYXF4UWNxWGtENm9oYjRtbXNQODlzSWF3bWt0V3poaHFUNUNNUUdJVFpSaGpCdWNQb3RPNXFaOUZ3SUUyUUFUU2ttTk52bDRQWV9tcGU?oc=5"" target=""_blank"">Check out the pitch deck fitness and beauty marketplace Urban used to raise $7.6 million in funding</a>&nbsp;&nbsp;<font color=""#6f6f6f"">Business Insider</font>",fitness technology consumers UK,"<a href=""https://news.google.com/rss/articles/CBMikAFBVV95cUxOS2tGZUlfd3Zlc0UtaFFLWWZQQ3ZsSlBGUENmdFJXVGpFVk9DRDg2S05kSGpMbW1SY1ZBaWxvbHlSU1lUYXF4UWNxWGtENm9oYjRtbXNQODlzSWF3bWt0V3poaHFUNUNNUUdJVFpSaGpCdWNQb3RPNXFaOUZ3SUUyUUFUU2ttTk52bDRQWV9tcGU?oc=5"" target=""_blank"">Check out the pitch deck fitness and beauty marketplace Urban used to raise $7.6 million in funding</a>&nbsp;&nbsp;<font color=""#6f6f6f"">Business Insider</font>"
Fitness Tracker Usage Statistics And Trends (2026) - Bayelsa Watch,"Wed, 04 Mar 2026 08:00:00 GMT",Bayelsa Watch,https://news.google.com/rss/articles/CBMiakFVX3lxTE8taGIyaEV6eGNMZ3BqeXJLZjdMaGFnZ01wWjA4M1NIVDJjQVFEOENkb0FXTldJaHE5RTdNb2JzbGVyNWxsZGNUUDRvUHRhRHJGYThjal9qWWx2Q3phZFNXa1NEWDRxZ0lDZXc?oc=5,"<a href=""https://news.google.com/rss/articles/CBMiakFVX3lxTE8taGIyaEV6eGNMZ3BqeXJLZjdMaGFnZ01wWjA4M1NIVDJjQVFEOENkb0FXTldJaHE5RTdNb2JzbGVyNWxsZGNUUDRvUHRhRHJGYThjal9qWWx2Q3phZFNXa1NEWDRxZ0lDZXc?oc=5"" target=""_blank"">Fitness Tracker Usage Statistics And Trends (2026)</a>&nbsp;&nbsp;<font color=""#6f6f6f"">Bayelsa Watch</font>",fitness technology consumers UK,"<a href=""https://news.google.com/rss/articles/CBMiakFVX3lxTE8taGIyaEV6eGNMZ3BqeXJLZjdMaGFnZ01wWjA4M1NIVDJjQVFEOENkb0FXTldJaHE5RTdNb2JzbGVyNWxsZGNUUDRvUHRhRHJGYThjal9qWWx2Q3phZFNXa1NEWDRxZ0lDZXc?oc=5"" target=""_blank"">Fitness Tracker Usage Statistics And Trends (2026)</a>&nbsp;&nbsp;<font color=""#6f6f6f"">Bayelsa Watch</font>"
Top 10 Fitness Tracker Brands | Provides Best Data - Market.us,"Fri, 20 Sep 2024 07:00:00 GMT",Market.us,https://news.google.com/rss/articles/CBMiaEFVX3lxTE5qdXRVVTBNaTF0bFRHUDhDemNNQ28wRzctck9ZaHFLXzgxTUJ4T1VkUWRBZmFKM0RfWWZnQzBsN1NQVFl4S01BQUhSM0w1Yk5ZdjFNSWFTcVRhMVJvYXBtS19TTm1sSF9R?oc=5,"<a href=""https://news.google.com/rss/articles/CBMiaEFVX3lxTE5qdXRVVTBNaTF0bFRHUDhDemNNQ28wRzctck9ZaHFLXzgxTUJ4T1VkUWRBZmFKM0RfWWZnQzBsN1NQVFl4S01BQUhSM0w1Yk5ZdjFNSWFTcVRhMVJvYXBtS19TTm1sSF9R?oc=5"" target=""_blank"">Top 10 Fitness Tracker Brands | Provides Best Data</a>&nbsp;&nbsp;<font color=""#6f6f6f"">Market.us</font>",fitness technology consumers UK,"<a href=""https://news.google.com/rss/articles/CBMiaEFVX3lxTE5qdXRVVTBNaTF0bFRHUDhDemNNQ28wRzctck9ZaHFLXzgxTUJ4T1VkUWRBZmFKM0RfWWZnQzBsN1NQVFl4S01BQUhSM0w1Yk5ZdjFNSWFTcVRhMVJvYXBtS19TTm1sSF9R?oc=5"" target=""_blank"">Top 10 Fitness Tracker Brands | Provides Best Data</a>&nbsp;&nbsp;<font color=""#6f6f6f"">Market.us</font>"
Why Consumer Electronics Continue to Shape Digital Lifestyles in the United Kingdom? - Vocal,"Thu, 26 Feb 2026 04:50:35 GMT",Vocal,https://news.google.com/rss/articles/CBMisgFBVV95cUxQd3BFczc5MkJXQlJQcUYxNVBEcXVJc250ajV1d3B2aFk4OVVFRzZ5TTVaSFQwU1F4MXQxVEdEbmZBZHp6S0tRcnpWWHd5ZHpMUkJVdUlfZUV6Y1V2LUk3WW5VWXJWd2ZqazhmTnM4T0o0NV9lUC1jcGhvV0QyY0l4RWI5VVF4cHRoSDQyRlJydlRHV3BlVWdMaTl4SDFwU2RyV28xVFVadWZpSkdvSzJvc1lB?oc=5,"<a href=""https://news.google.com/rss/articles/CBMisgFBVV95cUxQd3BFczc5MkJXQlJQcUYxNVBEcXVJc250ajV1d3B2aFk4OVVFRzZ5TTVaSFQwU1F4MXQxVEdEbmZBZHp6S0tRcnpWWHd5ZHpMUkJVdUlfZUV6Y1V2LUk3WW5VWXJWd2ZqazhmTnM4T0o0NV9lUC1jcGhvV0QyY0l4RWI5VVF4cHRoSDQyRlJydlRHV3BlVWdMaTl4SDFwU2RyV28xVFVadWZpSkdvSzJvc1lB?oc=5"" target=""_blank"">Why Consumer Electronics Continue to Shape Digital Lifestyles in the United Kingdom?</a>&nbsp;&nbsp;<font color=""#6f6f6f"">Vocal</font>",fitness technology consumers UK,"<a href=""https://news.google.com/rss/articles/CBMisgFBVV95cUxQd3BFczc5MkJXQlJQcUYxNVBEcXVJc250ajV1d3B2aFk4OVVFRzZ5TTVaSFQwU1F4MXQxVEdEbmZBZHp6S0tRcnpWWHd5ZHpMUkJVdUlfZUV6Y1V2LUk3WW5VWXJWd2ZqazhmTnM4T0o0NV9lUC1jcGhvV0QyY0l4RWI5VVF4cHRoSDQyRlJydlRHV3BlVWdMaTl4SDFwU2RyV28xVFVadWZpSkdvSzJvc1lB?oc=5"" target=""_blank"">Why Consumer Electronics Continue to Shape Digital Lifestyles in the United Kingdom?</a>&nbsp;&nbsp;<font color=""#6f6f6f"">Vocal</font>"
Fitbit Charge 6 review: The best fitness tracker - Daily Express,"Sat, 28 Oct 2023 07:00:00 GMT",Daily Express,https://news.google.com/rss/articles/CBMijwFBVV95cUxNUE1qTFl3VkNIYTNWRjhuVjFVZ1FxdlVPUnBZR0ZFV2Y2VWdmcXZzVktlUzFVOWdoQXFpUl9UNDZKRVVHZEJWUnZuWmlOeExySHJONm9WZzBRSVZ1cW9haHBfLUZRbllacm9US1plMUl6YkFLV3dSLXRBNEUwbF95c2tkWmI1M25uVUpQSmMzUQ?oc=5,"<a href=""https://news.google.com/rss/articles/CBMijwFBVV95cUxNUE1qTFl3VkNIYTNWRjhuVjFVZ1FxdlVPUnBZR0ZFV2Y2VWdmcXZzVktlUzFVOWdoQXFpUl9UNDZKRVVHZEJWUnZuWmlOeExySHJONm9WZzBRSVZ1cW9haHBfLUZRbllacm9US1plMUl6YkFLV3dSLXRBNEUwbF95c2tkWmI1M25uVUpQSmMzUQ?oc=5"" target=""_blank"">Fitbit Charge 6 review: The best fitness tracker</a>&nbsp;&nbsp;<font color=""#6f6f6f"">Daily Express</font>",fitness technology consumers UK,"<a href=""https://news.google.com/rss/articles/CBMijwFBVV95cUxNUE1qTFl3VkNIYTNWRjhuVjFVZ1FxdlVPUnBZR0ZFV2Y2VWdmcXZzVktlUzFVOWdoQXFpUl9UNDZKRVVHZEJWUnZuWmlOeExySHJONm9WZzBRSVZ1cW9haHBfLUZRbllacm9US1plMUl6YkFLV3dSLXRBNEUwbF95c2tkWmI1M25uVUpQSmMzUQ?oc=5"" target=""_blank"">Fitbit Charge 6 review: The best fitness tracker</a>&nbsp;&nbsp;<font color=""#6f6f6f"">Daily Express</font>"
John Lewis issues major update as new department launched in UK stores - Wales Online,"Thu, 06 Aug 2026 04:21:30 GMT",Wales Online,https://news.google.com/rss/articles/CBMiigFBVV95cUxPZzBuRWNOQlRzRmNocktJeU1VZVdBN1RQRHlidmFyQWxoRldTc0VQNmRWLUtyc1RsOGVOU01xODVDQXZMYW0yQzBtaUR0LVJqLWs5cmRfeDkwbmtFMDU4QlFmZTZfTDdiYjZWLXk1Q2xFTmhSY0xRWEFQS2FsZXdrR0VUTENZVDJDRFHSAY8BQVVfeXFMUERKRkl3T3FGQ0ROQUFsM3BkVXhWaUVTajkxb3ZpU0xqeUhnSHg5TGdLUjNzcl91akpibXZ1YWt2c0VPSE1nVFY3MlBmQ3lMalF1a3RabTktRnVhZWd3a2tpdFlacTZoWjJZZVlwVGdHazFhSFRPRjVoVF9ZVWZucGZpb000dnBEakxBSmtacEU?oc=5,"<a href=""https://news.google.com/rss/articles/CBMiigFBVV95cUxPZzBuRWNOQlRzRmNocktJeU1VZVdBN1RQRHlidmFyQWxoRldTc0VQNmRWLUtyc1RsOGVOU01xODVDQXZMYW0yQzBtaUR0LVJqLWs5cmRfeDkwbmtFMDU4QlFmZTZfTDdiYjZWLXk1Q2xFTmhSY0xRWEFQS2FsZXdrR0VUTENZVDJDRFHSAY8BQVVfeXFMUERKRkl3T3FGQ0ROQUFsM3BkVXhWaUVTajkxb3ZpU0xqeUhnSHg5TGdLUjNzcl91akpibXZ1YWt2c0VPSE1nVFY3MlBmQ3lMalF1a3RabTktRnVhZWd3a2tpdFlacTZoWjJZZVlwVGdHazFhSFRPRjVoVF9ZVWZucGZpb000dnBEakxBSmtacEU?oc=5"" target=""_blank"">John Lewis issues major update as new department launched in UK stores</a>&nbsp;&nbsp;<font color=""#6f6f6f"">Wales Online</font>",wearable technology fitness UK,"<a href=""https://news.google.com/rss/articles/CBMiigFBVV95cUxPZzBuRWNOQlRzRmNocktJeU1VZVdBN1RQRHlidmFyQWxoRldTc0VQNmRWLUtyc1RsOGVOU01xODVDQXZMYW0yQzBtaUR0LVJqLWs5cmRfeDkwbmtFMDU4QlFmZTZfTDdiYjZWLXk1Q2xFTmhSY0xRWEFQS2FsZXdrR0VUTENZVDJDRFHSAY8BQVVfeXFMUERKRkl3T3FGQ0ROQUFsM3BkVXhWaUVTajkxb3ZpU0xqeUhnSHg5TGdLUjNzcl91akpibXZ1YWt2c0VPSE1nVFY3MlBmQ3lMalF1a3RabTktRnVhZWd3a2tpdFlacTZoWjJZZVlwVGdHazFhSFRPRjVoVF9ZVWZucGZpb000dnBEakxBSmtacEU?oc=5"" target=""_blank"">John Lewis issues major update as new department launched in UK stores</a>&nbsp;&nbsp;<font color=""#6f6f6f"">Wales Online</font>"
The Best Fitness Trackers for 2026 - PCMag UK,"Wed, 22 Jul 2026 07:00:00 GMT",PCMag UK,https://news.google.com/rss/articles/CBMidkFVX3lxTE1oYTBHSnVxQmFxT1h1cERhcDVmUkRsanVZWkJkWGRablprLWc5NGVESUtoZWY5NDMtRzl1LUVoYmJNOWNsblZtNEdZRjN4WnlqREFrYmI3WDRyVF9SWTdLczhrWDVMbU5kYnBsdVhleXV5YmJJbXc?oc=5,"<a href=""https://news.google.com/rss/articles/CBMidkFVX3lxTE1oYTBHSnVxQmFxT1h1cERhcDVmUkRsanVZWkJkWGRablprLWc5NGVESUtoZWY5NDMtRzl1LUVoYmJNOWNsblZtNEdZRjN4WnlqREFrYmI3WDRyVF9SWTdLczhrWDVMbU5kYnBsdVhleXV5YmJJbXc?oc=5"" target=""_blank"">The Best Fitness Trackers for 2026</a>&nbsp;&nbsp;<font color=""#6f6f6f"">PCMag UK</font>",wearable technology fitness UK,"<a href=""https://news.google.com/rss/articles/CBMidkFVX3lxTE1oYTBHSnVxQmFxT1h1cERhcDVmUkRsanVZWkJkWGRablprLWc5NGVESUtoZWY5NDMtRzl1LUVoYmJNOWNsblZtNEdZRjN4WnlqREFrYmI3WDRyVF9SWTdLczhrWDVMbU5kYnBsdVhleXV5YmJJbXc?oc=5"" target=""_blank"">The Best Fitness Trackers for 2026</a>&nbsp;&nbsp;<font color=""#6f6f6f"">PCMag UK</font>"
The best fitness watches for around-the-clock health and activity tracking - The Telegraph,"Wed, 22 Jul 2026 07:00:00 GMT",The Telegraph,https://news.google.com/rss/articles/CBMijwFBVV95cUxOYUJjNkdERXJLT3VYRkVYaExqTDVpN3RUaHdBY1dKQjBCT2lyLTgyMERQYUVqSjNKWWZVOGdjeENUNmx0RmM3YzVoVEVGNHpoeGhWYkdCT2U4WXFpMUx0LTlyUGVEOTNkTHU5TnFjRWJPcnNoMnZIVm5QTm1zekxiZmk2V1lkNUhDTHhOVlVfRQ?oc=5,"<a href=""https://news.google.com/rss/articles/CBMijwFBVV95cUxOYUJjNkdERXJLT3VYRkVYaExqTDVpN3RUaHdBY1dKQjBCT2lyLTgyMERQYUVqSjNKWWZVOGdjeENUNmx0RmM3YzVoVEVGNHpoeGhWYkdCT2U4WXFpMUx0LTlyUGVEOTNkTHU5TnFjRWJPcnNoMnZIVm5QTm1zekxiZmk2V1lkNUhDTHhOVlVfRQ?oc=5"" target=""_blank"">The best fitness watches for around-the-clock health and activity tracking</a>&nbsp;&nbsp;<font color=""#6f6f6f"">The Telegraph</font>",wearable technology fitness UK,"<a href=""https://news.google.com/rss/articles/CBMijwFBVV95cUxOYUJjNkdERXJLT3VYRkVYaExqTDVpN3RUaHdBY1dKQjBCT2lyLTgyMERQYUVqSjNKWWZVOGdjeENUNmx0RmM3YzVoVEVGNHpoeGhWYkdCT2U4WXFpMUx0LTlyUGVEOTNkTHU5TnFjRWJPcnNoMnZIVm5QTm1zekxiZmk2V1lkNUhDTHhOVlVfRQ?oc=5"" target=""_blank"">The best fitness watches for around-the-clock health and activity tracking</a>&nbsp;&nbsp;<font color=""#6f6f6f"">The Telegraph</font>"
The best smartwatch 2026: Top-tier wearable tech and fitness trackers - TechRadar,"Tue, 04 Aug 2026 14:52:43 GMT",TechRadar,https://news.google.com/rss/articles/CBMiqAFBVV95cUxQa0lKSU9pUUVqS2dDbVRUeDdSUHIxVFp3VFFTQ0ZNUTJPb1hmYmZPRG0wVTY2Q24zM0UwUUFsY0JFRFh6YTR6dHZtdmVEbjdMR3NLMUNGSndDMzFpVFhuZ0doTzMyRFBTaTJKbVFLejJrVnBqTF9KbHlvNVhuekhXRXFadGZ4U3VQdWVuSXVfSWxrak5ILWFJUk5yd1RId0hPRk9iQkpjQWM?oc=5,"<a href=""https://news.google.com/rss/articles/CBMiqAFBVV95cUxQa0lKSU9pUUVqS2dDbVRUeDdSUHIxVFp3VFFTQ0ZNUTJPb1hmYmZPRG0wVTY2Q24zM0UwUUFsY0JFRFh6YTR6dHZtdmVEbjdMR3NLMUNGSndDMzFpVFhuZ0doTzMyRFBTaTJKbVFLejJrVnBqTF9KbHlvNVhuekhXRXFadGZ4U3VQdWVuSXVfSWxrak5ILWFJUk5yd1RId0hPRk9iQkpjQWM?oc=5"" target=""_blank"">The best smartwatch 2026: Top-tier wearable tech and fitness trackers</a>&nbsp;&nbsp;<font color=""#6f6f6f"">TechRadar</font>",wearable technology fitness UK,"<a href=""https://news.google.com/rss/articles/CBMiqAFBVV95cUxQa0lKSU9pUUVqS2dDbVRUeDdSUHIxVFp3VFFTQ0ZNUTJPb1hmYmZPRG0wVTY2Q24zM0UwUUFsY0JFRFh6YTR6dHZtdmVEbjdMR3NLMUNGSndDMzFpVFhuZ0doTzMyRFBTaTJKbVFLejJrVnBqTF9KbHlvNVhuekhXRXFadGZ4U3VQdWVuSXVfSWxrak5ILWFJUk5yd1RId0hPRk9iQkpjQWM?oc=5"" target=""_blank"">The best smartwatch 2026: Top-tier wearable tech and fitness trackers</a>&nbsp;&nbsp;<font color=""#6f6f6f"">TechRadar</font>"
"UK Wearable Technology Market Size, Share, & Growth, 2034 - Market Data Forecast","Thu, 16 Jul 2026 07:00:00 GMT",Market Data Forecast,https://news.google.com/rss/articles/CBMilgFBVV95cUxOWFRmZENDa2xLX3pBMUF4T2FlLTEzX09QUC1tY2NUclNQZjhRcm53TUxDSjVJc2pFS3hNOWhjUmtUWEtoY0Q0WmpmQ1VUU0lJTHlrcllkQlRGZndPaWQ4VHVoZUw4RWx4S1ZmRVc2NjlNOWFhbEtGU2kzalZqRTZsSHJSR0xsWF8wdWRxWlhSUlZkX21jMmc?oc=5,"<a href=""https://news.google.com/rss/articles/CBMilgFBVV95cUxOWFRmZENDa2xLX3pBMUF4T2FlLTEzX09QUC1tY2NUclNQZjhRcm53TUxDSjVJc2pFS3hNOWhjUmtUWEtoY0Q0WmpmQ1VUU0lJTHlrcllkQlRGZndPaWQ4VHVoZUw4RWx4S1ZmRVc2NjlNOWFhbEtGU2kzalZqRTZsSHJSR0xsWF8wdWRxWlhSUlZkX21jMmc?oc=5"" target=""_blank"">UK Wearable Technology Market Size, Share, & Growth, 2034</a>&nbsp;&nbsp;<font color=""#6f6f6f"">Market Data Forecast</font>",wearable technology fitness UK,"<a href=""https://news.google.com/rss/articles/CBMilgFBVV95cUxOWFRmZENDa2xLX3pBMUF4T2FlLTEzX09QUC1tY2NUclNQZjhRcm53TUxDSjVJc2pFS3hNOWhjUmtUWEtoY0Q0WmpmQ1VUU0lJTHlrcllkQlRGZndPaWQ4VHVoZUw4RWx4S1ZmRVc2NjlNOWFhbEtGU2kzalZqRTZsSHJSR0xsWF8wdWRxWlhSUlZkX21jMmc?oc=5"" target=""_blank"">UK Wearable Technology Market Size, Share, & Growth, 2034</a>&nbsp;&nbsp;<font color=""#6f6f6f"">Market Data Forecast</font>"
"The best fitness trackers, tried and tested by a running coach - The Independent","Mon, 29 Jun 2026 07:00:00 GMT",The Independent,https://news.google.com/rss/articles/CBMipgFBVV95cUxOZXpyeExjeFVsdG1rc1pyVUJWMld5SnBndzZBbUZfdmtYZUw3TXR1S0dSME53ZlFXUTdNaENiQlMxN1JrbWZIWDlkWjZESWczX1JqRDl0ektEUVpCV3kzOVQtV1I2bGJRa0MzMUxPY1ZNNnByR1I2aVBaRUJrRkFsTDFPdmVadTZzV3ZoTV9ZWjlvOUp3SmZnRWNyMFBQRng1RnRJMW5n?oc=5,"<a href=""https://news.google.com/rss/articles/CBMipgFBVV95cUxOZXpyeExjeFVsdG1rc1pyVUJWMld5SnBndzZBbUZfdmtYZUw3TXR1S0dSME53ZlFXUTdNaENiQlMxN1JrbWZIWDlkWjZESWczX1JqRDl0ektEUVpCV3kzOVQtV1I2bGJRa0MzMUxPY1ZNNnByR1I2aVBaRUJrRkFsTDFPdmVadTZzV3ZoTV9ZWjlvOUp3SmZnRWNyMFBQRng1RnRJMW5n?oc=5"" target=""_blank"">The best fitness trackers, tried and tested by a running coach</a>&nbsp;&nbsp;<font color=""#6f6f6f"">The Independent</font>",wearable technology fitness UK,"<a href=""https://news.google.com/rss/articles/CBMipgFBVV95cUxOZXpyeExjeFVsdG1rc1pyVUJWMld5SnBndzZBbUZfdmtYZUw3TXR1S0dSME53ZlFXUTdNaENiQlMxN1JrbWZIWDlkWjZESWczX1JqRDl0ektEUVpCV3kzOVQtV1I2bGJRa0MzMUxPY1ZNNnByR1I2aVBaRUJrRkFsTDFPdmVadTZzV3ZoTV9ZWjlvOUp3SmZnRWNyMFBQRng1RnRJMW5n?oc=5"" target=""_blank"">The best fitness trackers, tried and tested by a running coach</a>&nbsp;&nbsp;<font color=""#6f6f6f"">The Independent</font>"
Wearable ownership in the UK 2026 - Statista,"Wed, 10 Jun 2026 07:00:00 GMT",Statista,https://news.google.com/rss/articles/CBMif0FVX3lxTFBlWG4yZzJsSF9fcUJVdWxTOTRCbk1raDdxaUZWblpNTHhtYVgwRGoyOFhvUEFwQjJXcFcyWGM1Q0FVQXVrQURlNFFoYzY2MV9iaTZBVEZkcEZWTU95ODVqZmZVcVV6TFBsbnNmNkxvcnZkejlaTVpIcUhEWVM0ZGc?oc=5,"<a href=""https://news.google.com/rss/articles/CBMif0FVX3lxTFBlWG4yZzJsSF9fcUJVdWxTOTRCbk1raDdxaUZWblpNTHhtYVgwRGoyOFhvUEFwQjJXcFcyWGM1Q0FVQXVrQURlNFFoYzY2MV9iaTZBVEZkcEZWTU95ODVqZmZVcVV6TFBsbnNmNkxvcnZkejlaTVpIcUhEWVM0ZGc?oc=5"" target=""_blank"">Wearable ownership in the UK 2026</a>&nbsp;&nbsp;<font color=""#6f6f6f"">Statista</font>",wearable technology fitness UK,"<a href=""https://news.google.com/rss/articles/CBMif0FVX3lxTFBlWG4yZzJsSF9fcUJVdWxTOTRCbk1raDdxaUZWblpNTHhtYVgwRGoyOFhvUEFwQjJXcFcyWGM1Q0FVQXVrQURlNFFoYzY2MV9iaTZBVEZkcEZWTU95ODVqZmZVcVV6TFBsbnNmNkxvcnZkejlaTVpIcUhEWVM0ZGc?oc=5"" target=""_blank"">Wearable ownership in the UK 2026</a>&nbsp;&nbsp;<font color=""#6f6f6f"">Statista</font>"
The 7 best fitness trackers to help you train smarter and recover better - Runner's World,"Wed, 27 May 2026 07:00:00 GMT",Runner's World,https://news.google.com/rss/articles/CBMifkFVX3lxTE5KcFdyOHk1TmdiSzNyMGFvVUo4Q1YxZlJzd1hVUWIxVHBfS3NpWDZsLTN5alU1VFRoREk2anZFcDJUVEtMTnRfeENoYTYzZFJXSHBWNjc1aEIzSWtRY1Q0R0d1SzZXcFpPdVAteXBZQktYRk5GSEladkZSQ1FCUQ?oc=5,"<a href=""https://news.google.com/rss/articles/CBMifkFVX3lxTE5KcFdyOHk1TmdiSzNyMGFvVUo4Q1YxZlJzd1hVUWIxVHBfS3NpWDZsLTN5alU1VFRoREk2anZFcDJUVEtMTnRfeENoYTYzZFJXSHBWNjc1aEIzSWtRY1Q0R0d1SzZXcFpPdVAteXBZQktYRk5GSEladkZSQ1FCUQ?oc=5"" target=""_blank"">The 7 best fitness trackers to help you train smarter and recover better</a>&nbsp;&nbsp;<font color=""#6f6f6f"">Runner's World</font>",wearable technology fitness UK,"<a href=""https://news.google.com/rss/articles/CBMifkFVX3lxTE5KcFdyOHk1TmdiSzNyMGFvVUo4Q1YxZlJzd1hVUWIxVHBfS3NpWDZsLTN5alU1VFRoREk2anZFcDJUVEtMTnRfeENoYTYzZFJXSHBWNjc1aEIzSWtRY1Q0R0d1SzZXcFpPdVAteXBZQktYRk5GSEladkZSQ1FCUQ?oc=5"" target=""_blank"">The 7 best fitness trackers to help you train smarter and recover better</a>&nbsp;&nbsp;<font color=""#6f6f6f"">Runner's World</font>"
These 9 Editor-Tested Fitness Trackers Encourage Calculated Gains - Men's Health,"Mon, 19 Jan 2026 08:00:00 GMT",Men's Health,https://news.google.com/rss/articles/CBMie0FVX3lxTE4zMnhNeEx1QkRHUFVsWW1tUHB2SjlkNk43eVlENjUwN2poTW5YTDRoaFc2SGZYNWk5V0k1VFE2SjZ3cU16cmFGWXdjMHlTY29tNGYzZVhuY2ZueERURndBNDhwSTV5czJzLWNhYkhVN1F2NmZnTWVUQ0RhMA?oc=5,"<a href=""https://news.google.com/rss/articles/CBMie0FVX3lxTE4zMnhNeEx1QkRHUFVsWW1tUHB2SjlkNk43eVlENjUwN2poTW5YTDRoaFc2SGZYNWk5V0k1VFE2SjZ3cU16cmFGWXdjMHlTY29tNGYzZVhuY2ZueERURndBNDhwSTV5czJzLWNhYkhVN1F2NmZnTWVUQ0RhMA?oc=5"" target=""_blank"">These 9 Editor-Tested Fitness Trackers Encourage Calculated Gains</a>&nbsp;&nbsp;<font color=""#6f6f6f"">Men's Health</font>",wearable technology fitness UK,"<a href=""https://news.google.com/rss/articles/CBMie0FVX3lxTE4zMnhNeEx1QkRHUFVsWW1tUHB2SjlkNk43eVlENjUwN2poTW5YTDRoaFc2SGZYNWk5V0k1VFE2SjZ3cU16cmFGWXdjMHlTY29tNGYzZVhuY2ZueERURndBNDhwSTV5czJzLWNhYkhVN1F2NmZnTWVUQ0RhMA?oc=5"" target=""_blank"">These 9 Editor-Tested Fitness Trackers Encourage Calculated Gains</a>&nbsp;&nbsp;<font color=""#6f6f6f"">Men's Health</font>"
Australian Open 2026: Why were Carlos Alcaraz and Jannik Sinner told to take off fitness trackers? - BBC,"Mon, 26 Jan 2026 08:00:00 GMT",BBC,https://news.google.com/rss/articles/CBMiZEFVX3lxTE0ySTFLVWtLYlgweFNqS2NabVdRbzhXcFlvdDkzNDJwM3BsclpLSzV4WGVLZ1dSU2lwNXdjOGZOTHAwNHY4bGFyMWRUSVdMdTh1OUNyaVc2eVRtd05YWVFxS2EtV0w?oc=5,"<a href=""https://news.google.com/rss/articles/CBMiZEFVX3lxTE0ySTFLVWtLYlgweFNqS2NabVdRbzhXcFlvdDkzNDJwM3BsclpLSzV4WGVLZ1dSU2lwNXdjOGZOTHAwNHY4bGFyMWRUSVdMdTh1OUNyaVc2eVRtd05YWVFxS2EtV0w?oc=5"" target=""_blank"">Australian Open 2026: Why were Carlos Alcaraz and Jannik Sinner told to take off fitness trackers?</a>&nbsp;&nbsp;<font color=""#6f6f6f"">BBC</font>",wearable technology fitness UK,"<a href=""https://news.google.com/rss/articles/CBMiZEFVX3lxTE0ySTFLVWtLYlgweFNqS2NabVdRbzhXcFlvdDkzNDJwM3BsclpLSzV4WGVLZ1dSU2lwNXdjOGZOTHAwNHY4bGFyMWRUSVdMdTh1OUNyaVc2eVRtd05YWVFxS2EtV0w?oc=5"" target=""_blank"">Australian Open 2026: Why were Carlos Alcaraz and Jannik Sinner told to take off fitness trackers?</a>&nbsp;&nbsp;<font color=""#6f6f6f"">BBC</font>"
"11 best fitness trackers 2025: Apple, Garmin, Oura, WHOOP, FitBit and more tested - Women's Health","Mon, 06 Oct 2025 07:00:00 GMT",Women's Health,https://news.google.com/rss/articles/CBMiiAFBVV95cUxPWUlOVWdmQ2JuNG95WExMLVVHdjRFOGRUMWlIeHFUUlNpTDlURFRUU0laNzJ5YTZFMWJkUW9aTjFLOXRZeUdUaThncmRNZ1doTWxTVTBFcHJxZlRTNHJOeXNTRzQwUnlHY2N6dFJNSTBrQWczVmFiVGcwNGhvWTNOMEVuUk1ScW9V?oc=5,"<a href=""https://news.google.com/rss/articles/CBMiiAFBVV95cUxPWUlOVWdmQ2JuNG95WExMLVVHdjRFOGRUMWlIeHFUUlNpTDlURFRUU0laNzJ5YTZFMWJkUW9aTjFLOXRZeUdUaThncmRNZ1doTWxTVTBFcHJxZlRTNHJOeXNTRzQwUnlHY2N6dFJNSTBrQWczVmFiVGcwNGhvWTNOMEVuUk1ScW9V?oc=5"" target=""_blank"">11 best fitness trackers 2025: Apple, Garmin, Oura, WHOOP, FitBit and more tested</a>&nbsp;&nbsp;<font color=""#6f6f6f"">Women's Health</font>",wearable technology fitness UK,"<a href=""https://news.google.com/rss/articles/CBMiiAFBVV95cUxPWUlOVWdmQ2JuNG95WExMLVVHdjRFOGRUMWlIeHFUUlNpTDlURFRUU0laNzJ5YTZFMWJkUW9aTjFLOXRZeUdUaThncmRNZ1doTWxTVTBFcHJxZlRTNHJOeXNTRzQwUnlHY2N6dFJNSTBrQWczVmFiVGcwNGhvWTNOMEVuUk1ScW9V?oc=5"" target=""_blank"">11 best fitness trackers 2025: Apple, Garmin, Oura, WHOOP, FitBit and more tested</a>&nbsp;&nbsp;<font color=""#6f6f6f"">Women's Health</font>"
BLOG: Are wearables all they are cracked up to be? - Loughborough University,"Wed, 18 Sep 2024 07:00:00 GMT",Loughborough University,https://news.google.com/rss/articles/CBMifEFVX3lxTE04V1NXczg0VXhKbEsyQVlGdFNWVzBKVFhxc2JuREFsWGNPUHFWbWRCcnNHdzBNclpUZ1p6aElfWDZJQl9UaWZtdEUwZVdKb182amRDaWVGOWZsc1I4TTVETlpaYXlpOGtUSW9YaXB3V3F2MTctb2p2YkZkWnk?oc=5,"<a href=""https://news.google.com/rss/articles/CBMifEFVX3lxTE04V1NXczg0VXhKbEsyQVlGdFNWVzBKVFhxc2JuREFsWGNPUHFWbWRCcnNHdzBNclpUZ1p6aElfWDZJQl9UaWZtdEUwZVdKb182amRDaWVGOWZsc1I4TTVETlpaYXlpOGtUSW9YaXB3V3F2MTctb2p2YkZkWnk?oc=5"" target=""_blank"">BLOG: Are wearables all they are cracked up to be?</a>&nbsp;&nbsp;<font color=""#6f6f6f"">Loughborough University</font>",wearable technology fitness UK,"<a href=""https://news.google.com/rss/articles/CBMifEFVX3lxTE04V1NXczg0VXhKbEsyQVlGdFNWVzBKVFhxc2JuREFsWGNPUHFWbWRCcnNHdzBNclpUZ1p6aElfWDZJQl9UaWZtdEUwZVdKb182amRDaWVGOWZsc1I4TTVETlpaYXlpOGtUSW9YaXB3V3F2MTctb2p2YkZkWnk?oc=5"" target=""_blank"">BLOG: Are wearables all they are cracked up to be?</a>&nbsp;&nbsp;<font color=""#6f6f6f"">Loughborough University</font>"
See where the Fitbit Air ranks amongst the best fitness trackers - Tech Advisor,"Fri, 27 Mar 2026 10:03:04 GMT",Tech Advisor,https://news.google.com/rss/articles/CBMiekFVX3lxTE02X2JheklNTWtqOG1TSGVXanhtWFpKcGN5b0lrQ1VYUkx5SUhWTEpNX3pURE04T3NycGRHQUtUY0tCZkQwcTlabmRJT1JuM3Y2a2xCRUJEUnc1c2dpdktwbEFPVlBBdmYyVU1pcy05X3JVeUJwZFBFRmx3?oc=5,"<a href=""https://news.google.com/rss/articles/CBMiekFVX3lxTE02X2JheklNTWtqOG1TSGVXanhtWFpKcGN5b0lrQ1VYUkx5SUhWTEpNX3pURE04T3NycGRHQUtUY0tCZkQwcTlabmRJT1JuM3Y2a2xCRUJEUnc1c2dpdktwbEFPVlBBdmYyVU1pcy05X3JVeUJwZFBFRmx3?oc=5"" target=""_blank"">See where the Fitbit Air ranks amongst the best fitness trackers</a>&nbsp;&nbsp;<font color=""#6f6f6f"">Tech Advisor</font>",wearable technology fitness UK,"<a href=""https://news.google.com/rss/articles/CBMiekFVX3lxTE02X2JheklNTWtqOG1TSGVXanhtWFpKcGN5b0lrQ1VYUkx5SUhWTEpNX3pURE04T3NycGRHQUtUY0tCZkQwcTlabmRJT1JuM3Y2a2xCRUJEUnc1c2dpdktwbEFPVlBBdmYyVU1pcy05X3JVeUJwZFBFRmx3?oc=5"" target=""_blank"">See where the Fitbit Air ranks amongst the best fitness trackers</a>&nbsp;&nbsp;<font color=""#6f6f6f"">Tech Advisor</font>"
I wore the Whoop 5.0 non-stop for a month and it’s the best wearable health coach I’ve tried - The Independent,"Fri, 17 Jul 2026 07:00:00 GMT",The Independent,https://news.google.com/rss/articles/CBMilgFBVV95cUxOd2taTTN1NW1SQXBfR0RHS3FTR19aYjhjMlU1TlVDQ3ZCR05aMkRaNXl3ZHpMX3lHQ29fVmRtYkdEeUF6enFOOHBGNkI3dC1JYUFMOUlJZ2tIbmNnMS1YWDBIVk53VFVZbWc0Q1VJZlFFMVFWR3lfVjVUWWcxS2RWS2dRd1ZnUmF2Uk1NZUJ6U1pkd1RNc2c?oc=5,"<a href=""https://news.google.com/rss/articles/CBMilgFBVV95cUxOd2taTTN1NW1SQXBfR0RHS3FTR19aYjhjMlU1TlVDQ3ZCR05aMkRaNXl3ZHpMX3lHQ29fVmRtYkdEeUF6enFOOHBGNkI3dC1JYUFMOUlJZ2tIbmNnMS1YWDBIVk53VFVZbWc0Q1VJZlFFMVFWR3lfVjVUWWcxS2RWS2dRd1ZnUmF2Uk1NZUJ6U1pkd1RNc2c?oc=5"" target=""_blank"">I wore the Whoop 5.0 non-stop for a month and it’s the best wearable health coach I’ve tried</a>&nbsp;&nbsp;<font color=""#6f6f6f"">The Independent</font>",wearable technology fitness UK,"<a href=""https://news.google.com/rss/articles/CBMilgFBVV95cUxOd2taTTN1NW1SQXBfR0RHS3FTR19aYjhjMlU1TlVDQ3ZCR05aMkRaNXl3ZHpMX3lHQ29fVmRtYkdEeUF6enFOOHBGNkI3dC1JYUFMOUlJZ2tIbmNnMS1YWDBIVk53VFVZbWc0Q1VJZlFFMVFWR3lfVjVUWWcxS2RWS2dRd1ZnUmF2Uk1NZUJ6U1pkd1RNc2c?oc=5"" target=""_blank"">I wore the Whoop 5.0 non-stop for a month and it’s the best wearable health coach I’ve tried</a>&nbsp;&nbsp;<font color=""#6f6f6f"">The Independent</font>"
The best finger-based smart rings for runners - Runner's World,"Thu, 15 Jan 2026 08:00:00 GMT",Runner's World,https://news.google.com/rss/articles/CBMickFVX3lxTE9mcG9Ld0RQVUYwYzNjZkF1enVlNTRaYi1uTmpBZmxxYmUwN1F1aXozaDJvekxDYXk3UlYybDhDZGVzM0FIM2lHa2lmbzZ4ckhlcURZMG95NExQTWJldHNJQmRUT293MHR3QkEyWEZGWU5uUQ?oc=5,"<a href=""https://news.google.com/rss/articles/CBMickFVX3lxTE9mcG9Ld0RQVUYwYzNjZkF1enVlNTRaYi1uTmpBZmxxYmUwN1F1aXozaDJvekxDYXk3UlYybDhDZGVzM0FIM2lHa2lmbzZ4ckhlcURZMG95NExQTWJldHNJQmRUT293MHR3QkEyWEZGWU5uUQ?oc=5"" target=""_blank"">The best finger-based smart rings for runners</a>&nbsp;&nbsp;<font color=""#6f6f6f"">Runner's World</font>",wearable technology fitness UK,"<a href=""https://news.google.com/rss/articles/CBMickFVX3lxTE9mcG9Ld0RQVUYwYzNjZkF1enVlNTRaYi1uTmpBZmxxYmUwN1F1aXozaDJvekxDYXk3UlYybDhDZGVzM0FIM2lHa2lmbzZ4ckhlcURZMG95NExQTWJldHNJQmRUT293MHR3QkEyWEZGWU5uUQ?oc=5"" target=""_blank"">The best finger-based smart rings for runners</a>&nbsp;&nbsp;<font color=""#6f6f6f"">Runner's World</font>"
Keep your phone in your pocket with our pick of the best smartwatches - The Telegraph,"Tue, 30 Dec 2025 08:00:00 GMT",The Telegraph,https://news.google.com/rss/articles/CBMicEFVX3lxTE9TNEFESU1JRXdPTTBHaU1HcGc4RkdfcDg2Nldia0V0enhRM0Iyc2Rqc3ZCTWtYNDhXMGk5QTdlM3dGcE1na2NLNWpPeDdrWTlrbVNMZGYyUTdnaThFSU8yZklkV0F5emJEZ3FHNGNRdmY?oc=5,"<a href=""https://news.google.com/rss/articles/CBMicEFVX3lxTE9TNEFESU1JRXdPTTBHaU1HcGc4RkdfcDg2Nldia0V0enhRM0Iyc2Rqc3ZCTWtYNDhXMGk5QTdlM3dGcE1na2NLNWpPeDdrWTlrbVNMZGYyUTdnaThFSU8yZklkV0F5emJEZ3FHNGNRdmY?oc=5"" target=""_blank"">Keep your phone in your pocket with our pick of the best smartwatches</a>&nbsp;&nbsp;<font color=""#6f6f6f"">The Telegraph</font>",wearable technology fitness UK,"<a href=""https://news.google.com/rss/articles/CBMicEFVX3lxTE9TNEFESU1JRXdPTTBHaU1HcGc4RkdfcDg2Nldia0V0enhRM0Iyc2Rqc3ZCTWtYNDhXMGk5QTdlM3dGcE1na2NLNWpPeDdrWTlrbVNMZGYyUTdnaThFSU8yZklkV0F5emJEZ3FHNGNRdmY?oc=5"" target=""_blank"">Keep your phone in your pocket with our pick of the best smartwatches</a>&nbsp;&nbsp;<font color=""#6f6f6f"">The Telegraph</font>"
"Best smart rings of 2026: We tested Oura, Samsung, Ultrahuman and Amazfit - Women's Health","Mon, 24 Nov 2025 08:00:00 GMT",Women's Health,https://news.google.com/rss/articles/CBMigAFBVV95cUxQcWNZWXJxM0RRMndBak9lV1dsLUpWY3ZNdXNEUGVnYVVDTEp3RThyVXU1a2NMNnVSUkVIc1NOeVptdmI5VmVGcjZQbFI5T2syQi1hdHUydjVYNk80ZjhhbUJNdjNkVy1sNkhkb2dPRlltcXcyOWFvcEJOelloanpSUA?oc=5,"<a href=""https://news.google.com/rss/articles/CBMigAFBVV95cUxQcWNZWXJxM0RRMndBak9lV1dsLUpWY3ZNdXNEUGVnYVVDTEp3RThyVXU1a2NMNnVSUkVIc1NOeVptdmI5VmVGcjZQbFI5T2syQi1hdHUydjVYNk80ZjhhbUJNdjNkVy1sNkhkb2dPRlltcXcyOWFvcEJOelloanpSUA?oc=5"" target=""_blank"">Best smart rings of 2026: We tested Oura, Samsung, Ultrahuman and Amazfit</a>&nbsp;&nbsp;<font color=""#6f6f6f"">Women's Health</font>",wearable technology fitness UK,"<a href=""https://news.google.com/rss/articles/CBMigAFBVV95cUxQcWNZWXJxM0RRMndBak9lV1dsLUpWY3ZNdXNEUGVnYVVDTEp3RThyVXU1a2NMNnVSUkVIc1NOeVptdmI5VmVGcjZQbFI5T2syQi1hdHUydjVYNk80ZjhhbUJNdjNkVy1sNkhkb2dPRlltcXcyOWFvcEJOelloanpSUA?oc=5"" target=""_blank"">Best smart rings of 2026: We tested Oura, Samsung, Ultrahuman and Amazfit</a>&nbsp;&nbsp;<font color=""#6f6f6f"">Women's Health</font>"
"Fitbit Air Review and AI Health Features Analysis, Google’s Wearable Strategy for UK Consumers - capitolskyline.com","Tue, 26 May 2026 07:00:00 GMT",capitolskyline.com,https://news.google.com/rss/articles/CBMickFVX3lxTE0tYTdzYWYwSHd0Vk5PY28zZlM0NlpfX1AwNmtmbkdNZk9uWEQ2Ym1XalNsbW9ubFE2V1ZtMWJMWklvX1FzeUNzV1plN19TZ3JOdFlzbE5EMkpmWk9TajdqMEY2Tm5FQW1FMWpHWEFBNGVaZw?oc=5,"<a href=""https://news.google.com/rss/articles/CBMickFVX3lxTE0tYTdzYWYwSHd0Vk5PY28zZlM0NlpfX1AwNmtmbkdNZk9uWEQ2Ym1XalNsbW9ubFE2V1ZtMWJMWklvX1FzeUNzV1plN19TZ3JOdFlzbE5EMkpmWk9TajdqMEY2Tm5FQW1FMWpHWEFBNGVaZw?oc=5"" target=""_blank"">Fitbit Air Review and AI Health Features Analysis, Google’s Wearable Strategy for UK Consumers</a>&nbsp;&nbsp;<font color=""#6f6f6f"">capitolskyline.com</font>",wearable technology fitness UK,"<a href=""https://news.google.com/rss/articles/CBMickFVX3lxTE0tYTdzYWYwSHd0Vk5PY28zZlM0NlpfX1AwNmtmbkdNZk9uWEQ2Ym1XalNsbW9ubFE2V1ZtMWJMWklvX1FzeUNzV1plN19TZ3JOdFlzbE5EMkpmWk9TajdqMEY2Tm5FQW1FMWpHWEFBNGVaZw?oc=5"" target=""_blank"">Fitbit Air Review and AI Health Features Analysis, Google’s Wearable Strategy for UK Consumers</a>&nbsp;&nbsp;<font color=""#6f6f6f"">capitolskyline.com</font>"
Fitness levels accurately predicted using wearable devices – no exercise required - University of Cambridge,"Thu, 01 Dec 2022 08:00:00 GMT",University of Cambridge,https://news.google.com/rss/articles/CBMivwFBVV95cUxOUGRUTVpTR2c5MEN0VmVOel9hZzA2RjJsX09aSnhEUGxyaFYxQzBuNXlKcUV0SEtSaEZGX19zRkk5bDJ0ZzA1V3A5Z2txUzZwa2Z1YnZXOHdqZ2szcmNjNHE1ZTNLWlR0V3RIX2p2YzNpSTFqbnpqU1lZd0Qyclc4LVdZZUhXNnM2MmZLMXZSTGZKWE1rS0I2WXpSNkJ5TFljWDdtZzhhaW5CalFwMm5yZVpuY3ZfZGpFdjRoN2I0QQ?oc=5,"<a href=""https://news.google.com/rss/articles/CBMivwFBVV95cUxOUGRUTVpTR2c5MEN0VmVOel9hZzA2RjJsX09aSnhEUGxyaFYxQzBuNXlKcUV0SEtSaEZGX19zRkk5bDJ0ZzA1V3A5Z2txUzZwa2Z1YnZXOHdqZ2szcmNjNHE1ZTNLWlR0V3RIX2p2YzNpSTFqbnpqU1lZd0Qyclc4LVdZZUhXNnM2MmZLMXZSTGZKWE1rS0I2WXpSNkJ5TFljWDdtZzhhaW5CalFwMm5yZVpuY3ZfZGpFdjRoN2I0QQ?oc=5"" target=""_blank"">Fitness levels accurately predicted using wearable devices – no exercise required</a>&nbsp;&nbsp;<font color=""#6f6f6f"">University of Cambridge</font>",wearable technology fitness UK,"<a href=""https://news.google.com/rss/articles/CBMivwFBVV95cUxOUGRUTVpTR2c5MEN0VmVOel9hZzA2RjJsX09aSnhEUGxyaFYxQzBuNXlKcUV0SEtSaEZGX19zRkk5bDJ0ZzA1V3A5Z2txUzZwa2Z1YnZXOHdqZ2szcmNjNHE1ZTNLWlR0V3RIX2p2YzNpSTFqbnpqU1lZd0Qyclc4LVdZZUhXNnM2MmZLMXZSTGZKWE1rS0I2WXpSNkJ5TFljWDdtZzhhaW5CalFwMm5yZVpuY3ZfZGpFdjRoN2I0QQ?oc=5"" target=""_blank"">Fitness levels accurately predicted using wearable devices – no exercise required</a>&nbsp;&nbsp;<font color=""#6f6f6f"">University of Cambridge</font>"
Wearable tech can monitor our health but why are doctors so sceptical? - bbc.co.uk,"Mon, 02 Dec 2024 08:00:00 GMT",bbc.co.uk,https://news.google.com/rss/articles/CBMiXEFVX3lxTE8yTzdwRFctQmZ2Zjh5X2tBZHVjSTlPQTZtYjJmczZRYVJQSTI2TjZkVnpFVGREUVdUbF9xR0txU3I3anh1R3VNRnQzWk5oTWxTMVFoSHhtU1Y2UkV5?oc=5,"<a href=""https://news.google.com/rss/articles/CBMiXEFVX3lxTE8yTzdwRFctQmZ2Zjh5X2tBZHVjSTlPQTZtYjJmczZRYVJQSTI2TjZkVnpFVGREUVdUbF9xR0txU3I3anh1R3VNRnQzWk5oTWxTMVFoSHhtU1Y2UkV5?oc=5"" target=""_blank"">Wearable tech can monitor our health but why are doctors so sceptical?</a>&nbsp;&nbsp;<font color=""#6f6f6f"">bbc.co.uk</font>",wearable technology fitness UK,"<a href=""https://news.google.com/rss/articles/CBMiXEFVX3lxTE8yTzdwRFctQmZ2Zjh5X2tBZHVjSTlPQTZtYjJmczZRYVJQSTI2TjZkVnpFVGREUVdUbF9xR0txU3I3anh1R3VNRnQzWk5oTWxTMVFoSHhtU1Y2UkV5?oc=5"" target=""_blank"">Wearable tech can monitor our health but why are doctors so sceptical?</a>&nbsp;&nbsp;<font color=""#6f6f6f"">bbc.co.uk</font>"
I Track My Health Data Nonstop — Is This A Problem? - refinery29.com,"Tue, 22 Apr 2025 07:00:00 GMT",refinery29.com,https://news.google.com/rss/articles/CBMieEFVX3lxTFBuQnFJTU9LOXNTNmVOX3F6MjV0alhrUEpRNWxzZ0ZwRGxaMUloNlNycjA3YmxFc1VoX3AxWVgybkszTnhvNDF0TVQ1OHl2TTNGUi1tQ3R0dVFlS0c5alVzVEwxeUxkQURzMVdvQUNKSklkWlh0eDdCOQ?oc=5,"<a href=""https://news.google.com/rss/articles/CBMieEFVX3lxTFBuQnFJTU9LOXNTNmVOX3F6MjV0alhrUEpRNWxzZ0ZwRGxaMUloNlNycjA3YmxFc1VoX3AxWVgybkszTnhvNDF0TVQ1OHl2TTNGUi1tQ3R0dVFlS0c5alVzVEwxeUxkQURzMVdvQUNKSklkWlh0eDdCOQ?oc=5"" target=""_blank"">I Track My Health Data Nonstop — Is This A Problem?</a>&nbsp;&nbsp;<font color=""#6f6f6f"">refinery29.com</font>",wearable technology fitness UK,"<a href=""https://news.google.com/rss/articles/CBMieEFVX3lxTFBuQnFJTU9LOXNTNmVOX3F6MjV0alhrUEpRNWxzZ0ZwRGxaMUloNlNycjA3YmxFc1VoX3AxWVgybkszTnhvNDF0TVQ1OHl2TTNGUi1tQ3R0dVFlS0c5alVzVEwxeUxkQURzMVdvQUNKSklkWlh0eDdCOQ?oc=5"" target=""_blank"">I Track My Health Data Nonstop — Is This A Problem?</a>&nbsp;&nbsp;<font color=""#6f6f6f"">refinery29.com</font>"
Wearable fitness trackers can make you seven times more likely to stick to your workouts – new research - The Conversation,"Thu, 12 Jun 2025 07:00:00 GMT",The Conversation,https://news.google.com/rss/articles/CBMi0gFBVV95cUxNdDdqakM1aDJtdU9DTzJ6alFPLV9NOFJ5TkR0ODFRV1gtd01hTzdmV1JOdnExYU01SXhQOWJZSGJJOWRyVHdjLXRXZzQ2X01RRkpncGl1Tk9qbDRNMkJTRDllQ1dBNG81cTlUZFNoWVB4VVRYU284RzNUS3ZoZGxlSkxQSWZxTWhHeGVFdTRreVUtM3VaM1V0UGVpQjY0cGpMNllsal8zTU4ybXZ1VTlFSHRNUUl2ckJoclRQRTlndHNRbzVWSm5YeU5xODFkMVl6aEE?oc=5,"<a href=""https://news.google.com/rss/articles/CBMi0gFBVV95cUxNdDdqakM1aDJtdU9DTzJ6alFPLV9NOFJ5TkR0ODFRV1gtd01hTzdmV1JOdnExYU01SXhQOWJZSGJJOWRyVHdjLXRXZzQ2X01RRkpncGl1Tk9qbDRNMkJTRDllQ1dBNG81cTlUZFNoWVB4VVRYU284RzNUS3ZoZGxlSkxQSWZxTWhHeGVFdTRreVUtM3VaM1V0UGVpQjY0cGpMNllsal8zTU4ybXZ1VTlFSHRNUUl2ckJoclRQRTlndHNRbzVWSm5YeU5xODFkMVl6aEE?oc=5"" target=""_blank"">Wearable fitness trackers can make you seven times more likely to stick to your workouts – new research</a>&nbsp;&nbsp;<font color=""#6f6f6f"">The Conversation</font>",wearable technology fitness UK,"<a href=""https://news.google.com/rss/articles/CBMi0gFBVV95cUxNdDdqakM1aDJtdU9DTzJ6alFPLV9NOFJ5TkR0ODFRV1gtd01hTzdmV1JOdnExYU01SXhQOWJZSGJJOWRyVHdjLXRXZzQ2X01RRkpncGl1Tk9qbDRNMkJTRDllQ1dBNG81cTlUZFNoWVB4VVRYU284RzNUS3ZoZGxlSkxQSWZxTWhHeGVFdTRreVUtM3VaM1V0UGVpQjY0cGpMNllsal8zTU4ybXZ1VTlFSHRNUUl2ckJoclRQRTlndHNRbzVWSm5YeU5xODFkMVl6aEE?oc=5"" target=""_blank"">Wearable fitness trackers can make you seven times more likely to stick to your workouts – new research</a>&nbsp;&nbsp;<font color=""#6f6f6f"">The Conversation</font>"
The Best Wearables for Optimising Your Training in 2024 - Men's Health,"Mon, 05 Feb 2024 08:00:00 GMT",Men's Health,https://news.google.com/rss/articles/CBMigwFBVV95cUxQb2tVQkJrZlhySEplUUk5ZndqTjZmcWVNdV9Zc2pkMVktaUw1ZWtxaXBtUzF2QzYzUWVDWFBQUGtlVl9OTDR0WHpaM1V3WC1ueUdXYWdHQl9GS3RvRXhOU3o3WDRnY3dOaGw3VG1TMG1sR0d1SXBObmJ4YklSODFhbG8xSQ?oc=5,"<a href=""https://news.google.com/rss/articles/CBMigwFBVV95cUxQb2tVQkJrZlhySEplUUk5ZndqTjZmcWVNdV9Zc2pkMVktaUw1ZWtxaXBtUzF2QzYzUWVDWFBQUGtlVl9OTDR0WHpaM1V3WC1ueUdXYWdHQl9GS3RvRXhOU3o3WDRnY3dOaGw3VG1TMG1sR0d1SXBObmJ4YklSODFhbG8xSQ?oc=5"" target=""_blank"">The Best Wearables for Optimising Your Training in 2024</a>&nbsp;&nbsp;<font color=""#6f6f6f"">Men's Health</font>",wearable technology fitness UK,"<a href=""https://news.google.com/rss/articles/CBMigwFBVV95cUxQb2tVQkJrZlhySEplUUk5ZndqTjZmcWVNdV9Zc2pkMVktaUw1ZWtxaXBtUzF2QzYzUWVDWFBQUGtlVl9OTDR0WHpaM1V3WC1ueUdXYWdHQl9GS3RvRXhOU3o3WDRnY3dOaGw3VG1TMG1sR0d1SXBObmJ4YklSODFhbG8xSQ?oc=5"" target=""_blank"">The Best Wearables for Optimising Your Training in 2024</a>&nbsp;&nbsp;<font color=""#6f6f6f"">Men's Health</font>"
Your smart watch isn't a medical device – but it is tracking all your health data - Brunel University,"Mon, 26 Feb 2024 08:00:00 GMT",Brunel University,https://news.google.com/rss/articles/CBMi3wFBVV95cUxOUUJWOEZRM2NaQXpPTTM3X0VUZkRGekFlUnJMOTRtOFJaRWJsRzRuZDV4Y0V5amJYY2E3WHB6MDc2Sy1iWHM0LWdQenNlS2poZkx1SzVBb0d3ellWNmRHQ3NTS3VkR3M1R3QxTV9ETWNPNXZ2UWdKQ01VUmNpZTRpWkhVMWIzTWVSWUFvU3JzSk9VMmZYZ2xYRXVBdWRJaVNTTzJtNTV6Y014NzFIX1RPZDh3aXVITWQwQ3FseEliQlVaTElKMWhnWUk0UVFCNnpUMl9KYVBkUmxtRGJPc1lJ?oc=5,"<a href=""https://news.google.com/rss/articles/CBMi3wFBVV95cUxOUUJWOEZRM2NaQXpPTTM3X0VUZkRGekFlUnJMOTRtOFJaRWJsRzRuZDV4Y0V5amJYY2E3WHB6MDc2Sy1iWHM0LWdQenNlS2poZkx1SzVBb0d3ellWNmRHQ3NTS3VkR3M1R3QxTV9ETWNPNXZ2UWdKQ01VUmNpZTRpWkhVMWIzTWVSWUFvU3JzSk9VMmZYZ2xYRXVBdWRJaVNTTzJtNTV6Y014NzFIX1RPZDh3aXVITWQwQ3FseEliQlVaTElKMWhnWUk0UVFCNnpUMl9KYVBkUmxtRGJPc1lJ?oc=5"" target=""_blank"">Your smart watch isn't a medical device – but it is tracking all your health data</a>&nbsp;&nbsp;<font color=""#6f6f6f"">Brunel University</font>",wearable technology fitness UK,"<a href=""https://news.google.com/rss/articles/CBMi3wFBVV95cUxOUUJWOEZRM2NaQXpPTTM3X0VUZkRGekFlUnJMOTRtOFJaRWJsRzRuZDV4Y0V5amJYY2E3WHB6MDc2Sy1iWHM0LWdQenNlS2poZkx1SzVBb0d3ellWNmRHQ3NTS3VkR3M1R3QxTV9ETWNPNXZ2UWdKQ01VUmNpZTRpWkhVMWIzTWVSWUFvU3JzSk9VMmZYZ2xYRXVBdWRJaVNTTzJtNTV6Y014NzFIX1RPZDh3aXVITWQwQ3FseEliQlVaTElKMWhnWUk0UVFCNnpUMl9KYVBkUmxtRGJPc1lJ?oc=5"" target=""_blank"">Your smart watch isn't a medical device – but it is tracking all your health data</a>&nbsp;&nbsp;<font color=""#6f6f6f"">Brunel University</font>"
Researchers reveal the major downside of wearing a fitness tracker - The Independent,"Sat, 04 Jul 2026 07:00:00 GMT",The Independent,https://news.google.com/rss/articles/CBMikwFBVV95cUxONURYNGNQcEtpNFJfdEdod2dxbVh4LUZsaHlNZ2FUMEFvbHp2SGZfRHoxZzQydnVkRTdjWlJjWHJFYXJxSmdLbWFtSTZSZVNEbzhiRzN0clFlSEVENll3UDZCU0gySVJaaHNEOGxuN2xIbmJ1QWRtdEZObk9meUtoX2RqZlZfdU1fa09QSmVHU0ZfQms?oc=5,"<a href=""https://news.google.com/rss/articles/CBMikwFBVV95cUxONURYNGNQcEtpNFJfdEdod2dxbVh4LUZsaHlNZ2FUMEFvbHp2SGZfRHoxZzQydnVkRTdjWlJjWHJFYXJxSmdLbWFtSTZSZVNEbzhiRzN0clFlSEVENll3UDZCU0gySVJaaHNEOGxuN2xIbmJ1QWRtdEZObk9meUtoX2RqZlZfdU1fa09QSmVHU0ZfQms?oc=5"" target=""_blank"">Researchers reveal the major downside of wearing a fitness tracker</a>&nbsp;&nbsp;<font color=""#6f6f6f"">The Independent</font>",wearable technology fitness UK,"<a href=""https://news.google.com/rss/articles/CBMikwFBVV95cUxONURYNGNQcEtpNFJfdEdod2dxbVh4LUZsaHlNZ2FUMEFvbHp2SGZfRHoxZzQydnVkRTdjWlJjWHJFYXJxSmdLbWFtSTZSZVNEbzhiRzN0clFlSEVENll3UDZCU0gySVJaaHNEOGxuN2xIbmJ1QWRtdEZObk9meUtoX2RqZlZfdU1fa09QSmVHU0ZfQms?oc=5"" target=""_blank"">Researchers reveal the major downside of wearing a fitness tracker</a>&nbsp;&nbsp;<font color=""#6f6f6f"">The Independent</font>"
RFK Jr.'s Public Health Plan? Get Every American to Buy a Wearable Device - PCMag UK,"Tue, 24 Jun 2025 07:00:00 GMT",PCMag UK,https://news.google.com/rss/articles/CBMiswFBVV95cUxOdGY0RkU2YjEtMUlxTHkzRkFROXdTZmRKZHkxdXU1NkVzQUN5ZHdQSXp4a0IzbjNtOEJYY0Q5MG1HSjVtTXkzTm83cEZKZ1NhOHVVYnFLdFhtVHhsSUhweUlpQmJETElqNkNDTVlwVDBZcUk2dXV3N1FvX0lBUlE5blVXVXI3blphbDFCSnh1ZHVKdXFuRXp5NTRPSm80TmJTN0hPN2xkM0M0T1B3M0FQajI1NA?oc=5,"<a href=""https://news.google.com/rss/articles/CBMiswFBVV95cUxOdGY0RkU2YjEtMUlxTHkzRkFROXdTZmRKZHkxdXU1NkVzQUN5ZHdQSXp4a0IzbjNtOEJYY0Q5MG1HSjVtTXkzTm83cEZKZ1NhOHVVYnFLdFhtVHhsSUhweUlpQmJETElqNkNDTVlwVDBZcUk2dXV3N1FvX0lBUlE5blVXVXI3blphbDFCSnh1ZHVKdXFuRXp5NTRPSm80TmJTN0hPN2xkM0M0T1B3M0FQajI1NA?oc=5"" target=""_blank"">RFK Jr.'s Public Health Plan? Get Every American to Buy a Wearable Device</a>&nbsp;&nbsp;<font color=""#6f6f6f"">PCMag UK</font>",wearable technology fitness UK,"<a href=""https://news.google.com/rss/articles/CBMiswFBVV95cUxOdGY0RkU2YjEtMUlxTHkzRkFROXdTZmRKZHkxdXU1NkVzQUN5ZHdQSXp4a0IzbjNtOEJYY0Q5MG1HSjVtTXkzTm83cEZKZ1NhOHVVYnFLdFhtVHhsSUhweUlpQmJETElqNkNDTVlwVDBZcUk2dXV3N1FvX0lBUlE5blVXVXI3blphbDFCSnh1ZHVKdXFuRXp5NTRPSm80TmJTN0hPN2xkM0M0T1B3M0FQajI1NA?oc=5"" target=""_blank"">RFK Jr.'s Public Health Plan? Get Every American to Buy a Wearable Device</a>&nbsp;&nbsp;<font color=""#6f6f6f"">PCMag UK</font>"
"15 best fitness watches for 2026, tried and tested - Good Housekeeping","Mon, 29 Jun 2026 07:00:00 GMT",Good Housekeeping,https://news.google.com/rss/articles/CBMikAFBVV95cUxQY0FBc3NQZDZ0MlpueHF3WFlUTUJna3lZalluak4zVkIzNGY5MUcyeDJnaGpJcmwtdndfODdCTmhyWjVxaGkwTnhGV1JWQmtYU3VDMExkS2VJMUpXbkxBU2Z3S3F5WnpkVUU3cmk1ZnQ1NVo2eE1GQ1JUMXFvSm5IVVBHUjhDQ2VkT1VQYW16cFE?oc=5,"<a href=""https://news.google.com/rss/articles/CBMikAFBVV95cUxQY0FBc3NQZDZ0MlpueHF3WFlUTUJna3lZalluak4zVkIzNGY5MUcyeDJnaGpJcmwtdndfODdCTmhyWjVxaGkwTnhGV1JWQmtYU3VDMExkS2VJMUpXbkxBU2Z3S3F5WnpkVUU3cmk1ZnQ1NVo2eE1GQ1JUMXFvSm5IVVBHUjhDQ2VkT1VQYW16cFE?oc=5"" target=""_blank"">15 best fitness watches for 2026, tried and tested</a>&nbsp;&nbsp;<font color=""#6f6f6f"">Good Housekeeping</font>",wearable technology fitness UK,"<a href=""https://news.google.com/rss/articles/CBMikAFBVV95cUxQY0FBc3NQZDZ0MlpueHF3WFlUTUJna3lZalluak4zVkIzNGY5MUcyeDJnaGpJcmwtdndfODdCTmhyWjVxaGkwTnhGV1JWQmtYU3VDMExkS2VJMUpXbkxBU2Z3S3F5WnpkVUU3cmk1ZnQ1NVo2eE1GQ1JUMXFvSm5IVVBHUjhDQ2VkT1VQYW16cFE?oc=5"" target=""_blank"">15 best fitness watches for 2026, tried and tested</a>&nbsp;&nbsp;<font color=""#6f6f6f"">Good Housekeeping</font>"
"The best fitness and sports watches - for steps, workouts, sleep & more - saga.co.uk","Thu, 10 Apr 2025 07:00:00 GMT",saga.co.uk,https://news.google.com/rss/articles/CBMijAFBVV95cUxOd0d4dENNSjBZYXdmaDl4WFhKLUl6c1p4V3ZTbUE1NmN5VWhveVAwRXp0NVhka1lmUkR3bkxmVjRlc1V2dnlSQktxczNyMndrbHFqSkVRNGZJZmFTQUlIVWdoYXN1cW1FLTVTOEhtSU8tRWtfRjFTaTFnMkVHQnRvbUNZRkNaUTFySGk4Xw?oc=5,"<a href=""https://news.google.com/rss/articles/CBMijAFBVV95cUxOd0d4dENNSjBZYXdmaDl4WFhKLUl6c1p4V3ZTbUE1NmN5VWhveVAwRXp0NVhka1lmUkR3bkxmVjRlc1V2dnlSQktxczNyMndrbHFqSkVRNGZJZmFTQUlIVWdoYXN1cW1FLTVTOEhtSU8tRWtfRjFTaTFnMkVHQnRvbUNZRkNaUTFySGk4Xw?oc=5"" target=""_blank"">The best fitness and sports watches - for steps, workouts, sleep & more</a>&nbsp;&nbsp;<font color=""#6f6f6f"">saga.co.uk</font>",wearable technology fitness UK,"<a href=""https://news.google.com/rss/articles/CBMijAFBVV95cUxOd0d4dENNSjBZYXdmaDl4WFhKLUl6c1p4V3ZTbUE1NmN5VWhveVAwRXp0NVhka1lmUkR3bkxmVjRlc1V2dnlSQktxczNyMndrbHFqSkVRNGZJZmFTQUlIVWdoYXN1cW1FLTVTOEhtSU8tRWtfRjFTaTFnMkVHQnRvbUNZRkNaUTFySGk4Xw?oc=5"" target=""_blank"">The best fitness and sports watches - for steps, workouts, sleep & more</a>&nbsp;&nbsp;<font color=""#6f6f6f"">saga.co.uk</font>"
Fitness Trends of 2025: What’s Hot and What’s Not in the UK - Yorkshire Magazine,"Mon, 26 May 2025 07:00:00 GMT",Yorkshire Magazine,https://news.google.com/rss/articles/CBMifkFVX3lxTFBldVdlaHExWDFSelJRVmdOSFJCTURIRkNIMV9JMTg2cGNlU3dsd1FrUmZqMXhLOVMyS1JKcEF3dnBMUkVjTFlBcXFiWkJJaExRQmFpRXpnSkVUT01oVE1CTmZneGJRS1VPajlDRExGRzFMUHR0V0NwVGJWVjU4UQ?oc=5,"<a href=""https://news.google.com/rss/articles/CBMifkFVX3lxTFBldVdlaHExWDFSelJRVmdOSFJCTURIRkNIMV9JMTg2cGNlU3dsd1FrUmZqMXhLOVMyS1JKcEF3dnBMUkVjTFlBcXFiWkJJaExRQmFpRXpnSkVUT01oVE1CTmZneGJRS1VPajlDRExGRzFMUHR0V0NwVGJWVjU4UQ?oc=5"" target=""_blank"">Fitness Trends of 2025: What’s Hot and What’s Not in the UK</a>&nbsp;&nbsp;<font color=""#6f6f6f"">Yorkshire Magazine</font>",wearable technology fitness UK,"<a href=""https://news.google.com/rss/articles/CBMifkFVX3lxTFBldVdlaHExWDFSelJRVmdOSFJCTURIRkNIMV9JMTg2cGNlU3dsd1FrUmZqMXhLOVMyS1JKcEF3dnBMUkVjTFlBcXFiWkJJaExRQmFpRXpnSkVUT01oVE1CTmZneGJRS1VPajlDRExGRzFMUHR0V0NwVGJWVjU4UQ?oc=5"" target=""_blank"">Fitness Trends of 2025: What’s Hot and What’s Not in the UK</a>&nbsp;&nbsp;<font color=""#6f6f6f"">Yorkshire Magazine</font>"
"12 best watches for monitoring your health, according to experts - British GQ","Fri, 24 Jul 2026 07:00:00 GMT",British GQ,https://news.google.com/rss/articles/CBMiogFBVV95cUxNeEdaVDRlQnM1VzF5ZTRScEJwSmY3NE5yaFFlV1I0LUtmaTlnLWNnanFGcXNfUVZtWk00UEZhVDBtY2REOWdMTDVqU25kUDdoQ25EeHl0bHNiOURGZFdqa0FhNTRUR3N1SnhEcVZJU1k1MVdhYmpxcEVwZG90RklOZkdCZndWUnltcWNWY0hFVDZUQ0ozWGJhQXlKeVN6VkdOSFE?oc=5,"<a href=""https://news.google.com/rss/articles/CBMiogFBVV95cUxNeEdaVDRlQnM1VzF5ZTRScEJwSmY3NE5yaFFlV1I0LUtmaTlnLWNnanFGcXNfUVZtWk00UEZhVDBtY2REOWdMTDVqU25kUDdoQ25EeHl0bHNiOURGZFdqa0FhNTRUR3N1SnhEcVZJU1k1MVdhYmpxcEVwZG90RklOZkdCZndWUnltcWNWY0hFVDZUQ0ozWGJhQXlKeVN6VkdOSFE?oc=5"" target=""_blank"">12 best watches for monitoring your health, according to experts</a>&nbsp;&nbsp;<font color=""#6f6f6f"">British GQ</font>",wearable technology fitness UK,"<a href=""https://news.google.com/rss/articles/CBMiogFBVV95cUxNeEdaVDRlQnM1VzF5ZTRScEJwSmY3NE5yaFFlV1I0LUtmaTlnLWNnanFGcXNfUVZtWk00UEZhVDBtY2REOWdMTDVqU25kUDdoQ25EeHl0bHNiOURGZFdqa0FhNTRUR3N1SnhEcVZJU1k1MVdhYmpxcEVwZG90RklOZkdCZndWUnltcWNWY0hFVDZUQ0ozWGJhQXlKeVN6VkdOSFE?oc=5"" target=""_blank"">12 best watches for monitoring your health, according to experts</a>&nbsp;&nbsp;<font color=""#6f6f6f"">British GQ</font>"
What wearables can (and can’t) tell you about your heart health - The Conversation,"Mon, 23 Feb 2026 08:00:00 GMT",The Conversation,https://news.google.com/rss/articles/CBMimwFBVV95cUxOMmdTTDRfR2RPYWk2RHZ4ZjJ4ODB5dk1pU05MUnFzQWlkNTlJdERyLVdmeVZUYTZSdENoamstVHZsSEUyU25rSFRNR2FvbERZMDY0N003T2ZrMGNoYjNYZGFSYTA5cWk5cFMtSS00cjE1RU8wakE0bFJWS2t6ZTU2djkzdXAwS1NSay1IRVRkNUdDSlhMRnhadDBIVQ?oc=5,"<a href=""https://news.google.com/rss/articles/CBMimwFBVV95cUxOMmdTTDRfR2RPYWk2RHZ4ZjJ4ODB5dk1pU05MUnFzQWlkNTlJdERyLVdmeVZUYTZSdENoamstVHZsSEUyU25rSFRNR2FvbERZMDY0N003T2ZrMGNoYjNYZGFSYTA5cWk5cFMtSS00cjE1RU8wakE0bFJWS2t6ZTU2djkzdXAwS1NSay1IRVRkNUdDSlhMRnhadDBIVQ?oc=5"" target=""_blank"">What wearables can (and can’t) tell you about your heart health</a>&nbsp;&nbsp;<font color=""#6f6f6f"">The Conversation</font>",wearable technology fitness UK,"<a href=""https://news.google.com/rss/articles/CBMimwFBVV95cUxOMmdTTDRfR2RPYWk2RHZ4ZjJ4ODB5dk1pU05MUnFzQWlkNTlJdERyLVdmeVZUYTZSdENoamstVHZsSEUyU25rSFRNR2FvbERZMDY0N003T2ZrMGNoYjNYZGFSYTA5cWk5cFMtSS00cjE1RU8wakE0bFJWS2t6ZTU2djkzdXAwS1NSay1IRVRkNUdDSlhMRnhadDBIVQ?oc=5"" target=""_blank"">What wearables can (and can’t) tell you about your heart health</a>&nbsp;&nbsp;<font color=""#6f6f6f"">The Conversation</font>"
"Fitness Trackers Can Look Good, Too—21 That Our MC UK Editors Genuinely Wear Day In, Day Out - Marie Claire UK","Tue, 16 Jun 2026 07:00:00 GMT",Marie Claire UK,https://news.google.com/rss/articles/CBMie0FVX3lxTFBSTGxxOXU5ck85Slk0RUo2dGVIQkRQekRRcElpWW1QLUN6Vnc3NzFSM3FpS2haLXNqdDdRT05xd3JMQlZaSW9NUkRpZm5oTjZRQ3ZEX3dEOVlpTm50enFwbkNyZkFZM0pxSHBSUFRSUEJhQlJIQXd2RTliTQ?oc=5,"<a href=""https://news.google.com/rss/articles/CBMie0FVX3lxTFBSTGxxOXU5ck85Slk0RUo2dGVIQkRQekRRcElpWW1QLUN6Vnc3NzFSM3FpS2haLXNqdDdRT05xd3JMQlZaSW9NUkRpZm5oTjZRQ3ZEX3dEOVlpTm50enFwbkNyZkFZM0pxSHBSUFRSUEJhQlJIQXd2RTliTQ?oc=5"" target=""_blank"">Fitness Trackers Can Look Good, Too—21 That Our MC UK Editors Genuinely Wear Day In, Day Out</a>&nbsp;&nbsp;<font color=""#6f6f6f"">Marie Claire UK</font>",wearable technology fitness UK,"<a href=""https://news.google.com/rss/articles/CBMie0FVX3lxTFBSTGxxOXU5ck85Slk0RUo2dGVIQkRQekRRcElpWW1QLUN6Vnc3NzFSM3FpS2haLXNqdDdRT05xd3JMQlZaSW9NUkRpZm5oTjZRQ3ZEX3dEOVlpTm50enFwbkNyZkFZM0pxSHBSUFRSUEJhQlJIQXd2RTliTQ?oc=5"" target=""_blank"">Fitness Trackers Can Look Good, Too—21 That Our MC UK Editors Genuinely Wear Day In, Day Out</a>&nbsp;&nbsp;<font color=""#6f6f6f"">Marie Claire UK</font>"
When is wearable technology considered a medical device? - Mishcon de Reya LLP,"Mon, 02 Nov 2020 08:00:00 GMT",Mishcon de Reya LLP,https://news.google.com/rss/articles/CBMijAFBVV95cUxQWE0waW5jbmdzUDZrUEVmTDdSODlrNlpwMnJDcXFnRzU0cnl4Wi0yalVyNnhMdzR3TEpNYzloUXc4UmJwbTJwMVJRYkZSQ1hXZGstb0RKNUxKaUdHRzlGaHFMYjFheUYyTTMtbDUzek5VRm9vbGMzMk4yVE00emRKZnBPLXVtcXlQOU45cA?oc=5,"<a href=""https://news.google.com/rss/articles/CBMijAFBVV95cUxQWE0waW5jbmdzUDZrUEVmTDdSODlrNlpwMnJDcXFnRzU0cnl4Wi0yalVyNnhMdzR3TEpNYzloUXc4UmJwbTJwMVJRYkZSQ1hXZGstb0RKNUxKaUdHRzlGaHFMYjFheUYyTTMtbDUzek5VRm9vbGMzMk4yVE00emRKZnBPLXVtcXlQOU45cA?oc=5"" target=""_blank"">When is wearable technology considered a medical device?</a>&nbsp;&nbsp;<font color=""#6f6f6f"">Mishcon de Reya LLP</font>",wearable technology fitness UK,"<a href=""https://news.google.com/rss/articles/CBMijAFBVV95cUxQWE0waW5jbmdzUDZrUEVmTDdSODlrNlpwMnJDcXFnRzU0cnl4Wi0yalVyNnhMdzR3TEpNYzloUXc4UmJwbTJwMVJRYkZSQ1hXZGstb0RKNUxKaUdHRzlGaHFMYjFheUYyTTMtbDUzek5VRm9vbGMzMk4yVE00emRKZnBPLXVtcXlQOU45cA?oc=5"" target=""_blank"">When is wearable technology considered a medical device?</a>&nbsp;&nbsp;<font color=""#6f6f6f"">Mishcon de Reya LLP</font>"
The Best Smart Rings for 2026 - PCMag UK,"Tue, 21 Jul 2026 07:00:00 GMT",PCMag UK,https://news.google.com/rss/articles/CBMic0FVX3lxTE5vNE42bWh2N0FJN09mODZZcDJ1QlZKTEItbjktbzVnejZSdVZUN2tuYklRY0xRa2xENWpUZzc0NEZfbGY0elhMVk1CbTh0eFIwbnBLWmdnRTk2ZWREUm1EcXZkZE1ibnEzME1mbUQwdlBCYnc?oc=5,"<a href=""https://news.google.com/rss/articles/CBMic0FVX3lxTE5vNE42bWh2N0FJN09mODZZcDJ1QlZKTEItbjktbzVnejZSdVZUN2tuYklRY0xRa2xENWpUZzc0NEZfbGY0elhMVk1CbTh0eFIwbnBLWmdnRTk2ZWREUm1EcXZkZE1ibnEzME1mbUQwdlBCYnc?oc=5"" target=""_blank"">The Best Smart Rings for 2026</a>&nbsp;&nbsp;<font color=""#6f6f6f"">PCMag UK</font>",wearable technology fitness UK,"<a href=""https://news.google.com/rss/articles/CBMic0FVX3lxTE5vNE42bWh2N0FJN09mODZZcDJ1QlZKTEItbjktbzVnejZSdVZUN2tuYklRY0xRa2xENWpUZzc0NEZfbGY0elhMVk1CbTh0eFIwbnBLWmdnRTk2ZWREUm1EcXZkZE1ibnEzME1mbUQwdlBCYnc?oc=5"" target=""_blank"">The Best Smart Rings for 2026</a>&nbsp;&nbsp;<font color=""#6f6f6f"">PCMag UK</font>"
'I’m a fashion editor obsessed with wearable tech—here are my top Amazon Prime Day finds' - Women's Health,"Wed, 09 Oct 2024 07:00:00 GMT",Women's Health,https://news.google.com/rss/articles/CBMinwFBVV95cUxOd3pmc25wQ2syRWpjemZsMEdIek9mSFFTT1RHajNBMnhjTzQyMGxIMzREZmh3VG10azJBN3ZWYnJScGNyZVh5aEZUdHR3WlZkdFZKeThlQkUxcTVhZmg0NUdaSjdlbVRaMFA2aHk4MzBFVnlyWTVSVUlwV2VBWHhaVlQ1NGlfVzlINzA0Nk1FbURLc3JfTGUxUVd2bXFhRmc?oc=5,"<a href=""https://news.google.com/rss/articles/CBMinwFBVV95cUxOd3pmc25wQ2syRWpjemZsMEdIek9mSFFTT1RHajNBMnhjTzQyMGxIMzREZmh3VG10azJBN3ZWYnJScGNyZVh5aEZUdHR3WlZkdFZKeThlQkUxcTVhZmg0NUdaSjdlbVRaMFA2aHk4MzBFVnlyWTVSVUlwV2VBWHhaVlQ1NGlfVzlINzA0Nk1FbURLc3JfTGUxUVd2bXFhRmc?oc=5"" target=""_blank"">'I’m a fashion editor obsessed with wearable tech—here are my top Amazon Prime Day finds'</a>&nbsp;&nbsp;<font color=""#6f6f6f"">Women's Health</font>",wearable technology fitness UK,"<a href=""https://news.google.com/rss/articles/CBMinwFBVV95cUxOd3pmc25wQ2syRWpjemZsMEdIek9mSFFTT1RHajNBMnhjTzQyMGxIMzREZmh3VG10azJBN3ZWYnJScGNyZVh5aEZUdHR3WlZkdFZKeThlQkUxcTVhZmg0NUdaSjdlbVRaMFA2aHk4MzBFVnlyWTVSVUlwV2VBWHhaVlQ1NGlfVzlINzA0Nk1FbURLc3JfTGUxUVd2bXFhRmc?oc=5"" target=""_blank"">'I’m a fashion editor obsessed with wearable tech—here are my top Amazon Prime Day finds'</a>&nbsp;&nbsp;<font color=""#6f6f6f"">Women's Health</font>"
Wearable tech and regulation: What laws do wearables need to follow? - Wareable,"Tue, 14 Jul 2026 07:00:00 GMT",Wareable,https://news.google.com/rss/articles/CBMihgFBVV95cUxPWmpzM0lkMkZtRkVtdE9kQjVSV0N4VjdDV0F5WkVXbk5fNDdRcy12M1dvLU85dngzWWJybGlKblVoNXo0bTh0cXdRTzE5akNXMDZsYWVzYUZOT0liREh6VThFQXhjRWlNbG1wUVl3R0RtRnhFeXFFWHZRQVd5VDg2Wmpsb0dfdw?oc=5,"<a href=""https://news.google.com/rss/articles/CBMihgFBVV95cUxPWmpzM0lkMkZtRkVtdE9kQjVSV0N4VjdDV0F5WkVXbk5fNDdRcy12M1dvLU85dngzWWJybGlKblVoNXo0bTh0cXdRTzE5akNXMDZsYWVzYUZOT0liREh6VThFQXhjRWlNbG1wUVl3R0RtRnhFeXFFWHZRQVd5VDg2Wmpsb0dfdw?oc=5"" target=""_blank"">Wearable tech and regulation: What laws do wearables need to follow?</a>&nbsp;&nbsp;<font color=""#6f6f6f"">Wareable</font>",wearable technology fitness UK,"<a href=""https://news.google.com/rss/articles/CBMihgFBVV95cUxPWmpzM0lkMkZtRkVtdE9kQjVSV0N4VjdDV0F5WkVXbk5fNDdRcy12M1dvLU85dngzWWJybGlKblVoNXo0bTh0cXdRTzE5akNXMDZsYWVzYUZOT0liREh6VThFQXhjRWlNbG1wUVl3R0RtRnhFeXFFWHZRQVd5VDg2Wmpsb0dfdw?oc=5"" target=""_blank"">Wearable tech and regulation: What laws do wearables need to follow?</a>&nbsp;&nbsp;<font color=""#6f6f6f"">Wareable</font>"
One to rule them all: the $400m battle for the future of smart rings - The Times,"Thu, 06 Nov 2025 08:00:00 GMT",The Times,https://news.google.com/rss/articles/CBMifkFVX3lxTE1Vc1Q0SHBKak9FaGw5RnhqdG9yM2p3UFh2bzdhQ3duTUNaWlFjMTFRbjRLRU9jb0Z6NkdrekV5TFRCLUZVT3lDZ2piM0ttUlRZRU1IbjlxOHNXbm5YQXhNRGhTWVFPcFBSbGJiYXhmVl9lWUxNejVyMlJ0S0l2dw?oc=5,"<a href=""https://news.google.com/rss/articles/CBMifkFVX3lxTE1Vc1Q0SHBKak9FaGw5RnhqdG9yM2p3UFh2bzdhQ3duTUNaWlFjMTFRbjRLRU9jb0Z6NkdrekV5TFRCLUZVT3lDZ2piM0ttUlRZRU1IbjlxOHNXbm5YQXhNRGhTWVFPcFBSbGJiYXhmVl9lWUxNejVyMlJ0S0l2dw?oc=5"" target=""_blank"">One to rule them all: the $400m battle for the future of smart rings</a>&nbsp;&nbsp;<font color=""#6f6f6f"">The Times</font>",wearable technology fitness UK,"<a href=""https://news.google.com/rss/articles/CBMifkFVX3lxTE1Vc1Q0SHBKak9FaGw5RnhqdG9yM2p3UFh2bzdhQ3duTUNaWlFjMTFRbjRLRU9jb0Z6NkdrekV5TFRCLUZVT3lDZ2piM0ttUlRZRU1IbjlxOHNXbm5YQXhNRGhTWVFPcFBSbGJiYXhmVl9lWUxNejVyMlJ0S0l2dw?oc=5"" target=""_blank"">One to rule them all: the $400m battle for the future of smart rings</a>&nbsp;&nbsp;<font color=""#6f6f6f"">The Times</font>"
Do smartwatches stop pacemakers and ICDs from working properly? - British Heart Foundation,"Wed, 01 Mar 2023 08:00:00 GMT",British Heart Foundation,https://news.google.com/rss/articles/CBMisAFBVV95cUxNblpTSUY4TWZ1S1JUTVNrUmljbXYxZTBCdmpvR1huWW5iRTBtQm02SXlZNElqLXB3dlVqb2RWSGtmcExVNEdwcGVuNHJnYS0wb1Z3aDlabkw4RlpfOGZ5ZlNwNmQzcHRWVFFXbnNObUdfT29xTG5RZHFGSFNMVWxLZWg1dGlzZkw4WFgwcXZjZEduZzhZTldPX0kwVm04WmlaWFZWcUVkY3M2V1ViZkI0WQ?oc=5,"<a href=""https://news.google.com/rss/articles/CBMisAFBVV95cUxNblpTSUY4TWZ1S1JUTVNrUmljbXYxZTBCdmpvR1huWW5iRTBtQm02SXlZNElqLXB3dlVqb2RWSGtmcExVNEdwcGVuNHJnYS0wb1Z3aDlabkw4RlpfOGZ5ZlNwNmQzcHRWVFFXbnNObUdfT29xTG5RZHFGSFNMVWxLZWg1dGlzZkw4WFgwcXZjZEduZzhZTldPX0kwVm04WmlaWFZWcUVkY3M2V1ViZkI0WQ?oc=5"" target=""_blank"">Do smartwatches stop pacemakers and ICDs from working properly?</a>&nbsp;&nbsp;<font color=""#6f6f6f"">British Heart Foundation</font>",wearable technology fitness UK,"<a href=""https://news.google.com/rss/articles/CBMisAFBVV95cUxNblpTSUY4TWZ1S1JUTVNrUmljbXYxZTBCdmpvR1huWW5iRTBtQm02SXlZNElqLXB3dlVqb2RWSGtmcExVNEdwcGVuNHJnYS0wb1Z3aDlabkw4RlpfOGZ5ZlNwNmQzcHRWVFFXbnNObUdfT29xTG5RZHFGSFNMVWxLZWg1dGlzZkw4WFgwcXZjZEduZzhZTldPX0kwVm04WmlaWFZWcUVkY3M2V1ViZkI0WQ?oc=5"" target=""_blank"">Do smartwatches stop pacemakers and ICDs from working properly?</a>&nbsp;&nbsp;<font color=""#6f6f6f"">British Heart Foundation</font>"
Thousands at risk of type 2 diabetes to be offered wearable tech - The Guardian,"Sun, 11 Aug 2019 07:00:00 GMT",The Guardian,https://news.google.com/rss/articles/CBMisgFBVV95cUxQNWg3YWlYZVZiMmY1VFgzMUJON1lqYlNKRlVMUUtWZElzbVBTVU5fakpjMVVMNmp3cFJIa29FMVlCSnMtZjZxUUJMYm5qc3M1WmtyUjJCcDA2dHJ2emh6WDJZQnlnMmdZdmZscFgxb2ZzeFNRazNnN2ZodjVhSzJLdnBudU8wenJha20zUVlMZVZKVl92WkdmYy1SZmM5NjJtbkh5YW9hRVd2bExzOUxuQm9n?oc=5,"<a href=""https://news.google.com/rss/articles/CBMisgFBVV95cUxQNWg3YWlYZVZiMmY1VFgzMUJON1lqYlNKRlVMUUtWZElzbVBTVU5fakpjMVVMNmp3cFJIa29FMVlCSnMtZjZxUUJMYm5qc3M1WmtyUjJCcDA2dHJ2emh6WDJZQnlnMmdZdmZscFgxb2ZzeFNRazNnN2ZodjVhSzJLdnBudU8wenJha20zUVlMZVZKVl92WkdmYy1SZmM5NjJtbkh5YW9hRVd2bExzOUxuQm9n?oc=5"" target=""_blank"">Thousands at risk of type 2 diabetes to be offered wearable tech</a>&nbsp;&nbsp;<font color=""#6f6f6f"">The Guardian</font>",wearable technology fitness UK,"<a href=""https://news.google.com/rss/articles/CBMisgFBVV95cUxQNWg3YWlYZVZiMmY1VFgzMUJON1lqYlNKRlVMUUtWZElzbVBTVU5fakpjMVVMNmp3cFJIa29FMVlCSnMtZjZxUUJMYm5qc3M1WmtyUjJCcDA2dHJ2emh6WDJZQnlnMmdZdmZscFgxb2ZzeFNRazNnN2ZodjVhSzJLdnBudU8wenJha20zUVlMZVZKVl92WkdmYy1SZmM5NjJtbkh5YW9hRVd2bExzOUxuQm9n?oc=5"" target=""_blank"">Thousands at risk of type 2 diabetes to be offered wearable tech</a>&nbsp;&nbsp;<font color=""#6f6f6f"">The Guardian</font>"
Trial of wearable health technology for cancer patients opens - The University of Manchester,"Wed, 26 Jan 2022 08:00:00 GMT",The University of Manchester,https://news.google.com/rss/articles/CBMipAFBVV95cUxQRGtIam1tdnZoVm9KczZhNDIyYXVmQTdheElkTlRPbkF3T1A5SXVBMWdGekw5aERiOWd6RS1yb0hrLWFsRVR5cTA5dHJwMmVUYzFUV1o3ZFN2TDRYX054andoZ2FhTzQ5eDlPd2dqcURySlNWRFpUTy1kT2MyMlVaODNYdVBVbmpoaHpkVFBselY1Rm5RN2xfNjVuWVdzVVVVdU5paA?oc=5,"<a href=""https://news.google.com/rss/articles/CBMipAFBVV95cUxQRGtIam1tdnZoVm9KczZhNDIyYXVmQTdheElkTlRPbkF3T1A5SXVBMWdGekw5aERiOWd6RS1yb0hrLWFsRVR5cTA5dHJwMmVUYzFUV1o3ZFN2TDRYX054andoZ2FhTzQ5eDlPd2dqcURySlNWRFpUTy1kT2MyMlVaODNYdVBVbmpoaHpkVFBselY1Rm5RN2xfNjVuWVdzVVVVdU5paA?oc=5"" target=""_blank"">Trial of wearable health technology for cancer patients opens</a>&nbsp;&nbsp;<font color=""#6f6f6f"">The University of Manchester</font>",wearable technology fitness UK,"<a href=""https://news.google.com/rss/articles/CBMipAFBVV95cUxQRGtIam1tdnZoVm9KczZhNDIyYXVmQTdheElkTlRPbkF3T1A5SXVBMWdGekw5aERiOWd6RS1yb0hrLWFsRVR5cTA5dHJwMmVUYzFUV1o3ZFN2TDRYX054andoZ2FhTzQ5eDlPd2dqcURySlNWRFpUTy1kT2MyMlVaODNYdVBVbmpoaHpkVFBselY1Rm5RN2xfNjVuWVdzVVVVdU5paA?oc=5"" target=""_blank"">Trial of wearable health technology for cancer patients opens</a>&nbsp;&nbsp;<font color=""#6f6f6f"">The University of Manchester</font>"
We've tested every running watch on the market — these are the best ones - Runner's World,"Wed, 24 Jun 2026 07:00:00 GMT",Runner's World,https://news.google.com/rss/articles/CBMifkFVX3lxTE9mSV9YUTNzQmhmYV9pS3M2Q1dCNGJLcjkwRzN5eXNjWUFoQlhhazNCQVUxVVViSUpncDFfVWgtRmZBWWRlRTZjdkx6ZmlDSzRSeFgtR1FhcFZjRm94V28xM2ozUXBiOGpaNXdnUmwxS3hmalZhbUM2SUxPTldnZw?oc=5,"<a href=""https://news.google.com/rss/articles/CBMifkFVX3lxTE9mSV9YUTNzQmhmYV9pS3M2Q1dCNGJLcjkwRzN5eXNjWUFoQlhhazNCQVUxVVViSUpncDFfVWgtRmZBWWRlRTZjdkx6ZmlDSzRSeFgtR1FhcFZjRm94V28xM2ozUXBiOGpaNXdnUmwxS3hmalZhbUM2SUxPTldnZw?oc=5"" target=""_blank"">We've tested every running watch on the market — these are the best ones</a>&nbsp;&nbsp;<font color=""#6f6f6f"">Runner's World</font>",wearable technology fitness UK,"<a href=""https://news.google.com/rss/articles/CBMifkFVX3lxTE9mSV9YUTNzQmhmYV9pS3M2Q1dCNGJLcjkwRzN5eXNjWUFoQlhhazNCQVUxVVViSUpncDFfVWgtRmZBWWRlRTZjdkx6ZmlDSzRSeFgtR1FhcFZjRm94V28xM2ozUXBiOGpaNXdnUmwxS3hmalZhbUM2SUxPTldnZw?oc=5"" target=""_blank"">We've tested every running watch on the market — these are the best ones</a>&nbsp;&nbsp;<font color=""#6f6f6f"">Runner's World</font>"
Trial of wearable health technology for cancer patients opens - Manchester University NHS Foundation Trust,"Wed, 26 Jan 2022 08:00:00 GMT",Manchester University NHS Foundation Trust,https://news.google.com/rss/articles/CBMilwFBVV95cUxQc0ZjRUdYZnZuOU1oUEpmb1hoMTc1R1dwWHljUzF5Z0lVamdqMUc3Ti13ZFJqR2gzdUNibV9fTkx0VTdWaGQ4eDVnVTFOMFJxcTNfWjlvQ0VYSjNPTW85VnJRNVkyeUVpc1VyZkF3WEkxM0pqaFNuRE85dVRBYXA4R0Zhc0I4ZzdHZ1NwM2V5dHVMUUlZUUln?oc=5,"<a href=""https://news.google.com/rss/articles/CBMilwFBVV95cUxQc0ZjRUdYZnZuOU1oUEpmb1hoMTc1R1dwWHljUzF5Z0lVamdqMUc3Ti13ZFJqR2gzdUNibV9fTkx0VTdWaGQ4eDVnVTFOMFJxcTNfWjlvQ0VYSjNPTW85VnJRNVkyeUVpc1VyZkF3WEkxM0pqaFNuRE85dVRBYXA4R0Zhc0I4ZzdHZ1NwM2V5dHVMUUlZUUln?oc=5"" target=""_blank"">Trial of wearable health technology for cancer patients opens</a>&nbsp;&nbsp;<font color=""#6f6f6f"">Manchester University NHS Foundation Trust</font>",wearable technology fitness UK,"<a href=""https://news.google.com/rss/articles/CBMilwFBVV95cUxQc0ZjRUdYZnZuOU1oUEpmb1hoMTc1R1dwWHljUzF5Z0lVamdqMUc3Ti13ZFJqR2gzdUNibV9fTkx0VTdWaGQ4eDVnVTFOMFJxcTNfWjlvQ0VYSjNPTW85VnJRNVkyeUVpc1VyZkF3WEkxM0pqaFNuRE85dVRBYXA4R0Zhc0I4ZzdHZ1NwM2V5dHVMUUlZUUln?oc=5"" target=""_blank"">Trial of wearable health technology for cancer patients opens</a>&nbsp;&nbsp;<font color=""#6f6f6f"">Manchester University NHS Foundation Trust</font>"
Garmin unveils new wearable tech for horses that tracks health and performance - Horse & Hound,"Thu, 28 Aug 2025 07:00:00 GMT",Horse & Hound,https://news.google.com/rss/articles/CBMilwFBVV95cUxQNF9KR2NOZ0RtcWUtMzBrUm9ENFdnbS1vd3kyVTAwWTBjZC12RXE2MnVXUzVLLVhBOW9ibjZuUm9falZVUi1IX1ZGeDVEdHJaSmpsUzRTcE84QlhzODhsbTZtWE9KYVVIWElLX21FNVkzZFZIcmJuNnZNcTEzQnRxMm10OUZ5ZkNUNTlDZnhYTFZlS3Q4U3VF?oc=5,"<a href=""https://news.google.com/rss/articles/CBMilwFBVV95cUxQNF9KR2NOZ0RtcWUtMzBrUm9ENFdnbS1vd3kyVTAwWTBjZC12RXE2MnVXUzVLLVhBOW9ibjZuUm9falZVUi1IX1ZGeDVEdHJaSmpsUzRTcE84QlhzODhsbTZtWE9KYVVIWElLX21FNVkzZFZIcmJuNnZNcTEzQnRxMm10OUZ5ZkNUNTlDZnhYTFZlS3Q4U3VF?oc=5"" target=""_blank"">Garmin unveils new wearable tech for horses that tracks health and performance</a>&nbsp;&nbsp;<font color=""#6f6f6f"">Horse & Hound</font>",wearable technology fitness UK,"<a href=""https://news.google.com/rss/articles/CBMilwFBVV95cUxQNF9KR2NOZ0RtcWUtMzBrUm9ENFdnbS1vd3kyVTAwWTBjZC12RXE2MnVXUzVLLVhBOW9ibjZuUm9falZVUi1IX1ZGeDVEdHJaSmpsUzRTcE84QlhzODhsbTZtWE9KYVVIWElLX21FNVkzZFZIcmJuNnZNcTEzQnRxMm10OUZ5ZkNUNTlDZnhYTFZlS3Q4U3VF?oc=5"" target=""_blank"">Garmin unveils new wearable tech for horses that tracks health and performance</a>&nbsp;&nbsp;<font color=""#6f6f6f"">Horse & Hound</font>"
The future of wearable technology is not wearables – it's analysing the data - The Guardian,"Tue, 06 Jan 2015 08:00:00 GMT",The Guardian,https://news.google.com/rss/articles/CBMilwFBVV95cUxPaGxBX3ZhNkktaHM2bjdHOHphTnFaczJhbW95V3QxVDBJU2RRbmVrRXF4NU9tR0hYdGxSTl92dTZRenV3R2tfb29EdkFRbDRlYkNld01IN0ZWeTdOQUJXVmZGanRFRDRWMFVMdmR2UnljQVdqOFFsdzVGUTk1TDR5SGtMd2hYUlllNmdBTUdSN3NoblB5alIw?oc=5,"<a href=""https://news.google.com/rss/articles/CBMilwFBVV95cUxPaGxBX3ZhNkktaHM2bjdHOHphTnFaczJhbW95V3QxVDBJU2RRbmVrRXF4NU9tR0hYdGxSTl92dTZRenV3R2tfb29EdkFRbDRlYkNld01IN0ZWeTdOQUJXVmZGanRFRDRWMFVMdmR2UnljQVdqOFFsdzVGUTk1TDR5SGtMd2hYUlllNmdBTUdSN3NoblB5alIw?oc=5"" target=""_blank"">The future of wearable technology is not wearables – it's analysing the data</a>&nbsp;&nbsp;<font color=""#6f6f6f"">The Guardian</font>",wearable technology fitness UK,"<a href=""https://news.google.com/rss/articles/CBMilwFBVV95cUxPaGxBX3ZhNkktaHM2bjdHOHphTnFaczJhbW95V3QxVDBJU2RRbmVrRXF4NU9tR0hYdGxSTl92dTZRenV3R2tfb29EdkFRbDRlYkNld01IN0ZWeTdOQUJXVmZGanRFRDRWMFVMdmR2UnljQVdqOFFsdzVGUTk1TDR5SGtMd2hYUlllNmdBTUdSN3NoblB5alIw?oc=5"" target=""_blank"">The future of wearable technology is not wearables – it's analysing the data</a>&nbsp;&nbsp;<font color=""#6f6f6f"">The Guardian</font>"
Smartwatches and fitness trackers could trigger heart attacks in vulnerable patients - Sky News,"Wed, 22 Feb 2023 08:00:00 GMT",Sky News,https://news.google.com/rss/articles/CBMivAFBVV95cUxOSTJfT2ZFSGZvRW9lb2ZIUG13U1p4eG45QkZhV1A3V3dBTUhjVjQ1b2hZYm8wWWNTZ3VTWUFrSDd6SUM3TlJ0U3hiclVBcWJoZDJ3QmhYbF9oUFA2cEJVdnRfdVpGMm9WNkNueGptS1BLY3ZUWEIxVXZkMk9yNlNPUEdjS2NQVk9GcjZ2Y0pqVFlXWjlzLTNuY3VjSEdvUGhaUVR1cW90Uy0tY1VkaUNoa0ZLb3hXbmRSYnVDSg?oc=5,"<a href=""https://news.google.com/rss/articles/CBMivAFBVV95cUxOSTJfT2ZFSGZvRW9lb2ZIUG13U1p4eG45QkZhV1A3V3dBTUhjVjQ1b2hZYm8wWWNTZ3VTWUFrSDd6SUM3TlJ0U3hiclVBcWJoZDJ3QmhYbF9oUFA2cEJVdnRfdVpGMm9WNkNueGptS1BLY3ZUWEIxVXZkMk9yNlNPUEdjS2NQVk9GcjZ2Y0pqVFlXWjlzLTNuY3VjSEdvUGhaUVR1cW90Uy0tY1VkaUNoa0ZLb3hXbmRSYnVDSg?oc=5"" target=""_blank"">Smartwatches and fitness trackers could trigger heart attacks in vulnerable patients</a>&nbsp;&nbsp;<font color=""#6f6f6f"">Sky News</font>",wearable technology fitness UK,"<a href=""https://news.google.com/rss/articles/CBMivAFBVV95cUxOSTJfT2ZFSGZvRW9lb2ZIUG13U1p4eG45QkZhV1A3V3dBTUhjVjQ1b2hZYm8wWWNTZ3VTWUFrSDd6SUM3TlJ0U3hiclVBcWJoZDJ3QmhYbF9oUFA2cEJVdnRfdVpGMm9WNkNueGptS1BLY3ZUWEIxVXZkMk9yNlNPUEdjS2NQVk9GcjZ2Y0pqVFlXWjlzLTNuY3VjSEdvUGhaUVR1cW90Uy0tY1VkaUNoa0ZLb3hXbmRSYnVDSg?oc=5"" target=""_blank"">Smartwatches and fitness trackers could trigger heart attacks in vulnerable patients</a>&nbsp;&nbsp;<font color=""#6f6f6f"">Sky News</font>"
I’ve Been Wearing an ŌURA Ring for a Year – and It's Been a Total Gamechanger for My Health and Fitness - Marie Claire UK,"Fri, 06 Mar 2026 08:00:00 GMT",Marie Claire UK,https://news.google.com/rss/articles/CBMidEFVX3lxTFAzb2RtdXB5UmVjWVd2MmY4ZkpfWkVGQ2t2RmhTOTNFa29CSF9MMnJ5NzZPSzB5N295c1NiYVVWb3dUMnVDaHVHd0F1VzZXaGtjVHNTblJPWmJiYjB2RGNrenNYVVVoUjhGVUppcjhYNWpXcGpu?oc=5,"<a href=""https://news.google.com/rss/articles/CBMidEFVX3lxTFAzb2RtdXB5UmVjWVd2MmY4ZkpfWkVGQ2t2RmhTOTNFa29CSF9MMnJ5NzZPSzB5N295c1NiYVVWb3dUMnVDaHVHd0F1VzZXaGtjVHNTblJPWmJiYjB2RGNrenNYVVVoUjhGVUppcjhYNWpXcGpu?oc=5"" target=""_blank"">I’ve Been Wearing an ŌURA Ring for a Year – and It's Been a Total Gamechanger for My Health and Fitness</a>&nbsp;&nbsp;<font color=""#6f6f6f"">Marie Claire UK</font>",wearable technology fitness UK,"<a href=""https://news.google.com/rss/articles/CBMidEFVX3lxTFAzb2RtdXB5UmVjWVd2MmY4ZkpfWkVGQ2t2RmhTOTNFa29CSF9MMnJ5NzZPSzB5N295c1NiYVVWb3dUMnVDaHVHd0F1VzZXaGtjVHNTblJPWmJiYjB2RGNrenNYVVVoUjhGVUppcjhYNWpXcGpu?oc=5"" target=""_blank"">I’ve Been Wearing an ŌURA Ring for a Year – and It's Been a Total Gamechanger for My Health and Fitness</a>&nbsp;&nbsp;<font color=""#6f6f6f"">Marie Claire UK</font>"
"Best smart ring 2026: the best from Oura, Samsung, RingConn and more - TechRadar","Mon, 06 Jul 2026 07:00:00 GMT",TechRadar,https://news.google.com/rss/articles/CBMifkFVX3lxTFByN1N5N05TdTVlcHExS3daTEZkUldoM2tOVE5vUzlQNnNKVUh5c3l3VzZiVUZBdzF4bTZkbERtZllMSzFBSzQwQWx3OTFVcWZDZzR6anZEdVg0Rl90OEZMMzBUV1RsZUlrY2NEN1V6SllwS0JHWi1CTzdrWkZ5dw?oc=5,"<a href=""https://news.google.com/rss/articles/CBMifkFVX3lxTFByN1N5N05TdTVlcHExS3daTEZkUldoM2tOVE5vUzlQNnNKVUh5c3l3VzZiVUZBdzF4bTZkbERtZllMSzFBSzQwQWx3OTFVcWZDZzR6anZEdVg0Rl90OEZMMzBUV1RsZUlrY2NEN1V6SllwS0JHWi1CTzdrWkZ5dw?oc=5"" target=""_blank"">Best smart ring 2026: the best from Oura, Samsung, RingConn and more</a>&nbsp;&nbsp;<font color=""#6f6f6f"">TechRadar</font>",wearable technology fitness UK,"<a href=""https://news.google.com/rss/articles/CBMifkFVX3lxTFByN1N5N05TdTVlcHExS3daTEZkUldoM2tOVE5vUzlQNnNKVUh5c3l3VzZiVUZBdzF4bTZkbERtZllMSzFBSzQwQWx3OTFVcWZDZzR6anZEdVg0Rl90OEZMMzBUV1RsZUlrY2NEN1V6SllwS0JHWi1CTzdrWkZ5dw?oc=5"" target=""_blank"">Best smart ring 2026: the best from Oura, Samsung, RingConn and more</a>&nbsp;&nbsp;<font color=""#6f6f6f"">TechRadar</font>"
"WHOOP review: ‘I’ve been wearing a WHOOP band for over a year, here’s why it’s not just a tracker for elite athletes’ - Women's Health","Tue, 14 Jan 2025 08:00:00 GMT",Women's Health,https://news.google.com/rss/articles/CBMifEFVX3lxTE8tTm5sTDAxQThSZUZLMndWU2ZiOG9JUkp0ZDJhTUgya3ZMUUJhVGhmdG9vRDkwc3VkemVUZFJiTUlVSjlBZ1pxcFZ2aHFEZUdUSHo5bVB4U2wtNjVzb0U2Y0RsZUZYcnB2TjhndHNrX0lwT0pDYmxYM19BMEM?oc=5,"<a href=""https://news.google.com/rss/articles/CBMifEFVX3lxTE8tTm5sTDAxQThSZUZLMndWU2ZiOG9JUkp0ZDJhTUgya3ZMUUJhVGhmdG9vRDkwc3VkemVUZFJiTUlVSjlBZ1pxcFZ2aHFEZUdUSHo5bVB4U2wtNjVzb0U2Y0RsZUZYcnB2TjhndHNrX0lwT0pDYmxYM19BMEM?oc=5"" target=""_blank"">WHOOP review: ‘I’ve been wearing a WHOOP band for over a year, here’s why it’s not just a tracker for elite athletes’</a>&nbsp;&nbsp;<font color=""#6f6f6f"">Women's Health</font>",wearable technology fitness UK,"<a href=""https://news.google.com/rss/articles/CBMifEFVX3lxTE8tTm5sTDAxQThSZUZLMndWU2ZiOG9JUkp0ZDJhTUgya3ZMUUJhVGhmdG9vRDkwc3VkemVUZFJiTUlVSjlBZ1pxcFZ2aHFEZUdUSHo5bVB4U2wtNjVzb0U2Y0RsZUZYcnB2TjhndHNrX0lwT0pDYmxYM19BMEM?oc=5"" target=""_blank"">WHOOP review: ‘I’ve been wearing a WHOOP band for over a year, here’s why it’s not just a tracker for elite athletes’</a>&nbsp;&nbsp;<font color=""#6f6f6f"">Women's Health</font>"
I tracked my blood pressure for months with the Hilo wearable – here’s my verdict - The Independent,"Tue, 28 Apr 2026 07:00:00 GMT",The Independent,https://news.google.com/rss/articles/CBMisAFBVV95cUxQN1RyRzFmdjZZSkdYNjN1LThVVk9OZWlfXzA4bkNXWkMwZXFKRndwSUhTeXZ4THhBTkhLaE1qamh1TkRmandPZno0UllnRkJka0M4aFUxekJGWlhpcXdXckxUU3ZPXzVSR2E1WlozVHlIWUZUVFZNQXdCVkp3MnpFMzhLMXVhbXFuX28tZkF1dHhFb05ELUlqOFljT05OUEN5R0RyUl9rQ19qSl9NZU9ORA?oc=5,"<a href=""https://news.google.com/rss/articles/CBMisAFBVV95cUxQN1RyRzFmdjZZSkdYNjN1LThVVk9OZWlfXzA4bkNXWkMwZXFKRndwSUhTeXZ4THhBTkhLaE1qamh1TkRmandPZno0UllnRkJka0M4aFUxekJGWlhpcXdXckxUU3ZPXzVSR2E1WlozVHlIWUZUVFZNQXdCVkp3MnpFMzhLMXVhbXFuX28tZkF1dHhFb05ELUlqOFljT05OUEN5R0RyUl9rQ19qSl9NZU9ORA?oc=5"" target=""_blank"">I tracked my blood pressure for months with the Hilo wearable – here’s my verdict</a>&nbsp;&nbsp;<font color=""#6f6f6f"">The Independent</font>",wearable technology fitness UK,"<a href=""https://news.google.com/rss/articles/CBMisAFBVV95cUxQN1RyRzFmdjZZSkdYNjN1LThVVk9OZWlfXzA4bkNXWkMwZXFKRndwSUhTeXZ4THhBTkhLaE1qamh1TkRmandPZno0UllnRkJka0M4aFUxekJGWlhpcXdXckxUU3ZPXzVSR2E1WlozVHlIWUZUVFZNQXdCVkp3MnpFMzhLMXVhbXFuX28tZkF1dHhFb05ELUlqOFljT05OUEN5R0RyUl9rQ19qSl9NZU9ORA?oc=5"" target=""_blank"">I tracked my blood pressure for months with the Hilo wearable – here’s my verdict</a>&nbsp;&nbsp;<font color=""#6f6f6f"">The Independent</font>"
13 Wellness Trends That Will Dominate In 2026 - Marie Claire UK,"Mon, 29 Dec 2025 08:00:00 GMT",Marie Claire UK,https://news.google.com/rss/articles/CBMiekFVX3lxTFBKSjdwRFl3TkxrZGlDQkwwNHpvLWRCZkZOaXZ2TDNydHlyTXJqS2JhQ2lwbS10R0RZTnNIZlFlOHpxUG4xNTllbkZSUzB5YllYaldOWHJFeVM4UXpZbW54YmF0OUZ4VDRIVGZZazN4cW5UNDkyejdEVmxn?oc=5,"<a href=""https://news.google.com/rss/articles/CBMiekFVX3lxTFBKSjdwRFl3TkxrZGlDQkwwNHpvLWRCZkZOaXZ2TDNydHlyTXJqS2JhQ2lwbS10R0RZTnNIZlFlOHpxUG4xNTllbkZSUzB5YllYaldOWHJFeVM4UXpZbW54YmF0OUZ4VDRIVGZZazN4cW5UNDkyejdEVmxn?oc=5"" target=""_blank"">13 Wellness Trends That Will Dominate In 2026</a>&nbsp;&nbsp;<font color=""#6f6f6f"">Marie Claire UK</font>",wearable technology fitness UK,"<a href=""https://news.google.com/rss/articles/CBMiekFVX3lxTFBKSjdwRFl3TkxrZGlDQkwwNHpvLWRCZkZOaXZ2TDNydHlyTXJqS2JhQ2lwbS10R0RZTnNIZlFlOHpxUG4xNTllbkZSUzB5YllYaldOWHJFeVM4UXpZbW54YmF0OUZ4VDRIVGZZazN4cW5UNDkyejdEVmxn?oc=5"" target=""_blank"">13 Wellness Trends That Will Dominate In 2026</a>&nbsp;&nbsp;<font color=""#6f6f6f"">Marie Claire UK</font>"
Jawbone adds contactless payment to its latest fitness tracker - The Guardian,"Thu, 16 Apr 2015 07:00:00 GMT",The Guardian,https://news.google.com/rss/articles/CBMioAFBVV95cUxQT0JHNDFBQ3lzdFVKdURzZVFWUzNVckJDVUkxNVRpMXZXc2cxR2JxMzlPNGU5N0gydjF3cFJNemhsSEhXNm0zTHFtZUJ1Rldkb1dMYm9OcG8tZkZkcFhMT1M5N2Vlb3ZZRENwQ09vSlJWVnd4RkZqTk9hQWFhQWZNZ1FzV2hTV3RrZGE4bmtjMmg1NURlcl9DRl9UWjlycHhl?oc=5,"<a href=""https://news.google.com/rss/articles/CBMioAFBVV95cUxQT0JHNDFBQ3lzdFVKdURzZVFWUzNVckJDVUkxNVRpMXZXc2cxR2JxMzlPNGU5N0gydjF3cFJNemhsSEhXNm0zTHFtZUJ1Rldkb1dMYm9OcG8tZkZkcFhMT1M5N2Vlb3ZZRENwQ09vSlJWVnd4RkZqTk9hQWFhQWZNZ1FzV2hTV3RrZGE4bmtjMmg1NURlcl9DRl9UWjlycHhl?oc=5"" target=""_blank"">Jawbone adds contactless payment to its latest fitness tracker</a>&nbsp;&nbsp;<font color=""#6f6f6f"">The Guardian</font>",wearable technology fitness UK,"<a href=""https://news.google.com/rss/articles/CBMioAFBVV95cUxQT0JHNDFBQ3lzdFVKdURzZVFWUzNVckJDVUkxNVRpMXZXc2cxR2JxMzlPNGU5N0gydjF3cFJNemhsSEhXNm0zTHFtZUJ1Rldkb1dMYm9OcG8tZkZkcFhMT1M5N2Vlb3ZZRENwQ09vSlJWVnd4RkZqTk9hQWFhQWZNZ1FzV2hTV3RrZGE4bmtjMmg1NURlcl9DRl9UWjlycHhl?oc=5"" target=""_blank"">Jawbone adds contactless payment to its latest fitness tracker</a>&nbsp;&nbsp;<font color=""#6f6f6f"">The Guardian</font>"
Fitness app Strava lights up staff at military bases - bbc.co.uk,"Mon, 29 Jan 2018 08:00:00 GMT",bbc.co.uk,https://news.google.com/rss/articles/CBMiWkFVX3lxTE04aW5hakxqaDlKVlIxN2JrOFlUUkhLVEdkbDNlLW9RLS1lUkJSanpsS1R5TU1sYzd2UTZkRXNjWWdDZ2hjbWRlTWVvR1ZOcHpTZGZIazdLWE9rZw?oc=5,"<a href=""https://news.google.com/rss/articles/CBMiWkFVX3lxTE04aW5hakxqaDlKVlIxN2JrOFlUUkhLVEdkbDNlLW9RLS1lUkJSanpsS1R5TU1sYzd2UTZkRXNjWWdDZ2hjbWRlTWVvR1ZOcHpTZGZIazdLWE9rZw?oc=5"" target=""_blank"">Fitness app Strava lights up staff at military bases</a>&nbsp;&nbsp;<font color=""#6f6f6f"">bbc.co.uk</font>",wearable technology fitness UK,"<a href=""https://news.google.com/rss/articles/CBMiWkFVX3lxTE04aW5hakxqaDlKVlIxN2JrOFlUUkhLVEdkbDNlLW9RLS1lUkJSanpsS1R5TU1sYzd2UTZkRXNjWWdDZ2hjbWRlTWVvR1ZOcHpTZGZIazdLWE9rZw?oc=5"" target=""_blank"">Fitness app Strava lights up staff at military bases</a>&nbsp;&nbsp;<font color=""#6f6f6f"">bbc.co.uk</font>"
Do you want your company to know how fit you are? - bbc.co.uk,"Fri, 17 Jul 2015 07:00:00 GMT",bbc.co.uk,https://news.google.com/rss/articles/CBMiV0FVX3lxTE5fU2Zpa3FhcjBzVS1ia0EzVTdDT1RtZmtvVUpnRHUwWEtrNEU2MkFzR3VVLTN4RFZidU1aallkM0J0TmJWaXIxeFpaOFN5UkVqTzFsQkJRVQ?oc=5,"<a href=""https://news.google.com/rss/articles/CBMiV0FVX3lxTE5fU2Zpa3FhcjBzVS1ia0EzVTdDT1RtZmtvVUpnRHUwWEtrNEU2MkFzR3VVLTN4RFZidU1aallkM0J0TmJWaXIxeFpaOFN5UkVqTzFsQkJRVQ?oc=5"" target=""_blank"">Do you want your company to know how fit you are?</a>&nbsp;&nbsp;<font color=""#6f6f6f"">bbc.co.uk</font>",wearable technology fitness UK,"<a href=""https://news.google.com/rss/articles/CBMiV0FVX3lxTE5fU2Zpa3FhcjBzVS1ia0EzVTdDT1RtZmtvVUpnRHUwWEtrNEU2MkFzR3VVLTN4RFZidU1aallkM0J0TmJWaXIxeFpaOFN5UkVqTzFsQkJRVQ?oc=5"" target=""_blank"">Do you want your company to know how fit you are?</a>&nbsp;&nbsp;<font color=""#6f6f6f"">bbc.co.uk</font>"
Court sets legal precedent with evidence from Fitbit health tracker - The Guardian,"Tue, 18 Nov 2014 08:00:00 GMT",The Guardian,https://news.google.com/rss/articles/CBMilgFBVV95cUxOeGVVb0hMZW1Ib3VRS2ZDNndmV01RYXJKbzczNVJhdEZVd3hpUzRZMzhxNHpiUlhPQXgwN3NHUjVQb1pfM3VtNDRzZW1qSjRIQUtnVXp6WlAydlh5MmxTRnhYRHZnR21tdlZ3TzlEb096OW9ONjc4eUdhUGF0ZDRkYWFfbGpIWEdJV2xySXpkTWFDX0VGSEE?oc=5,"<a href=""https://news.google.com/rss/articles/CBMilgFBVV95cUxOeGVVb0hMZW1Ib3VRS2ZDNndmV01RYXJKbzczNVJhdEZVd3hpUzRZMzhxNHpiUlhPQXgwN3NHUjVQb1pfM3VtNDRzZW1qSjRIQUtnVXp6WlAydlh5MmxTRnhYRHZnR21tdlZ3TzlEb096OW9ONjc4eUdhUGF0ZDRkYWFfbGpIWEdJV2xySXpkTWFDX0VGSEE?oc=5"" target=""_blank"">Court sets legal precedent with evidence from Fitbit health tracker</a>&nbsp;&nbsp;<font color=""#6f6f6f"">The Guardian</font>",wearable technology fitness UK,"<a href=""https://news.google.com/rss/articles/CBMilgFBVV95cUxOeGVVb0hMZW1Ib3VRS2ZDNndmV01RYXJKbzczNVJhdEZVd3hpUzRZMzhxNHpiUlhPQXgwN3NHUjVQb1pfM3VtNDRzZW1qSjRIQUtnVXp6WlAydlh5MmxTRnhYRHZnR21tdlZ3TzlEb096OW9ONjc4eUdhUGF0ZDRkYWFfbGpIWEdJV2xySXpkTWFDX0VGSEE?oc=5"" target=""_blank"">Court sets legal precedent with evidence from Fitbit health tracker</a>&nbsp;&nbsp;<font color=""#6f6f6f"">The Guardian</font>"
UK gym membership spending up by 44% - The Guardian,"Tue, 18 Aug 2015 07:00:00 GMT",The Guardian,https://news.google.com/rss/articles/CBMingFBVV95cUxNV1J4NHgxNTF4eXJEd2Q4U3M0dG1reXJ6NnZnNWtIb1VFNEFuY1pMVHJuSDRVaFpKa3BHX2Y1dVJkcE5uRklLYklTYXU3U2JTNldQeVhZOEpRcG1wYjRFR2NTMy1USXI2RFdqdTVxeVZRcmExeFhFWnZZWmhnZVNFMVo3MXVjYThyZmYzQUtEZm4yOEpIMkVGSmp1Vklydw?oc=5,"<a href=""https://news.google.com/rss/articles/CBMingFBVV95cUxNV1J4NHgxNTF4eXJEd2Q4U3M0dG1reXJ6NnZnNWtIb1VFNEFuY1pMVHJuSDRVaFpKa3BHX2Y1dVJkcE5uRklLYklTYXU3U2JTNldQeVhZOEpRcG1wYjRFR2NTMy1USXI2RFdqdTVxeVZRcmExeFhFWnZZWmhnZVNFMVo3MXVjYThyZmYzQUtEZm4yOEpIMkVGSmp1Vklydw?oc=5"" target=""_blank"">UK gym membership spending up by 44%</a>&nbsp;&nbsp;<font color=""#6f6f6f"">The Guardian</font>",wearable technology fitness UK,"<a href=""https://news.google.com/rss/articles/CBMingFBVV95cUxNV1J4NHgxNTF4eXJEd2Q4U3M0dG1reXJ6NnZnNWtIb1VFNEFuY1pMVHJuSDRVaFpKa3BHX2Y1dVJkcE5uRklLYklTYXU3U2JTNldQeVhZOEpRcG1wYjRFR2NTMy1USXI2RFdqdTVxeVZRcmExeFhFWnZZWmhnZVNFMVo3MXVjYThyZmYzQUtEZm4yOEpIMkVGSmp1Vklydw?oc=5"" target=""_blank"">UK gym membership spending up by 44%</a>&nbsp;&nbsp;<font color=""#6f6f6f"">The Guardian</font>"
John Lewis takes on Sports Direct with multimillion-pound fitness investment - inkl,"Sun, 02 Aug 2026 23:01:00 GMT",inkl,https://news.google.com/rss/articles/CBMirwFBVV95cUxORjc1YU5YRXlsUHJuaTQwa0lMWjFmcm5WT2lva01MempiN2tkdUNtb25STXh5WUNkbDFfNjZMeGNHRHBoQXg0d0VhaVBRQk53NzQzNUJOQW1wXzVvZWxtU1dJVVctUmRsZ01jejlsRTljS2lub3M1Q0ZSTW9NajQ0aVFHMFBvZE9VV2FwVEtnR21qdDNNTzlNTWJFVFNvYkE1SF9zYUxhRGZsVWlTbF84?oc=5,"<a href=""https://news.google.com/rss/articles/CBMirwFBVV95cUxORjc1YU5YRXlsUHJuaTQwa0lMWjFmcm5WT2lva01MempiN2tkdUNtb25STXh5WUNkbDFfNjZMeGNHRHBoQXg0d0VhaVBRQk53NzQzNUJOQW1wXzVvZWxtU1dJVVctUmRsZ01jejlsRTljS2lub3M1Q0ZSTW9NajQ0aVFHMFBvZE9VV2FwVEtnR21qdDNNTzlNTWJFVFNvYkE1SF9zYUxhRGZsVWlTbF84?oc=5"" target=""_blank"">John Lewis takes on Sports Direct with multimillion-pound fitness investment</a>&nbsp;&nbsp;<font color=""#6f6f6f"">inkl</font>",wearable technology fitness UK,"<a href=""https://news.google.com/rss/articles/CBMirwFBVV95cUxORjc1YU5YRXlsUHJuaTQwa0lMWjFmcm5WT2lva01MempiN2tkdUNtb25STXh5WUNkbDFfNjZMeGNHRHBoQXg0d0VhaVBRQk53NzQzNUJOQW1wXzVvZWxtU1dJVVctUmRsZ01jejlsRTljS2lub3M1Q0ZSTW9NajQ0aVFHMFBvZE9VV2FwVEtnR21qdDNNTzlNTWJFVFNvYkE1SF9zYUxhRGZsVWlTbF84?oc=5"" target=""_blank"">John Lewis takes on Sports Direct with multimillion-pound fitness investment</a>&nbsp;&nbsp;<font color=""#6f6f6f"">inkl</font>"
Misfit Shine fitness tracker review: small and perfectly formed | Wearable technology - The Guardian,"Tue, 05 Nov 2013 08:00:00 GMT",The Guardian,https://news.google.com/rss/articles/CBMijwFBVV95cUxOTXJpbUZzVi1mODdFVXZDYm5BdC13STNPa05makRSNnF1b0JrMjNSM1Z0YWgzVlNfVmh3MHZFQllmWGhvZWNOYkhtWkZDLXZIcElMWmR6YWloX3l0alRsR2hNN3ZlNzZtLTZZYWNUSWhtUGVzc0E2RTY0b2FFZWhzTUMwU0lBLWJ0MUFIZDlqVQ?oc=5,"<a href=""https://news.google.com/rss/articles/CBMijwFBVV95cUxOTXJpbUZzVi1mODdFVXZDYm5BdC13STNPa05makRSNnF1b0JrMjNSM1Z0YWgzVlNfVmh3MHZFQllmWGhvZWNOYkhtWkZDLXZIcElMWmR6YWloX3l0alRsR2hNN3ZlNzZtLTZZYWNUSWhtUGVzc0E2RTY0b2FFZWhzTUMwU0lBLWJ0MUFIZDlqVQ?oc=5"" target=""_blank"">Misfit Shine fitness tracker review: small and perfectly formed | Wearable technology</a>&nbsp;&nbsp;<font color=""#6f6f6f"">The Guardian</font>",wearable technology fitness UK,"<a href=""https://news.google.com/rss/articles/CBMijwFBVV95cUxOTXJpbUZzVi1mODdFVXZDYm5BdC13STNPa05makRSNnF1b0JrMjNSM1Z0YWgzVlNfVmh3MHZFQllmWGhvZWNOYkhtWkZDLXZIcElMWmR6YWloX3l0alRsR2hNN3ZlNzZtLTZZYWNUSWhtUGVzc0E2RTY0b2FFZWhzTUMwU0lBLWJ0MUFIZDlqVQ?oc=5"" target=""_blank"">Misfit Shine fitness tracker review: small and perfectly formed | Wearable technology</a>&nbsp;&nbsp;<font color=""#6f6f6f"">The Guardian</font>"
Prince Harry is sporting tech’s hot new wearable trend: fitness rings - London Evening Standard,"Fri, 19 Oct 2018 07:00:00 GMT",London Evening Standard,https://news.google.com/rss/articles/CBMiiAFBVV95cUxNSzBEYUtvZUZpbE9PazUtd1JIVzI4amN3OU1vMjcwQTdMZ3hGWDF3SGU3alo1Mk9HdlpSQWtjUnNNcTg4ODJYTXl4WUVIZGpYMm15R1pwZVV2SEFraEZ1LUFwbEFOenNGMjF5SWIzOElEd191bU5NT3ZkcEtac1NvZGpIc3NCVGlW?oc=5,"<a href=""https://news.google.com/rss/articles/CBMiiAFBVV95cUxNSzBEYUtvZUZpbE9PazUtd1JIVzI4amN3OU1vMjcwQTdMZ3hGWDF3SGU3alo1Mk9HdlpSQWtjUnNNcTg4ODJYTXl4WUVIZGpYMm15R1pwZVV2SEFraEZ1LUFwbEFOenNGMjF5SWIzOElEd191bU5NT3ZkcEtac1NvZGpIc3NCVGlW?oc=5"" target=""_blank"">Prince Harry is sporting tech’s hot new wearable trend: fitness rings</a>&nbsp;&nbsp;<font color=""#6f6f6f"">London Evening Standard</font>",wearable technology fitness UK,"<a href=""https://news.google.com/rss/articles/CBMiiAFBVV95cUxNSzBEYUtvZUZpbE9PazUtd1JIVzI4amN3OU1vMjcwQTdMZ3hGWDF3SGU3alo1Mk9HdlpSQWtjUnNNcTg4ODJYTXl4WUVIZGpYMm15R1pwZVV2SEFraEZ1LUFwbEFOenNGMjF5SWIzOElEd191bU5NT3ZkcEtac1NvZGpIc3NCVGlW?oc=5"" target=""_blank"">Prince Harry is sporting tech’s hot new wearable trend: fitness rings</a>&nbsp;&nbsp;<font color=""#6f6f6f"">London Evening Standard</font>"
Virgin Active to offer smart wristbands in digital gym push - Campaign,"Wed, 14 Jan 2015 08:00:00 GMT",Campaign,https://news.google.com/rss/articles/CBMiogFBVV95cUxNR0MwNGlTaDdCUkJZcHdDRkliOVRuNWxvaFlESy1oMjd0OGplbEhPNURtWVlSRzdVQ0xYUXctTnJpM2xGeVprd2E1Z2U4czBaeGEteFVublJ3STAtdlZveFZxVjE1cGNkbTBsNDBsQ3FSc0JDMzdqWDFuejNseS14NWJfSzFjUFVpZ2Z1MUpFWEtnbG9oQ3cwbVVKQlM2VFhzR3c?oc=5,"<a href=""https://news.google.com/rss/articles/CBMiogFBVV95cUxNR0MwNGlTaDdCUkJZcHdDRkliOVRuNWxvaFlESy1oMjd0OGplbEhPNURtWVlSRzdVQ0xYUXctTnJpM2xGeVprd2E1Z2U4czBaeGEteFVublJ3STAtdlZveFZxVjE1cGNkbTBsNDBsQ3FSc0JDMzdqWDFuejNseS14NWJfSzFjUFVpZ2Z1MUpFWEtnbG9oQ3cwbVVKQlM2VFhzR3c?oc=5"" target=""_blank"">Virgin Active to offer smart wristbands in digital gym push</a>&nbsp;&nbsp;<font color=""#6f6f6f"">Campaign</font>",wearable technology fitness UK,"<a href=""https://news.google.com/rss/articles/CBMiogFBVV95cUxNR0MwNGlTaDdCUkJZcHdDRkliOVRuNWxvaFlESy1oMjd0OGplbEhPNURtWVlSRzdVQ0xYUXctTnJpM2xGeVprd2E1Z2U4czBaeGEteFVublJ3STAtdlZveFZxVjE1cGNkbTBsNDBsQ3FSc0JDMzdqWDFuejNseS14NWJfSzFjUFVpZ2Z1MUpFWEtnbG9oQ3cwbVVKQlM2VFhzR3c?oc=5"" target=""_blank"">Virgin Active to offer smart wristbands in digital gym push</a>&nbsp;&nbsp;<font color=""#6f6f6f"">Campaign</font>"
Grantham gym owner on a wave with global MyZone and gym success - LincsOnline,"Tue, 16 Oct 2018 07:00:00 GMT",LincsOnline,https://news.google.com/rss/articles/CBMitwFBVV95cUxQanZ3cDBObEtxcnNBeHFZd0VxcmZ6RllFc25GZ19PVkliRGhzekRCOGRSSlV3bmpmdUdMTUJVd1d6N245c1hibVBOeThwNWZBOHRoYUthZUpBWEt4Wmxvc01ObUQ4T1JwUTlvc3FTLWo3dHFCUmRjWmhza3BoM05KbWhseEJNTm5wNk1DSVpfdDY5SEtVNS1zY0E0VnZKV29HcFlCNVU1UU1tcV9tMm1QUHZ5WGFJREE?oc=5,"<a href=""https://news.google.com/rss/articles/CBMitwFBVV95cUxQanZ3cDBObEtxcnNBeHFZd0VxcmZ6RllFc25GZ19PVkliRGhzekRCOGRSSlV3bmpmdUdMTUJVd1d6N245c1hibVBOeThwNWZBOHRoYUthZUpBWEt4Wmxvc01ObUQ4T1JwUTlvc3FTLWo3dHFCUmRjWmhza3BoM05KbWhseEJNTm5wNk1DSVpfdDY5SEtVNS1zY0E0VnZKV29HcFlCNVU1UU1tcV9tMm1QUHZ5WGFJREE?oc=5"" target=""_blank"">Grantham gym owner on a wave with global MyZone and gym success</a>&nbsp;&nbsp;<font color=""#6f6f6f"">LincsOnline</font>",wearable technology fitness UK,"<a href=""https://news.google.com/rss/articles/CBMitwFBVV95cUxQanZ3cDBObEtxcnNBeHFZd0VxcmZ6RllFc25GZ19PVkliRGhzekRCOGRSSlV3bmpmdUdMTUJVd1d6N245c1hibVBOeThwNWZBOHRoYUthZUpBWEt4Wmxvc01ObUQ4T1JwUTlvc3FTLWo3dHFCUmRjWmhza3BoM05KbWhseEJNTm5wNk1DSVpfdDY5SEtVNS1zY0E0VnZKV29HcFlCNVU1UU1tcV9tMm1QUHZ5WGFJREE?oc=5"" target=""_blank"">Grantham gym owner on a wave with global MyZone and gym success</a>&nbsp;&nbsp;<font color=""#6f6f6f"">LincsOnline</font>"
There’s Now A Fitness Tracker For Your Orgasms - Marie Claire UK,"Tue, 17 Mar 2015 07:00:00 GMT",Marie Claire UK,https://news.google.com/rss/articles/CBMipgFBVV95cUxQeWRsaEtPWkt5UzMzQVFkQ3BZWUJWUDdtanQzZHdyU1hDalNic09QX1hBZE15LXVCakRGYWVkSzZjRl9WSkVaY2FQTkxyME1iNG9xYU9jcVcyRlZGWjRWM0x6M25ndjN1QWVyMDdKblg4emxJZEZ5RkpjSlpVeFlhbVBJdm9OOWNSTUZlNEN0T2NiY3htZ1d4RDRnY0M0cmtveTA4UUFn?oc=5,"<a href=""https://news.google.com/rss/articles/CBMipgFBVV95cUxQeWRsaEtPWkt5UzMzQVFkQ3BZWUJWUDdtanQzZHdyU1hDalNic09QX1hBZE15LXVCakRGYWVkSzZjRl9WSkVaY2FQTkxyME1iNG9xYU9jcVcyRlZGWjRWM0x6M25ndjN1QWVyMDdKblg4emxJZEZ5RkpjSlpVeFlhbVBJdm9OOWNSTUZlNEN0T2NiY3htZ1d4RDRnY0M0cmtveTA4UUFn?oc=5"" target=""_blank"">There’s Now A Fitness Tracker For Your Orgasms</a>&nbsp;&nbsp;<font color=""#6f6f6f"">Marie Claire UK</font>",wearable technology fitness UK,"<a href=""https://news.google.com/rss/articles/CBMipgFBVV95cUxQeWRsaEtPWkt5UzMzQVFkQ3BZWUJWUDdtanQzZHdyU1hDalNic09QX1hBZE15LXVCakRGYWVkSzZjRl9WSkVaY2FQTkxyME1iNG9xYU9jcVcyRlZGWjRWM0x6M25ndjN1QWVyMDdKblg4emxJZEZ5RkpjSlpVeFlhbVBJdm9OOWNSTUZlNEN0T2NiY3htZ1d4RDRnY0M0cmtveTA4UUFn?oc=5"" target=""_blank"">There’s Now A Fitness Tracker For Your Orgasms</a>&nbsp;&nbsp;<font color=""#6f6f6f"">Marie Claire UK</font>"
Wearables 2.0 - Sensors woven into clothing lead medical revolution - International Business Times UK,"Wed, 11 Mar 2015 07:00:00 GMT",International Business Times UK,https://news.google.com/rss/articles/CBMioAFBVV95cUxOYmVTbVc1WEJpM25PczktdnRpVmdlYUxQSFFIQXBfV2ZuV0k1cjNlTS1fSlFid21BM05QMG9KblUzN0RYSWdocEJQQ1NjMC0wMnN6M2pWZ3RuZmtMd25jMFN2UTZ6SkNXNFl6S3J4bGFXaEc4OHJHaG5jYzhzdVZnRmFSNE16RlI0TVJZcEEyM0laOTFRTno1XzQ3V2pTZS04?oc=5,"<a href=""https://news.google.com/rss/articles/CBMioAFBVV95cUxOYmVTbVc1WEJpM25PczktdnRpVmdlYUxQSFFIQXBfV2ZuV0k1cjNlTS1fSlFid21BM05QMG9KblUzN0RYSWdocEJQQ1NjMC0wMnN6M2pWZ3RuZmtMd25jMFN2UTZ6SkNXNFl6S3J4bGFXaEc4OHJHaG5jYzhzdVZnRmFSNE16RlI0TVJZcEEyM0laOTFRTno1XzQ3V2pTZS04?oc=5"" target=""_blank"">Wearables 2.0 - Sensors woven into clothing lead medical revolution</a>&nbsp;&nbsp;<font color=""#6f6f6f"">International Business Times UK</font>",wearable technology fitness UK,"<a href=""https://news.google.com/rss/articles/CBMioAFBVV95cUxOYmVTbVc1WEJpM25PczktdnRpVmdlYUxQSFFIQXBfV2ZuV0k1cjNlTS1fSlFid21BM05QMG9KblUzN0RYSWdocEJQQ1NjMC0wMnN6M2pWZ3RuZmtMd25jMFN2UTZ6SkNXNFl6S3J4bGFXaEc4OHJHaG5jYzhzdVZnRmFSNE16RlI0TVJZcEEyM0laOTFRTno1XzQ3V2pTZS04?oc=5"" target=""_blank"">Wearables 2.0 - Sensors woven into clothing lead medical revolution</a>&nbsp;&nbsp;<font color=""#6f6f6f"">International Business Times UK</font>"
Global Sportswear Market Size to Reach $531 Billion by 2031 as Athleisure Outpaces Conventional Apparel Growth by Up to 2 to 6% - Arizton - PR Newswire UK,"Wed, 27 May 2026 07:00:00 GMT",PR Newswire UK,https://news.google.com/rss/articles/CBMingJBVV95cUxOMDJSd0tIdEk4QlRIUmZQSnJINjBWeXBHZUd2RzUzSzN6Z25nQzQybVJybVN1TDNBakpSeExCcjlGOUJia0pHaUJxejVPWGpndlVwaGpoT1lOdnpNb1d1QnV0eEdyRHBnYnd4aTdOV1ZwREtoSnBHTExOakwxRHRkZE53eU9qWlNINTVlSGpJUnVsQmYydVZTVjB1OFl0WWFyNXVrRXAyUVFOaDl6S0YxcG1IN2RMbjFwWDRldXdrMTQzWDBuVzZPSzczZWV4cEl6Qld5NTY2bFNPMWJQdVFRMTNBOUpXbG1LcWhpR0g0MFpCNHpJMDVrMjFHWXQ4X0U4dWc4a0h0cmkwaVhSekRsbUVXRFpmRTZRQjRxbTlB?oc=5,"<a href=""https://news.google.com/rss/articles/CBMingJBVV95cUxOMDJSd0tIdEk4QlRIUmZQSnJINjBWeXBHZUd2RzUzSzN6Z25nQzQybVJybVN1TDNBakpSeExCcjlGOUJia0pHaUJxejVPWGpndlVwaGpoT1lOdnpNb1d1QnV0eEdyRHBnYnd4aTdOV1ZwREtoSnBHTExOakwxRHRkZE53eU9qWlNINTVlSGpJUnVsQmYydVZTVjB1OFl0WWFyNXVrRXAyUVFOaDl6S0YxcG1IN2RMbjFwWDRldXdrMTQzWDBuVzZPSzczZWV4cEl6Qld5NTY2bFNPMWJQdVFRMTNBOUpXbG1LcWhpR0g0MFpCNHpJMDVrMjFHWXQ4X0U4dWc4a0h0cmkwaVhSekRsbUVXRFpmRTZRQjRxbTlB?oc=5"" target=""_blank"">Global Sportswear Market Size to Reach $531 Billion by 2031 as Athleisure Outpaces Conventional Apparel Growth by Up to 2 to 6% - Arizton</a>&nbsp;&nbsp;<font color=""#6f6f6f"">PR Newswire UK</font>",sportswear innovation UK,"<a href=""https://news.google.com/rss/articles/CBMingJBVV95cUxOMDJSd0tIdEk4QlRIUmZQSnJINjBWeXBHZUd2RzUzSzN6Z25nQzQybVJybVN1TDNBakpSeExCcjlGOUJia0pHaUJxejVPWGpndlVwaGpoT1lOdnpNb1d1QnV0eEdyRHBnYnd4aTdOV1ZwREtoSnBHTExOakwxRHRkZE53eU9qWlNINTVlSGpJUnVsQmYydVZTVjB1OFl0WWFyNXVrRXAyUVFOaDl6S0YxcG1IN2RMbjFwWDRldXdrMTQzWDBuVzZPSzczZWV4cEl6Qld5NTY2bFNPMWJQdVFRMTNBOUpXbG1LcWhpR0g0MFpCNHpJMDVrMjFHWXQ4X0U4dWc4a0h0cmkwaVhSekRsbUVXRFpmRTZRQjRxbTlB?oc=5"" target=""_blank"">Global Sportswear Market Size to Reach $531 Billion by 2031 as Athleisure Outpaces Conventional Apparel Growth by Up to 2 to 6% - Arizton</a>&nbsp;&nbsp;<font color=""#6f6f6f"">PR Newswire UK</font>"
It's great up north: footwear and sportswear retailer Footasylum revamps Trafford Centre store - Retail Technology Innovation Hub,"Mon, 29 Jun 2026 07:00:00 GMT",Retail Technology Innovation Hub,https://news.google.com/rss/articles/CBMi2wFBVV95cUxQUTJxTFV1X2N4UjIwUmlvdGZXZFFVLTJYVlducmtsaFo4QmF5aTNRZWotaFJKNE81aWxKVzY1NVBaRzhPbGFielRfcXo5QjE5VHViNWsyMXFvdVpYVV9kZ1FtNUNuT3JkMDB6NlhWNjF3cFd4Y0d4dHM5Qk9hZGw4UzVuZ1h1aU9zbGUzTEJMQVc3MmtiTlZycWxrTElPZUNxR0RJTXo2S1RFM1dfVTNtOTdwX3I5Vm01T0cxV2tpNVFWVHB4UjBzZUZkakI1NEZRNmhfaHJ3djZweFE?oc=5,"<a href=""https://news.google.com/rss/articles/CBMi2wFBVV95cUxQUTJxTFV1X2N4UjIwUmlvdGZXZFFVLTJYVlducmtsaFo4QmF5aTNRZWotaFJKNE81aWxKVzY1NVBaRzhPbGFielRfcXo5QjE5VHViNWsyMXFvdVpYVV9kZ1FtNUNuT3JkMDB6NlhWNjF3cFd4Y0d4dHM5Qk9hZGw4UzVuZ1h1aU9zbGUzTEJMQVc3MmtiTlZycWxrTElPZUNxR0RJTXo2S1RFM1dfVTNtOTdwX3I5Vm01T0cxV2tpNVFWVHB4UjBzZUZkakI1NEZRNmhfaHJ3djZweFE?oc=5"" target=""_blank"">It's great up north: footwear and sportswear retailer Footasylum revamps Trafford Centre store</a>&nbsp;&nbsp;<font color=""#6f6f6f"">Retail Technology Innovation Hub</font>",sportswear innovation UK,"<a href=""https://news.google.com/rss/articles/CBMi2wFBVV95cUxQUTJxTFV1X2N4UjIwUmlvdGZXZFFVLTJYVlducmtsaFo4QmF5aTNRZWotaFJKNE81aWxKVzY1NVBaRzhPbGFielRfcXo5QjE5VHViNWsyMXFvdVpYVV9kZ1FtNUNuT3JkMDB6NlhWNjF3cFd4Y0d4dHM5Qk9hZGw4UzVuZ1h1aU9zbGUzTEJMQVc3MmtiTlZycWxrTElPZUNxR0RJTXo2S1RFM1dfVTNtOTdwX3I5Vm01T0cxV2tpNVFWVHB4UjBzZUZkakI1NEZRNmhfaHJ3djZweFE?oc=5"" target=""_blank"">It's great up north: footwear and sportswear retailer Footasylum revamps Trafford Centre store</a>&nbsp;&nbsp;<font color=""#6f6f6f"">Retail Technology Innovation Hub</font>"
Asics spotlights sportstyle innovation at Milan Design Week - FashionNetwork France,"Wed, 22 Apr 2026 07:00:00 GMT",FashionNetwork France,https://news.google.com/rss/articles/CBMiqwFBVV95cUxOSWY1UzhTVGduLUROMXN1V3FmVjlLLWRiLUtWS01leDJCZFlHVkJDY25JNkZ2dmZVaU40VVJqTXppNDI4d0NiR2t3X183MXBzbUFDOUpUTTRaVnlvZTF0N0FFNEJlUlJJQkVWRzV1MDAwN3ctUlFEczM5WWpEWGdnUWwwM1ctNk1zZ3NhRjljWkNjWHpSWnNFTjRKLW5qZ00zc3FtVTU2cnI1c0U?oc=5,"<a href=""https://news.google.com/rss/articles/CBMiqwFBVV95cUxOSWY1UzhTVGduLUROMXN1V3FmVjlLLWRiLUtWS01leDJCZFlHVkJDY25JNkZ2dmZVaU40VVJqTXppNDI4d0NiR2t3X183MXBzbUFDOUpUTTRaVnlvZTF0N0FFNEJlUlJJQkVWRzV1MDAwN3ctUlFEczM5WWpEWGdnUWwwM1ctNk1zZ3NhRjljWkNjWHpSWnNFTjRKLW5qZ00zc3FtVTU2cnI1c0U?oc=5"" target=""_blank"">Asics spotlights sportstyle innovation at Milan Design Week</a>&nbsp;&nbsp;<font color=""#6f6f6f"">FashionNetwork France</font>",sportswear innovation UK,"<a href=""https://news.google.com/rss/articles/CBMiqwFBVV95cUxOSWY1UzhTVGduLUROMXN1V3FmVjlLLWRiLUtWS01leDJCZFlHVkJDY25JNkZ2dmZVaU40VVJqTXppNDI4d0NiR2t3X183MXBzbUFDOUpUTTRaVnlvZTF0N0FFNEJlUlJJQkVWRzV1MDAwN3ctUlFEczM5WWpEWGdnUWwwM1ctNk1zZ3NhRjljWkNjWHpSWnNFTjRKLW5qZ00zc3FtVTU2cnI1c0U?oc=5"" target=""_blank"">Asics spotlights sportstyle innovation at Milan Design Week</a>&nbsp;&nbsp;<font color=""#6f6f6f"">FashionNetwork France</font>"
"Cannes Lions 2026 Grand Prix Winners in Brand Experience & Activation, Business Transformation, Commerce, Effectiveness, Strategy, Innovation, and Luxury - lbbonline.com","Thu, 25 Jun 2026 07:00:00 GMT",lbbonline.com,https://news.google.com/rss/articles/CBMihwJBVV95cUxPTEtMRnhmajVJS1g1emRQZFhuVmlGaTRsNDlUNTF2NlEwZXIxQmtlZnlXU1FiR2pEd093RGtqc2VtOHV6VW5kWHJDN3NhdThtSkZUUFNuSEdoVjZoU0xCd3BGWFZpd0ZEWHY2eTljN1NyN3FQSEdoT05pMmdXcjBzckFLNnplUjhOWWVwNFIwQS1vZF9nOEt3RzA2WFFFWGt6SlAwdHJESExJNzRvWERIQ0dnOGpvampLSG43ZDRBWi05aU1lLVhKUlE0bVdtcmtyaWMwelh3SEo1V0JEazVFT0pjQ0NhbmhCTWtjY3FhNjAxZVJ2dk52c0YweE9MRWNDUW5JMjczQQ?oc=5,"<a href=""https://news.google.com/rss/articles/CBMihwJBVV95cUxPTEtMRnhmajVJS1g1emRQZFhuVmlGaTRsNDlUNTF2NlEwZXIxQmtlZnlXU1FiR2pEd093RGtqc2VtOHV6VW5kWHJDN3NhdThtSkZUUFNuSEdoVjZoU0xCd3BGWFZpd0ZEWHY2eTljN1NyN3FQSEdoT05pMmdXcjBzckFLNnplUjhOWWVwNFIwQS1vZF9nOEt3RzA2WFFFWGt6SlAwdHJESExJNzRvWERIQ0dnOGpvampLSG43ZDRBWi05aU1lLVhKUlE0bVdtcmtyaWMwelh3SEo1V0JEazVFT0pjQ0NhbmhCTWtjY3FhNjAxZVJ2dk52c0YweE9MRWNDUW5JMjczQQ?oc=5"" target=""_blank"">Cannes Lions 2026 Grand Prix Winners in Brand Experience & Activation, Business Transformation, Commerce, Effectiveness, Strategy, Innovation, and Luxury</a>&nbsp;&nbsp;<font color=""#6f6f6f"">lbbonline.com</font>",sportswear innovation UK,"<a href=""https://news.google.com/rss/articles/CBMihwJBVV95cUxPTEtMRnhmajVJS1g1emRQZFhuVmlGaTRsNDlUNTF2NlEwZXIxQmtlZnlXU1FiR2pEd093RGtqc2VtOHV6VW5kWHJDN3NhdThtSkZUUFNuSEdoVjZoU0xCd3BGWFZpd0ZEWHY2eTljN1NyN3FQSEdoT05pMmdXcjBzckFLNnplUjhOWWVwNFIwQS1vZF9nOEt3RzA2WFFFWGt6SlAwdHJESExJNzRvWERIQ0dnOGpvampLSG43ZDRBWi05aU1lLVhKUlE0bVdtcmtyaWMwelh3SEo1V0JEazVFT0pjQ0NhbmhCTWtjY3FhNjAxZVJ2dk52c0YweE9MRWNDUW5JMjczQQ?oc=5"" target=""_blank"">Cannes Lions 2026 Grand Prix Winners in Brand Experience & Activation, Business Transformation, Commerce, Effectiveness, Strategy, Innovation, and Luxury</a>&nbsp;&nbsp;<font color=""#6f6f6f"">lbbonline.com</font>"
Gymshark unveils secrets of Onyx V5 innovation - Knitting Industry,"Tue, 04 Nov 2025 08:00:00 GMT",Knitting Industry,https://news.google.com/rss/articles/CBMiggFBVV95cUxNdVg3UUtCMDJVTVJwYXV2T0VTM25QSU1GZ2NXMEdQaVJCRElMV1BiM0J0TkhNcmdvQk5fZWdMN3NzckhWUDZTRzZ1eUczZzdPb0R0TWhkR1Ewc3dndG01bzF0Tzg1cVhfbVRocW92d2RYR053dmJIeEVhVWc5ci1qTzdB?oc=5,"<a href=""https://news.google.com/rss/articles/CBMiggFBVV95cUxNdVg3UUtCMDJVTVJwYXV2T0VTM25QSU1GZ2NXMEdQaVJCRElMV1BiM0J0TkhNcmdvQk5fZWdMN3NzckhWUDZTRzZ1eUczZzdPb0R0TWhkR1Ewc3dndG01bzF0Tzg1cVhfbVRocW92d2RYR053dmJIeEVhVWc5ci1qTzdB?oc=5"" target=""_blank"">Gymshark unveils secrets of Onyx V5 innovation</a>&nbsp;&nbsp;<font color=""#6f6f6f"">Knitting Industry</font>",sportswear innovation UK,"<a href=""https://news.google.com/rss/articles/CBMiggFBVV95cUxNdVg3UUtCMDJVTVJwYXV2T0VTM25QSU1GZ2NXMEdQaVJCRElMV1BiM0J0TkhNcmdvQk5fZWdMN3NzckhWUDZTRzZ1eUczZzdPb0R0TWhkR1Ewc3dndG01bzF0Tzg1cVhfbVRocW92d2RYR053dmJIeEVhVWc5ci1qTzdB?oc=5"" target=""_blank"">Gymshark unveils secrets of Onyx V5 innovation</a>&nbsp;&nbsp;<font color=""#6f6f6f"">Knitting Industry</font>"
WILSON SPORT PROFESSIONALS UNVEILS “THE OPEN ERA” COLLECTION INSPIRED BY TENNIS’ MOST REVOLUTIONARY MOMENT! - vergemagazine.co.uk,"Tue, 26 May 2026 07:00:00 GMT",vergemagazine.co.uk,https://news.google.com/rss/articles/CBMizAFBVV95cUxQZ2JGWTFfZk5fREhCb3JRX09xNkxsR295X1VZYUZNT2JkdDlXSFJ0Y2t3RjdmZU0xVF9ZY3ZQdkZaakE0MllYT0djVmtrRDNVdlRyWW5Ed1NxclNUNG54ODdsT0Y1VllBVTFkQ3Raa052UDFyb1U0bERuaEZsMzNfdTVxUXVXc2g4TDNYV0lITmVaektZRTNCaVBNMGpMcjVUU2FlRDFvQ05HUDFpeGN6TFFNZTh5MTBvZm9SU0xjQUFkTjk1UUxkaVJBVVc?oc=5,"<a href=""https://news.google.com/rss/articles/CBMizAFBVV95cUxQZ2JGWTFfZk5fREhCb3JRX09xNkxsR295X1VZYUZNT2JkdDlXSFJ0Y2t3RjdmZU0xVF9ZY3ZQdkZaakE0MllYT0djVmtrRDNVdlRyWW5Ed1NxclNUNG54ODdsT0Y1VllBVTFkQ3Raa052UDFyb1U0bERuaEZsMzNfdTVxUXVXc2g4TDNYV0lITmVaektZRTNCaVBNMGpMcjVUU2FlRDFvQ05HUDFpeGN6TFFNZTh5MTBvZm9SU0xjQUFkTjk1UUxkaVJBVVc?oc=5"" target=""_blank"">WILSON SPORT PROFESSIONALS UNVEILS “THE OPEN ERA” COLLECTION INSPIRED BY TENNIS’ MOST REVOLUTIONARY MOMENT!</a>&nbsp;&nbsp;<font color=""#6f6f6f"">vergemagazine.co.uk</font>",sportswear innovation UK,"<a href=""https://news.google.com/rss/articles/CBMizAFBVV95cUxQZ2JGWTFfZk5fREhCb3JRX09xNkxsR295X1VZYUZNT2JkdDlXSFJ0Y2t3RjdmZU0xVF9ZY3ZQdkZaakE0MllYT0djVmtrRDNVdlRyWW5Ed1NxclNUNG54ODdsT0Y1VllBVTFkQ3Raa052UDFyb1U0bERuaEZsMzNfdTVxUXVXc2g4TDNYV0lITmVaektZRTNCaVBNMGpMcjVUU2FlRDFvQ05HUDFpeGN6TFFNZTh5MTBvZm9SU0xjQUFkTjk1UUxkaVJBVVc?oc=5"" target=""_blank"">WILSON SPORT PROFESSIONALS UNVEILS “THE OPEN ERA” COLLECTION INSPIRED BY TENNIS’ MOST REVOLUTIONARY MOMENT!</a>&nbsp;&nbsp;<font color=""#6f6f6f"">vergemagazine.co.uk</font>"
"Sports Apparel Market to Reach USD 383.88 Billion by 2032, Driven by Rising Fitness Awareness and Global Activewear Demand | Industry Forecast 2025-2032: Maximize Market Research - PR Newswire UK","Wed, 04 Feb 2026 08:00:00 GMT",PR Newswire UK,https://news.google.com/rss/articles/CBMi0wJBVV95cUxOdkdkaTdKcGNBSkRkWHIyUGdBQjAyOHJ3UTZEN2tWc3RrOVlDUVotSjV0ZnRwcmNXamxzbTl1UWpQS1czUTdjWTU5MlhWQ0FuQ3YyX1l6OXJQa0NhUk5oMnYyYzlDc1AwZ3VQUkx0Tk9TUlhzU0JuZzRveG5PQnQwVDctNHk4Q1Y3eXNfTThmenY4MHVIaXMwOUxOSEJBSW0xXzBiUlRaczBzX09EbkpJWmJHalBPSG9lTm9ka2JWSzhKRjhfelZTOVVNSm5KYVpSaUxtWE9SdU5leldWZXVJM3U3czFiT1Q5YUJuYWVMWnJkVW5tQ1NSTkZ5b2FZZVRTVmVBblZrYWZ6eGhBcVFfX3lsYkFoeWxfckRWSkU5X1k3cGhaTnNVdlFXT200aEhkVlpWOEplRGpBSk9EaU1kVnNRbFFTQ0s1cExUOVFDUnVKYWM?oc=5,"<a href=""https://news.google.com/rss/articles/CBMi0wJBVV95cUxOdkdkaTdKcGNBSkRkWHIyUGdBQjAyOHJ3UTZEN2tWc3RrOVlDUVotSjV0ZnRwcmNXamxzbTl1UWpQS1czUTdjWTU5MlhWQ0FuQ3YyX1l6OXJQa0NhUk5oMnYyYzlDc1AwZ3VQUkx0Tk9TUlhzU0JuZzRveG5PQnQwVDctNHk4Q1Y3eXNfTThmenY4MHVIaXMwOUxOSEJBSW0xXzBiUlRaczBzX09EbkpJWmJHalBPSG9lTm9ka2JWSzhKRjhfelZTOVVNSm5KYVpSaUxtWE9SdU5leldWZXVJM3U3czFiT1Q5YUJuYWVMWnJkVW5tQ1NSTkZ5b2FZZVRTVmVBblZrYWZ6eGhBcVFfX3lsYkFoeWxfckRWSkU5X1k3cGhaTnNVdlFXT200aEhkVlpWOEplRGpBSk9EaU1kVnNRbFFTQ0s1cExUOVFDUnVKYWM?oc=5"" target=""_blank"">Sports Apparel Market to Reach USD 383.88 Billion by 2032, Driven by Rising Fitness Awareness and Global Activewear Demand | Industry Forecast 2025-2032: Maximize Market Research</a>&nbsp;&nbsp;<font color=""#6f6f6f"">PR Newswire UK</font>",sportswear innovation UK,"<a href=""https://news.google.com/rss/articles/CBMi0wJBVV95cUxOdkdkaTdKcGNBSkRkWHIyUGdBQjAyOHJ3UTZEN2tWc3RrOVlDUVotSjV0ZnRwcmNXamxzbTl1UWpQS1czUTdjWTU5MlhWQ0FuQ3YyX1l6OXJQa0NhUk5oMnYyYzlDc1AwZ3VQUkx0Tk9TUlhzU0JuZzRveG5PQnQwVDctNHk4Q1Y3eXNfTThmenY4MHVIaXMwOUxOSEJBSW0xXzBiUlRaczBzX09EbkpJWmJHalBPSG9lTm9ka2JWSzhKRjhfelZTOVVNSm5KYVpSaUxtWE9SdU5leldWZXVJM3U3czFiT1Q5YUJuYWVMWnJkVW5tQ1NSTkZ5b2FZZVRTVmVBblZrYWZ6eGhBcVFfX3lsYkFoeWxfckRWSkU5X1k3cGhaTnNVdlFXT200aEhkVlpWOEplRGpBSk9EaU1kVnNRbFFTQ0s1cExUOVFDUnVKYWM?oc=5"" target=""_blank"">Sports Apparel Market to Reach USD 383.88 Billion by 2032, Driven by Rising Fitness Awareness and Global Activewear Demand | Industry Forecast 2025-2032: Maximize Market Research</a>&nbsp;&nbsp;<font color=""#6f6f6f"">PR Newswire UK</font>"
Columbia Sportswear’s First Brand Refresh in a Decade Scales New Heights - lbbonline.com,"Thu, 06 Nov 2025 08:00:00 GMT",lbbonline.com,https://news.google.com/rss/articles/CBMimwFBVV95cUxORk1odWtWNWZzNTdYR0VTc0pyLVVjR1hQa3FVM1RMRVk1R0hTaFYwaTcydWJ3b3VhYmVaU2VhWHpYWWNEUnlIWmF6TENjLWtfNUZBazY1SVA2THNiNGlqN01fUzZGRVdXMUZKa096VGR5bkpDWEdPSDBxVXJ4cGt1ckI5LThGVWs2VGNNOVB3dnhzb2c2VU04YXR2TQ?oc=5,"<a href=""https://news.google.com/rss/articles/CBMimwFBVV95cUxORk1odWtWNWZzNTdYR0VTc0pyLVVjR1hQa3FVM1RMRVk1R0hTaFYwaTcydWJ3b3VhYmVaU2VhWHpYWWNEUnlIWmF6TENjLWtfNUZBazY1SVA2THNiNGlqN01fUzZGRVdXMUZKa096VGR5bkpDWEdPSDBxVXJ4cGt1ckI5LThGVWs2VGNNOVB3dnhzb2c2VU04YXR2TQ?oc=5"" target=""_blank"">Columbia Sportswear’s First Brand Refresh in a Decade Scales New Heights</a>&nbsp;&nbsp;<font color=""#6f6f6f"">lbbonline.com</font>",sportswear innovation UK,"<a href=""https://news.google.com/rss/articles/CBMimwFBVV95cUxORk1odWtWNWZzNTdYR0VTc0pyLVVjR1hQa3FVM1RMRVk1R0hTaFYwaTcydWJ3b3VhYmVaU2VhWHpYWWNEUnlIWmF6TENjLWtfNUZBazY1SVA2THNiNGlqN01fUzZGRVdXMUZKa096VGR5bkpDWEdPSDBxVXJ4cGt1ckI5LThGVWs2VGNNOVB3dnhzb2c2VU04YXR2TQ?oc=5"" target=""_blank"">Columbia Sportswear’s First Brand Refresh in a Decade Scales New Heights</a>&nbsp;&nbsp;<font color=""#6f6f6f"">lbbonline.com</font>"
New multi-million-pound research and innovation hub will transform the landscape of women’s sport - Loughborough University,"Mon, 17 Mar 2025 07:00:00 GMT",Loughborough University,https://news.google.com/rss/articles/CBMikwFBVV95cUxNOXhRY0dHVWpwZ3BsVC1MOVVfaHZiYVAtaG1SZXkydDVDSXlKNGVQdEJVeHRJV0JVS1hfb1J0dC1fcktPMnZ4cU43eWNId0FBUV9nZEg4QmFNZE9iNTYtVFRhYm1SdFJhN25yYmRUUEVUbnVER3kxcGVFRHYtcUN5bWNibUhsdmdYQWVVZWs5RTR2Mnc?oc=5,"<a href=""https://news.google.com/rss/articles/CBMikwFBVV95cUxNOXhRY0dHVWpwZ3BsVC1MOVVfaHZiYVAtaG1SZXkydDVDSXlKNGVQdEJVeHRJV0JVS1hfb1J0dC1fcktPMnZ4cU43eWNId0FBUV9nZEg4QmFNZE9iNTYtVFRhYm1SdFJhN25yYmRUUEVUbnVER3kxcGVFRHYtcUN5bWNibUhsdmdYQWVVZWs5RTR2Mnc?oc=5"" target=""_blank"">New multi-million-pound research and innovation hub will transform the landscape of women’s sport</a>&nbsp;&nbsp;<font color=""#6f6f6f"">Loughborough University</font>",sportswear innovation UK,"<a href=""https://news.google.com/rss/articles/CBMikwFBVV95cUxNOXhRY0dHVWpwZ3BsVC1MOVVfaHZiYVAtaG1SZXkydDVDSXlKNGVQdEJVeHRJV0JVS1hfb1J0dC1fcktPMnZ4cU43eWNId0FBUV9nZEg4QmFNZE9iNTYtVFRhYm1SdFJhN25yYmRUUEVUbnVER3kxcGVFRHYtcUN5bWNibUhsdmdYQWVVZWs5RTR2Mnc?oc=5"" target=""_blank"">New multi-million-pound research and innovation hub will transform the landscape of women’s sport</a>&nbsp;&nbsp;<font color=""#6f6f6f"">Loughborough University</font>"
Edinburgh’s SportsPro scores £750k loan to accelerate growth and innovation - Scottish Financial News,"Thu, 10 Apr 2025 07:00:00 GMT",Scottish Financial News,https://news.google.com/rss/articles/CBMiwwFBVV95cUxPRTNPX2hFQmNweUVVLTYweFVDNzZhekxuY0FCUy1EVkxsTFE2anN4MTNSRkxjNDVGTXpROTZZSDdzbnFhMmJpZkNPU2syaElCWHM1TFNQOUlCdEVyVHB0czVNd2NTSzBwOFpFQzMxdEhSc0FFLUNLS2d0cERITE9JVERhUmplUDRtMUhfblJSLUk1ZFZDZWhnbEU3blJDN0dpSktqcnZtQnJNNnh6WGZFdDN6TFVJbGdzQ0x6XzJUVmxLMTg?oc=5,"<a href=""https://news.google.com/rss/articles/CBMiwwFBVV95cUxPRTNPX2hFQmNweUVVLTYweFVDNzZhekxuY0FCUy1EVkxsTFE2anN4MTNSRkxjNDVGTXpROTZZSDdzbnFhMmJpZkNPU2syaElCWHM1TFNQOUlCdEVyVHB0czVNd2NTSzBwOFpFQzMxdEhSc0FFLUNLS2d0cERITE9JVERhUmplUDRtMUhfblJSLUk1ZFZDZWhnbEU3blJDN0dpSktqcnZtQnJNNnh6WGZFdDN6TFVJbGdzQ0x6XzJUVmxLMTg?oc=5"" target=""_blank"">Edinburgh’s SportsPro scores £750k loan to accelerate growth and innovation</a>&nbsp;&nbsp;<font color=""#6f6f6f"">Scottish Financial News</font>",sportswear innovation UK,"<a href=""https://news.google.com/rss/articles/CBMiwwFBVV95cUxPRTNPX2hFQmNweUVVLTYweFVDNzZhekxuY0FCUy1EVkxsTFE2anN4MTNSRkxjNDVGTXpROTZZSDdzbnFhMmJpZkNPU2syaElCWHM1TFNQOUlCdEVyVHB0czVNd2NTSzBwOFpFQzMxdEhSc0FFLUNLS2d0cERITE9JVERhUmplUDRtMUhfblJSLUk1ZFZDZWhnbEU3blJDN0dpSktqcnZtQnJNNnh6WGZFdDN6TFVJbGdzQ0x6XzJUVmxLMTg?oc=5"" target=""_blank"">Edinburgh’s SportsPro scores £750k loan to accelerate growth and innovation</a>&nbsp;&nbsp;<font color=""#6f6f6f"">Scottish Financial News</font>"
Onclusive study reveals the most visible sportswear brands in 2025 - FashionNetwork France,"Tue, 26 Aug 2025 07:00:00 GMT",FashionNetwork France,https://news.google.com/rss/articles/CBMitAFBVV95cUxNSE15X0JuN0FNaTU1X0p5UjhhMFVkMk5zRjNRMGt5REJrS0t5UDEyaVo2WDFSYlAyTDhkdktxdUNSWFZjMzJ2TTlaZWpNX2IwOTItM1QyV0pLcW12ZXJtNnczSE14akQycEN6dHdiZHZlSUZEcm94U3lDM1U1Y2EzSk95THdZQ1lka19QM2NiX3gzOFpjVTBpMlBkMGw3MXRoRy1KN1IxTGZhbWNiYzF6UXFvVms?oc=5,"<a href=""https://news.google.com/rss/articles/CBMitAFBVV95cUxNSE15X0JuN0FNaTU1X0p5UjhhMFVkMk5zRjNRMGt5REJrS0t5UDEyaVo2WDFSYlAyTDhkdktxdUNSWFZjMzJ2TTlaZWpNX2IwOTItM1QyV0pLcW12ZXJtNnczSE14akQycEN6dHdiZHZlSUZEcm94U3lDM1U1Y2EzSk95THdZQ1lka19QM2NiX3gzOFpjVTBpMlBkMGw3MXRoRy1KN1IxTGZhbWNiYzF6UXFvVms?oc=5"" target=""_blank"">Onclusive study reveals the most visible sportswear brands in 2025</a>&nbsp;&nbsp;<font color=""#6f6f6f"">FashionNetwork France</font>",sportswear innovation UK,"<a href=""https://news.google.com/rss/articles/CBMitAFBVV95cUxNSE15X0JuN0FNaTU1X0p5UjhhMFVkMk5zRjNRMGt5REJrS0t5UDEyaVo2WDFSYlAyTDhkdktxdUNSWFZjMzJ2TTlaZWpNX2IwOTItM1QyV0pLcW12ZXJtNnczSE14akQycEN6dHdiZHZlSUZEcm94U3lDM1U1Y2EzSk95THdZQ1lka19QM2NiX3gzOFpjVTBpMlBkMGw3MXRoRy1KN1IxTGZhbWNiYzF6UXFvVms?oc=5"" target=""_blank"">Onclusive study reveals the most visible sportswear brands in 2025</a>&nbsp;&nbsp;<font color=""#6f6f6f"">FashionNetwork France</font>"
JD Sports CEO: ‘We need product innovation’ - Drapers,"Thu, 28 Mar 2024 07:00:00 GMT",Drapers,https://news.google.com/rss/articles/CBMigAFBVV95cUxOVFh3TENfT3RHbFJTdUcybFcyaTBYUHRGXzZicG5uck1meEEwT1pkMXZiT0ZJT3NpTWlVcWRvVlhFbDF5Ml9YRURQRS1aUEVycXNGZm5acS1NNjRYTUdFcnRBdUE5ejBUd2JTWlhTbDJIOEZPNncwNUZRS2hidTFNVw?oc=5,"<a href=""https://news.google.com/rss/articles/CBMigAFBVV95cUxOVFh3TENfT3RHbFJTdUcybFcyaTBYUHRGXzZicG5uck1meEEwT1pkMXZiT0ZJT3NpTWlVcWRvVlhFbDF5Ml9YRURQRS1aUEVycXNGZm5acS1NNjRYTUdFcnRBdUE5ejBUd2JTWlhTbDJIOEZPNncwNUZRS2hidTFNVw?oc=5"" target=""_blank"">JD Sports CEO: ‘We need product innovation’</a>&nbsp;&nbsp;<font color=""#6f6f6f"">Drapers</font>",sportswear innovation UK,"<a href=""https://news.google.com/rss/articles/CBMigAFBVV95cUxOVFh3TENfT3RHbFJTdUcybFcyaTBYUHRGXzZicG5uck1meEEwT1pkMXZiT0ZJT3NpTWlVcWRvVlhFbDF5Ml9YRURQRS1aUEVycXNGZm5acS1NNjRYTUdFcnRBdUE5ejBUd2JTWlhTbDJIOEZPNncwNUZRS2hidTFNVw?oc=5"" target=""_blank"">JD Sports CEO: ‘We need product innovation’</a>&nbsp;&nbsp;<font color=""#6f6f6f"">Drapers</font>"
Puma to Open New UK HQ in Manchester at Bruntwood SciTech’s Circle Square to Support Increased Innovation and Performance Drive - Bruntwood,"Thu, 01 May 2025 07:00:00 GMT",Bruntwood,https://news.google.com/rss/articles/CBMi7AFBVV95cUxOMGdBdHlEYUFvQ2p0blp0azNwYkUwNXlFUjhoVk9PREN3dFpyM3JHbTE0NElmX1lrS28yVVFTTm52NEMwaHA4VHY2Yk5JXzFPeEdvYVRhMG9IYmExd1ZnX3JxQm50Vll5ZWtkblFEdXNmYzVHNGNnRHZRcnM5QV9UekVCdlFKbEwtdVczWjgwWXgwVVZfbWpVNHFZdTlzU0ZQU2tiak0yTF9iMzA3NldlalFISFhxUUc4bE1DeE43cl96Rnl5WERYeW1sQ2ozU0h3bGV5aWNLS29lTGFwN2xGbWR4MG5pLU5JVHlkTg?oc=5,"<a href=""https://news.google.com/rss/articles/CBMi7AFBVV95cUxOMGdBdHlEYUFvQ2p0blp0azNwYkUwNXlFUjhoVk9PREN3dFpyM3JHbTE0NElmX1lrS28yVVFTTm52NEMwaHA4VHY2Yk5JXzFPeEdvYVRhMG9IYmExd1ZnX3JxQm50Vll5ZWtkblFEdXNmYzVHNGNnRHZRcnM5QV9UekVCdlFKbEwtdVczWjgwWXgwVVZfbWpVNHFZdTlzU0ZQU2tiak0yTF9iMzA3NldlalFISFhxUUc4bE1DeE43cl96Rnl5WERYeW1sQ2ozU0h3bGV5aWNLS29lTGFwN2xGbWR4MG5pLU5JVHlkTg?oc=5"" target=""_blank"">Puma to Open New UK HQ in Manchester at Bruntwood SciTech’s Circle Square to Support Increased Innovation and Performance Drive</a>&nbsp;&nbsp;<font color=""#6f6f6f"">Bruntwood</font>",sportswear innovation UK,"<a href=""https://news.google.com/rss/articles/CBMi7AFBVV95cUxOMGdBdHlEYUFvQ2p0blp0azNwYkUwNXlFUjhoVk9PREN3dFpyM3JHbTE0NElmX1lrS28yVVFTTm52NEMwaHA4VHY2Yk5JXzFPeEdvYVRhMG9IYmExd1ZnX3JxQm50Vll5ZWtkblFEdXNmYzVHNGNnRHZRcnM5QV9UekVCdlFKbEwtdVczWjgwWXgwVVZfbWpVNHFZdTlzU0ZQU2tiak0yTF9iMzA3NldlalFISFhxUUc4bE1DeE43cl96Rnl5WERYeW1sQ2ozU0h3bGV5aWNLS29lTGFwN2xGbWR4MG5pLU5JVHlkTg?oc=5"" target=""_blank"">Puma to Open New UK HQ in Manchester at Bruntwood SciTech’s Circle Square to Support Increased Innovation and Performance Drive</a>&nbsp;&nbsp;<font color=""#6f6f6f"">Bruntwood</font>"
Swiss Sports brand On opens its first UK Flagship Store on Regent Street - On Pressroom,"Thu, 09 Feb 2023 08:00:00 GMT",On Pressroom,https://news.google.com/rss/articles/CBMiowFBVV95cUxOM0d0ZGQyblpoUkRwaXotX1lZc0lYaEZVclpwbHdhbmluVWdaMkEwQzZxOGJMMW5KdTJWQnMzZXk1WFpiYndXNER3NlROLUF0RjhaTnZ1VWhURDJ3MEgxeDdBU0cweUtDTlRFMmN5dkZuamFkV096SG1KODBsQzVuLUpoVHNwaERFQ3dRYUVoVzdiazlZXzBuRUY3R1BtalM1ZV9R?oc=5,"<a href=""https://news.google.com/rss/articles/CBMiowFBVV95cUxOM0d0ZGQyblpoUkRwaXotX1lZc0lYaEZVclpwbHdhbmluVWdaMkEwQzZxOGJMMW5KdTJWQnMzZXk1WFpiYndXNER3NlROLUF0RjhaTnZ1VWhURDJ3MEgxeDdBU0cweUtDTlRFMmN5dkZuamFkV096SG1KODBsQzVuLUpoVHNwaERFQ3dRYUVoVzdiazlZXzBuRUY3R1BtalM1ZV9R?oc=5"" target=""_blank"">Swiss Sports brand On opens its first UK Flagship Store on Regent Street</a>&nbsp;&nbsp;<font color=""#6f6f6f"">On Pressroom</font>",sportswear innovation UK,"<a href=""https://news.google.com/rss/articles/CBMiowFBVV95cUxOM0d0ZGQyblpoUkRwaXotX1lZc0lYaEZVclpwbHdhbmluVWdaMkEwQzZxOGJMMW5KdTJWQnMzZXk1WFpiYndXNER3NlROLUF0RjhaTnZ1VWhURDJ3MEgxeDdBU0cweUtDTlRFMmN5dkZuamFkV096SG1KODBsQzVuLUpoVHNwaERFQ3dRYUVoVzdiazlZXzBuRUY3R1BtalM1ZV9R?oc=5"" target=""_blank"">Swiss Sports brand On opens its first UK Flagship Store on Regent Street</a>&nbsp;&nbsp;<font color=""#6f6f6f"">On Pressroom</font>"
The Future of Sport 2024 – Seizing the Moment - Deloitte,"Mon, 02 Sep 2024 07:00:00 GMT",Deloitte,https://news.google.com/rss/articles/CBMimgFBVV95cUxPN0ZBWlgzUVhOekxvQzhyTXdQcXh3MFJ0d2ZLQ0FmNWJLSzFla3kxWDg5OS11Zml2Zks5NEdZbzBYaEk1cklKbUNTWVZZbVpUanBoLURTdEwyWnBzd3RTZlhkRndJbjdEMVpKSVBXWV9tSjRBN2xKelMzTGtfMHRUS2o0SU5BVUE4SlNseERlUk5ZNGxPNGZkbVRB?oc=5,"<a href=""https://news.google.com/rss/articles/CBMimgFBVV95cUxPN0ZBWlgzUVhOekxvQzhyTXdQcXh3MFJ0d2ZLQ0FmNWJLSzFla3kxWDg5OS11Zml2Zks5NEdZbzBYaEk1cklKbUNTWVZZbVpUanBoLURTdEwyWnBzd3RTZlhkRndJbjdEMVpKSVBXWV9tSjRBN2xKelMzTGtfMHRUS2o0SU5BVUE4SlNseERlUk5ZNGxPNGZkbVRB?oc=5"" target=""_blank"">The Future of Sport 2024 – Seizing the Moment</a>&nbsp;&nbsp;<font color=""#6f6f6f"">Deloitte</font>",sportswear innovation UK,"<a href=""https://news.google.com/rss/articles/CBMimgFBVV95cUxPN0ZBWlgzUVhOekxvQzhyTXdQcXh3MFJ0d2ZLQ0FmNWJLSzFla3kxWDg5OS11Zml2Zks5NEdZbzBYaEk1cklKbUNTWVZZbVpUanBoLURTdEwyWnBzd3RTZlhkRndJbjdEMVpKSVBXWV9tSjRBN2xKelMzTGtfMHRUS2o0SU5BVUE4SlNseERlUk5ZNGxPNGZkbVRB?oc=5"" target=""_blank"">The Future of Sport 2024 – Seizing the Moment</a>&nbsp;&nbsp;<font color=""#6f6f6f"">Deloitte</font>"
Nike appoints new innovation chief - FashionNetwork France,"Mon, 13 Apr 2026 07:00:00 GMT",FashionNetwork France,https://news.google.com/rss/articles/CBMiigFBVV95cUxNUWU3NjFQV1RNNUtMVHp6QzY1YmpVR28tOVdiNzM5VXVnVXFhMWdyZm5mbFBNdmtXT0FuWXhwZjFfNlozUHRscHV1VEV4U1laNjlUQy1MSjNGTEdtel95aUNsRjk3ZHVYVjVlWG43RFB3cl8xRGJCLWVDaWs2VUs1YnptMEItVTBrN1E?oc=5,"<a href=""https://news.google.com/rss/articles/CBMiigFBVV95cUxNUWU3NjFQV1RNNUtMVHp6QzY1YmpVR28tOVdiNzM5VXVnVXFhMWdyZm5mbFBNdmtXT0FuWXhwZjFfNlozUHRscHV1VEV4U1laNjlUQy1MSjNGTEdtel95aUNsRjk3ZHVYVjVlWG43RFB3cl8xRGJCLWVDaWs2VUs1YnptMEItVTBrN1E?oc=5"" target=""_blank"">Nike appoints new innovation chief</a>&nbsp;&nbsp;<font color=""#6f6f6f"">FashionNetwork France</font>",sportswear innovation UK,"<a href=""https://news.google.com/rss/articles/CBMiigFBVV95cUxNUWU3NjFQV1RNNUtMVHp6QzY1YmpVR28tOVdiNzM5VXVnVXFhMWdyZm5mbFBNdmtXT0FuWXhwZjFfNlozUHRscHV1VEV4U1laNjlUQy1MSjNGTEdtel95aUNsRjk3ZHVYVjVlWG43RFB3cl8xRGJCLWVDaWs2VUs1YnptMEItVTBrN1E?oc=5"" target=""_blank"">Nike appoints new innovation chief</a>&nbsp;&nbsp;<font color=""#6f6f6f"">FashionNetwork France</font>"
Meet the sustainable sports brand CEO looking to take on Patagonia - raconteur.net,"Fri, 15 Dec 2023 08:00:00 GMT",raconteur.net,https://news.google.com/rss/articles/CBMikAFBVV95cUxObEZoNlBXaVh3a2hMNHRISmtPRWN5U19pOUFwNGhwakRvb3U0UERwUXJMWEpuTG5aTnlkM203QzM1bHZ2NGI3WVhsZUFjeFBEWVJJZTRVTEhfUUJiRTZfUmQyanFOZEpEbFpwTVNlMHpvaW1telplNl93YlQ5bU4waXVYY3FVMmc4M1RuWEVqNXQ?oc=5,"<a href=""https://news.google.com/rss/articles/CBMikAFBVV95cUxObEZoNlBXaVh3a2hMNHRISmtPRWN5U19pOUFwNGhwakRvb3U0UERwUXJMWEpuTG5aTnlkM203QzM1bHZ2NGI3WVhsZUFjeFBEWVJJZTRVTEhfUUJiRTZfUmQyanFOZEpEbFpwTVNlMHpvaW1telplNl93YlQ5bU4waXVYY3FVMmc4M1RuWEVqNXQ?oc=5"" target=""_blank"">Meet the sustainable sports brand CEO looking to take on Patagonia</a>&nbsp;&nbsp;<font color=""#6f6f6f"">raconteur.net</font>",sportswear innovation UK,"<a href=""https://news.google.com/rss/articles/CBMikAFBVV95cUxObEZoNlBXaVh3a2hMNHRISmtPRWN5U19pOUFwNGhwakRvb3U0UERwUXJMWEpuTG5aTnlkM203QzM1bHZ2NGI3WVhsZUFjeFBEWVJJZTRVTEhfUUJiRTZfUmQyanFOZEpEbFpwTVNlMHpvaW1telplNl93YlQ5bU4waXVYY3FVMmc4M1RuWEVqNXQ?oc=5"" target=""_blank"">Meet the sustainable sports brand CEO looking to take on Patagonia</a>&nbsp;&nbsp;<font color=""#6f6f6f"">raconteur.net</font>"
Loughborough's collaborative work with adidas shortlisted for best UK industry-academia partnership | News and events - Loughborough University,"Thu, 14 Sep 2023 07:00:00 GMT",Loughborough University,https://news.google.com/rss/articles/CBMinwFBVV95cUxONmR6TXExcWVsOWVTNEdVOVBOUzFkckJOZWNxeGxKT053UzdGWkFmMXZoZEFoZXZYUkNvaXBQQXlnT1QwMjdGdGZJUWduQ3E2OEw2V3UwZDlyYUNWdDY4RGlUb2U4YkNSbFoxaER0NHZwQW1xRkFzY1l5MXZ5OTJmcUtkdHp1dVF3OHBUZ3dqR0VTVGZaQVVINkNjTDNiZUE?oc=5,"<a href=""https://news.google.com/rss/articles/CBMinwFBVV95cUxONmR6TXExcWVsOWVTNEdVOVBOUzFkckJOZWNxeGxKT053UzdGWkFmMXZoZEFoZXZYUkNvaXBQQXlnT1QwMjdGdGZJUWduQ3E2OEw2V3UwZDlyYUNWdDY4RGlUb2U4YkNSbFoxaER0NHZwQW1xRkFzY1l5MXZ5OTJmcUtkdHp1dVF3OHBUZ3dqR0VTVGZaQVVINkNjTDNiZUE?oc=5"" target=""_blank"">Loughborough's collaborative work with adidas shortlisted for best UK industry-academia partnership | News and events</a>&nbsp;&nbsp;<font color=""#6f6f6f"">Loughborough University</font>",sportswear innovation UK,"<a href=""https://news.google.com/rss/articles/CBMinwFBVV95cUxONmR6TXExcWVsOWVTNEdVOVBOUzFkckJOZWNxeGxKT053UzdGWkFmMXZoZEFoZXZYUkNvaXBQQXlnT1QwMjdGdGZJUWduQ3E2OEw2V3UwZDlyYUNWdDY4RGlUb2U4YkNSbFoxaER0NHZwQW1xRkFzY1l5MXZ5OTJmcUtkdHp1dVF3OHBUZ3dqR0VTVGZaQVVINkNjTDNiZUE?oc=5"" target=""_blank"">Loughborough's collaborative work with adidas shortlisted for best UK industry-academia partnership | News and events</a>&nbsp;&nbsp;<font color=""#6f6f6f"">Loughborough University</font>"
Sportswear brands failing to capitalise on growing female fans - fashionunited.uk,"Thu, 11 Jul 2024 07:00:00 GMT",fashionunited.uk,https://news.google.com/rss/articles/CBMitAFBVV95cUxPdjlweFJ3LUJpY1JzRjhkS1ZReDNYUEs2ZFZ6NC04aU91dUpnRDdESzJQaUJJZHEwOXVPZ2wzRVprLWROdXFTWTJ2MkFiSzc1N3BJRGdoTVpGcTJVcFlSZXVuLW9SN1p3U1Yza3lkdlpKUWZoWGJWN3RnMUI1NTliX2EtdlhvRUQ5SVRJRDQxUVNpd2ZlSmVnbDZIWjVnTm51TkdfYzl1LVNOSHlxcDQzR0ZSSXA?oc=5,"<a href=""https://news.google.com/rss/articles/CBMitAFBVV95cUxPdjlweFJ3LUJpY1JzRjhkS1ZReDNYUEs2ZFZ6NC04aU91dUpnRDdESzJQaUJJZHEwOXVPZ2wzRVprLWROdXFTWTJ2MkFiSzc1N3BJRGdoTVpGcTJVcFlSZXVuLW9SN1p3U1Yza3lkdlpKUWZoWGJWN3RnMUI1NTliX2EtdlhvRUQ5SVRJRDQxUVNpd2ZlSmVnbDZIWjVnTm51TkdfYzl1LVNOSHlxcDQzR0ZSSXA?oc=5"" target=""_blank"">Sportswear brands failing to capitalise on growing female fans</a>&nbsp;&nbsp;<font color=""#6f6f6f"">fashionunited.uk</font>",sportswear innovation UK,"<a href=""https://news.google.com/rss/articles/CBMitAFBVV95cUxPdjlweFJ3LUJpY1JzRjhkS1ZReDNYUEs2ZFZ6NC04aU91dUpnRDdESzJQaUJJZHEwOXVPZ2wzRVprLWROdXFTWTJ2MkFiSzc1N3BJRGdoTVpGcTJVcFlSZXVuLW9SN1p3U1Yza3lkdlpKUWZoWGJWN3RnMUI1NTliX2EtdlhvRUQ5SVRJRDQxUVNpd2ZlSmVnbDZIWjVnTm51TkdfYzl1LVNOSHlxcDQzR0ZSSXA?oc=5"" target=""_blank"">Sportswear brands failing to capitalise on growing female fans</a>&nbsp;&nbsp;<font color=""#6f6f6f"">fashionunited.uk</font>"
Inside Gymshark’s product innovation centre - Drapers,"Tue, 25 Oct 2022 07:00:00 GMT",Drapers,https://news.google.com/rss/articles/CBMiekFVX3lxTE5PaHRTTjRISDdaa2tHei1WQThhdzVMNEZtMHNiSEYybzNPMkkxUG1la0lTRHZTNkZNU3BBYTE0SEdRaElSV1MzZGVVaHhSVXNzeGxfdFVzdTMtZkdBaGxmNWZHMS1EU0xZbGw0QkdnRUhFaERCQTNObkV3?oc=5,"<a href=""https://news.google.com/rss/articles/CBMiekFVX3lxTE5PaHRTTjRISDdaa2tHei1WQThhdzVMNEZtMHNiSEYybzNPMkkxUG1la0lTRHZTNkZNU3BBYTE0SEdRaElSV1MzZGVVaHhSVXNzeGxfdFVzdTMtZkdBaGxmNWZHMS1EU0xZbGw0QkdnRUhFaERCQTNObkV3?oc=5"" target=""_blank"">Inside Gymshark’s product innovation centre</a>&nbsp;&nbsp;<font color=""#6f6f6f"">Drapers</font>",sportswear innovation UK,"<a href=""https://news.google.com/rss/articles/CBMiekFVX3lxTE5PaHRTTjRISDdaa2tHei1WQThhdzVMNEZtMHNiSEYybzNPMkkxUG1la0lTRHZTNkZNU3BBYTE0SEdRaElSV1MzZGVVaHhSVXNzeGxfdFVzdTMtZkdBaGxmNWZHMS1EU0xZbGw0QkdnRUhFaERCQTNObkV3?oc=5"" target=""_blank"">Inside Gymshark’s product innovation centre</a>&nbsp;&nbsp;<font color=""#6f6f6f"">Drapers</font>"
Castore secures £90m deal as it bids for global growth and plans UK store expansion - business-live.co.uk,"Tue, 05 May 2026 07:00:00 GMT",business-live.co.uk,https://news.google.com/rss/articles/CBMiiAFBVV95cUxPNFVheDIyM1B4eDlZNklqWGhVaFZSMUN5R2FMbFAzelpFVzRKOEdxRFJuM1lxTFAzRXFOYUQ1SkJrVWdtLTJvNmxBdGdVOVpTUk94eFBoLS1McV9OOURpTmc0QUdmNFA2SHdjRlBYVjhvNmViSmFUUElkUlZnWUMxdDVfZFQ5SnF40gGOAUFVX3lxTE1wOWh5alJ0YTJkQlhMMFNuUDU1SDlmVU0tak43Y25xRGxhWE45OC1DUmFuT0g0RGpIN0JzVjR2SFByUFpQT3RCTnZSckVGdC0xVDlTS3BjeW1TaGx6NE8tU1JxQTRXVDdTUElfVWM2OTFyRW5ZMXhRU1Q1aV9WQVV4NWxxbkhDM2E0UmFORlE?oc=5,"<a href=""https://news.google.com/rss/articles/CBMiiAFBVV95cUxPNFVheDIyM1B4eDlZNklqWGhVaFZSMUN5R2FMbFAzelpFVzRKOEdxRFJuM1lxTFAzRXFOYUQ1SkJrVWdtLTJvNmxBdGdVOVpTUk94eFBoLS1McV9OOURpTmc0QUdmNFA2SHdjRlBYVjhvNmViSmFUUElkUlZnWUMxdDVfZFQ5SnF40gGOAUFVX3lxTE1wOWh5alJ0YTJkQlhMMFNuUDU1SDlmVU0tak43Y25xRGxhWE45OC1DUmFuT0g0RGpIN0JzVjR2SFByUFpQT3RCTnZSckVGdC0xVDlTS3BjeW1TaGx6NE8tU1JxQTRXVDdTUElfVWM2OTFyRW5ZMXhRU1Q1aV9WQVV4NWxxbkhDM2E0UmFORlE?oc=5"" target=""_blank"">Castore secures £90m deal as it bids for global growth and plans UK store expansion</a>&nbsp;&nbsp;<font color=""#6f6f6f"">business-live.co.uk</font>",sportswear innovation UK,"<a href=""https://news.google.com/rss/articles/CBMiiAFBVV95cUxPNFVheDIyM1B4eDlZNklqWGhVaFZSMUN5R2FMbFAzelpFVzRKOEdxRFJuM1lxTFAzRXFOYUQ1SkJrVWdtLTJvNmxBdGdVOVpTUk94eFBoLS1McV9OOURpTmc0QUdmNFA2SHdjRlBYVjhvNmViSmFUUElkUlZnWUMxdDVfZFQ5SnF40gGOAUFVX3lxTE1wOWh5alJ0YTJkQlhMMFNuUDU1SDlmVU0tak43Y25xRGxhWE45OC1DUmFuT0g0RGpIN0JzVjR2SFByUFpQT3RCTnZSckVGdC0xVDlTS3BjeW1TaGx6NE8tU1JxQTRXVDdTUElfVWM2OTFyRW5ZMXhRU1Q1aV9WQVV4NWxxbkhDM2E0UmFORlE?oc=5"" target=""_blank"">Castore secures £90m deal as it bids for global growth and plans UK store expansion</a>&nbsp;&nbsp;<font color=""#6f6f6f"">business-live.co.uk</font>"
First look: Sportswear brand On’s debut UK store - Drapers,"Thu, 09 Feb 2023 08:00:00 GMT",Drapers,https://news.google.com/rss/articles/CBMiiAFBVV95cUxQWENya0JabmJMclVvRW5rUmxmTEYzNS1VdGg4RXM0TjNNdHUwQ2d1UFl6bndVQWJYQzR2UzNJNnV2bGhZUjFRY1lRZU5Md0xKVGdZZnlXc1pZbjloOUk5cFVlMklpWk5wZkR2V0JwekRBRXBXRXBYUW1CX1dSVXNnLXZpNVpJZkxo?oc=5,"<a href=""https://news.google.com/rss/articles/CBMiiAFBVV95cUxQWENya0JabmJMclVvRW5rUmxmTEYzNS1VdGg4RXM0TjNNdHUwQ2d1UFl6bndVQWJYQzR2UzNJNnV2bGhZUjFRY1lRZU5Md0xKVGdZZnlXc1pZbjloOUk5cFVlMklpWk5wZkR2V0JwekRBRXBXRXBYUW1CX1dSVXNnLXZpNVpJZkxo?oc=5"" target=""_blank"">First look: Sportswear brand On’s debut UK store</a>&nbsp;&nbsp;<font color=""#6f6f6f"">Drapers</font>",sportswear innovation UK,"<a href=""https://news.google.com/rss/articles/CBMiiAFBVV95cUxQWENya0JabmJMclVvRW5rUmxmTEYzNS1VdGg4RXM0TjNNdHUwQ2d1UFl6bndVQWJYQzR2UzNJNnV2bGhZUjFRY1lRZU5Md0xKVGdZZnlXc1pZbjloOUk5cFVlMklpWk5wZkR2V0JwekRBRXBXRXBYUW1CX1dSVXNnLXZpNVpJZkxo?oc=5"" target=""_blank"">First look: Sportswear brand On’s debut UK store</a>&nbsp;&nbsp;<font color=""#6f6f6f"">Drapers</font>"
ISOBAR - Aquatics GB,"Tue, 15 Oct 2024 09:23:10 GMT",Aquatics GB,https://news.google.com/rss/articles/CBMibkFVX3lxTE5QRXNnM0laWTEwclhKRTJyQ2NidV9hU2ZtZnltN2RSVnFhVEhrWmkwR3lRbFJhaDVCTWY2TzM0X0wzTnBKTjI5eTlpZGVCcFNfTko2UG02UlBIWUJLLURrT0FqU0xzTTdlaHl6ZHBR?oc=5,"<a href=""https://news.google.com/rss/articles/CBMibkFVX3lxTE5QRXNnM0laWTEwclhKRTJyQ2NidV9hU2ZtZnltN2RSVnFhVEhrWmkwR3lRbFJhaDVCTWY2TzM0X0wzTnBKTjI5eTlpZGVCcFNfTko2UG02UlBIWUJLLURrT0FqU0xzTTdlaHl6ZHBR?oc=5"" target=""_blank"">ISOBAR</a>&nbsp;&nbsp;<font color=""#6f6f6f"">Aquatics GB</font>",sportswear innovation UK,"<a href=""https://news.google.com/rss/articles/CBMibkFVX3lxTE5QRXNnM0laWTEwclhKRTJyQ2NidV9hU2ZtZnltN2RSVnFhVEhrWmkwR3lRbFJhaDVCTWY2TzM0X0wzTnBKTjI5eTlpZGVCcFNfTko2UG02UlBIWUJLLURrT0FqU0xzTTdlaHl6ZHBR?oc=5"" target=""_blank"">ISOBAR</a>&nbsp;&nbsp;<font color=""#6f6f6f"">Aquatics GB</font>"
The Future of Sport - Deloitte,"Tue, 08 Apr 2025 18:27:00 GMT",Deloitte,https://news.google.com/rss/articles/CBMirgFBVV95cUxNWlNnWVRPYXBlZG9aTGVBRzI0ZTZaWmk3ejdJZm0wNEttZVpZa1pTUWtnU3NWMGR2WjVIOTBvUEVWbDFsczFJVHl5SjRXVWlDd2xfRGZDZE9YTjBLSUI2QzJoUjdNRG84QXNEc1hVN01CTThKSDc1ZGNfaHpnOTQyYjUtMnlRQXdZZTBldWR5V2Q0QTBvQV9SVU4tX3ZiRlhTVUJ5azVRSGJ0U0VUWUE?oc=5,"<a href=""https://news.google.com/rss/articles/CBMirgFBVV95cUxNWlNnWVRPYXBlZG9aTGVBRzI0ZTZaWmk3ejdJZm0wNEttZVpZa1pTUWtnU3NWMGR2WjVIOTBvUEVWbDFsczFJVHl5SjRXVWlDd2xfRGZDZE9YTjBLSUI2QzJoUjdNRG84QXNEc1hVN01CTThKSDc1ZGNfaHpnOTQyYjUtMnlRQXdZZTBldWR5V2Q0QTBvQV9SVU4tX3ZiRlhTVUJ5azVRSGJ0U0VUWUE?oc=5"" target=""_blank"">The Future of Sport</a>&nbsp;&nbsp;<font color=""#6f6f6f"">Deloitte</font>",sportswear innovation UK,"<a href=""https://news.google.com/rss/articles/CBMirgFBVV95cUxNWlNnWVRPYXBlZG9aTGVBRzI0ZTZaWmk3ejdJZm0wNEttZVpZa1pTUWtnU3NWMGR2WjVIOTBvUEVWbDFsczFJVHl5SjRXVWlDd2xfRGZDZE9YTjBLSUI2QzJoUjdNRG84QXNEc1hVN01CTThKSDc1ZGNfaHpnOTQyYjUtMnlRQXdZZTBldWR5V2Q0QTBvQV9SVU4tX3ZiRlhTVUJ5azVRSGJ0U0VUWUE?oc=5"" target=""_blank"">The Future of Sport</a>&nbsp;&nbsp;<font color=""#6f6f6f"">Deloitte</font>"
Mizuno - Great Britain Hockey,"Thu, 11 Dec 2025 04:37:11 GMT",Great Britain Hockey,https://news.google.com/rss/articles/CBMiVkFVX3lxTE96NENScjdRa2NFYlBxOTZCd2xxOFlMXzBmRkVOZDFHOFVtbmRDSFhnVHd3VUtjXzVzZGk0V2pPbHlRSGNYanNhUlFBcS01cEpwOTZ2SFNB?oc=5,"<a href=""https://news.google.com/rss/articles/CBMiVkFVX3lxTE96NENScjdRa2NFYlBxOTZCd2xxOFlMXzBmRkVOZDFHOFVtbmRDSFhnVHd3VUtjXzVzZGk0V2pPbHlRSGNYanNhUlFBcS01cEpwOTZ2SFNB?oc=5"" target=""_blank"">Mizuno</a>&nbsp;&nbsp;<font color=""#6f6f6f"">Great Britain Hockey</font>",sportswear innovation UK,"<a href=""https://news.google.com/rss/articles/CBMiVkFVX3lxTE96NENScjdRa2NFYlBxOTZCd2xxOFlMXzBmRkVOZDFHOFVtbmRDSFhnVHd3VUtjXzVzZGk0V2pPbHlRSGNYanNhUlFBcS01cEpwOTZ2SFNB?oc=5"" target=""_blank"">Mizuno</a>&nbsp;&nbsp;<font color=""#6f6f6f"">Great Britain Hockey</font>"
Women’s sports retail takes center stage on Regent Street with SOOO pop-up - fashionunited.uk,"Tue, 03 Jun 2025 07:00:00 GMT",fashionunited.uk,https://news.google.com/rss/articles/CBMiwgFBVV95cUxNUXg0bWZ5bHNXVEkwVFFuM2tyLXpkZXNva0dvdXBBOGJCOHpfNjhSSEpZNTVRWXRjSTQwOHpXWGRuN1pwMUxhdnhKaTdJZnJEa1VkR0tFcThvOVFfZndLeDhzeUFCd2E3TGtNcHk5R3RQRHRZcGlzYUpXc3pvTE1mX3NVQW9OYlFabkxGQ1ZhZzE1bmdEdTR5VmFZWmROR2c4bS1ObmV3Y2s2WF9UenhKY0kwcVdQUjRqUGhRLVloNWhuQQ?oc=5,"<a href=""https://news.google.com/rss/articles/CBMiwgFBVV95cUxNUXg0bWZ5bHNXVEkwVFFuM2tyLXpkZXNva0dvdXBBOGJCOHpfNjhSSEpZNTVRWXRjSTQwOHpXWGRuN1pwMUxhdnhKaTdJZnJEa1VkR0tFcThvOVFfZndLeDhzeUFCd2E3TGtNcHk5R3RQRHRZcGlzYUpXc3pvTE1mX3NVQW9OYlFabkxGQ1ZhZzE1bmdEdTR5VmFZWmROR2c4bS1ObmV3Y2s2WF9UenhKY0kwcVdQUjRqUGhRLVloNWhuQQ?oc=5"" target=""_blank"">Women’s sports retail takes center stage on Regent Street with SOOO pop-up</a>&nbsp;&nbsp;<font color=""#6f6f6f"">fashionunited.uk</font>",sportswear innovation UK,"<a href=""https://news.google.com/rss/articles/CBMiwgFBVV95cUxNUXg0bWZ5bHNXVEkwVFFuM2tyLXpkZXNva0dvdXBBOGJCOHpfNjhSSEpZNTVRWXRjSTQwOHpXWGRuN1pwMUxhdnhKaTdJZnJEa1VkR0tFcThvOVFfZndLeDhzeUFCd2E3TGtNcHk5R3RQRHRZcGlzYUpXc3pvTE1mX3NVQW9OYlFabkxGQ1ZhZzE1bmdEdTR5VmFZWmROR2c4bS1ObmV3Y2s2WF9UenhKY0kwcVdQUjRqUGhRLVloNWhuQQ?oc=5"" target=""_blank"">Women’s sports retail takes center stage on Regent Street with SOOO pop-up</a>&nbsp;&nbsp;<font color=""#6f6f6f"">fashionunited.uk</font>"
Loughborough University extends its partnership with premium sportswear brand Kukri - Loughborough University,"Tue, 08 Nov 2022 08:00:00 GMT",Loughborough University,https://news.google.com/rss/articles/CBMinAFBVV95cUxOUjVTNVVibHQtQk5oR1d6eW9aWG5tZEtxaTkwOXREeTk1MFhNWEg5a2ZWMWdfd1ZiMGk4NWc0TzB0cHo5ajJrQUtkMlpJVWRPSmRMdDg5VTJEX0lwWXVNY0hrZUg1WnhIN3R0eG1xUkdxQ1VjNW11QWJVbnktb0tiQTF1eG1PNnBWbGQwejBzYng3VWFYUHhFOXpzU3U?oc=5,"<a href=""https://news.google.com/rss/articles/CBMinAFBVV95cUxOUjVTNVVibHQtQk5oR1d6eW9aWG5tZEtxaTkwOXREeTk1MFhNWEg5a2ZWMWdfd1ZiMGk4NWc0TzB0cHo5ajJrQUtkMlpJVWRPSmRMdDg5VTJEX0lwWXVNY0hrZUg1WnhIN3R0eG1xUkdxQ1VjNW11QWJVbnktb0tiQTF1eG1PNnBWbGQwejBzYng3VWFYUHhFOXpzU3U?oc=5"" target=""_blank"">Loughborough University extends its partnership with premium sportswear brand Kukri</a>&nbsp;&nbsp;<font color=""#6f6f6f"">Loughborough University</font>",sportswear innovation UK,"<a href=""https://news.google.com/rss/articles/CBMinAFBVV95cUxOUjVTNVVibHQtQk5oR1d6eW9aWG5tZEtxaTkwOXREeTk1MFhNWEg5a2ZWMWdfd1ZiMGk4NWc0TzB0cHo5ajJrQUtkMlpJVWRPSmRMdDg5VTJEX0lwWXVNY0hrZUg1WnhIN3R0eG1xUkdxQ1VjNW11QWJVbnktb0tiQTF1eG1PNnBWbGQwejBzYng3VWFYUHhFOXpzU3U?oc=5"" target=""_blank"">Loughborough University extends its partnership with premium sportswear brand Kukri</a>&nbsp;&nbsp;<font color=""#6f6f6f"">Loughborough University</font>"
Nike Has Unveiled Its Most Sustainable Sportswear To Date - British Vogue,"Thu, 17 Nov 2022 08:00:00 GMT",British Vogue,https://news.google.com/rss/articles/CBMidEFVX3lxTE4wMDhzMHpYTVNYVlFocmVEV1BDQV9fNWVnd3lPUmRweHJmS2NBRUpsWU1sQmp5UE1YS2xHM1VhQ05DNHhCVnVxNUltVjNyeHhlTVQwZWNoODd1XzA0WGI3dW9GYXByVVk3Tl90dG8tQ0Z0Z1RC?oc=5,"<a href=""https://news.google.com/rss/articles/CBMidEFVX3lxTE4wMDhzMHpYTVNYVlFocmVEV1BDQV9fNWVnd3lPUmRweHJmS2NBRUpsWU1sQmp5UE1YS2xHM1VhQ05DNHhCVnVxNUltVjNyeHhlTVQwZWNoODd1XzA0WGI3dW9GYXByVVk3Tl90dG8tQ0Z0Z1RC?oc=5"" target=""_blank"">Nike Has Unveiled Its Most Sustainable Sportswear To Date</a>&nbsp;&nbsp;<font color=""#6f6f6f"">British Vogue</font>",sportswear innovation UK,"<a href=""https://news.google.com/rss/articles/CBMidEFVX3lxTE4wMDhzMHpYTVNYVlFocmVEV1BDQV9fNWVnd3lPUmRweHJmS2NBRUpsWU1sQmp5UE1YS2xHM1VhQ05DNHhCVnVxNUltVjNyeHhlTVQwZWNoODd1XzA0WGI3dW9GYXByVVk3Tl90dG8tQ0Z0Z1RC?oc=5"" target=""_blank"">Nike Has Unveiled Its Most Sustainable Sportswear To Date</a>&nbsp;&nbsp;<font color=""#6f6f6f"">British Vogue</font>"
hummel extend technical kit partnership until 2030 - Kilmarnock Football Club,"Fri, 18 Apr 2025 07:00:00 GMT",Kilmarnock Football Club,https://news.google.com/rss/articles/CBMiiwFBVV95cUxQMDVzZlhVNnN6aGozWnlZVHhaTkF3MmNwQlAxMHdhQXlZLXB5Y3N5MU45QVZVQ281LW1jS1pZRnlQWXNoM01WWkZIMi1SeHYxdVBGMmhleG1PZXFRRHd5Z0tLRFVOYmw3Y0hJVmtnbWdoMTJQb0xla0tXcEUtQTJhb05iaEI1NGNmbHVR?oc=5,"<a href=""https://news.google.com/rss/articles/CBMiiwFBVV95cUxQMDVzZlhVNnN6aGozWnlZVHhaTkF3MmNwQlAxMHdhQXlZLXB5Y3N5MU45QVZVQ281LW1jS1pZRnlQWXNoM01WWkZIMi1SeHYxdVBGMmhleG1PZXFRRHd5Z0tLRFVOYmw3Y0hJVmtnbWdoMTJQb0xla0tXcEUtQTJhb05iaEI1NGNmbHVR?oc=5"" target=""_blank"">hummel extend technical kit partnership until 2030</a>&nbsp;&nbsp;<font color=""#6f6f6f"">Kilmarnock Football Club</font>",sportswear innovation UK,"<a href=""https://news.google.com/rss/articles/CBMiiwFBVV95cUxQMDVzZlhVNnN6aGozWnlZVHhaTkF3MmNwQlAxMHdhQXlZLXB5Y3N5MU45QVZVQ281LW1jS1pZRnlQWXNoM01WWkZIMi1SeHYxdVBGMmhleG1PZXFRRHd5Z0tLRFVOYmw3Y0hJVmtnbWdoMTJQb0xla0tXcEUtQTJhb05iaEI1NGNmbHVR?oc=5"" target=""_blank"">hummel extend technical kit partnership until 2030</a>&nbsp;&nbsp;<font color=""#6f6f6f"">Kilmarnock Football Club</font>"
"Nike Sportswear Introduces the Nike Air Liquid Max — NIKE, Inc. - About Nike","Tue, 10 Mar 2026 07:00:00 GMT",About Nike,https://news.google.com/rss/articles/CBMirAFBVV95cUxQNGhJanl1MllzcGdiUTRTYnlrN1ctZUZDTVB0OXpTVjFDQ0tfV0RlOWZDYnBIY0pkQXNuSk1IUDlvei1nUWZ1dFpIbXh2eG5pN3pQVjR5N0Jzbk0tZTUyeGpPQVhyWW1GYUNRNDlLVzZ0Wi1mYnlYRy0zQUFoOGdHN2NFQ2ZXd2VWSFlJLXNWZ3BWN25RVW4zanczZEFTUUlLOUU4TVkzdVhrbTVs?oc=5,"<a href=""https://news.google.com/rss/articles/CBMirAFBVV95cUxQNGhJanl1MllzcGdiUTRTYnlrN1ctZUZDTVB0OXpTVjFDQ0tfV0RlOWZDYnBIY0pkQXNuSk1IUDlvei1nUWZ1dFpIbXh2eG5pN3pQVjR5N0Jzbk0tZTUyeGpPQVhyWW1GYUNRNDlLVzZ0Wi1mYnlYRy0zQUFoOGdHN2NFQ2ZXd2VWSFlJLXNWZ3BWN25RVW4zanczZEFTUUlLOUU4TVkzdVhrbTVs?oc=5"" target=""_blank"">Nike Sportswear Introduces the Nike Air Liquid Max — NIKE, Inc.</a>&nbsp;&nbsp;<font color=""#6f6f6f"">About Nike</font>",sportswear innovation UK,"<a href=""https://news.google.com/rss/articles/CBMirAFBVV95cUxQNGhJanl1MllzcGdiUTRTYnlrN1ctZUZDTVB0OXpTVjFDQ0tfV0RlOWZDYnBIY0pkQXNuSk1IUDlvei1nUWZ1dFpIbXh2eG5pN3pQVjR5N0Jzbk0tZTUyeGpPQVhyWW1GYUNRNDlLVzZ0Wi1mYnlYRy0zQUFoOGdHN2NFQ2ZXd2VWSFlJLXNWZ3BWN25RVW4zanczZEFTUUlLOUU4TVkzdVhrbTVs?oc=5"" target=""_blank"">Nike Sportswear Introduces the Nike Air Liquid Max — NIKE, Inc.</a>&nbsp;&nbsp;<font color=""#6f6f6f"">About Nike</font>"
Adidas by Stella McCartney unveils “industry-first” viscose sportswear - fashionunited.uk,"Thu, 22 Sep 2022 07:00:00 GMT",fashionunited.uk,https://news.google.com/rss/articles/CBMivAFBVV95cUxQU2s4RDVPem81OFZXX1kwQmlieU15OUZOeWxWdXFwQ3ZYeVhQYmxMMWhhMlgtY0V6bWt4RjNONk9kbTZldmNkbG9pZE9PWmtqbXVJNzg2NzJTSHMxWUw1STAySGVzYU5CdVl2bjN4NHBpaGVRNU1VM0o2bHFvZ2Zvb0FlckNGYWZoRkRFeldMZTRNbmFqdy0ycUp3cTc5bWF4LWdlWnRDWFM5bkFsSVNWUnJpNDZtYU90ZEMxaw?oc=5,"<a href=""https://news.google.com/rss/articles/CBMivAFBVV95cUxQU2s4RDVPem81OFZXX1kwQmlieU15OUZOeWxWdXFwQ3ZYeVhQYmxMMWhhMlgtY0V6bWt4RjNONk9kbTZldmNkbG9pZE9PWmtqbXVJNzg2NzJTSHMxWUw1STAySGVzYU5CdVl2bjN4NHBpaGVRNU1VM0o2bHFvZ2Zvb0FlckNGYWZoRkRFeldMZTRNbmFqdy0ycUp3cTc5bWF4LWdlWnRDWFM5bkFsSVNWUnJpNDZtYU90ZEMxaw?oc=5"" target=""_blank"">Adidas by Stella McCartney unveils “industry-first” viscose sportswear</a>&nbsp;&nbsp;<font color=""#6f6f6f"">fashionunited.uk</font>",sportswear innovation UK,"<a href=""https://news.google.com/rss/articles/CBMivAFBVV95cUxQU2s4RDVPem81OFZXX1kwQmlieU15OUZOeWxWdXFwQ3ZYeVhQYmxMMWhhMlgtY0V6bWt4RjNONk9kbTZldmNkbG9pZE9PWmtqbXVJNzg2NzJTSHMxWUw1STAySGVzYU5CdVl2bjN4NHBpaGVRNU1VM0o2bHFvZ2Zvb0FlckNGYWZoRkRFeldMZTRNbmFqdy0ycUp3cTc5bWF4LWdlWnRDWFM5bkFsSVNWUnJpNDZtYU90ZEMxaw?oc=5"" target=""_blank"">Adidas by Stella McCartney unveils “industry-first” viscose sportswear</a>&nbsp;&nbsp;<font color=""#6f6f6f"">fashionunited.uk</font>"
Performance sportswear brand Castore teams with GXO to support its logistics operations globally - Retail Technology Innovation Hub,"Wed, 05 Feb 2025 08:00:00 GMT",Retail Technology Innovation Hub,https://news.google.com/rss/articles/CBMi3wFBVV95cUxPcV9rVmpfUFoyMnByQ3laZW9Jd2V2Q2VHS1lzeEVrLURFT0RZM3pUSlhfQnphY1NFSjJ4Vk12MlJFS1pucTRTSnliTmZJSEJCUndVSmdwNXRHREtYU2RraUV2OHRPQndqdEhERkJMd0Y3SERqUC15R1dTVDBvQWN3cmo2aDFzZUprWHdheTVLM3cwT2otcVlMNDdYcG5wN2hLekdJSmVxU3U2cHFrVnBHcUFTQUxPRndidHFEeW8zRUJCek9Ga29abS1mcEdkUWROX2E1Q3pJa1pFUXA4Wk5v?oc=5,"<a href=""https://news.google.com/rss/articles/CBMi3wFBVV95cUxPcV9rVmpfUFoyMnByQ3laZW9Jd2V2Q2VHS1lzeEVrLURFT0RZM3pUSlhfQnphY1NFSjJ4Vk12MlJFS1pucTRTSnliTmZJSEJCUndVSmdwNXRHREtYU2RraUV2OHRPQndqdEhERkJMd0Y3SERqUC15R1dTVDBvQWN3cmo2aDFzZUprWHdheTVLM3cwT2otcVlMNDdYcG5wN2hLekdJSmVxU3U2cHFrVnBHcUFTQUxPRndidHFEeW8zRUJCek9Ga29abS1mcEdkUWROX2E1Q3pJa1pFUXA4Wk5v?oc=5"" target=""_blank"">Performance sportswear brand Castore teams with GXO to support its logistics operations globally</a>&nbsp;&nbsp;<font color=""#6f6f6f"">Retail Technology Innovation Hub</font>",sportswear innovation UK,"<a href=""https://news.google.com/rss/articles/CBMi3wFBVV95cUxPcV9rVmpfUFoyMnByQ3laZW9Jd2V2Q2VHS1lzeEVrLURFT0RZM3pUSlhfQnphY1NFSjJ4Vk12MlJFS1pucTRTSnliTmZJSEJCUndVSmdwNXRHREtYU2RraUV2OHRPQndqdEhERkJMd0Y3SERqUC15R1dTVDBvQWN3cmo2aDFzZUprWHdheTVLM3cwT2otcVlMNDdYcG5wN2hLekdJSmVxU3U2cHFrVnBHcUFTQUxPRndidHFEeW8zRUJCek9Ga29abS1mcEdkUWROX2E1Q3pJa1pFUXA4Wk5v?oc=5"" target=""_blank"">Performance sportswear brand Castore teams with GXO to support its logistics operations globally</a>&nbsp;&nbsp;<font color=""#6f6f6f"">Retail Technology Innovation Hub</font>"
Marco Reus Fronts C.P. Company’s SS024 ADV Campaign - VERSUS - The Future of Football,"Tue, 23 Sep 2025 01:48:06 GMT",VERSUS - The Future of Football,https://news.google.com/rss/articles/CBMijwFBVV95cUxOc3YxRm1DMnMzZmRPNUliUzRtSk9DdlZIb3hSN3RGOEY0cU9seDUydTkyVi1LWGNWUGgycjh0eE96b2JRZkUtUU5tMDMxYnU1d3lMbXkzVnlLSy0zRXB0MHZFb19HQVhxbmhXTWQyX2JOTVBlaXdRRkw3Y1ZTQ3NYZldxSWVIOFdhVmJDeE1CTQ?oc=5,"<a href=""https://news.google.com/rss/articles/CBMijwFBVV95cUxOc3YxRm1DMnMzZmRPNUliUzRtSk9DdlZIb3hSN3RGOEY0cU9seDUydTkyVi1LWGNWUGgycjh0eE96b2JRZkUtUU5tMDMxYnU1d3lMbXkzVnlLSy0zRXB0MHZFb19HQVhxbmhXTWQyX2JOTVBlaXdRRkw3Y1ZTQ3NYZldxSWVIOFdhVmJDeE1CTQ?oc=5"" target=""_blank"">Marco Reus Fronts C.P. Company’s SS024 ADV Campaign</a>&nbsp;&nbsp;<font color=""#6f6f6f"">VERSUS - The Future of Football</font>",sportswear innovation UK,"<a href=""https://news.google.com/rss/articles/CBMijwFBVV95cUxOc3YxRm1DMnMzZmRPNUliUzRtSk9DdlZIb3hSN3RGOEY0cU9seDUydTkyVi1LWGNWUGgycjh0eE96b2JRZkUtUU5tMDMxYnU1d3lMbXkzVnlLSy0zRXB0MHZFb19HQVhxbmhXTWQyX2JOTVBlaXdRRkw3Y1ZTQ3NYZldxSWVIOFdhVmJDeE1CTQ?oc=5"" target=""_blank"">Marco Reus Fronts C.P. Company’s SS024 ADV Campaign</a>&nbsp;&nbsp;<font color=""#6f6f6f"">VERSUS - The Future of Football</font>"
Alpinestars Unveils Fall 2026 Sportswear Collection - superbike-news.co.uk,"Tue, 04 Aug 2026 10:36:45 GMT",superbike-news.co.uk,https://news.google.com/rss/articles/CBMijgFBVV95cUxOLTF5Z1FneV9pdFg4N1lkN0dRWlBCa0FPbUtLVU41aDh0V2oxNXNpRURsbF9MSWpLZ0VpZ0NfSGNhUmxnUU16QTdtWGIxeFR0UHRqdFlyMjlvOF94NnpuODg3Q0xIQ19pdHRPSjFlajQycE9ZSVdCSEExTy1fUWVLMkU0aC1RLUNKVk5QX2Nn?oc=5,"<a href=""https://news.google.com/rss/articles/CBMijgFBVV95cUxOLTF5Z1FneV9pdFg4N1lkN0dRWlBCa0FPbUtLVU41aDh0V2oxNXNpRURsbF9MSWpLZ0VpZ0NfSGNhUmxnUU16QTdtWGIxeFR0UHRqdFlyMjlvOF94NnpuODg3Q0xIQ19pdHRPSjFlajQycE9ZSVdCSEExTy1fUWVLMkU0aC1RLUNKVk5QX2Nn?oc=5"" target=""_blank"">Alpinestars Unveils Fall 2026 Sportswear Collection</a>&nbsp;&nbsp;<font color=""#6f6f6f"">superbike-news.co.uk</font>",sportswear innovation UK,"<a href=""https://news.google.com/rss/articles/CBMijgFBVV95cUxOLTF5Z1FneV9pdFg4N1lkN0dRWlBCa0FPbUtLVU41aDh0V2oxNXNpRURsbF9MSWpLZ0VpZ0NfSGNhUmxnUU16QTdtWGIxeFR0UHRqdFlyMjlvOF94NnpuODg3Q0xIQ19pdHRPSjFlajQycE9ZSVdCSEExTy1fUWVLMkU0aC1RLUNKVk5QX2Nn?oc=5"" target=""_blank"">Alpinestars Unveils Fall 2026 Sportswear Collection</a>&nbsp;&nbsp;<font color=""#6f6f6f"">superbike-news.co.uk</font>"
Great Britain Cycling Team extend deal with Kalas to develop next generation of world-beating kit - British Cycling,"Thu, 25 Feb 2021 08:00:00 GMT",British Cycling,https://news.google.com/rss/articles/CBMi_wFBVV95cUxNeUV4ZGRQakFoQnBULXBDdHhYU0hmRUY3cHBVWDlwYWJsMkFpcmhoTHctdEhUWmRKaDA4bWpUQkpUMXpvSUpmUHhpTWdvcXFDbVdRNmJQLXBGSVAzQzZ3a1JHd3NnUGN0YnB5bmo3SVJ3aE0xSG1ZR0w3S0pqY1ZMT0c4blZSVXFIaHlSNXNYZlJxQkhINUtmeXZ5QWpJT05KTXRIbWVKMk1faDVNdFkwTzJydVIzYXF3Wk1qc2l2SGZzSl9zZWpRblRDZGpnRWtuSGIzc2tvdW9wWVppWDlxODg3M0VDZDNsN195ODlFNmRUZzYwTE4taHllN0RUeDQ?oc=5,"<a href=""https://news.google.com/rss/articles/CBMi_wFBVV95cUxNeUV4ZGRQakFoQnBULXBDdHhYU0hmRUY3cHBVWDlwYWJsMkFpcmhoTHctdEhUWmRKaDA4bWpUQkpUMXpvSUpmUHhpTWdvcXFDbVdRNmJQLXBGSVAzQzZ3a1JHd3NnUGN0YnB5bmo3SVJ3aE0xSG1ZR0w3S0pqY1ZMT0c4blZSVXFIaHlSNXNYZlJxQkhINUtmeXZ5QWpJT05KTXRIbWVKMk1faDVNdFkwTzJydVIzYXF3Wk1qc2l2SGZzSl9zZWpRblRDZGpnRWtuSGIzc2tvdW9wWVppWDlxODg3M0VDZDNsN195ODlFNmRUZzYwTE4taHllN0RUeDQ?oc=5"" target=""_blank"">Great Britain Cycling Team extend deal with Kalas to develop next generation of world-beating kit</a>&nbsp;&nbsp;<font color=""#6f6f6f"">British Cycling</font>",sportswear innovation UK,"<a href=""https://news.google.com/rss/articles/CBMi_wFBVV95cUxNeUV4ZGRQakFoQnBULXBDdHhYU0hmRUY3cHBVWDlwYWJsMkFpcmhoTHctdEhUWmRKaDA4bWpUQkpUMXpvSUpmUHhpTWdvcXFDbVdRNmJQLXBGSVAzQzZ3a1JHd3NnUGN0YnB5bmo3SVJ3aE0xSG1ZR0w3S0pqY1ZMT0c4blZSVXFIaHlSNXNYZlJxQkhINUtmeXZ5QWpJT05KTXRIbWVKMk1faDVNdFkwTzJydVIzYXF3Wk1qc2l2SGZzSl9zZWpRblRDZGpnRWtuSGIzc2tvdW9wWVppWDlxODg3M0VDZDNsN195ODlFNmRUZzYwTE4taHllN0RUeDQ?oc=5"" target=""_blank"">Great Britain Cycling Team extend deal with Kalas to develop next generation of world-beating kit</a>&nbsp;&nbsp;<font color=""#6f6f6f"">British Cycling</font>"
Graphene at the forefront of a sports footwear revolution - The University of Manchester,"Wed, 06 Dec 2017 08:00:00 GMT",The University of Manchester,https://news.google.com/rss/articles/CBMinwFBVV95cUxPWGxaeXVzazhvT2hIQ0RuX08tVkZ6YjVCbGprbDVtYmVBUEYydUM0UkdLekNYcDZjWlE5QWZqS3JlYTdSOHhCSy16bHN6YnBhV09OZVNic1lrTmxpcjJyUTJaOUQyeEpBbEptUFo0aFYyRG5hZUlTaENNT2lmdGN0eldkTUZfYjBPY2xRSjJkT25SZC1xYkdEcGZWNWZGSUE?oc=5,"<a href=""https://news.google.com/rss/articles/CBMinwFBVV95cUxPWGxaeXVzazhvT2hIQ0RuX08tVkZ6YjVCbGprbDVtYmVBUEYydUM0UkdLekNYcDZjWlE5QWZqS3JlYTdSOHhCSy16bHN6YnBhV09OZVNic1lrTmxpcjJyUTJaOUQyeEpBbEptUFo0aFYyRG5hZUlTaENNT2lmdGN0eldkTUZfYjBPY2xRSjJkT25SZC1xYkdEcGZWNWZGSUE?oc=5"" target=""_blank"">Graphene at the forefront of a sports footwear revolution</a>&nbsp;&nbsp;<font color=""#6f6f6f"">The University of Manchester</font>",sportswear innovation UK,"<a href=""https://news.google.com/rss/articles/CBMinwFBVV95cUxPWGxaeXVzazhvT2hIQ0RuX08tVkZ6YjVCbGprbDVtYmVBUEYydUM0UkdLekNYcDZjWlE5QWZqS3JlYTdSOHhCSy16bHN6YnBhV09OZVNic1lrTmxpcjJyUTJaOUQyeEpBbEptUFo0aFYyRG5hZUlTaENNT2lmdGN0eldkTUZfYjBPY2xRSjJkT25SZC1xYkdEcGZWNWZGSUE?oc=5"" target=""_blank"">Graphene at the forefront of a sports footwear revolution</a>&nbsp;&nbsp;<font color=""#6f6f6f"">The University of Manchester</font>"
How Circular Economy Innovation Can Backfire on the Environment: Quantifying the Rebound Effect of the Textiles and Clothing Sector - Wiley Online Library,"Mon, 11 Aug 2025 07:00:00 GMT",Wiley Online Library,https://news.google.com/rss/articles/CBMiakFVX3lxTE5qTkRtQUowM2VzUGR5SkdnY1phZy1hUktZRlQ1NTNFUXFRZkZMRlIwdlU5SjYtd3dCSXhkbE4yZ2VPTG52S21LLTY3bmlILTVDMFN3MWRHT1FFT3hheWdHRWFHcGtRQllRbGc?oc=5,"<a href=""https://news.google.com/rss/articles/CBMiakFVX3lxTE5qTkRtQUowM2VzUGR5SkdnY1phZy1hUktZRlQ1NTNFUXFRZkZMRlIwdlU5SjYtd3dCSXhkbE4yZ2VPTG52S21LLTY3bmlILTVDMFN3MWRHT1FFT3hheWdHRWFHcGtRQllRbGc?oc=5"" target=""_blank"">How Circular Economy Innovation Can Backfire on the Environment: Quantifying the Rebound Effect of the Textiles and Clothing Sector</a>&nbsp;&nbsp;<font color=""#6f6f6f"">Wiley Online Library</font>",sportswear innovation UK,"<a href=""https://news.google.com/rss/articles/CBMiakFVX3lxTE5qTkRtQUowM2VzUGR5SkdnY1phZy1hUktZRlQ1NTNFUXFRZkZMRlIwdlU5SjYtd3dCSXhkbE4yZ2VPTG52S21LLTY3bmlILTVDMFN3MWRHT1FFT3hheWdHRWFHcGtRQllRbGc?oc=5"" target=""_blank"">How Circular Economy Innovation Can Backfire on the Environment: Quantifying the Rebound Effect of the Textiles and Clothing Sector</a>&nbsp;&nbsp;<font color=""#6f6f6f"">Wiley Online Library</font>"
Championing innovation: 10 sports legends fuelling European innovation - EU-Startups,"Thu, 31 Oct 2024 07:00:00 GMT",EU-Startups,https://news.google.com/rss/articles/CBMiqgFBVV95cUxOQ2d5QzVpMHQ5aUJVYWM1clVGaVBVNEhzeGN0RlNVbVU2bUEyX19UNFlQTzVPaUxLbmxsZ0pYRVZQeE1uWDdTUGV3M1hKOU5RSTVMQWJFZVY2QjlULVpIWXJVZ3R2SlJNU05EeGRlWXM0UGVFOFRkZjR2VzJSekphQmVpY1ZhZncwM0tTaGlxTXdrb05ZeERJeU85aVJCVm90cXdtSFJKS05yZw?oc=5,"<a href=""https://news.google.com/rss/articles/CBMiqgFBVV95cUxOQ2d5QzVpMHQ5aUJVYWM1clVGaVBVNEhzeGN0RlNVbVU2bUEyX19UNFlQTzVPaUxLbmxsZ0pYRVZQeE1uWDdTUGV3M1hKOU5RSTVMQWJFZVY2QjlULVpIWXJVZ3R2SlJNU05EeGRlWXM0UGVFOFRkZjR2VzJSekphQmVpY1ZhZncwM0tTaGlxTXdrb05ZeERJeU85aVJCVm90cXdtSFJKS05yZw?oc=5"" target=""_blank"">Championing innovation: 10 sports legends fuelling European innovation</a>&nbsp;&nbsp;<font color=""#6f6f6f"">EU-Startups</font>",sportswear innovation UK,"<a href=""https://news.google.com/rss/articles/CBMiqgFBVV95cUxOQ2d5QzVpMHQ5aUJVYWM1clVGaVBVNEhzeGN0RlNVbVU2bUEyX19UNFlQTzVPaUxLbmxsZ0pYRVZQeE1uWDdTUGV3M1hKOU5RSTVMQWJFZVY2QjlULVpIWXJVZ3R2SlJNU05EeGRlWXM0UGVFOFRkZjR2VzJSekphQmVpY1ZhZncwM0tTaGlxTXdrb05ZeERJeU85aVJCVm90cXdtSFJKS05yZw?oc=5"" target=""_blank"">Championing innovation: 10 sports legends fuelling European innovation</a>&nbsp;&nbsp;<font color=""#6f6f6f"">EU-Startups</font>"
Castore sportswear opens first London flagship - fashionunited.uk,"Mon, 21 Oct 2019 07:00:00 GMT",fashionunited.uk,https://news.google.com/rss/articles/CBMingFBVV95cUxNc0dKRVBmYmt3RTBIV3V2ZC1vaUtGUlVCb2p0ck9nSG9PTFctTHJPeEx4RlJzR0VCNV9wXzlWRG9jemcwbXNRVndDQ21uUEhWdnV0TmczQ1NjbDNld1drVE52Unk2WTFWNzJsLXVieDJtY3drTURyamk5TGZiMF9YVF9JRXU2bmZvNUJJTlc5b1ZqekY4cmR4SHFYUk5ZZw?oc=5,"<a href=""https://news.google.com/rss/articles/CBMingFBVV95cUxNc0dKRVBmYmt3RTBIV3V2ZC1vaUtGUlVCb2p0ck9nSG9PTFctTHJPeEx4RlJzR0VCNV9wXzlWRG9jemcwbXNRVndDQ21uUEhWdnV0TmczQ1NjbDNld1drVE52Unk2WTFWNzJsLXVieDJtY3drTURyamk5TGZiMF9YVF9JRXU2bmZvNUJJTlc5b1ZqekY4cmR4SHFYUk5ZZw?oc=5"" target=""_blank"">Castore sportswear opens first London flagship</a>&nbsp;&nbsp;<font color=""#6f6f6f"">fashionunited.uk</font>",sportswear innovation UK,"<a href=""https://news.google.com/rss/articles/CBMingFBVV95cUxNc0dKRVBmYmt3RTBIV3V2ZC1vaUtGUlVCb2p0ck9nSG9PTFctTHJPeEx4RlJzR0VCNV9wXzlWRG9jemcwbXNRVndDQ21uUEhWdnV0TmczQ1NjbDNld1drVE52Unk2WTFWNzJsLXVieDJtY3drTURyamk5TGZiMF9YVF9JRXU2bmZvNUJJTlc5b1ZqekY4cmR4SHFYUk5ZZw?oc=5"" target=""_blank"">Castore sportswear opens first London flagship</a>&nbsp;&nbsp;<font color=""#6f6f6f"">fashionunited.uk</font>"
UK’s Adam & Eve\TBWA wins Brand Experience and Activation Grand Prix - Campaign,"Thu, 25 Jun 2026 07:00:00 GMT",Campaign,https://news.google.com/rss/articles/CBMirAFBVV95cUxOX21SRGxZQzA3ZWRfVGxkUndobmg5aDlFczVIUmM4d1FUbDVpR0E3a0p6YXZ3aUhvTUxBOGlSSGdqSDk1SElQMjNicWs4ekhaOS02SUlIUjlUWUNBTXY1ZzVFOEJhcFhlemhrMktlVzg4RldVeXdOU3B0dVI3aFYyd3pWTDBHNlF0N3NUdmIyMzFPNGpKMExxOFlvdGxNRzRzOFNqU2k2VDRjOGh2?oc=5,"<a href=""https://news.google.com/rss/articles/CBMirAFBVV95cUxOX21SRGxZQzA3ZWRfVGxkUndobmg5aDlFczVIUmM4d1FUbDVpR0E3a0p6YXZ3aUhvTUxBOGlSSGdqSDk1SElQMjNicWs4ekhaOS02SUlIUjlUWUNBTXY1ZzVFOEJhcFhlemhrMktlVzg4RldVeXdOU3B0dVI3aFYyd3pWTDBHNlF0N3NUdmIyMzFPNGpKMExxOFlvdGxNRzRzOFNqU2k2VDRjOGh2?oc=5"" target=""_blank"">UK’s Adam & Eve\TBWA wins Brand Experience and Activation Grand Prix</a>&nbsp;&nbsp;<font color=""#6f6f6f"">Campaign</font>",sportswear innovation UK,"<a href=""https://news.google.com/rss/articles/CBMirAFBVV95cUxOX21SRGxZQzA3ZWRfVGxkUndobmg5aDlFczVIUmM4d1FUbDVpR0E3a0p6YXZ3aUhvTUxBOGlSSGdqSDk1SElQMjNicWs4ekhaOS02SUlIUjlUWUNBTXY1ZzVFOEJhcFhlemhrMktlVzg4RldVeXdOU3B0dVI3aFYyd3pWTDBHNlF0N3NUdmIyMzFPNGpKMExxOFlvdGxNRzRzOFNqU2k2VDRjOGh2?oc=5"" target=""_blank"">UK’s Adam & Eve\TBWA wins Brand Experience and Activation Grand Prix</a>&nbsp;&nbsp;<font color=""#6f6f6f"">Campaign</font>"
Rihanna’s Latest Savage x Fenty Activewear Launch Might Just Be The Most Exciting Yet - Grazia Daily UK,"Fri, 19 Apr 2024 07:00:00 GMT",Grazia Daily UK,https://news.google.com/rss/articles/CBMieEFVX3lxTE92ajNudHV0RlZtRGJGYnNlbzBhRWhqeGRQSzdHQ3UydEpReFVqTHlBRW42LVFnc3lvcTRmd1dMZ2R0bUNpWTZjN2lDazM3eUlBNXJBdmxWdkJoaGVHWDRuNHZjZERlSmJncVEyZ05BZWgxUHVzancyeA?oc=5,"<a href=""https://news.google.com/rss/articles/CBMieEFVX3lxTE92ajNudHV0RlZtRGJGYnNlbzBhRWhqeGRQSzdHQ3UydEpReFVqTHlBRW42LVFnc3lvcTRmd1dMZ2R0bUNpWTZjN2lDazM3eUlBNXJBdmxWdkJoaGVHWDRuNHZjZERlSmJncVEyZ05BZWgxUHVzancyeA?oc=5"" target=""_blank"">Rihanna’s Latest Savage x Fenty Activewear Launch Might Just Be The Most Exciting Yet</a>&nbsp;&nbsp;<font color=""#6f6f6f"">Grazia Daily UK</font>",sportswear innovation UK,"<a href=""https://news.google.com/rss/articles/CBMieEFVX3lxTE92ajNudHV0RlZtRGJGYnNlbzBhRWhqeGRQSzdHQ3UydEpReFVqTHlBRW42LVFnc3lvcTRmd1dMZ2R0bUNpWTZjN2lDazM3eUlBNXJBdmxWdkJoaGVHWDRuNHZjZERlSmJncVEyZ05BZWgxUHVzancyeA?oc=5"" target=""_blank"">Rihanna’s Latest Savage x Fenty Activewear Launch Might Just Be The Most Exciting Yet</a>&nbsp;&nbsp;<font color=""#6f6f6f"">Grazia Daily UK</font>"
Castore targets global growth with £90m boost - Retail Times,"Tue, 05 May 2026 07:00:00 GMT",Retail Times,https://news.google.com/rss/articles/CBMie0FVX3lxTE5RaVpYTllWeDNFSTRvbC1PcVJUTnN0Mjg3NWx2QVI2cWEzSjdTaXRPMTF5N2xFeGo0Z29TUFA1QkREZkltUHQ1bGltTWpmbjFfS0phM011aUpjVElFSGg5dmtuVnZMaVpXOWVkMFFJcGdqUVBWTV9YNGRHSQ?oc=5,"<a href=""https://news.google.com/rss/articles/CBMie0FVX3lxTE5RaVpYTllWeDNFSTRvbC1PcVJUTnN0Mjg3NWx2QVI2cWEzSjdTaXRPMTF5N2xFeGo0Z29TUFA1QkREZkltUHQ1bGltTWpmbjFfS0phM011aUpjVElFSGg5dmtuVnZMaVpXOWVkMFFJcGdqUVBWTV9YNGRHSQ?oc=5"" target=""_blank"">Castore targets global growth with £90m boost</a>&nbsp;&nbsp;<font color=""#6f6f6f"">Retail Times</font>",sportswear innovation UK,"<a href=""https://news.google.com/rss/articles/CBMie0FVX3lxTE5RaVpYTllWeDNFSTRvbC1PcVJUTnN0Mjg3NWx2QVI2cWEzSjdTaXRPMTF5N2xFeGo0Z29TUFA1QkREZkltUHQ1bGltTWpmbjFfS0phM011aUpjVElFSGg5dmtuVnZMaVpXOWVkMFFJcGdqUVBWTV9YNGRHSQ?oc=5"" target=""_blank"">Castore targets global growth with £90m boost</a>&nbsp;&nbsp;<font color=""#6f6f6f"">Retail Times</font>"
Keen to invest in fashion brands that put people and planet before profit? These 25 are the best - Marie Claire UK,"Wed, 13 Sep 2023 07:00:00 GMT",Marie Claire UK,https://news.google.com/rss/articles/CBMirAFBVV95cUxOaTdiRGIzUk4xOVZNWmNITTc3aERhaXdrYVNITDdTa3lUcDVUTl9PLWhVQVlVS1hmaTFudG15ZzAzQzAzUEI0UjhuVjh1SkJzSXUtVmRPWDhWT0xyemQ5bWpkZlNkY3dFOWdwaTFhM1htQ1U1bjRoV3ZJV05UWTFRbXpCcmprTzJmOURYUzlyUFF1al92LVJ3RFRNYng4cUhDTlF1N1FCdEJuamZq?oc=5,"<a href=""https://news.google.com/rss/articles/CBMirAFBVV95cUxOaTdiRGIzUk4xOVZNWmNITTc3aERhaXdrYVNITDdTa3lUcDVUTl9PLWhVQVlVS1hmaTFudG15ZzAzQzAzUEI0UjhuVjh1SkJzSXUtVmRPWDhWT0xyemQ5bWpkZlNkY3dFOWdwaTFhM1htQ1U1bjRoV3ZJV05UWTFRbXpCcmprTzJmOURYUzlyUFF1al92LVJ3RFRNYng4cUhDTlF1N1FCdEJuamZq?oc=5"" target=""_blank"">Keen to invest in fashion brands that put people and planet before profit? These 25 are the best</a>&nbsp;&nbsp;<font color=""#6f6f6f"">Marie Claire UK</font>",sportswear innovation UK,"<a href=""https://news.google.com/rss/articles/CBMirAFBVV95cUxOaTdiRGIzUk4xOVZNWmNITTc3aERhaXdrYVNITDdTa3lUcDVUTl9PLWhVQVlVS1hmaTFudG15ZzAzQzAzUEI0UjhuVjh1SkJzSXUtVmRPWDhWT0xyemQ5bWpkZlNkY3dFOWdwaTFhM1htQ1U1bjRoV3ZJV05UWTFRbXpCcmprTzJmOURYUzlyUFF1al92LVJ3RFRNYng4cUhDTlF1N1FCdEJuamZq?oc=5"" target=""_blank"">Keen to invest in fashion brands that put people and planet before profit? These 25 are the best</a>&nbsp;&nbsp;<font color=""#6f6f6f"">Marie Claire UK</font>"
"From swoosh to stumble, can Nike regain its stride? - Retail Gazette","Fri, 27 Dec 2024 08:00:00 GMT",Retail Gazette,https://news.google.com/rss/articles/CBMid0FVX3lxTE9DbTY3NzR1bjNqVlNTNS1pVnF6NVpoSG5PVnpkZWROa3plQ3pSejZFMzdQNnBSdkZ3a19sN3VGUEZhendqeTNxSExEOTRlR3JjcGNMTnNZTEdiVDllSUU4R3FXV1FaSE4wZDI1Zk85RU84R2Y0QWhB?oc=5,"<a href=""https://news.google.com/rss/articles/CBMid0FVX3lxTE9DbTY3NzR1bjNqVlNTNS1pVnF6NVpoSG5PVnpkZWROa3plQ3pSejZFMzdQNnBSdkZ3a19sN3VGUEZhendqeTNxSExEOTRlR3JjcGNMTnNZTEdiVDllSUU4R3FXV1FaSE4wZDI1Zk85RU84R2Y0QWhB?oc=5"" target=""_blank"">From swoosh to stumble, can Nike regain its stride?</a>&nbsp;&nbsp;<font color=""#6f6f6f"">Retail Gazette</font>",sportswear innovation UK,"<a href=""https://news.google.com/rss/articles/CBMid0FVX3lxTE9DbTY3NzR1bjNqVlNTNS1pVnF6NVpoSG5PVnpkZWROa3plQ3pSejZFMzdQNnBSdkZ3a19sN3VGUEZhendqeTNxSExEOTRlR3JjcGNMTnNZTEdiVDllSUU4R3FXV1FaSE4wZDI1Zk85RU84R2Y0QWhB?oc=5"" target=""_blank"">From swoosh to stumble, can Nike regain its stride?</a>&nbsp;&nbsp;<font color=""#6f6f6f"">Retail Gazette</font>"
Nike Can Overcome Its Current Problems - Morningstar,"Fri, 04 Oct 2024 07:00:00 GMT",Morningstar,https://news.google.com/rss/articles/CBMiigFBVV95cUxNcmExT3QwdXk3UnJ2M1E0OG5ubmIzN2ZzWFA4MnR6SmhYRWhIbW5nbGhwYVNmTWdfV0ktb1FJeUwxb1dsYzR0YWhNVmxnblVDMnJvLXhrQmdHMUpuYzV4TTFtZmpid2trallXQjVjQkxRVklaX2pzbml4VGRmMEdXX2tVdjI0dlFqT2c?oc=5,"<a href=""https://news.google.com/rss/articles/CBMiigFBVV95cUxNcmExT3QwdXk3UnJ2M1E0OG5ubmIzN2ZzWFA4MnR6SmhYRWhIbW5nbGhwYVNmTWdfV0ktb1FJeUwxb1dsYzR0YWhNVmxnblVDMnJvLXhrQmdHMUpuYzV4TTFtZmpid2trallXQjVjQkxRVklaX2pzbml4VGRmMEdXX2tVdjI0dlFqT2c?oc=5"" target=""_blank"">Nike Can Overcome Its Current Problems</a>&nbsp;&nbsp;<font color=""#6f6f6f"">Morningstar</font>",sportswear innovation UK,"<a href=""https://news.google.com/rss/articles/CBMiigFBVV95cUxNcmExT3QwdXk3UnJ2M1E0OG5ubmIzN2ZzWFA4MnR6SmhYRWhIbW5nbGhwYVNmTWdfV0ktb1FJeUwxb1dsYzR0YWhNVmxnblVDMnJvLXhrQmdHMUpuYzV4TTFtZmpid2trallXQjVjQkxRVklaX2pzbml4VGRmMEdXX2tVdjI0dlFqT2c?oc=5"" target=""_blank"">Nike Can Overcome Its Current Problems</a>&nbsp;&nbsp;<font color=""#6f6f6f"">Morningstar</font>"
Castore opens latest store at the Trafford Centre - Retail Times,"Wed, 15 Feb 2023 08:00:00 GMT",Retail Times,https://news.google.com/rss/articles/CBMiggFBVV95cUxNQkpFbGZXMHJKaFVzYTdJOFBCWU1Ua3RFTUVNaGRaNUptZi1ua1BZM1BLbWQzRkdnNnJKbFZ1WDVBYWluTmlpVTZPX3dVYVNOeVhJZ2lONHZYYS04djVBRjU5VzByWHRONUhJc2ZCU2E3QldMai0wcVVCNWdsWGJ4MzBB?oc=5,"<a href=""https://news.google.com/rss/articles/CBMiggFBVV95cUxNQkpFbGZXMHJKaFVzYTdJOFBCWU1Ua3RFTUVNaGRaNUptZi1ua1BZM1BLbWQzRkdnNnJKbFZ1WDVBYWluTmlpVTZPX3dVYVNOeVhJZ2lONHZYYS04djVBRjU5VzByWHRONUhJc2ZCU2E3QldMai0wcVVCNWdsWGJ4MzBB?oc=5"" target=""_blank"">Castore opens latest store at the Trafford Centre</a>&nbsp;&nbsp;<font color=""#6f6f6f"">Retail Times</font>",sportswear innovation UK,"<a href=""https://news.google.com/rss/articles/CBMiggFBVV95cUxNQkpFbGZXMHJKaFVzYTdJOFBCWU1Ua3RFTUVNaGRaNUptZi1ua1BZM1BLbWQzRkdnNnJKbFZ1WDVBYWluTmlpVTZPX3dVYVNOeVhJZ2lONHZYYS04djVBRjU5VzByWHRONUhJc2ZCU2E3QldMai0wcVVCNWdsWGJ4MzBB?oc=5"" target=""_blank"">Castore opens latest store at the Trafford Centre</a>&nbsp;&nbsp;<font color=""#6f6f6f"">Retail Times</font>"
‘Metamaterials’ could transform our lives – and sports equipment is at the vanguard - The Conversation,"Wed, 07 Jan 2026 08:00:00 GMT",The Conversation,https://news.google.com/rss/articles/CBMitAFBVV95cUxOSVdqSjZBLUYwZ2RMZnpVNzNWcW9jVGVqcm96VU8xa1dPTjRabW9pa0djYlFYVTVVVWM2eXZ0ckU1VHF1bFdfZHE3V19tYlpvRTROa1pkYWlZdlg0UEd1d1pJSTVHSGJvVndDblVURmZIVHI1VTgxTTZCV3k5aG1FRUpjZV9sRjRzdFk4NWdqQmJhb3RHSDFhRlJ1dzNkTVFSS0tkNWpmbkxNbFpid2xLdG1WLXg?oc=5,"<a href=""https://news.google.com/rss/articles/CBMitAFBVV95cUxOSVdqSjZBLUYwZ2RMZnpVNzNWcW9jVGVqcm96VU8xa1dPTjRabW9pa0djYlFYVTVVVWM2eXZ0ckU1VHF1bFdfZHE3V19tYlpvRTROa1pkYWlZdlg0UEd1d1pJSTVHSGJvVndDblVURmZIVHI1VTgxTTZCV3k5aG1FRUpjZV9sRjRzdFk4NWdqQmJhb3RHSDFhRlJ1dzNkTVFSS0tkNWpmbkxNbFpid2xLdG1WLXg?oc=5"" target=""_blank"">‘Metamaterials’ could transform our lives – and sports equipment is at the vanguard</a>&nbsp;&nbsp;<font color=""#6f6f6f"">The Conversation</font>",sportswear innovation UK,"<a href=""https://news.google.com/rss/articles/CBMitAFBVV95cUxOSVdqSjZBLUYwZ2RMZnpVNzNWcW9jVGVqcm96VU8xa1dPTjRabW9pa0djYlFYVTVVVWM2eXZ0ckU1VHF1bFdfZHE3V19tYlpvRTROa1pkYWlZdlg0UEd1d1pJSTVHSGJvVndDblVURmZIVHI1VTgxTTZCV3k5aG1FRUpjZV9sRjRzdFk4NWdqQmJhb3RHSDFhRlJ1dzNkTVFSS0tkNWpmbkxNbFpid2xLdG1WLXg?oc=5"" target=""_blank"">‘Metamaterials’ could transform our lives – and sports equipment is at the vanguard</a>&nbsp;&nbsp;<font color=""#6f6f6f"">The Conversation</font>"
"Global sportswear and sports brand, HEAD, relocates its creative studio to London’s Design District - Retail Times","Wed, 23 Aug 2023 07:00:00 GMT",Retail Times,https://news.google.com/rss/articles/CBMiwAFBVV95cUxNM3Z2SmVCYmdmU1o0bnRfcHNiUHdwSmhvTUlQb1ZPRVJfamVJamJjRlJDSTZFcjdIQXV6d296UGtSaDFuSi12ckItZ0cwM1pNS2NLRGdTdE5qVGNyUjl0Qnk4UEkyNDVlVXk3YlZFQk8wQURvaW85REFDSDdvWDlsTlVYY3BSdFFmTXFqZks5eDJBTVBLZHBsLTFkeWJmQXdNVnhUTkh5SHQ2NVB0WlFGZF9iYWdrbm4wcVlVOVhWOG0?oc=5,"<a href=""https://news.google.com/rss/articles/CBMiwAFBVV95cUxNM3Z2SmVCYmdmU1o0bnRfcHNiUHdwSmhvTUlQb1ZPRVJfamVJamJjRlJDSTZFcjdIQXV6d296UGtSaDFuSi12ckItZ0cwM1pNS2NLRGdTdE5qVGNyUjl0Qnk4UEkyNDVlVXk3YlZFQk8wQURvaW85REFDSDdvWDlsTlVYY3BSdFFmTXFqZks5eDJBTVBLZHBsLTFkeWJmQXdNVnhUTkh5SHQ2NVB0WlFGZF9iYWdrbm4wcVlVOVhWOG0?oc=5"" target=""_blank"">Global sportswear and sports brand, HEAD, relocates its creative studio to London’s Design District</a>&nbsp;&nbsp;<font color=""#6f6f6f"">Retail Times</font>",sportswear innovation UK,"<a href=""https://news.google.com/rss/articles/CBMiwAFBVV95cUxNM3Z2SmVCYmdmU1o0bnRfcHNiUHdwSmhvTUlQb1ZPRVJfamVJamJjRlJDSTZFcjdIQXV6d296UGtSaDFuSi12ckItZ0cwM1pNS2NLRGdTdE5qVGNyUjl0Qnk4UEkyNDVlVXk3YlZFQk8wQURvaW85REFDSDdvWDlsTlVYY3BSdFFmTXFqZks5eDJBTVBLZHBsLTFkeWJmQXdNVnhUTkh5SHQ2NVB0WlFGZF9iYWdrbm4wcVlVOVhWOG0?oc=5"" target=""_blank"">Global sportswear and sports brand, HEAD, relocates its creative studio to London’s Design District</a>&nbsp;&nbsp;<font color=""#6f6f6f"">Retail Times</font>"
Business named one of the top 100 SMEs in the UK - Bournemouth Echo,"Thu, 13 Feb 2025 08:00:00 GMT",Bournemouth Echo,https://news.google.com/rss/articles/CBMimgFBVV95cUxQdzFFLS1tYkd0Y1JIbWlxSmt5ZU5ERnpfbkNqbVk2S0xJYnBfTy1HdnFHeUFHcVdjY2NmMW1YSDRHa0JpTFJrMVFIUGE2YkZpN3lsTHhMOW1RcHVxaUR1TjgyQXotOGlreHJDeWdERVZhbk1GMTRPVmNZdHhxVHZ6amhjWU9jaFRSbWNoN1lsU2ZfbE50ODctTk1B?oc=5,"<a href=""https://news.google.com/rss/articles/CBMimgFBVV95cUxQdzFFLS1tYkd0Y1JIbWlxSmt5ZU5ERnpfbkNqbVk2S0xJYnBfTy1HdnFHeUFHcVdjY2NmMW1YSDRHa0JpTFJrMVFIUGE2YkZpN3lsTHhMOW1RcHVxaUR1TjgyQXotOGlreHJDeWdERVZhbk1GMTRPVmNZdHhxVHZ6amhjWU9jaFRSbWNoN1lsU2ZfbE50ODctTk1B?oc=5"" target=""_blank"">Business named one of the top 100 SMEs in the UK</a>&nbsp;&nbsp;<font color=""#6f6f6f"">Bournemouth Echo</font>",sportswear innovation UK,"<a href=""https://news.google.com/rss/articles/CBMimgFBVV95cUxQdzFFLS1tYkd0Y1JIbWlxSmt5ZU5ERnpfbkNqbVk2S0xJYnBfTy1HdnFHeUFHcVdjY2NmMW1YSDRHa0JpTFJrMVFIUGE2YkZpN3lsTHhMOW1RcHVxaUR1TjgyQXotOGlreHJDeWdERVZhbk1GMTRPVmNZdHhxVHZ6amhjWU9jaFRSbWNoN1lsU2ZfbE50ODctTk1B?oc=5"" target=""_blank"">Business named one of the top 100 SMEs in the UK</a>&nbsp;&nbsp;<font color=""#6f6f6f"">Bournemouth Echo</font>"
Champion Launches ‘Champion Sports Bar’ at Selfridges London - 365 Retail,"Mon, 08 Jul 2024 07:00:00 GMT",365 Retail,https://news.google.com/rss/articles/CBMiiwFBVV95cUxNdEFoaDBEZ0x6QkFKaFhmN2tVNXJTdU5OaFlGMmRoeERvN2hpTGlNV1VxaF82RTJXWjh5bnhJVGJIM21DUXVaUnRhZ1Jabzk3R3puaEhoUXFKekpPVHZObkgybUJyMGt2N3pfb1AxUjY3VWR6WnFqSmZaSlpxbVRVMDF1SjVwWTJXWUpz?oc=5,"<a href=""https://news.google.com/rss/articles/CBMiiwFBVV95cUxNdEFoaDBEZ0x6QkFKaFhmN2tVNXJTdU5OaFlGMmRoeERvN2hpTGlNV1VxaF82RTJXWjh5bnhJVGJIM21DUXVaUnRhZ1Jabzk3R3puaEhoUXFKekpPVHZObkgybUJyMGt2N3pfb1AxUjY3VWR6WnFqSmZaSlpxbVRVMDF1SjVwWTJXWUpz?oc=5"" target=""_blank"">Champion Launches ‘Champion Sports Bar’ at Selfridges London</a>&nbsp;&nbsp;<font color=""#6f6f6f"">365 Retail</font>",sportswear innovation UK,"<a href=""https://news.google.com/rss/articles/CBMiiwFBVV95cUxNdEFoaDBEZ0x6QkFKaFhmN2tVNXJTdU5OaFlGMmRoeERvN2hpTGlNV1VxaF82RTJXWjh5bnhJVGJIM21DUXVaUnRhZ1Jabzk3R3puaEhoUXFKekpPVHZObkgybUJyMGt2N3pfb1AxUjY3VWR6WnFqSmZaSlpxbVRVMDF1SjVwWTJXWUpz?oc=5"" target=""_blank"">Champion Launches ‘Champion Sports Bar’ at Selfridges London</a>&nbsp;&nbsp;<font color=""#6f6f6f"">365 Retail</font>"
Audi and Sky Sports drive golfing innovations to help viewers improve their performance - marketing-beat.co.uk,"Fri, 24 Feb 2023 08:00:00 GMT",marketing-beat.co.uk,https://news.google.com/rss/articles/CBMif0FVX3lxTE9yekxJeDl1Y0NvV2dvMzRDSVRxeEFxSkZyR0ZlWlpuUFQ4REJwM3JQRlNqN1lDQVkwTExBV09XTlhLZjQxVHd0ZzRxampZWmJ3bnhoOGdiblA1dGoydFM2NkFNX3lZQ0lScEFRVEFRZElvaXR4el9sY1JfdVA4WTA?oc=5,"<a href=""https://news.google.com/rss/articles/CBMif0FVX3lxTE9yekxJeDl1Y0NvV2dvMzRDSVRxeEFxSkZyR0ZlWlpuUFQ4REJwM3JQRlNqN1lDQVkwTExBV09XTlhLZjQxVHd0ZzRxampZWmJ3bnhoOGdiblA1dGoydFM2NkFNX3lZQ0lScEFRVEFRZElvaXR4el9sY1JfdVA4WTA?oc=5"" target=""_blank"">Audi and Sky Sports drive golfing innovations to help viewers improve their performance</a>&nbsp;&nbsp;<font color=""#6f6f6f"">marketing-beat.co.uk</font>",sportswear innovation UK,"<a href=""https://news.google.com/rss/articles/CBMif0FVX3lxTE9yekxJeDl1Y0NvV2dvMzRDSVRxeEFxSkZyR0ZlWlpuUFQ4REJwM3JQRlNqN1lDQVkwTExBV09XTlhLZjQxVHd0ZzRxampZWmJ3bnhoOGdiblA1dGoydFM2NkFNX3lZQ0lScEFRVEFRZElvaXR4el9sY1JfdVA4WTA?oc=5"" target=""_blank"">Audi and Sky Sports drive golfing innovations to help viewers improve their performance</a>&nbsp;&nbsp;<font color=""#6f6f6f"">marketing-beat.co.uk</font>"
M&S launches Goodmove on third-party sports website - Retail Gazette,"Fri, 20 May 2022 07:00:00 GMT",Retail Gazette,https://news.google.com/rss/articles/CBMinAFBVV95cUxNMk9TU1ptU1Z1WkpHaTVMb0YzZnhpRzVqQWJhS2dNTklRN0RkWGRyU2ltUUxKbjNlY2p3T3djdlFPVmdvVWNfSEpCek9lS2pnaHRJazRvRHF3dWxJZE16N3p0MWdOUUl4dmtxZUZPSGRrOEF6LWk2Rkl1VzhZekNNbnpyVDk4OGFMY0JzckMyeEw2ZW9iamhKalh5OWM?oc=5,"<a href=""https://news.google.com/rss/articles/CBMinAFBVV95cUxNMk9TU1ptU1Z1WkpHaTVMb0YzZnhpRzVqQWJhS2dNTklRN0RkWGRyU2ltUUxKbjNlY2p3T3djdlFPVmdvVWNfSEpCek9lS2pnaHRJazRvRHF3dWxJZE16N3p0MWdOUUl4dmtxZUZPSGRrOEF6LWk2Rkl1VzhZekNNbnpyVDk4OGFMY0JzckMyeEw2ZW9iamhKalh5OWM?oc=5"" target=""_blank"">M&amp;S launches Goodmove on third-party sports website</a>&nbsp;&nbsp;<font color=""#6f6f6f"">Retail Gazette</font>",sportswear innovation UK,"<a href=""https://news.google.com/rss/articles/CBMinAFBVV95cUxNMk9TU1ptU1Z1WkpHaTVMb0YzZnhpRzVqQWJhS2dNTklRN0RkWGRyU2ltUUxKbjNlY2p3T3djdlFPVmdvVWNfSEpCek9lS2pnaHRJazRvRHF3dWxJZE16N3p0MWdOUUl4dmtxZUZPSGRrOEF6LWk2Rkl1VzhZekNNbnpyVDk4OGFMY0JzckMyeEw2ZW9iamhKalh5OWM?oc=5"" target=""_blank"">M&amp;S launches Goodmove on third-party sports website</a>&nbsp;&nbsp;<font color=""#6f6f6f"">Retail Gazette</font>"
Can better PE uniforms keep girls in sports? ASICS thinks so - TrendWatching,"Thu, 28 Aug 2025 07:00:00 GMT",TrendWatching,https://news.google.com/rss/articles/CBMisAFBVV95cUxOTjlLT3Z0Qjc3anQtX1F6MjNxQzF6ZmRQY0FuWFY5TllQU1JqUXVBM3JFV29pamR0bGlWTHJKeFVpRm1fbTFyd3RzUkFLeV9NRGJMeldWYllsLU1Kck83OFRJMEpwcWYtU0RJdEtBUmY4QldlOGVjem8wcm5EQTVuREtUR0Fubm1ncHpoZEZ6U2NrTXAtOS0xTnlnSVdyeGdFTnJCMWdGX1BkWXduSU8xbtIBwAFBVV95cUxNckNHYk40UEtpLUFncHVzdE9YaW1pZ0dON084VG9kYnZneU1GZGNRSmItbHFhN0ZfQTg3dUM3Y1RoVWtiX2o0WEw1ZUhsYWEwOG9KV3Y1UEs2RTQ3NTh3UUZDR3VILXZhb2hpNEw0TmtuS2ZKZ0ZjOWlKYXVNS3FWVzdDY1BhMjZfN1lGR3VmTTFLYXo0eWNCWUJRT2J5Ung5TzFsSEJ3NlpGd3BvN3N1RjBpLXBjRUpscDdhV0Q4bkY?oc=5,"<a href=""https://news.google.com/rss/articles/CBMisAFBVV95cUxOTjlLT3Z0Qjc3anQtX1F6MjNxQzF6ZmRQY0FuWFY5TllQU1JqUXVBM3JFV29pamR0bGlWTHJKeFVpRm1fbTFyd3RzUkFLeV9NRGJMeldWYllsLU1Kck83OFRJMEpwcWYtU0RJdEtBUmY4QldlOGVjem8wcm5EQTVuREtUR0Fubm1ncHpoZEZ6U2NrTXAtOS0xTnlnSVdyeGdFTnJCMWdGX1BkWXduSU8xbtIBwAFBVV95cUxNckNHYk40UEtpLUFncHVzdE9YaW1pZ0dON084VG9kYnZneU1GZGNRSmItbHFhN0ZfQTg3dUM3Y1RoVWtiX2o0WEw1ZUhsYWEwOG9KV3Y1UEs2RTQ3NTh3UUZDR3VILXZhb2hpNEw0TmtuS2ZKZ0ZjOWlKYXVNS3FWVzdDY1BhMjZfN1lGR3VmTTFLYXo0eWNCWUJRT2J5Ung5TzFsSEJ3NlpGd3BvN3N1RjBpLXBjRUpscDdhV0Q4bkY?oc=5"" target=""_blank"">Can better PE uniforms keep girls in sports? ASICS thinks so</a>&nbsp;&nbsp;<font color=""#6f6f6f"">TrendWatching</font>",sportswear innovation UK,"<a href=""https://news.google.com/rss/articles/CBMisAFBVV95cUxOTjlLT3Z0Qjc3anQtX1F6MjNxQzF6ZmRQY0FuWFY5TllQU1JqUXVBM3JFV29pamR0bGlWTHJKeFVpRm1fbTFyd3RzUkFLeV9NRGJMeldWYllsLU1Kck83OFRJMEpwcWYtU0RJdEtBUmY4QldlOGVjem8wcm5EQTVuREtUR0Fubm1ncHpoZEZ6U2NrTXAtOS0xTnlnSVdyeGdFTnJCMWdGX1BkWXduSU8xbtIBwAFBVV95cUxNckNHYk40UEtpLUFncHVzdE9YaW1pZ0dON084VG9kYnZneU1GZGNRSmItbHFhN0ZfQTg3dUM3Y1RoVWtiX2o0WEw1ZUhsYWEwOG9KV3Y1UEs2RTQ3NTh3UUZDR3VILXZhb2hpNEw0TmtuS2ZKZ0ZjOWlKYXVNS3FWVzdDY1BhMjZfN1lGR3VmTTFLYXo0eWNCWUJRT2J5Ung5TzFsSEJ3NlpGd3BvN3N1RjBpLXBjRUpscDdhV0Q4bkY?oc=5"" target=""_blank"">Can better PE uniforms keep girls in sports? ASICS thinks so</a>&nbsp;&nbsp;<font color=""#6f6f6f"">TrendWatching</font>"
"Dynamo, Shaun Ryder and other celebs descend on Lancashire town – here’s why - Lancashire Telegraph","Tue, 05 Oct 2021 07:00:00 GMT",Lancashire Telegraph,https://news.google.com/rss/articles/CBMiowFBVV95cUxObDd6dTRoMldhRkR0Z0oyTWhacE54d2RIakp4Vm5yV25XUVBNVkFEOFZWRjYwWjZqWk1SMkNhbVdxWEFyV0V5ckdNYUYtRk52NS0wZ1F0RWVBUEVRYm1CZUFobENMSUtHdlNtaWxlb0dGV1BQRHVYQ0JITzdDdU9WWDdQZWhlV0FqR1Y4MFo1aDdhRjdPRm1xWHR1blpqbTQtOHVR?oc=5,"<a href=""https://news.google.com/rss/articles/CBMiowFBVV95cUxObDd6dTRoMldhRkR0Z0oyTWhacE54d2RIakp4Vm5yV25XUVBNVkFEOFZWRjYwWjZqWk1SMkNhbVdxWEFyV0V5ckdNYUYtRk52NS0wZ1F0RWVBUEVRYm1CZUFobENMSUtHdlNtaWxlb0dGV1BQRHVYQ0JITzdDdU9WWDdQZWhlV0FqR1Y4MFo1aDdhRjdPRm1xWHR1blpqbTQtOHVR?oc=5"" target=""_blank"">Dynamo, Shaun Ryder and other celebs descend on Lancashire town – here’s why</a>&nbsp;&nbsp;<font color=""#6f6f6f"">Lancashire Telegraph</font>",sportswear innovation UK,"<a href=""https://news.google.com/rss/articles/CBMiowFBVV95cUxObDd6dTRoMldhRkR0Z0oyTWhacE54d2RIakp4Vm5yV25XUVBNVkFEOFZWRjYwWjZqWk1SMkNhbVdxWEFyV0V5ckdNYUYtRk52NS0wZ1F0RWVBUEVRYm1CZUFobENMSUtHdlNtaWxlb0dGV1BQRHVYQ0JITzdDdU9WWDdQZWhlV0FqR1Y4MFo1aDdhRjdPRm1xWHR1blpqbTQtOHVR?oc=5"" target=""_blank"">Dynamo, Shaun Ryder and other celebs descend on Lancashire town – here’s why</a>&nbsp;&nbsp;<font color=""#6f6f6f"">Lancashire Telegraph</font>"
2026 sports business events and conferences calendar - Sports Tourism News,"Sat, 06 Jun 2026 07:00:00 GMT",Sports Tourism News,https://news.google.com/rss/articles/CBMihAFBVV95cUxQakRtLTQtdFpIV1d6aTExeHc2RFVRUHJ6TUxRT294MnlvNHZqY0ZjRjVmSEtjd19KbmNsY1IwNE9rbVlPZFE5S2lHT3VuNnZ6NGtVN1dlN0VFSmN3bjh4TERKYXZxNzdrNHpBYkhCYVJjYVFRbm1UelV5ZFowakRwbjI1cDg?oc=5,"<a href=""https://news.google.com/rss/articles/CBMihAFBVV95cUxQakRtLTQtdFpIV1d6aTExeHc2RFVRUHJ6TUxRT294MnlvNHZqY0ZjRjVmSEtjd19KbmNsY1IwNE9rbVlPZFE5S2lHT3VuNnZ6NGtVN1dlN0VFSmN3bjh4TERKYXZxNzdrNHpBYkhCYVJjYVFRbm1UelV5ZFowakRwbjI1cDg?oc=5"" target=""_blank"">2026 sports business events and conferences calendar</a>&nbsp;&nbsp;<font color=""#6f6f6f"">Sports Tourism News</font>",sportswear innovation UK,"<a href=""https://news.google.com/rss/articles/CBMihAFBVV95cUxQakRtLTQtdFpIV1d6aTExeHc2RFVRUHJ6TUxRT294MnlvNHZqY0ZjRjVmSEtjd19KbmNsY1IwNE9rbVlPZFE5S2lHT3VuNnZ6NGtVN1dlN0VFSmN3bjh4TERKYXZxNzdrNHpBYkhCYVJjYVFRbm1UelV5ZFowakRwbjI1cDg?oc=5"" target=""_blank"">2026 sports business events and conferences calendar</a>&nbsp;&nbsp;<font color=""#6f6f6f"">Sports Tourism News</font>"
Lacoste just dropped a trainer that’s equal parts sporty and stylish – here’s what you need to know - Women's Health,"Mon, 17 Feb 2025 08:00:00 GMT",Women's Health,https://news.google.com/rss/articles/CBMihgFBVV95cUxOckZTckNfcnJXWXlVLURzbU5HRFdYNkt5Sjk1U3JiWjh6T3ZBVWk0UDdLaVo5a19tMlFxSHUydWJwN19PNEEtd1k0TWxGN0pZWXlvOXZ0dDd4eGNMbUU3UkNselV5V3Jscm1QQ3Uwd1kwNHV5X3RYWnJ2MFB5VXRuODFuUUNzQQ?oc=5,"<a href=""https://news.google.com/rss/articles/CBMihgFBVV95cUxOckZTckNfcnJXWXlVLURzbU5HRFdYNkt5Sjk1U3JiWjh6T3ZBVWk0UDdLaVo5a19tMlFxSHUydWJwN19PNEEtd1k0TWxGN0pZWXlvOXZ0dDd4eGNMbUU3UkNselV5V3Jscm1QQ3Uwd1kwNHV5X3RYWnJ2MFB5VXRuODFuUUNzQQ?oc=5"" target=""_blank"">Lacoste just dropped a trainer that’s equal parts sporty and stylish – here’s what you need to know</a>&nbsp;&nbsp;<font color=""#6f6f6f"">Women's Health</font>",sportswear innovation UK,"<a href=""https://news.google.com/rss/articles/CBMihgFBVV95cUxOckZTckNfcnJXWXlVLURzbU5HRFdYNkt5Sjk1U3JiWjh6T3ZBVWk0UDdLaVo5a19tMlFxSHUydWJwN19PNEEtd1k0TWxGN0pZWXlvOXZ0dDd4eGNMbUU3UkNselV5V3Jscm1QQ3Uwd1kwNHV5X3RYWnJ2MFB5VXRuODFuUUNzQQ?oc=5"" target=""_blank"">Lacoste just dropped a trainer that’s equal parts sporty and stylish – here’s what you need to know</a>&nbsp;&nbsp;<font color=""#6f6f6f"">Women's Health</font>"
"Sports Direct staff 'not treated as humans', says MPs' report - bbc.co.uk","Fri, 22 Jul 2016 07:00:00 GMT",bbc.co.uk,https://news.google.com/rss/articles/CBMiaEFVX3lxTE1XTDlBN2EwTUdpT1dEdnFCQ3Myb0R0d0ZaNm0waVptUXVuV1Y3YWhXOXlxWnYyc3NGaTF3ZDRkbDFIM05GeGtrSXlnalh2UXdLdkRYclU0NFFLbHVXRzVRSjQ0SFlyQXU2?oc=5,"<a href=""https://news.google.com/rss/articles/CBMiaEFVX3lxTE1XTDlBN2EwTUdpT1dEdnFCQ3Myb0R0d0ZaNm0waVptUXVuV1Y3YWhXOXlxWnYyc3NGaTF3ZDRkbDFIM05GeGtrSXlnalh2UXdLdkRYclU0NFFLbHVXRzVRSjQ0SFlyQXU2?oc=5"" target=""_blank"">Sports Direct staff 'not treated as humans', says MPs' report</a>&nbsp;&nbsp;<font color=""#6f6f6f"">bbc.co.uk</font>",sportswear innovation UK,"<a href=""https://news.google.com/rss/articles/CBMiaEFVX3lxTE1XTDlBN2EwTUdpT1dEdnFCQ3Myb0R0d0ZaNm0waVptUXVuV1Y3YWhXOXlxWnYyc3NGaTF3ZDRkbDFIM05GeGtrSXlnalh2UXdLdkRYclU0NFFLbHVXRzVRSjQ0SFlyQXU2?oc=5"" target=""_blank"">Sports Direct staff 'not treated as humans', says MPs' report</a>&nbsp;&nbsp;<font color=""#6f6f6f"">bbc.co.uk</font>"
Innovation Fund clothing company shortlisted for two business awards - Bailiwick Express,"Fri, 09 Nov 2018 08:00:00 GMT",Bailiwick Express,https://news.google.com/rss/articles/CBMiqAFBVV95cUxQY1pLQXJRWUJ3UmR1ckNUQ0Q2cmJXUjBDVV9lOXIweGxCQVRRajhnVXZ4RXlMUENFX2FnNzFPTndyLTc4ZTIzY0MwSVJPV1B2MjVzTjJxOVJRWENFNXBtOFp2bEVpYmN1SHAwRzhSLW5nUHlRQTRKVDNYTS05d1V2a01SZVNEMjNjSUZYa29pZXNPWmY2ekJTaHRsTm9iamlieG5PUGttVmk?oc=5,"<a href=""https://news.google.com/rss/articles/CBMiqAFBVV95cUxQY1pLQXJRWUJ3UmR1ckNUQ0Q2cmJXUjBDVV9lOXIweGxCQVRRajhnVXZ4RXlMUENFX2FnNzFPTndyLTc4ZTIzY0MwSVJPV1B2MjVzTjJxOVJRWENFNXBtOFp2bEVpYmN1SHAwRzhSLW5nUHlRQTRKVDNYTS05d1V2a01SZVNEMjNjSUZYa29pZXNPWmY2ekJTaHRsTm9iamlieG5PUGttVmk?oc=5"" target=""_blank"">Innovation Fund clothing company shortlisted for two business awards</a>&nbsp;&nbsp;<font color=""#6f6f6f"">Bailiwick Express</font>",sportswear innovation UK,"<a href=""https://news.google.com/rss/articles/CBMiqAFBVV95cUxQY1pLQXJRWUJ3UmR1ckNUQ0Q2cmJXUjBDVV9lOXIweGxCQVRRajhnVXZ4RXlMUENFX2FnNzFPTndyLTc4ZTIzY0MwSVJPV1B2MjVzTjJxOVJRWENFNXBtOFp2bEVpYmN1SHAwRzhSLW5nUHlRQTRKVDNYTS05d1V2a01SZVNEMjNjSUZYa29pZXNPWmY2ekJTaHRsTm9iamlieG5PUGttVmk?oc=5"" target=""_blank"">Innovation Fund clothing company shortlisted for two business awards</a>&nbsp;&nbsp;<font color=""#6f6f6f"">Bailiwick Express</font>"
Liverpool record-breaking kit deal announced by New Balance ahead of next season - The Mirror,"Thu, 05 Feb 2015 08:00:00 GMT",The Mirror,https://news.google.com/rss/articles/CBMingFBVV95cUxPbkZTQjI4RUFxNHlrV0l0eUJVU1BTVVJVVkpOQVk0T29GaloyYkt1QmJ1cThsb204MHhsTWpDbTlUbjE1LUg2VjdUYmdXbnk1a3pVY1N1YnFnVy1kS3ptUU03WGNxQmdVT2xYRVFLbjdNQnBBM25fVkJWcUJuY1dFVG0wa2VKR0pRbVBxeWVvMHZZa0pJZGQ1NXgzTUp4Z9IBowFBVV95cUxPZHdpbGwwX0I5RE1FRFBWQlk1ZjZpcDNzQkVobW9VbHlsVGNNREJqcHRrSWJraHl5azJGbFJYcjZzclJIVnI4R3k3WTJIVFhPSXFSd3BHajlDREVYd182UHI0aDRta3c3NmQyc2VmOHlQUmhUQXl3dU5kWDFGcG44WGZrNmtibThFR2M1Z1ZyZFJ2anF6ZHZhaGp4SnFjZ294YUpR?oc=5,"<a href=""https://news.google.com/rss/articles/CBMingFBVV95cUxPbkZTQjI4RUFxNHlrV0l0eUJVU1BTVVJVVkpOQVk0T29GaloyYkt1QmJ1cThsb204MHhsTWpDbTlUbjE1LUg2VjdUYmdXbnk1a3pVY1N1YnFnVy1kS3ptUU03WGNxQmdVT2xYRVFLbjdNQnBBM25fVkJWcUJuY1dFVG0wa2VKR0pRbVBxeWVvMHZZa0pJZGQ1NXgzTUp4Z9IBowFBVV95cUxPZHdpbGwwX0I5RE1FRFBWQlk1ZjZpcDNzQkVobW9VbHlsVGNNREJqcHRrSWJraHl5azJGbFJYcjZzclJIVnI4R3k3WTJIVFhPSXFSd3BHajlDREVYd182UHI0aDRta3c3NmQyc2VmOHlQUmhUQXl3dU5kWDFGcG44WGZrNmtibThFR2M1Z1ZyZFJ2anF6ZHZhaGp4SnFjZ294YUpR?oc=5"" target=""_blank"">Liverpool record-breaking kit deal announced by New Balance ahead of next season</a>&nbsp;&nbsp;<font color=""#6f6f6f"">The Mirror</font>",sportswear innovation UK,"<a href=""https://news.google.com/rss/articles/CBMingFBVV95cUxPbkZTQjI4RUFxNHlrV0l0eUJVU1BTVVJVVkpOQVk0T29GaloyYkt1QmJ1cThsb204MHhsTWpDbTlUbjE1LUg2VjdUYmdXbnk1a3pVY1N1YnFnVy1kS3ptUU03WGNxQmdVT2xYRVFLbjdNQnBBM25fVkJWcUJuY1dFVG0wa2VKR0pRbVBxeWVvMHZZa0pJZGQ1NXgzTUp4Z9IBowFBVV95cUxPZHdpbGwwX0I5RE1FRFBWQlk1ZjZpcDNzQkVobW9VbHlsVGNNREJqcHRrSWJraHl5azJGbFJYcjZzclJIVnI4R3k3WTJIVFhPSXFSd3BHajlDREVYd182UHI0aDRta3c3NmQyc2VmOHlQUmhUQXl3dU5kWDFGcG44WGZrNmtibThFR2M1Z1ZyZFJ2anF6ZHZhaGp4SnFjZ294YUpR?oc=5"" target=""_blank"">Liverpool record-breaking kit deal announced by New Balance ahead of next season</a>&nbsp;&nbsp;<font color=""#6f6f6f"">The Mirror</font>"
Explore the Top 10 Sports Trends and Innovations in 2025 - StartUs Insights,"Tue, 15 Jul 2025 07:00:00 GMT",StartUs Insights,https://news.google.com/rss/articles/CBMickFVX3lxTE1BdWtRblRhT1Zlb242dTlfdWF0RHd5WnE3bWNhY0lTVlBnN3lXamthYjN1Q2NBcEktS1dGMVpWMDhXNFJTRUpaUEd2U1hCRVU0bWNyUU8yaDAtR0dici16SXN0dF9MT2FCWGRQbTlpWU96QQ?oc=5,"<a href=""https://news.google.com/rss/articles/CBMickFVX3lxTE1BdWtRblRhT1Zlb242dTlfdWF0RHd5WnE3bWNhY0lTVlBnN3lXamthYjN1Q2NBcEktS1dGMVpWMDhXNFJTRUpaUEd2U1hCRVU0bWNyUU8yaDAtR0dici16SXN0dF9MT2FCWGRQbTlpWU96QQ?oc=5"" target=""_blank"">Explore the Top 10 Sports Trends and Innovations in 2025</a>&nbsp;&nbsp;<font color=""#6f6f6f"">StartUs Insights</font>",sportswear innovation UK,"<a href=""https://news.google.com/rss/articles/CBMickFVX3lxTE1BdWtRblRhT1Zlb242dTlfdWF0RHd5WnE3bWNhY0lTVlBnN3lXamthYjN1Q2NBcEktS1dGMVpWMDhXNFJTRUpaUEd2U1hCRVU0bWNyUU8yaDAtR0dici16SXN0dF9MT2FCWGRQbTlpWU96QQ?oc=5"" target=""_blank"">Explore the Top 10 Sports Trends and Innovations in 2025</a>&nbsp;&nbsp;<font color=""#6f6f6f"">StartUs Insights</font>"
10 New Innovative Startups Shaping the Future of Sports Technology - StartUs Insights,"Sat, 03 Aug 2024 14:56:17 GMT",StartUs Insights,https://news.google.com/rss/articles/CBMid0FVX3lxTE45V0JkSk5WR3puT3hpUk1YRXNlT1RLaDRCaGRBVDB6dDdJeXJ1ZXlpLXhwSE5MajVzLWJDSnItWW9lQ1JjQ1l0c0p1VlZFVUo2Q01MeV9UX1ExZ1RnLTJ0U1kxM2twQVZUYTVfMEMzTVpETGQtV1Nz?oc=5,"<a href=""https://news.google.com/rss/articles/CBMid0FVX3lxTE45V0JkSk5WR3puT3hpUk1YRXNlT1RLaDRCaGRBVDB6dDdJeXJ1ZXlpLXhwSE5MajVzLWJDSnItWW9lQ1JjQ1l0c0p1VlZFVUo2Q01MeV9UX1ExZ1RnLTJ0U1kxM2twQVZUYTVfMEMzTVpETGQtV1Nz?oc=5"" target=""_blank"">10 New Innovative Startups Shaping the Future of Sports Technology</a>&nbsp;&nbsp;<font color=""#6f6f6f"">StartUs Insights</font>",sportswear innovation UK,"<a href=""https://news.google.com/rss/articles/CBMid0FVX3lxTE45V0JkSk5WR3puT3hpUk1YRXNlT1RLaDRCaGRBVDB6dDdJeXJ1ZXlpLXhwSE5MajVzLWJDSnItWW9lQ1JjQ1l0c0p1VlZFVUo2Q01MeV9UX1ExZ1RnLTJ0U1kxM2twQVZUYTVfMEMzTVpETGQtV1Nz?oc=5"" target=""_blank"">10 New Innovative Startups Shaping the Future of Sports Technology</a>&nbsp;&nbsp;<font color=""#6f6f6f"">StartUs Insights</font>"
Anytime Fitness Clubs Put Apple Fitness+ in Every Membership - Sustain Health Magazine,"Tue, 04 Aug 2026 14:49:59 GMT",Sustain Health Magazine,https://news.google.com/rss/articles/CBMie0FVX3lxTE9qaWNMYVdCUTZLeC1wMnMwWG9ySDVENUFDbG4yekhqR0l2ZElEUzQyeXRPMjJUQ1hGcnR6TTAzTE5LMV9OMlNSSUVWZW9xMEw1MUl2NXdUT3RfcHIyM3RJXzdUZVZvMHlGakFhd3E0bzRNM0hJQzE0SXBFVQ?oc=5,"<a href=""https://news.google.com/rss/articles/CBMie0FVX3lxTE9qaWNMYVdCUTZLeC1wMnMwWG9ySDVENUFDbG4yekhqR0l2ZElEUzQyeXRPMjJUQ1hGcnR6TTAzTE5LMV9OMlNSSUVWZW9xMEw1MUl2NXdUT3RfcHIyM3RJXzdUZVZvMHlGakFhd3E0bzRNM0hJQzE0SXBFVQ?oc=5"" target=""_blank"">Anytime Fitness Clubs Put Apple Fitness+ in Every Membership</a>&nbsp;&nbsp;<font color=""#6f6f6f"">Sustain Health Magazine</font>",digital fitness UK,"<a href=""https://news.google.com/rss/articles/CBMie0FVX3lxTE9qaWNMYVdCUTZLeC1wMnMwWG9ySDVENUFDbG4yekhqR0l2ZElEUzQyeXRPMjJUQ1hGcnR6TTAzTE5LMV9OMlNSSUVWZW9xMEw1MUl2NXdUT3RfcHIyM3RJXzdUZVZvMHlGakFhd3E0bzRNM0hJQzE0SXBFVQ?oc=5"" target=""_blank"">Anytime Fitness Clubs Put Apple Fitness+ in Every Membership</a>&nbsp;&nbsp;<font color=""#6f6f6f"">Sustain Health Magazine</font>"
The Best Smart Scales for 2026 - PCMag UK,"Tue, 21 Jul 2026 07:00:00 GMT",PCMag UK,https://news.google.com/rss/articles/CBMibkFVX3lxTE01RUpZOF9wRVk0eVZrYUpYeTIzakwzUjNkWWxRUVI1bTl0ZjUzZkJuWFF6Nm00emRiMHNPVm9VcjNHLThLMEdlV1Q0ZGItTGlzX0MwZ3loMlU2Nks4eHpRQzhnZ2thdEJCeW9SQS1B?oc=5,"<a href=""https://news.google.com/rss/articles/CBMibkFVX3lxTE01RUpZOF9wRVk0eVZrYUpYeTIzakwzUjNkWWxRUVI1bTl0ZjUzZkJuWFF6Nm00emRiMHNPVm9VcjNHLThLMEdlV1Q0ZGItTGlzX0MwZ3loMlU2Nks4eHpRQzhnZ2thdEJCeW9SQS1B?oc=5"" target=""_blank"">The Best Smart Scales for 2026</a>&nbsp;&nbsp;<font color=""#6f6f6f"">PCMag UK</font>",digital fitness UK,"<a href=""https://news.google.com/rss/articles/CBMibkFVX3lxTE01RUpZOF9wRVk0eVZrYUpYeTIzakwzUjNkWWxRUVI1bTl0ZjUzZkJuWFF6Nm00emRiMHNPVm9VcjNHLThLMEdlV1Q0ZGItTGlzX0MwZ3loMlU2Nks4eHpRQzhnZ2thdEJCeW9SQS1B?oc=5"" target=""_blank"">The Best Smart Scales for 2026</a>&nbsp;&nbsp;<font color=""#6f6f6f"">PCMag UK</font>"
"UK Fitness Tracker Market Size & Outlook, 2026-2033 - Grand View Research","Wed, 24 Jun 2026 07:00:00 GMT",Grand View Research,https://news.google.com/rss/articles/CBMigAFBVV95cUxPeW5ET0JXbVZBWGxXWkVTanhxbkpxT3VvbEtlX1EyU2pzbTQyVjRqNjhJMEFEYkF5SHdCZS0yc3U3MDZPYmo2SExnSzJoZXBnZExUeTR4V2pHYlJEVE5qVWZqVFlIZmRaN3FKLWNWdktkanNsMHJqQkdWX05SRllOeA?oc=5,"<a href=""https://news.google.com/rss/articles/CBMigAFBVV95cUxPeW5ET0JXbVZBWGxXWkVTanhxbkpxT3VvbEtlX1EyU2pzbTQyVjRqNjhJMEFEYkF5SHdCZS0yc3U3MDZPYmo2SExnSzJoZXBnZExUeTR4V2pHYlJEVE5qVWZqVFlIZmRaN3FKLWNWdktkanNsMHJqQkdWX05SRllOeA?oc=5"" target=""_blank"">UK Fitness Tracker Market Size & Outlook, 2026-2033</a>&nbsp;&nbsp;<font color=""#6f6f6f"">Grand View Research</font>",digital fitness UK,"<a href=""https://news.google.com/rss/articles/CBMigAFBVV95cUxPeW5ET0JXbVZBWGxXWkVTanhxbkpxT3VvbEtlX1EyU2pzbTQyVjRqNjhJMEFEYkF5SHdCZS0yc3U3MDZPYmo2SExnSzJoZXBnZExUeTR4V2pHYlJEVE5qVWZqVFlIZmRaN3FKLWNWdktkanNsMHJqQkdWX05SRllOeA?oc=5"" target=""_blank"">UK Fitness Tracker Market Size & Outlook, 2026-2033</a>&nbsp;&nbsp;<font color=""#6f6f6f"">Grand View Research</font>"
Noa Raises €5 Million to Build a Premium Online Fitness Brand - Maddyness,"Mon, 01 Jun 2026 07:00:00 GMT",Maddyness,https://news.google.com/rss/articles/CBMipAFBVV95cUxQYXJGTDlRMWlKeUJSLXR5LWJseVJyUnZ6cVNjTTNiUWpGMndYcjVSUUtjZXRiS0hIZHo1RXVLQzFkRVJwcnB3ekpHSGFfUXlnWFlQXzBfZThGM2dFX1BoVTJBSnpiSURoblpPYVplUWVoTWg3NkdNSEhlVFVacUZENS1idG9lLWpKV2EwVVBsZmxYNUluMGo0OENDN05BdHM5Z09STA?oc=5,"<a href=""https://news.google.com/rss/articles/CBMipAFBVV95cUxQYXJGTDlRMWlKeUJSLXR5LWJseVJyUnZ6cVNjTTNiUWpGMndYcjVSUUtjZXRiS0hIZHo1RXVLQzFkRVJwcnB3ekpHSGFfUXlnWFlQXzBfZThGM2dFX1BoVTJBSnpiSURoblpPYVplUWVoTWg3NkdNSEhlVFVacUZENS1idG9lLWpKV2EwVVBsZmxYNUluMGo0OENDN05BdHM5Z09STA?oc=5"" target=""_blank"">Noa Raises €5 Million to Build a Premium Online Fitness Brand</a>&nbsp;&nbsp;<font color=""#6f6f6f"">Maddyness</font>",digital fitness UK,"<a href=""https://news.google.com/rss/articles/CBMipAFBVV95cUxQYXJGTDlRMWlKeUJSLXR5LWJseVJyUnZ6cVNjTTNiUWpGMndYcjVSUUtjZXRiS0hIZHo1RXVLQzFkRVJwcnB3ekpHSGFfUXlnWFlQXzBfZThGM2dFX1BoVTJBSnpiSURoblpPYVplUWVoTWg3NkdNSEhlVFVacUZENS1idG9lLWpKV2EwVVBsZmxYNUluMGo0OENDN05BdHM5Z09STA?oc=5"" target=""_blank"">Noa Raises €5 Million to Build a Premium Online Fitness Brand</a>&nbsp;&nbsp;<font color=""#6f6f6f"">Maddyness</font>"
The Hurlingham Club Pairs Elite Performance with Digital Connectivity Via Matrix Fitness Installation - Fitt Insider,"Tue, 26 May 2026 07:00:00 GMT",Fitt Insider,https://news.google.com/rss/articles/CBMi1wFBVV95cUxORkJROGl2ZkxsRzFPLVIyeUp6MUhBSFEyWERMT3ZyQTdJNWpPbkVIVmFUTUd5NXE1ZG5hTDU2SjFSS1h2dlI1RTVWSVR0X2lxY2Q5ajZVZXZzbTZfaTFYMFUwdnRMX3NmbnU3cTlyYnlCRG5oZTFlT2M1X2pQNkJlUWxCNEtWZ1R1VS1lWllNMnoxTDByZGRQMTNReWNKVzZhazNFZl9EdFRnTWk0M0xXSHlDcGFuVGJLOXl6Qjh2U2RGM3RfTUZWb2RCdzc0ZFFiNF9PUjJkMA?oc=5,"<a href=""https://news.google.com/rss/articles/CBMi1wFBVV95cUxORkJROGl2ZkxsRzFPLVIyeUp6MUhBSFEyWERMT3ZyQTdJNWpPbkVIVmFUTUd5NXE1ZG5hTDU2SjFSS1h2dlI1RTVWSVR0X2lxY2Q5ajZVZXZzbTZfaTFYMFUwdnRMX3NmbnU3cTlyYnlCRG5oZTFlT2M1X2pQNkJlUWxCNEtWZ1R1VS1lWllNMnoxTDByZGRQMTNReWNKVzZhazNFZl9EdFRnTWk0M0xXSHlDcGFuVGJLOXl6Qjh2U2RGM3RfTUZWb2RCdzc0ZFFiNF9PUjJkMA?oc=5"" target=""_blank"">The Hurlingham Club Pairs Elite Performance with Digital Connectivity Via Matrix Fitness Installation</a>&nbsp;&nbsp;<font color=""#6f6f6f"">Fitt Insider</font>",digital fitness UK,"<a href=""https://news.google.com/rss/articles/CBMi1wFBVV95cUxORkJROGl2ZkxsRzFPLVIyeUp6MUhBSFEyWERMT3ZyQTdJNWpPbkVIVmFUTUd5NXE1ZG5hTDU2SjFSS1h2dlI1RTVWSVR0X2lxY2Q5ajZVZXZzbTZfaTFYMFUwdnRMX3NmbnU3cTlyYnlCRG5oZTFlT2M1X2pQNkJlUWxCNEtWZ1R1VS1lWllNMnoxTDByZGRQMTNReWNKVzZhazNFZl9EdFRnTWk0M0xXSHlDcGFuVGJLOXl6Qjh2U2RGM3RfTUZWb2RCdzc0ZFFiNF9PUjJkMA?oc=5"" target=""_blank"">The Hurlingham Club Pairs Elite Performance with Digital Connectivity Via Matrix Fitness Installation</a>&nbsp;&nbsp;<font color=""#6f6f6f"">Fitt Insider</font>"
The best smart scales 2026: Understand more than just your weight - TechRadar,"Wed, 15 Jul 2026 07:00:00 GMT",TechRadar,https://news.google.com/rss/articles/CBMiXEFVX3lxTE5TTjFQajNlbHhlM0VMR2VWRThZeG93U2Vib3dzXzlvWmZhMnh1MzA1VFIzbF9jejhKMW5kNnotaHdWSzNST01QQWNEVVk4cG9KTXI5ZXd6eEY5RVR0?oc=5,"<a href=""https://news.google.com/rss/articles/CBMiXEFVX3lxTE5TTjFQajNlbHhlM0VMR2VWRThZeG93U2Vib3dzXzlvWmZhMnh1MzA1VFIzbF9jejhKMW5kNnotaHdWSzNST01QQWNEVVk4cG9KTXI5ZXd6eEY5RVR0?oc=5"" target=""_blank"">The best smart scales 2026: Understand more than just your weight</a>&nbsp;&nbsp;<font color=""#6f6f6f"">TechRadar</font>",digital fitness UK,"<a href=""https://news.google.com/rss/articles/CBMiXEFVX3lxTE5TTjFQajNlbHhlM0VMR2VWRThZeG93U2Vib3dzXzlvWmZhMnh1MzA1VFIzbF9jejhKMW5kNnotaHdWSzNST01QQWNEVVk4cG9KTXI5ZXd6eEY5RVR0?oc=5"" target=""_blank"">The best smart scales 2026: Understand more than just your weight</a>&nbsp;&nbsp;<font color=""#6f6f6f"">TechRadar</font>"
Best kids’ smartwatches for parents to buy in 2026 - The Independent,"Tue, 10 Mar 2026 07:00:00 GMT",The Independent,https://news.google.com/rss/articles/CBMijgFBVV95cUxPeE9tRkFna3JrcDNmOEZkM0JHZ1UwcWtnN0R2ekZNTU02SjFjV0x2MnkzN0c4Y3RUVWdVU1ZoeUlhZGQ5Yy0tbGo5Yk9zbVRlb2dsMzZEMzFhbTE2RHA0cHZDRnFReDZodFFVNkhaUllxT21TRlBFaTVfWGlscUZjQkZueHlSemtRT0o3dUR3?oc=5,"<a href=""https://news.google.com/rss/articles/CBMijgFBVV95cUxPeE9tRkFna3JrcDNmOEZkM0JHZ1UwcWtnN0R2ekZNTU02SjFjV0x2MnkzN0c4Y3RUVWdVU1ZoeUlhZGQ5Yy0tbGo5Yk9zbVRlb2dsMzZEMzFhbTE2RHA0cHZDRnFReDZodFFVNkhaUllxT21TRlBFaTVfWGlscUZjQkZueHlSemtRT0o3dUR3?oc=5"" target=""_blank"">Best kids’ smartwatches for parents to buy in 2026</a>&nbsp;&nbsp;<font color=""#6f6f6f"">The Independent</font>",digital fitness UK,"<a href=""https://news.google.com/rss/articles/CBMijgFBVV95cUxPeE9tRkFna3JrcDNmOEZkM0JHZ1UwcWtnN0R2ekZNTU02SjFjV0x2MnkzN0c4Y3RUVWdVU1ZoeUlhZGQ5Yy0tbGo5Yk9zbVRlb2dsMzZEMzFhbTE2RHA0cHZDRnFReDZodFFVNkhaUllxT21TRlBFaTVfWGlscUZjQkZueHlSemtRT0o3dUR3?oc=5"" target=""_blank"">Best kids’ smartwatches for parents to buy in 2026</a>&nbsp;&nbsp;<font color=""#6f6f6f"">The Independent</font>"
Fitness tracking under scrutiny as Strava military data leak exposes personnel - Digital Trends,"Sun, 05 Apr 2026 07:00:00 GMT",Digital Trends,https://news.google.com/rss/articles/CBMiuwFBVV95cUxNeXpVNkVxdHNmTV9rcWdIcXhyb05QcVBkM2gzb1N4Y28yQTZtdHBoSTk0OEcyNkVZa0NEOU1NMHZoYW9NT0RyOTR6MEh0MUhVYjZReVZ3dFVtWHdFd01PZ1I1X21ZQXlKM21kOEoxaktHc3kzZUFKYl9DeDJfM0JVR1g5ckloeENKYXplMmRMMFRGSkFQeFRaODNUaXlGeWhUTG15dE9WOTNmZFNOVGxLZTJidzJnYUd6YXdr?oc=5,"<a href=""https://news.google.com/rss/articles/CBMiuwFBVV95cUxNeXpVNkVxdHNmTV9rcWdIcXhyb05QcVBkM2gzb1N4Y28yQTZtdHBoSTk0OEcyNkVZa0NEOU1NMHZoYW9NT0RyOTR6MEh0MUhVYjZReVZ3dFVtWHdFd01PZ1I1X21ZQXlKM21kOEoxaktHc3kzZUFKYl9DeDJfM0JVR1g5ckloeENKYXplMmRMMFRGSkFQeFRaODNUaXlGeWhUTG15dE9WOTNmZFNOVGxLZTJidzJnYUd6YXdr?oc=5"" target=""_blank"">Fitness tracking under scrutiny as Strava military data leak exposes personnel</a>&nbsp;&nbsp;<font color=""#6f6f6f"">Digital Trends</font>",digital fitness UK,"<a href=""https://news.google.com/rss/articles/CBMiuwFBVV95cUxNeXpVNkVxdHNmTV9rcWdIcXhyb05QcVBkM2gzb1N4Y28yQTZtdHBoSTk0OEcyNkVZa0NEOU1NMHZoYW9NT0RyOTR6MEh0MUhVYjZReVZ3dFVtWHdFd01PZ1I1X21ZQXlKM21kOEoxaktHc3kzZUFKYl9DeDJfM0JVR1g5ckloeENKYXplMmRMMFRGSkFQeFRaODNUaXlGeWhUTG15dE9WOTNmZFNOVGxLZTJidzJnYUd6YXdr?oc=5"" target=""_blank"">Fitness tracking under scrutiny as Strava military data leak exposes personnel</a>&nbsp;&nbsp;<font color=""#6f6f6f"">Digital Trends</font>"
Fitness Industry Statistics 2021-2028 [Market Research] - RunRepeat,"Thu, 02 Nov 2023 07:00:00 GMT",RunRepeat,https://news.google.com/rss/articles/CBMiU0FVX3lxTE9KU3k5Y1F2Ti0td1V3RnZxNFNzc1k0YkhudkozOFZEaWhueVFlUU1WaFlmSDJmUWdBbkxYQlZodThzQ2VyUTU0aExkbjVKLU00aTJF?oc=5,"<a href=""https://news.google.com/rss/articles/CBMiU0FVX3lxTE9KU3k5Y1F2Ti0td1V3RnZxNFNzc1k0YkhudkozOFZEaWhueVFlUU1WaFlmSDJmUWdBbkxYQlZodThzQ2VyUTU0aExkbjVKLU00aTJF?oc=5"" target=""_blank"">Fitness Industry Statistics 2021-2028 [Market Research]</a>&nbsp;&nbsp;<font color=""#6f6f6f"">RunRepeat</font>",digital fitness UK,"<a href=""https://news.google.com/rss/articles/CBMiU0FVX3lxTE9KU3k5Y1F2Ti0td1V3RnZxNFNzc1k0YkhudkozOFZEaWhueVFlUU1WaFlmSDJmUWdBbkxYQlZodThzQ2VyUTU0aExkbjVKLU00aTJF?oc=5"" target=""_blank"">Fitness Industry Statistics 2021-2028 [Market Research]</a>&nbsp;&nbsp;<font color=""#6f6f6f"">RunRepeat</font>"
Coronavirus creates boom in digital fitness - bbc.co.uk,"Wed, 16 Dec 2020 08:00:00 GMT",bbc.co.uk,https://news.google.com/rss/articles/CBMiWkFVX3lxTFBrU3liUC1mQ1JZQVM3YUhhWTd0T293VU0teGpvWmhWZWkwZG8zaVI3LThFZVBiNS1xSXRucDJDSkVHM0ZOWEFvMUF1eC01R28yYWM3cEdid0lUQQ?oc=5,"<a href=""https://news.google.com/rss/articles/CBMiWkFVX3lxTFBrU3liUC1mQ1JZQVM3YUhhWTd0T293VU0teGpvWmhWZWkwZG8zaVI3LThFZVBiNS1xSXRucDJDSkVHM0ZOWEFvMUF1eC01R28yYWM3cEdid0lUQQ?oc=5"" target=""_blank"">Coronavirus creates boom in digital fitness</a>&nbsp;&nbsp;<font color=""#6f6f6f"">bbc.co.uk</font>",digital fitness UK,"<a href=""https://news.google.com/rss/articles/CBMiWkFVX3lxTFBrU3liUC1mQ1JZQVM3YUhhWTd0T293VU0teGpvWmhWZWkwZG8zaVI3LThFZVBiNS1xSXRucDJDSkVHM0ZOWEFvMUF1eC01R28yYWM3cEdid0lUQQ?oc=5"" target=""_blank"">Coronavirus creates boom in digital fitness</a>&nbsp;&nbsp;<font color=""#6f6f6f"">bbc.co.uk</font>"
UK fitness brand 1Rebel taps Zoom Media digital advertising platform across London studios - Retail Technology Innovation Hub,"Wed, 24 Sep 2025 07:00:00 GMT",Retail Technology Innovation Hub,https://news.google.com/rss/articles/CBMi2AFBVV95cUxQX2JHXzY2ZHhpZC1EU3hLaENzck9Md3dHbXppakg4RFgwcVluSmhZRVhCY19hOUwtRjNKUmwxUnpZc2VSdzVwMWVrYWlvdG14amhXZFRLTTFjZVhvY1gxVWhTcEltWnRlZlVIQ09lMHpKNWd1ZjdPMzcxLUpZdC14cWdDazFiZlA5akxMb2w3RnRLRG91UkdGb3BmcUMzM1Y0WjNoRjZocVlFdHFMeVV5WnNoSlJnNmdYRm03NEJjamR5a3dPX0pnbHgtWGtHZGFsUWVXYmZyM04?oc=5,"<a href=""https://news.google.com/rss/articles/CBMi2AFBVV95cUxQX2JHXzY2ZHhpZC1EU3hLaENzck9Md3dHbXppakg4RFgwcVluSmhZRVhCY19hOUwtRjNKUmwxUnpZc2VSdzVwMWVrYWlvdG14amhXZFRLTTFjZVhvY1gxVWhTcEltWnRlZlVIQ09lMHpKNWd1ZjdPMzcxLUpZdC14cWdDazFiZlA5akxMb2w3RnRLRG91UkdGb3BmcUMzM1Y0WjNoRjZocVlFdHFMeVV5WnNoSlJnNmdYRm03NEJjamR5a3dPX0pnbHgtWGtHZGFsUWVXYmZyM04?oc=5"" target=""_blank"">UK fitness brand 1Rebel taps Zoom Media digital advertising platform across London studios</a>&nbsp;&nbsp;<font color=""#6f6f6f"">Retail Technology Innovation Hub</font>",digital fitness UK,"<a href=""https://news.google.com/rss/articles/CBMi2AFBVV95cUxQX2JHXzY2ZHhpZC1EU3hLaENzck9Md3dHbXppakg4RFgwcVluSmhZRVhCY19hOUwtRjNKUmwxUnpZc2VSdzVwMWVrYWlvdG14amhXZFRLTTFjZVhvY1gxVWhTcEltWnRlZlVIQ09lMHpKNWd1ZjdPMzcxLUpZdC14cWdDazFiZlA5akxMb2w3RnRLRG91UkdGb3BmcUMzM1Y0WjNoRjZocVlFdHFMeVV5WnNoSlJnNmdYRm03NEJjamR5a3dPX0pnbHgtWGtHZGFsUWVXYmZyM04?oc=5"" target=""_blank"">UK fitness brand 1Rebel taps Zoom Media digital advertising platform across London studios</a>&nbsp;&nbsp;<font color=""#6f6f6f"">Retail Technology Innovation Hub</font>"
The rise of digital fitness: can the new wave of high-intensity home workouts replace the gym? - The Guardian,"Mon, 19 Aug 2019 07:00:00 GMT",The Guardian,https://news.google.com/rss/articles/CBMi3gFBVV95cUxPZ1pRcFU5N1ZyUmtBeGEtLWdGOTJfLU8wWWh6LS1QRVBnQUNHQWtlTHcySXpqU0RQcmFRX0NYWUMwM0lTcXZoNTBvQVdFRDZMSVZxSkRUUEIzQzRLSlhwRXFNSkJHelozMEN0STFIZUI2eEpHM0VPSGc3UjdFbHR1dG40NENpV0l3VzB6amliNFRJV01IaEtXTlBOajlvbnhCUjY2UVd4cGhwaHZaS05CSl9UXzhzZ1M4RUFQcmFsdmk2MWREZFlHYmE5SWZWRXpwUHJPbXd2dEVGVUUyNHc?oc=5,"<a href=""https://news.google.com/rss/articles/CBMi3gFBVV95cUxPZ1pRcFU5N1ZyUmtBeGEtLWdGOTJfLU8wWWh6LS1QRVBnQUNHQWtlTHcySXpqU0RQcmFRX0NYWUMwM0lTcXZoNTBvQVdFRDZMSVZxSkRUUEIzQzRLSlhwRXFNSkJHelozMEN0STFIZUI2eEpHM0VPSGc3UjdFbHR1dG40NENpV0l3VzB6amliNFRJV01IaEtXTlBOajlvbnhCUjY2UVd4cGhwaHZaS05CSl9UXzhzZ1M4RUFQcmFsdmk2MWREZFlHYmE5SWZWRXpwUHJPbXd2dEVGVUUyNHc?oc=5"" target=""_blank"">The rise of digital fitness: can the new wave of high-intensity home workouts replace the gym?</a>&nbsp;&nbsp;<font color=""#6f6f6f"">The Guardian</font>",digital fitness UK,"<a href=""https://news.google.com/rss/articles/CBMi3gFBVV95cUxPZ1pRcFU5N1ZyUmtBeGEtLWdGOTJfLU8wWWh6LS1QRVBnQUNHQWtlTHcySXpqU0RQcmFRX0NYWUMwM0lTcXZoNTBvQVdFRDZMSVZxSkRUUEIzQzRLSlhwRXFNSkJHelozMEN0STFIZUI2eEpHM0VPSGc3UjdFbHR1dG40NENpV0l3VzB6amliNFRJV01IaEtXTlBOajlvbnhCUjY2UVd4cGhwaHZaS05CSl9UXzhzZ1M4RUFQcmFsdmk2MWREZFlHYmE5SWZWRXpwUHJPbXd2dEVGVUUyNHc?oc=5"" target=""_blank"">The rise of digital fitness: can the new wave of high-intensity home workouts replace the gym?</a>&nbsp;&nbsp;<font color=""#6f6f6f"">The Guardian</font>"
"UK Health and Fitness Clubs - Digital Marketing Benchmark Report, Q2 2025 - ClickThrough Marketing","Mon, 28 Apr 2025 07:00:00 GMT",ClickThrough Marketing,https://news.google.com/rss/articles/CBMi2gFBVV95cUxQRGJfRjRoUkswRENQby1jalExbnB1STJvNU9qb1BMNHA1X1RvemxHNW5HeUFIRVB4R1I0VTFsWl9EbnN2WFhVVjdBQ3lTcjBrOThpN1dlbXczR3RXV2ZTcGIyanMtcHdPeEdYeHhnNVVMdEw5dktOalduSGxtTkVvQlRhbjFIZDRGM1NzclhoRTQ0Mk9FUFB3RkwtdGRUZEtFNjlzbng0VUNJdjJ0eXVmYVh0YmVPVExxLU5OcGRrZlA0bDdKNWhSMS13YkRhNUNpMnV6Yko5TnhWZ9IB6gFBVV95cUxOYzRhYXVvSHFKY3NBMkJzYlBJWnJCZk42bmN5X1EyckI4djRZNmRpT3J5dnprVEtXREhwLWNtTmk2VnJWS05SUHhzZHBvaC0ydzM0aUtpQ3llNWZjSFJ6RWlaY2V6Z3diTXFvTGFyM09PLWluOS1Fdk8tSEFIa1FVRi1ZZnpMamFtSEN2Rjl0aTM0WDJLd0wxLWY3TzgtRVl2NzduT2trZHplbW4xVldNVkNjQmFYYVBCOXRhd2lDSFpIeXUwcE1KWm1VS0hreTJUamhmb2JHeXBxT1EzWUVuMWM2MlVDNGs4b1E?oc=5,"<a href=""https://news.google.com/rss/articles/CBMi2gFBVV95cUxQRGJfRjRoUkswRENQby1jalExbnB1STJvNU9qb1BMNHA1X1RvemxHNW5HeUFIRVB4R1I0VTFsWl9EbnN2WFhVVjdBQ3lTcjBrOThpN1dlbXczR3RXV2ZTcGIyanMtcHdPeEdYeHhnNVVMdEw5dktOalduSGxtTkVvQlRhbjFIZDRGM1NzclhoRTQ0Mk9FUFB3RkwtdGRUZEtFNjlzbng0VUNJdjJ0eXVmYVh0YmVPVExxLU5OcGRrZlA0bDdKNWhSMS13YkRhNUNpMnV6Yko5TnhWZ9IB6gFBVV95cUxOYzRhYXVvSHFKY3NBMkJzYlBJWnJCZk42bmN5X1EyckI4djRZNmRpT3J5dnprVEtXREhwLWNtTmk2VnJWS05SUHhzZHBvaC0ydzM0aUtpQ3llNWZjSFJ6RWlaY2V6Z3diTXFvTGFyM09PLWluOS1Fdk8tSEFIa1FVRi1ZZnpMamFtSEN2Rjl0aTM0WDJLd0wxLWY3TzgtRVl2NzduT2trZHplbW4xVldNVkNjQmFYYVBCOXRhd2lDSFpIeXUwcE1KWm1VS0hreTJUamhmb2JHeXBxT1EzWUVuMWM2MlVDNGs4b1E?oc=5"" target=""_blank"">UK Health and Fitness Clubs - Digital Marketing Benchmark Report, Q2 2025</a>&nbsp;&nbsp;<font color=""#6f6f6f"">ClickThrough Marketing</font>",digital fitness UK,"<a href=""https://news.google.com/rss/articles/CBMi2gFBVV95cUxQRGJfRjRoUkswRENQby1jalExbnB1STJvNU9qb1BMNHA1X1RvemxHNW5HeUFIRVB4R1I0VTFsWl9EbnN2WFhVVjdBQ3lTcjBrOThpN1dlbXczR3RXV2ZTcGIyanMtcHdPeEdYeHhnNVVMdEw5dktOalduSGxtTkVvQlRhbjFIZDRGM1NzclhoRTQ0Mk9FUFB3RkwtdGRUZEtFNjlzbng0VUNJdjJ0eXVmYVh0YmVPVExxLU5OcGRrZlA0bDdKNWhSMS13YkRhNUNpMnV6Yko5TnhWZ9IB6gFBVV95cUxOYzRhYXVvSHFKY3NBMkJzYlBJWnJCZk42bmN5X1EyckI4djRZNmRpT3J5dnprVEtXREhwLWNtTmk2VnJWS05SUHhzZHBvaC0ydzM0aUtpQ3llNWZjSFJ6RWlaY2V6Z3diTXFvTGFyM09PLWluOS1Fdk8tSEFIa1FVRi1ZZnpMamFtSEN2Rjl0aTM0WDJLd0wxLWY3TzgtRVl2NzduT2trZHplbW4xVldNVkNjQmFYYVBCOXRhd2lDSFpIeXUwcE1KWm1VS0hreTJUamhmb2JHeXBxT1EzWUVuMWM2MlVDNGs4b1E?oc=5"" target=""_blank"">UK Health and Fitness Clubs - Digital Marketing Benchmark Report, Q2 2025</a>&nbsp;&nbsp;<font color=""#6f6f6f"">ClickThrough Marketing</font>"
"UK Fitness App Market Size & Outlook, 2026-2033 - Grand View Research","Wed, 07 Jan 2026 08:00:00 GMT",Grand View Research,https://news.google.com/rss/articles/CBMie0FVX3lxTFBZQXpXN3QxNkRyMlZzRWFiSXhTZkxoMXpVMHBqYXpZV1NzQmhZd0l6UmJYUXdvN3lpejJtdm1DbFpJdHVJNUtfX0swX3Z0WFJnUXVHdXBSZkVxTWtWOGxmWDhSVVdjTXd6UUMxcFdzQS0xcE5kVG1qRUFDdw?oc=5,"<a href=""https://news.google.com/rss/articles/CBMie0FVX3lxTFBZQXpXN3QxNkRyMlZzRWFiSXhTZkxoMXpVMHBqYXpZV1NzQmhZd0l6UmJYUXdvN3lpejJtdm1DbFpJdHVJNUtfX0swX3Z0WFJnUXVHdXBSZkVxTWtWOGxmWDhSVVdjTXd6UUMxcFdzQS0xcE5kVG1qRUFDdw?oc=5"" target=""_blank"">UK Fitness App Market Size & Outlook, 2026-2033</a>&nbsp;&nbsp;<font color=""#6f6f6f"">Grand View Research</font>",digital fitness UK,"<a href=""https://news.google.com/rss/articles/CBMie0FVX3lxTFBZQXpXN3QxNkRyMlZzRWFiSXhTZkxoMXpVMHBqYXpZV1NzQmhZd0l6UmJYUXdvN3lpejJtdm1DbFpJdHVJNUtfX0swX3Z0WFJnUXVHdXBSZkVxTWtWOGxmWDhSVVdjTXd6UUMxcFdzQS0xcE5kVG1qRUFDdw?oc=5"" target=""_blank"">UK Fitness App Market Size & Outlook, 2026-2033</a>&nbsp;&nbsp;<font color=""#6f6f6f"">Grand View Research</font>"
Online Fitness Market | Global Market Analysis Report - 2035 - Future Market Insights,"Fri, 22 Aug 2025 07:00:00 GMT",Future Market Insights,https://news.google.com/rss/articles/CBMidEFVX3lxTFBldk9Xcnpfc0diZk9fTENwRFh2Zmpxb3QwRzVyWEJLZHRmYWlIZGlJMzYyeE45dzJYbVFVcXhpdU5NMjdicGd2NUlFeFJNUFcyVHM3a3FXb1EtNVNqMTN4NUxlTFhFT3c4bEZMdWktRHo5aXVV?oc=5,"<a href=""https://news.google.com/rss/articles/CBMidEFVX3lxTFBldk9Xcnpfc0diZk9fTENwRFh2Zmpxb3QwRzVyWEJLZHRmYWlIZGlJMzYyeE45dzJYbVFVcXhpdU5NMjdicGd2NUlFeFJNUFcyVHM3a3FXb1EtNVNqMTN4NUxlTFhFT3c4bEZMdWktRHo5aXVV?oc=5"" target=""_blank"">Online Fitness Market | Global Market Analysis Report - 2035</a>&nbsp;&nbsp;<font color=""#6f6f6f"">Future Market Insights</font>",digital fitness UK,"<a href=""https://news.google.com/rss/articles/CBMidEFVX3lxTFBldk9Xcnpfc0diZk9fTENwRFh2Zmpxb3QwRzVyWEJLZHRmYWlIZGlJMzYyeE45dzJYbVFVcXhpdU5NMjdicGd2NUlFeFJNUFcyVHM3a3FXb1EtNVNqMTN4NUxlTFhFT3c4bEZMdWktRHo5aXVV?oc=5"" target=""_blank"">Online Fitness Market | Global Market Analysis Report - 2035</a>&nbsp;&nbsp;<font color=""#6f6f6f"">Future Market Insights</font>"
Nike partners with Strava to bolster digital fitness experience - FashionNetwork France,"Mon, 22 May 2023 07:00:00 GMT",FashionNetwork France,https://news.google.com/rss/articles/CBMisAFBVV95cUxNTjRCX0pzbXpBenNtdjktTVVnMWw1MWpJbWhXSHltZUZCYTJoTVdZbFRBMk45dlJWV2E3bzVhb2Z3akJaamJDSGRWWUY0VDRqT0hudHZJcDNEMDJEMndNX0UtRHYtQ1FsM18ycXQxdGxYNHpsSm5MLWRhaXVSMVlfTkJqai12YXNxSlVzOExWR3pGTmlUbU9DeFFQeUhablY1ZWVrbGRlNnREVm1SNllXZw?oc=5,"<a href=""https://news.google.com/rss/articles/CBMisAFBVV95cUxNTjRCX0pzbXpBenNtdjktTVVnMWw1MWpJbWhXSHltZUZCYTJoTVdZbFRBMk45dlJWV2E3bzVhb2Z3akJaamJDSGRWWUY0VDRqT0hudHZJcDNEMDJEMndNX0UtRHYtQ1FsM18ycXQxdGxYNHpsSm5MLWRhaXVSMVlfTkJqai12YXNxSlVzOExWR3pGTmlUbU9DeFFQeUhablY1ZWVrbGRlNnREVm1SNllXZw?oc=5"" target=""_blank"">Nike partners with Strava to bolster digital fitness experience</a>&nbsp;&nbsp;<font color=""#6f6f6f"">FashionNetwork France</font>",digital fitness UK,"<a href=""https://news.google.com/rss/articles/CBMisAFBVV95cUxNTjRCX0pzbXpBenNtdjktTVVnMWw1MWpJbWhXSHltZUZCYTJoTVdZbFRBMk45dlJWV2E3bzVhb2Z3akJaamJDSGRWWUY0VDRqT0hudHZJcDNEMDJEMndNX0UtRHYtQ1FsM18ycXQxdGxYNHpsSm5MLWRhaXVSMVlfTkJqai12YXNxSlVzOExWR3pGTmlUbU9DeFFQeUhablY1ZWVrbGRlNnREVm1SNllXZw?oc=5"" target=""_blank"">Nike partners with Strava to bolster digital fitness experience</a>&nbsp;&nbsp;<font color=""#6f6f6f"">FashionNetwork France</font>"
COVID's Impact on the Fitness Industry [35+ Stats and Facts] - RunRepeat,"Wed, 28 Jun 2023 07:00:00 GMT",RunRepeat,https://news.google.com/rss/articles/CBMiakFVX3lxTE5maTkwRHJUVzV0T0JBYkhHWmpmcmZWOURBcEtfeFhjTUs3cGxjbThJdGY5UHVwTS1TX0lGMHBnUm41X2VzbjJwakVOTlp2STRHQ2tIUEVhNWdTczI3dFVnbWYtbEhobC1neUE?oc=5,"<a href=""https://news.google.com/rss/articles/CBMiakFVX3lxTE5maTkwRHJUVzV0T0JBYkhHWmpmcmZWOURBcEtfeFhjTUs3cGxjbThJdGY5UHVwTS1TX0lGMHBnUm41X2VzbjJwakVOTlp2STRHQ2tIUEVhNWdTczI3dFVnbWYtbEhobC1neUE?oc=5"" target=""_blank"">COVID's Impact on the Fitness Industry [35+ Stats and Facts]</a>&nbsp;&nbsp;<font color=""#6f6f6f"">RunRepeat</font>",digital fitness UK,"<a href=""https://news.google.com/rss/articles/CBMiakFVX3lxTE5maTkwRHJUVzV0T0JBYkhHWmpmcmZWOURBcEtfeFhjTUs3cGxjbThJdGY5UHVwTS1TX0lGMHBnUm41X2VzbjJwakVOTlp2STRHQ2tIUEVhNWdTczI3dFVnbWYtbEhobC1neUE?oc=5"" target=""_blank"">COVID's Impact on the Fitness Industry [35+ Stats and Facts]</a>&nbsp;&nbsp;<font color=""#6f6f6f"">RunRepeat</font>"
"UK Health and Fitness Clubs - Digital Marketing Benchmark Report, Q3 2023 - ClickThrough Marketing","Thu, 31 Aug 2023 07:00:00 GMT",ClickThrough Marketing,https://news.google.com/rss/articles/CBMi2gFBVV95cUxQVlp2M29BRmowVnFMbUFGRjFrZXRTQi04U1dSOF9NZlN5UHUtaGhmc3RJaEhTelhob2pHTVdibEh3d3o2VmFaOF9zeG4zdE1KZTVyRlA1VTN4VFRFYnFXUDdhYm9rRzNIVEYyeFprbmh4RHVkZ0ZrSHpfeUFFSnBPY05qYjNtUURBaU9RcUU4MGM5VjdVYS1NeTVsNnoxOUIzV0drNjVybFI0TUFqTWducFVocHlPckFuckJEbWhubkVBUU5RNVdIS3pOVmh2MF9GV2Q5ZUNUWU9tZ9IB6gFBVV95cUxQRHdtTmtKcWp3cDU4Vi04d3lBSUx6MzhuMlhkU2JyY05Tank1VUZrVllOdjNXVGhoQ2hVeTZlNGREMENJR3ByME9pQW1yS0VscmlnNElwd0NCZ2JLbXhFNVlWelpRYnI1V3hVdHd6di1zaU9Na2t0cXRvQkd6RnRZdlcteFBwbEpvMHJ3UjFJeVpBQktmWThlMjFjZHI2SlBiSk04cE8telZwUWI0N0lsM3RkLThSUFBpS19QWk01REtoYnhKVlBYbUdXaF90LUNQamNCUzRTREoyTk1GQ0dUdUhUd2VCMWtaVGc?oc=5,"<a href=""https://news.google.com/rss/articles/CBMi2gFBVV95cUxQVlp2M29BRmowVnFMbUFGRjFrZXRTQi04U1dSOF9NZlN5UHUtaGhmc3RJaEhTelhob2pHTVdibEh3d3o2VmFaOF9zeG4zdE1KZTVyRlA1VTN4VFRFYnFXUDdhYm9rRzNIVEYyeFprbmh4RHVkZ0ZrSHpfeUFFSnBPY05qYjNtUURBaU9RcUU4MGM5VjdVYS1NeTVsNnoxOUIzV0drNjVybFI0TUFqTWducFVocHlPckFuckJEbWhubkVBUU5RNVdIS3pOVmh2MF9GV2Q5ZUNUWU9tZ9IB6gFBVV95cUxQRHdtTmtKcWp3cDU4Vi04d3lBSUx6MzhuMlhkU2JyY05Tank1VUZrVllOdjNXVGhoQ2hVeTZlNGREMENJR3ByME9pQW1yS0VscmlnNElwd0NCZ2JLbXhFNVlWelpRYnI1V3hVdHd6di1zaU9Na2t0cXRvQkd6RnRZdlcteFBwbEpvMHJ3UjFJeVpBQktmWThlMjFjZHI2SlBiSk04cE8telZwUWI0N0lsM3RkLThSUFBpS19QWk01REtoYnhKVlBYbUdXaF90LUNQamNCUzRTREoyTk1GQ0dUdUhUd2VCMWtaVGc?oc=5"" target=""_blank"">UK Health and Fitness Clubs - Digital Marketing Benchmark Report, Q3 2023</a>&nbsp;&nbsp;<font color=""#6f6f6f"">ClickThrough Marketing</font>",digital fitness UK,"<a href=""https://news.google.com/rss/articles/CBMi2gFBVV95cUxQVlp2M29BRmowVnFMbUFGRjFrZXRTQi04U1dSOF9NZlN5UHUtaGhmc3RJaEhTelhob2pHTVdibEh3d3o2VmFaOF9zeG4zdE1KZTVyRlA1VTN4VFRFYnFXUDdhYm9rRzNIVEYyeFprbmh4RHVkZ0ZrSHpfeUFFSnBPY05qYjNtUURBaU9RcUU4MGM5VjdVYS1NeTVsNnoxOUIzV0drNjVybFI0TUFqTWducFVocHlPckFuckJEbWhubkVBUU5RNVdIS3pOVmh2MF9GV2Q5ZUNUWU9tZ9IB6gFBVV95cUxQRHdtTmtKcWp3cDU4Vi04d3lBSUx6MzhuMlhkU2JyY05Tank1VUZrVllOdjNXVGhoQ2hVeTZlNGREMENJR3ByME9pQW1yS0VscmlnNElwd0NCZ2JLbXhFNVlWelpRYnI1V3hVdHd6di1zaU9Na2t0cXRvQkd6RnRZdlcteFBwbEpvMHJ3UjFJeVpBQktmWThlMjFjZHI2SlBiSk04cE8telZwUWI0N0lsM3RkLThSUFBpS19QWk01REtoYnhKVlBYbUdXaF90LUNQamNCUzRTREoyTk1GQ0dUdUhUd2VCMWtaVGc?oc=5"" target=""_blank"">UK Health and Fitness Clubs - Digital Marketing Benchmark Report, Q3 2023</a>&nbsp;&nbsp;<font color=""#6f6f6f"">ClickThrough Marketing</font>"
"UK Health and Fitness Clubs - Digital Marketing Benchmark Report, Q1 2024 - ClickThrough Marketing","Wed, 27 Mar 2024 07:00:00 GMT",ClickThrough Marketing,https://news.google.com/rss/articles/CBMi2gFBVV95cUxQLWpmRloxQnpCODBpalh3SEx0LTV2Z2kxc1AtSXNwMmRrNS1PS3RobUpMSXU1QkNDMDBhb2l4Zm5adl92QlBTUHo4WkVnaWcwWDVlOTdBeFlUbF9NbDU3TzRZYVRWQUlkT1NDZmFVaXZ1dHBtTThwSWxUMW9LdFpER05WaTJfMXZ0Ymt6OGlSbXQ5RVJFd3NMT1VBOXZCd3Y3MlZObGFpUzlGYU1JdnNOZ3RHbXBUcTlkNU9MSlJaNTdUb0tZTXYwSXZ4VktsV3Fud08xdlk3X25WUdIB6gFBVV95cUxOWjVtSERwYUJDckRvN09oSTdicTlQZVo3VTd1X1RkSXZHV0o5RDVLTS11d3NuYlpNWmFvemFGOXhSNUF0WEY3dlVJem1PYjRpZnJ0b2FERFVNZU5TVUZFWVdMTTlHQTh0THBvRDd2MndmdDA0WmxnR0hUeFJrVHZMajVOYmV4WEQwQjRzOU90N3VkMm5lS0tyeVdxWHVpemVGTC0wZ0FLOUlXT0h5VmVKX05rMl84Y2tObmRySkRYaHZuZ3lfcWRhRHR0bWd0aEtkM2lha3I4Zll5cmJlbmlCYi1rTE1ZZmNLUXc?oc=5,"<a href=""https://news.google.com/rss/articles/CBMi2gFBVV95cUxQLWpmRloxQnpCODBpalh3SEx0LTV2Z2kxc1AtSXNwMmRrNS1PS3RobUpMSXU1QkNDMDBhb2l4Zm5adl92QlBTUHo4WkVnaWcwWDVlOTdBeFlUbF9NbDU3TzRZYVRWQUlkT1NDZmFVaXZ1dHBtTThwSWxUMW9LdFpER05WaTJfMXZ0Ymt6OGlSbXQ5RVJFd3NMT1VBOXZCd3Y3MlZObGFpUzlGYU1JdnNOZ3RHbXBUcTlkNU9MSlJaNTdUb0tZTXYwSXZ4VktsV3Fud08xdlk3X25WUdIB6gFBVV95cUxOWjVtSERwYUJDckRvN09oSTdicTlQZVo3VTd1X1RkSXZHV0o5RDVLTS11d3NuYlpNWmFvemFGOXhSNUF0WEY3dlVJem1PYjRpZnJ0b2FERFVNZU5TVUZFWVdMTTlHQTh0THBvRDd2MndmdDA0WmxnR0hUeFJrVHZMajVOYmV4WEQwQjRzOU90N3VkMm5lS0tyeVdxWHVpemVGTC0wZ0FLOUlXT0h5VmVKX05rMl84Y2tObmRySkRYaHZuZ3lfcWRhRHR0bWd0aEtkM2lha3I4Zll5cmJlbmlCYi1rTE1ZZmNLUXc?oc=5"" target=""_blank"">UK Health and Fitness Clubs - Digital Marketing Benchmark Report, Q1 2024</a>&nbsp;&nbsp;<font color=""#6f6f6f"">ClickThrough Marketing</font>",digital fitness UK,"<a href=""https://news.google.com/rss/articles/CBMi2gFBVV95cUxQLWpmRloxQnpCODBpalh3SEx0LTV2Z2kxc1AtSXNwMmRrNS1PS3RobUpMSXU1QkNDMDBhb2l4Zm5adl92QlBTUHo4WkVnaWcwWDVlOTdBeFlUbF9NbDU3TzRZYVRWQUlkT1NDZmFVaXZ1dHBtTThwSWxUMW9LdFpER05WaTJfMXZ0Ymt6OGlSbXQ5RVJFd3NMT1VBOXZCd3Y3MlZObGFpUzlGYU1JdnNOZ3RHbXBUcTlkNU9MSlJaNTdUb0tZTXYwSXZ4VktsV3Fud08xdlk3X25WUdIB6gFBVV95cUxOWjVtSERwYUJDckRvN09oSTdicTlQZVo3VTd1X1RkSXZHV0o5RDVLTS11d3NuYlpNWmFvemFGOXhSNUF0WEY3dlVJem1PYjRpZnJ0b2FERFVNZU5TVUZFWVdMTTlHQTh0THBvRDd2MndmdDA0WmxnR0hUeFJrVHZMajVOYmV4WEQwQjRzOU90N3VkMm5lS0tyeVdxWHVpemVGTC0wZ0FLOUlXT0h5VmVKX05rMl84Y2tObmRySkRYaHZuZ3lfcWRhRHR0bWd0aEtkM2lha3I4Zll5cmJlbmlCYi1rTE1ZZmNLUXc?oc=5"" target=""_blank"">UK Health and Fitness Clubs - Digital Marketing Benchmark Report, Q1 2024</a>&nbsp;&nbsp;<font color=""#6f6f6f"">ClickThrough Marketing</font>"
I took my teen on a digital detox – she threatened to murder me - The Telegraph,"Sun, 03 May 2026 07:00:00 GMT",The Telegraph,https://news.google.com/rss/articles/CBMiiAFBVV95cUxPMzNybl9rU1F1QUIwZ18tVHRKVzJFZnVRNTJIUGQtT09RRXNHTG9FTWZYSzFlRmNKeDAzV3hCU3RRNzdQNHVwUDNFa2d4LU52UERZM3B3V2x2LXk0ejE1WWx0N2ZnR0Q4MzRYdkVBbElGYTllN0tyRzhmeS02MWQwTFZSZGlic29V?oc=5,"<a href=""https://news.google.com/rss/articles/CBMiiAFBVV95cUxPMzNybl9rU1F1QUIwZ18tVHRKVzJFZnVRNTJIUGQtT09RRXNHTG9FTWZYSzFlRmNKeDAzV3hCU3RRNzdQNHVwUDNFa2d4LU52UERZM3B3V2x2LXk0ejE1WWx0N2ZnR0Q4MzRYdkVBbElGYTllN0tyRzhmeS02MWQwTFZSZGlic29V?oc=5"" target=""_blank"">I took my teen on a digital detox – she threatened to murder me</a>&nbsp;&nbsp;<font color=""#6f6f6f"">The Telegraph</font>",digital fitness UK,"<a href=""https://news.google.com/rss/articles/CBMiiAFBVV95cUxPMzNybl9rU1F1QUIwZ18tVHRKVzJFZnVRNTJIUGQtT09RRXNHTG9FTWZYSzFlRmNKeDAzV3hCU3RRNzdQNHVwUDNFa2d4LU52UERZM3B3V2x2LXk0ejE1WWx0N2ZnR0Q4MzRYdkVBbElGYTllN0tyRzhmeS02MWQwTFZSZGlic29V?oc=5"" target=""_blank"">I took my teen on a digital detox – she threatened to murder me</a>&nbsp;&nbsp;<font color=""#6f6f6f"">The Telegraph</font>"
Exclusive digital workout tech completes gym refurbishment at Queen's Park Health and Fitness - St Helens Borough Council,"Fri, 20 Feb 2026 08:00:00 GMT",St Helens Borough Council,https://news.google.com/rss/articles/CBMi0AFBVV95cUxPLU5TQjluMUNnOEFaNjNlR09MSmVVZHNGUjVTbTRQRWlod3VnYlZmWTI4cGNNM3FITlExSEtCdnRKRU0tXzVTZ05vNm5tRkxXNGZoekxBTUpiQWYyNlh1UkhrVWFESkRsLW42NHZmejVpQi1nNkhOZm9HSVB1aWRJUU54Z004Q2E1MUZwbjkzX21vci1Yc0dleGtNclZhQWZUa3J1a1RXYjY2M2NoT3VIWlJ5eDAzeGctOHZ6MEtxcGhrNVNOZV83MnNXdE0xQTF2?oc=5,"<a href=""https://news.google.com/rss/articles/CBMi0AFBVV95cUxPLU5TQjluMUNnOEFaNjNlR09MSmVVZHNGUjVTbTRQRWlod3VnYlZmWTI4cGNNM3FITlExSEtCdnRKRU0tXzVTZ05vNm5tRkxXNGZoekxBTUpiQWYyNlh1UkhrVWFESkRsLW42NHZmejVpQi1nNkhOZm9HSVB1aWRJUU54Z004Q2E1MUZwbjkzX21vci1Yc0dleGtNclZhQWZUa3J1a1RXYjY2M2NoT3VIWlJ5eDAzeGctOHZ6MEtxcGhrNVNOZV83MnNXdE0xQTF2?oc=5"" target=""_blank"">Exclusive digital workout tech completes gym refurbishment at Queen's Park Health and Fitness</a>&nbsp;&nbsp;<font color=""#6f6f6f"">St Helens Borough Council</font>",digital fitness UK,"<a href=""https://news.google.com/rss/articles/CBMi0AFBVV95cUxPLU5TQjluMUNnOEFaNjNlR09MSmVVZHNGUjVTbTRQRWlod3VnYlZmWTI4cGNNM3FITlExSEtCdnRKRU0tXzVTZ05vNm5tRkxXNGZoekxBTUpiQWYyNlh1UkhrVWFESkRsLW42NHZmejVpQi1nNkhOZm9HSVB1aWRJUU54Z004Q2E1MUZwbjkzX21vci1Yc0dleGtNclZhQWZUa3J1a1RXYjY2M2NoT3VIWlJ5eDAzeGctOHZ6MEtxcGhrNVNOZV83MnNXdE0xQTF2?oc=5"" target=""_blank"">Exclusive digital workout tech completes gym refurbishment at Queen's Park Health and Fitness</a>&nbsp;&nbsp;<font color=""#6f6f6f"">St Helens Borough Council</font>"
"UK Virtual Fitness Market Size & Outlook, 2025-2030 - Grand View Research","Thu, 17 Oct 2024 07:00:00 GMT",Grand View Research,https://news.google.com/rss/articles/CBMigAFBVV95cUxQMHZicE5oMmlrcUhva2FKNjFFV2E0WUFmQmthNnhneHZVeXlMb2xYc05PcktUa05OZWZsdjNxekFsQkNNa1BvRHY0R01ZZ0ZQbk5QbmJkdkcxLVNjZWU1Z3NjVDNybFVSajRkTHZpQ1VGWkt0dzNhT3NFZFV2RXlnNw?oc=5,"<a href=""https://news.google.com/rss/articles/CBMigAFBVV95cUxQMHZicE5oMmlrcUhva2FKNjFFV2E0WUFmQmthNnhneHZVeXlMb2xYc05PcktUa05OZWZsdjNxekFsQkNNa1BvRHY0R01ZZ0ZQbk5QbmJkdkcxLVNjZWU1Z3NjVDNybFVSajRkTHZpQ1VGWkt0dzNhT3NFZFV2RXlnNw?oc=5"" target=""_blank"">UK Virtual Fitness Market Size & Outlook, 2025-2030</a>&nbsp;&nbsp;<font color=""#6f6f6f"">Grand View Research</font>",digital fitness UK,"<a href=""https://news.google.com/rss/articles/CBMigAFBVV95cUxQMHZicE5oMmlrcUhva2FKNjFFV2E0WUFmQmthNnhneHZVeXlMb2xYc05PcktUa05OZWZsdjNxekFsQkNNa1BvRHY0R01ZZ0ZQbk5QbmJkdkcxLVNjZWU1Z3NjVDNybFVSajRkTHZpQ1VGWkt0dzNhT3NFZFV2RXlnNw?oc=5"" target=""_blank"">UK Virtual Fitness Market Size & Outlook, 2025-2030</a>&nbsp;&nbsp;<font color=""#6f6f6f"">Grand View Research</font>"
The EU's digital simplification push: what lies ahead for business? - Osborne Clarke,"Fri, 14 Nov 2025 08:00:00 GMT",Osborne Clarke,https://news.google.com/rss/articles/CBMimwFBVV95cUxOellCX0tnM081VnA5TTM5T21lZlRNd09SZS15SU9WTzMtbGpBQWpLTkkwdWFKS0NsTzVLZFJ3SGtVeVFiODlVbFR6QzVQOEUwdmpLOWttaTdwd0FtSVJRS3phSG1jTTdxSHMtR0Y0N1M2bE1XTDI4aFFhNzl0UC1KSzc0ZFFHS1B0elY0NlpNR3dSTDZqMjE1Y25VQQ?oc=5,"<a href=""https://news.google.com/rss/articles/CBMimwFBVV95cUxOellCX0tnM081VnA5TTM5T21lZlRNd09SZS15SU9WTzMtbGpBQWpLTkkwdWFKS0NsTzVLZFJ3SGtVeVFiODlVbFR6QzVQOEUwdmpLOWttaTdwd0FtSVJRS3phSG1jTTdxSHMtR0Y0N1M2bE1XTDI4aFFhNzl0UC1KSzc0ZFFHS1B0elY0NlpNR3dSTDZqMjE1Y25VQQ?oc=5"" target=""_blank"">The EU's digital simplification push: what lies ahead for business?</a>&nbsp;&nbsp;<font color=""#6f6f6f"">Osborne Clarke</font>",digital fitness UK,"<a href=""https://news.google.com/rss/articles/CBMimwFBVV95cUxOellCX0tnM081VnA5TTM5T21lZlRNd09SZS15SU9WTzMtbGpBQWpLTkkwdWFKS0NsTzVLZFJ3SGtVeVFiODlVbFR6QzVQOEUwdmpLOWttaTdwd0FtSVJRS3phSG1jTTdxSHMtR0Y0N1M2bE1XTDI4aFFhNzl0UC1KSzc0ZFFHS1B0elY0NlpNR3dSTDZqMjE1Y25VQQ?oc=5"" target=""_blank"">The EU's digital simplification push: what lies ahead for business?</a>&nbsp;&nbsp;<font color=""#6f6f6f"">Osborne Clarke</font>"
Fighting fit: The Rise of Digital Fitness Has Disrupted Demand for Gyms - IBISWorld,"Fri, 23 Apr 2021 07:00:00 GMT",IBISWorld,https://news.google.com/rss/articles/CBMigwFBVV95cUxNc3p6WTBXZTNJS2R3cHVnV2pUYV9ic3A0UW4xd2tidlZNclhPcHQ0TUxtdG1NZk42VTdxbmZxMUFnaWZJYjFEbndrVzBpSmVEaC1nRnpFdFZmcWplQWlQbmo2ZlU5UzNaN0VZUG5vdTBtSWhMSmVCWUYtaURFOUVjR3N0bw?oc=5,"<a href=""https://news.google.com/rss/articles/CBMigwFBVV95cUxNc3p6WTBXZTNJS2R3cHVnV2pUYV9ic3A0UW4xd2tidlZNclhPcHQ0TUxtdG1NZk42VTdxbmZxMUFnaWZJYjFEbndrVzBpSmVEaC1nRnpFdFZmcWplQWlQbmo2ZlU5UzNaN0VZUG5vdTBtSWhMSmVCWUYtaURFOUVjR3N0bw?oc=5"" target=""_blank"">Fighting fit: The Rise of Digital Fitness Has Disrupted Demand for Gyms</a>&nbsp;&nbsp;<font color=""#6f6f6f"">IBISWorld</font>",digital fitness UK,"<a href=""https://news.google.com/rss/articles/CBMigwFBVV95cUxNc3p6WTBXZTNJS2R3cHVnV2pUYV9ic3A0UW4xd2tidlZNclhPcHQ0TUxtdG1NZk42VTdxbmZxMUFnaWZJYjFEbndrVzBpSmVEaC1nRnpFdFZmcWplQWlQbmo2ZlU5UzNaN0VZUG5vdTBtSWhMSmVCWUYtaURFOUVjR3N0bw?oc=5"" target=""_blank"">Fighting fit: The Rise of Digital Fitness Has Disrupted Demand for Gyms</a>&nbsp;&nbsp;<font color=""#6f6f6f"">IBISWorld</font>"
"Major Development: ChatGPT Health, The Digital God of Fitness Arrives - the5krunner","Wed, 07 Jan 2026 08:00:00 GMT",the5krunner,https://news.google.com/rss/articles/CBMigwFBVV95cUxNd2dTUHltMlViWU5BQTc2NFdMd0pKWGFSMFdPNGgzVTdtdk1yV2JXWmF5NEJjV0t2REdHbG05ODhtNm95b05fUGIxSjFvR1RkOWZWTW1kc1U4bUZHQ2hOV3F6dTBLY21TVlVHcWU1eFFYRkxackF0eXhVdzFGSTlhU0p0WQ?oc=5,"<a href=""https://news.google.com/rss/articles/CBMigwFBVV95cUxNd2dTUHltMlViWU5BQTc2NFdMd0pKWGFSMFdPNGgzVTdtdk1yV2JXWmF5NEJjV0t2REdHbG05ODhtNm95b05fUGIxSjFvR1RkOWZWTW1kc1U4bUZHQ2hOV3F6dTBLY21TVlVHcWU1eFFYRkxackF0eXhVdzFGSTlhU0p0WQ?oc=5"" target=""_blank"">Major Development: ChatGPT Health, The Digital God of Fitness Arrives</a>&nbsp;&nbsp;<font color=""#6f6f6f"">the5krunner</font>",digital fitness UK,"<a href=""https://news.google.com/rss/articles/CBMigwFBVV95cUxNd2dTUHltMlViWU5BQTc2NFdMd0pKWGFSMFdPNGgzVTdtdk1yV2JXWmF5NEJjV0t2REdHbG05ODhtNm95b05fUGIxSjFvR1RkOWZWTW1kc1U4bUZHQ2hOV3F6dTBLY21TVlVHcWU1eFFYRkxackF0eXhVdzFGSTlhU0p0WQ?oc=5"" target=""_blank"">Major Development: ChatGPT Health, The Digital God of Fitness Arrives</a>&nbsp;&nbsp;<font color=""#6f6f6f"">the5krunner</font>"
New research shows rising demand for fitness apps in region - Cornish times,"Sun, 11 Jan 2026 08:00:00 GMT",Cornish times,https://news.google.com/rss/articles/CBMipgFBVV95cUxQanFBOG9EY0txdVdSbFFmeldFTmRsbGVGSExfVzBHQ3dON0t3MERFalpRWHcwSlZlM3lVQVIyNzVONmhEUlYwWUQxRGFvN2c3bkowTWhDTElIc2RBT0JLM0ROczR6UG5IVE56U2ctWkZ0bnJ1MHQtM1d0dTlZWUNZUUlYYmpwVXpiU3lyTzFHMXpFbWNKVTNMdWhRUExoUHQtcklISHd3?oc=5,"<a href=""https://news.google.com/rss/articles/CBMipgFBVV95cUxQanFBOG9EY0txdVdSbFFmeldFTmRsbGVGSExfVzBHQ3dON0t3MERFalpRWHcwSlZlM3lVQVIyNzVONmhEUlYwWUQxRGFvN2c3bkowTWhDTElIc2RBT0JLM0ROczR6UG5IVE56U2ctWkZ0bnJ1MHQtM1d0dTlZWUNZUUlYYmpwVXpiU3lyTzFHMXpFbWNKVTNMdWhRUExoUHQtcklISHd3?oc=5"" target=""_blank"">New research shows rising demand for fitness apps in region</a>&nbsp;&nbsp;<font color=""#6f6f6f"">Cornish times</font>",digital fitness UK,"<a href=""https://news.google.com/rss/articles/CBMipgFBVV95cUxQanFBOG9EY0txdVdSbFFmeldFTmRsbGVGSExfVzBHQ3dON0t3MERFalpRWHcwSlZlM3lVQVIyNzVONmhEUlYwWUQxRGFvN2c3bkowTWhDTElIc2RBT0JLM0ROczR6UG5IVE56U2ctWkZ0bnJ1MHQtM1d0dTlZWUNZUUlYYmpwVXpiU3lyTzFHMXpFbWNKVTNMdWhRUExoUHQtcklISHd3?oc=5"" target=""_blank"">New research shows rising demand for fitness apps in region</a>&nbsp;&nbsp;<font color=""#6f6f6f"">Cornish times</font>"
"Anytime Fitness UK & Ireland Teams Up With Apple Fitness+ to Help Members Stay Active Anytime, Anywhere - Fitt Insider","Tue, 04 Aug 2026 11:02:12 GMT",Fitt Insider,https://news.google.com/rss/articles/CBMi1AFBVV95cUxQenBJbnFSTDctWVFfcFFOUTVVQi1sQ3pITlA2bGMxZDYtcDcyelRGc3gwSlc1VFg5SmVhM2ZZMEg2SDR2d1JkOGpEdHo1em93dlZwNUJ2TFRqSnI3czk2VHhMVGxHUXI3VmJUOXZWQVp6bTNNVDVGZ1lOOVpBaFNLeDdubmMzbFZCS0YtOHJQeWhmQmxIOEJhdExWXzJBdGpnZkxBeURjSk0tNUVMOW10QW12X1diSThlSjVjOEpsS1phclhnMkhIc0hJakNHLS1QUzJTUg?oc=5,"<a href=""https://news.google.com/rss/articles/CBMi1AFBVV95cUxQenBJbnFSTDctWVFfcFFOUTVVQi1sQ3pITlA2bGMxZDYtcDcyelRGc3gwSlc1VFg5SmVhM2ZZMEg2SDR2d1JkOGpEdHo1em93dlZwNUJ2TFRqSnI3czk2VHhMVGxHUXI3VmJUOXZWQVp6bTNNVDVGZ1lOOVpBaFNLeDdubmMzbFZCS0YtOHJQeWhmQmxIOEJhdExWXzJBdGpnZkxBeURjSk0tNUVMOW10QW12X1diSThlSjVjOEpsS1phclhnMkhIc0hJakNHLS1QUzJTUg?oc=5"" target=""_blank"">Anytime Fitness UK & Ireland Teams Up With Apple Fitness+ to Help Members Stay Active Anytime, Anywhere</a>&nbsp;&nbsp;<font color=""#6f6f6f"">Fitt Insider</font>",digital fitness UK,"<a href=""https://news.google.com/rss/articles/CBMi1AFBVV95cUxQenBJbnFSTDctWVFfcFFOUTVVQi1sQ3pITlA2bGMxZDYtcDcyelRGc3gwSlc1VFg5SmVhM2ZZMEg2SDR2d1JkOGpEdHo1em93dlZwNUJ2TFRqSnI3czk2VHhMVGxHUXI3VmJUOXZWQVp6bTNNVDVGZ1lOOVpBaFNLeDdubmMzbFZCS0YtOHJQeWhmQmxIOEJhdExWXzJBdGpnZkxBeURjSk0tNUVMOW10QW12X1diSThlSjVjOEpsS1phclhnMkhIc0hJakNHLS1QUzJTUg?oc=5"" target=""_blank"">Anytime Fitness UK & Ireland Teams Up With Apple Fitness+ to Help Members Stay Active Anytime, Anywhere</a>&nbsp;&nbsp;<font color=""#6f6f6f"">Fitt Insider</font>"
Young people 'feel anxiety and terror' using fitness apps - bbc.co.uk,"Thu, 30 Jul 2020 07:00:00 GMT",bbc.co.uk,https://news.google.com/rss/articles/CBMiZkFVX3lxTFBITDMxVVAxS2ZyRDY2QjdmMHJCVHlEeng2cDZreFEtYXhBV1plVlhrc1JLY29JVnV1UVQ0NzFCeS1lX09IYm1zemNXcnNrc3JQeVRzUVZKQVFkRjRNeDhrUWt0Wlp3QQ?oc=5,"<a href=""https://news.google.com/rss/articles/CBMiZkFVX3lxTFBITDMxVVAxS2ZyRDY2QjdmMHJCVHlEeng2cDZreFEtYXhBV1plVlhrc1JLY29JVnV1UVQ0NzFCeS1lX09IYm1zemNXcnNrc3JQeVRzUVZKQVFkRjRNeDhrUWt0Wlp3QQ?oc=5"" target=""_blank"">Young people 'feel anxiety and terror' using fitness apps</a>&nbsp;&nbsp;<font color=""#6f6f6f"">bbc.co.uk</font>",digital fitness UK,"<a href=""https://news.google.com/rss/articles/CBMiZkFVX3lxTFBITDMxVVAxS2ZyRDY2QjdmMHJCVHlEeng2cDZreFEtYXhBV1plVlhrc1JLY29JVnV1UVQ0NzFCeS1lX09IYm1zemNXcnNrc3JQeVRzUVZKQVFkRjRNeDhrUWt0Wlp3QQ?oc=5"" target=""_blank"">Young people 'feel anxiety and terror' using fitness apps</a>&nbsp;&nbsp;<font color=""#6f6f6f"">bbc.co.uk</font>"
Can Science Help You Build the Perfect Gym Playlist? - Men's Health,"Fri, 07 Jun 2024 07:00:00 GMT",Men's Health,https://news.google.com/rss/articles/CBMiogFBVV95cUxQQ3ZQdlZsczRJRGc5M0xIYW5USU82WkZ6VWs4RnlRV2djZ1dTLUtLX1cwZ0FwaEdDeWhKLUJicG1ENmY0WXJJYWRtRlVUamJvdkFwcldXVEtFUHdreEhrZE1SWUlHRmJUSlRlZVF0NDdWUlRnN2tULWRyMkR4NzBZaGhNTVd0cnBMMTM1T0dfVU5Gb001VlhQZTBxRllKNVlkdEE?oc=5,"<a href=""https://news.google.com/rss/articles/CBMiogFBVV95cUxQQ3ZQdlZsczRJRGc5M0xIYW5USU82WkZ6VWs4RnlRV2djZ1dTLUtLX1cwZ0FwaEdDeWhKLUJicG1ENmY0WXJJYWRtRlVUamJvdkFwcldXVEtFUHdreEhrZE1SWUlHRmJUSlRlZVF0NDdWUlRnN2tULWRyMkR4NzBZaGhNTVd0cnBMMTM1T0dfVU5Gb001VlhQZTBxRllKNVlkdEE?oc=5"" target=""_blank"">Can Science Help You Build the Perfect Gym Playlist?</a>&nbsp;&nbsp;<font color=""#6f6f6f"">Men's Health</font>",digital fitness UK,"<a href=""https://news.google.com/rss/articles/CBMiogFBVV95cUxQQ3ZQdlZsczRJRGc5M0xIYW5USU82WkZ6VWs4RnlRV2djZ1dTLUtLX1cwZ0FwaEdDeWhKLUJicG1ENmY0WXJJYWRtRlVUamJvdkFwcldXVEtFUHdreEhrZE1SWUlHRmJUSlRlZVF0NDdWUlRnN2tULWRyMkR4NzBZaGhNTVd0cnBMMTM1T0dfVU5Gb001VlhQZTBxRllKNVlkdEE?oc=5"" target=""_blank"">Can Science Help You Build the Perfect Gym Playlist?</a>&nbsp;&nbsp;<font color=""#6f6f6f"">Men's Health</font>"
FIIT Introduces FIIT Platform - A Global All-in-One Hybrid Fitness Solution for Businesses Worldwide - Fitt Insider,"Thu, 21 Mar 2024 07:00:00 GMT",Fitt Insider,https://news.google.com/rss/articles/CBMi0wFBVV95cUxQRy1BX3NCOU9hdlJZTmdZX0xxaG1zdjI1QjZCbE0tS0E0Zkl0OGFjb1REaDZjUWF5T1p5bXVVeTljY1BGbWVSOEM2M0FmbGpySnVXWm5qRHllVDRGM0ZQbXJLam1oNGgzYktqTDItVldHNl9mY0o4SnFCMFJkRHQ5M3g4TkJQcU40ZDUzRmoyREVWbFp6d3NBNjhSZTZiYzVHYXJ1ellfZEd1OXFMTUZaM25yQmFZdTJhZTdaYzBQQmduY1RDU3FiU3hzWjZadzNuejBz?oc=5,"<a href=""https://news.google.com/rss/articles/CBMi0wFBVV95cUxQRy1BX3NCOU9hdlJZTmdZX0xxaG1zdjI1QjZCbE0tS0E0Zkl0OGFjb1REaDZjUWF5T1p5bXVVeTljY1BGbWVSOEM2M0FmbGpySnVXWm5qRHllVDRGM0ZQbXJLam1oNGgzYktqTDItVldHNl9mY0o4SnFCMFJkRHQ5M3g4TkJQcU40ZDUzRmoyREVWbFp6d3NBNjhSZTZiYzVHYXJ1ellfZEd1OXFMTUZaM25yQmFZdTJhZTdaYzBQQmduY1RDU3FiU3hzWjZadzNuejBz?oc=5"" target=""_blank"">FIIT Introduces FIIT Platform - A Global All-in-One Hybrid Fitness Solution for Businesses Worldwide</a>&nbsp;&nbsp;<font color=""#6f6f6f"">Fitt Insider</font>",digital fitness UK,"<a href=""https://news.google.com/rss/articles/CBMi0wFBVV95cUxQRy1BX3NCOU9hdlJZTmdZX0xxaG1zdjI1QjZCbE0tS0E0Zkl0OGFjb1REaDZjUWF5T1p5bXVVeTljY1BGbWVSOEM2M0FmbGpySnVXWm5qRHllVDRGM0ZQbXJLam1oNGgzYktqTDItVldHNl9mY0o4SnFCMFJkRHQ5M3g4TkJQcU40ZDUzRmoyREVWbFp6d3NBNjhSZTZiYzVHYXJ1ellfZEd1OXFMTUZaM25yQmFZdTJhZTdaYzBQQmduY1RDU3FiU3hzWjZadzNuejBz?oc=5"" target=""_blank"">FIIT Introduces FIIT Platform - A Global All-in-One Hybrid Fitness Solution for Businesses Worldwide</a>&nbsp;&nbsp;<font color=""#6f6f6f"">Fitt Insider</font>"
From mental health gyms to intuitive fitness: the biggest fitness trends of 2020 - The Telegraph,"Thu, 02 Jan 2020 08:00:00 GMT",The Telegraph,https://news.google.com/rss/articles/CBMirwFBVV95cUxOZ0oxeVZiSktxTUlhdmVpWnc0bEk1TEhiR29YVzNFZUlVNmhWYW93WDhQc0lXeHM5eDhaNlBudEdkNk1xblBseTBycDBtUlFPaERVUUxLVFlDWi1RUmZsMUJsWTdNMTdNNHpXcmpFR01MVmJXU1pUMFNRSnhDeTQyTHJEVHFnUGRQSkVyMk1aOTNUaTI1NlBTRWhQeVJLWWE0MHVERUxrbXByaVR3dHNr?oc=5,"<a href=""https://news.google.com/rss/articles/CBMirwFBVV95cUxOZ0oxeVZiSktxTUlhdmVpWnc0bEk1TEhiR29YVzNFZUlVNmhWYW93WDhQc0lXeHM5eDhaNlBudEdkNk1xblBseTBycDBtUlFPaERVUUxLVFlDWi1RUmZsMUJsWTdNMTdNNHpXcmpFR01MVmJXU1pUMFNRSnhDeTQyTHJEVHFnUGRQSkVyMk1aOTNUaTI1NlBTRWhQeVJLWWE0MHVERUxrbXByaVR3dHNr?oc=5"" target=""_blank"">From mental health gyms to intuitive fitness: the biggest fitness trends of 2020</a>&nbsp;&nbsp;<font color=""#6f6f6f"">The Telegraph</font>",digital fitness UK,"<a href=""https://news.google.com/rss/articles/CBMirwFBVV95cUxOZ0oxeVZiSktxTUlhdmVpWnc0bEk1TEhiR29YVzNFZUlVNmhWYW93WDhQc0lXeHM5eDhaNlBudEdkNk1xblBseTBycDBtUlFPaERVUUxLVFlDWi1RUmZsMUJsWTdNMTdNNHpXcmpFR01MVmJXU1pUMFNRSnhDeTQyTHJEVHFnUGRQSkVyMk1aOTNUaTI1NlBTRWhQeVJLWWE0MHVERUxrbXByaVR3dHNr?oc=5"" target=""_blank"">From mental health gyms to intuitive fitness: the biggest fitness trends of 2020</a>&nbsp;&nbsp;<font color=""#6f6f6f"">The Telegraph</font>"
Eye fatigue: can daily eye yoga exercise help digital eye strain? - Stylist,"Tue, 16 Feb 2021 08:00:00 GMT",Stylist,https://news.google.com/rss/articles/CBMiqwFBVV95cUxOSTFEVEdsenBQaTNBYXgwXzFRc1ZOTk5ra2hmZGItZkpOeU5wajNnZklEdnh6ckNxbWJzTDc1NVkyYTJjdDMyeUhVRjR2YlRKclNJeWRHbkhFakg4ZjRMREVvN3VQdFIyc2pfTTJSN0hzaXhjNXhhNTQzMXdFSGUxVzZfWW4wckxWaTdjcmVrdlhwQ2RsQUxTU0o4RjA4cWc4S2trdkZ3aGlGRUU?oc=5,"<a href=""https://news.google.com/rss/articles/CBMiqwFBVV95cUxOSTFEVEdsenBQaTNBYXgwXzFRc1ZOTk5ra2hmZGItZkpOeU5wajNnZklEdnh6ckNxbWJzTDc1NVkyYTJjdDMyeUhVRjR2YlRKclNJeWRHbkhFakg4ZjRMREVvN3VQdFIyc2pfTTJSN0hzaXhjNXhhNTQzMXdFSGUxVzZfWW4wckxWaTdjcmVrdlhwQ2RsQUxTU0o4RjA4cWc4S2trdkZ3aGlGRUU?oc=5"" target=""_blank"">Eye fatigue: can daily eye yoga exercise help digital eye strain?</a>&nbsp;&nbsp;<font color=""#6f6f6f"">Stylist</font>",digital fitness UK,"<a href=""https://news.google.com/rss/articles/CBMiqwFBVV95cUxOSTFEVEdsenBQaTNBYXgwXzFRc1ZOTk5ra2hmZGItZkpOeU5wajNnZklEdnh6ckNxbWJzTDc1NVkyYTJjdDMyeUhVRjR2YlRKclNJeWRHbkhFakg4ZjRMREVvN3VQdFIyc2pfTTJSN0hzaXhjNXhhNTQzMXdFSGUxVzZfWW4wckxWaTdjcmVrdlhwQ2RsQUxTU0o4RjA4cWc4S2trdkZ3aGlGRUU?oc=5"" target=""_blank"">Eye fatigue: can daily eye yoga exercise help digital eye strain?</a>&nbsp;&nbsp;<font color=""#6f6f6f"">Stylist</font>"
McKinsey: Consumers Demand Data-driven Wellness Products - Healthcare Digital,"Tue, 21 May 2024 07:00:00 GMT",Healthcare Digital,https://news.google.com/rss/articles/CBMiswFBVV95cUxNRnJQRFBtR2o3cVQ5NW1rbmdseFRETTZuRVVWUzVyYWlkemJMZ1FYNGRmQzhOMHFyamtXMmlTSFVJajZBY1ZySTlQRzQ1QWpWdVZrV3FPTGpOcDNzV0hpTWdObGo5YVV2TnJMMVZwQlU3YXItMVVYRjFudHdONkIxWWFOaEVQdUpXTGZkNzhxdUtIVnJOdnFSeUNELTBuRl9UZUZ6RkJ5VXlmWUZUMDRjZjRvTQ?oc=5,"<a href=""https://news.google.com/rss/articles/CBMiswFBVV95cUxNRnJQRFBtR2o3cVQ5NW1rbmdseFRETTZuRVVWUzVyYWlkemJMZ1FYNGRmQzhOMHFyamtXMmlTSFVJajZBY1ZySTlQRzQ1QWpWdVZrV3FPTGpOcDNzV0hpTWdObGo5YVV2TnJMMVZwQlU3YXItMVVYRjFudHdONkIxWWFOaEVQdUpXTGZkNzhxdUtIVnJOdnFSeUNELTBuRl9UZUZ6RkJ5VXlmWUZUMDRjZjRvTQ?oc=5"" target=""_blank"">McKinsey: Consumers Demand Data-driven Wellness Products</a>&nbsp;&nbsp;<font color=""#6f6f6f"">Healthcare Digital</font>",digital fitness UK,"<a href=""https://news.google.com/rss/articles/CBMiswFBVV95cUxNRnJQRFBtR2o3cVQ5NW1rbmdseFRETTZuRVVWUzVyYWlkemJMZ1FYNGRmQzhOMHFyamtXMmlTSFVJajZBY1ZySTlQRzQ1QWpWdVZrV3FPTGpOcDNzV0hpTWdObGo5YVV2TnJMMVZwQlU3YXItMVVYRjFudHdONkIxWWFOaEVQdUpXTGZkNzhxdUtIVnJOdnFSeUNELTBuRl9UZUZ6RkJ5VXlmWUZUMDRjZjRvTQ?oc=5"" target=""_blank"">McKinsey: Consumers Demand Data-driven Wellness Products</a>&nbsp;&nbsp;<font color=""#6f6f6f"">Healthcare Digital</font>"
"These are the 2026 wellness trends you need to know, according to experts - The Independent","Wed, 07 Jan 2026 08:00:00 GMT",The Independent,https://news.google.com/rss/articles/CBMiiwFBVV95cUxOaXhfeUMyYU1vd1huNWQ4dmtjaGFEVHlrUlVIZTBhajVFbEFLdFhQVng0NDVLUTRhVHpud3hBSTVaX24tek1XQVlHLXVuTERHUVVLdUJGdDNZdmRfbUIxREVCT1VmMFZfYm11clBPVi1pbWJraHNlNTRsWnJsMlpudFc2bDNHX2dQenZZ?oc=5,"<a href=""https://news.google.com/rss/articles/CBMiiwFBVV95cUxOaXhfeUMyYU1vd1huNWQ4dmtjaGFEVHlrUlVIZTBhajVFbEFLdFhQVng0NDVLUTRhVHpud3hBSTVaX24tek1XQVlHLXVuTERHUVVLdUJGdDNZdmRfbUIxREVCT1VmMFZfYm11clBPVi1pbWJraHNlNTRsWnJsMlpudFc2bDNHX2dQenZZ?oc=5"" target=""_blank"">These are the 2026 wellness trends you need to know, according to experts</a>&nbsp;&nbsp;<font color=""#6f6f6f"">The Independent</font>",digital fitness UK,"<a href=""https://news.google.com/rss/articles/CBMiiwFBVV95cUxOaXhfeUMyYU1vd1huNWQ4dmtjaGFEVHlrUlVIZTBhajVFbEFLdFhQVng0NDVLUTRhVHpud3hBSTVaX24tek1XQVlHLXVuTERHUVVLdUJGdDNZdmRfbUIxREVCT1VmMFZfYm11clBPVi1pbWJraHNlNTRsWnJsMlpudFc2bDNHX2dQenZZ?oc=5"" target=""_blank"">These are the 2026 wellness trends you need to know, according to experts</a>&nbsp;&nbsp;<font color=""#6f6f6f"">The Independent</font>"
I tried TikTok's viral silent walking trend every day for a week to quiet my racing mind - and I'm amazed how calm I feel - Marie Claire UK,"Sat, 03 May 2025 07:00:00 GMT",Marie Claire UK,https://news.google.com/rss/articles/CBMiekFVX3lxTFB0U3JiaVB6T25RejV0X1NVWWs0Ukx1SGdTQWlDTUNlWUpMbzUyamhOTlk3UUZHZVNoeVVCZU1rSll4bE01QmpzdW5aNVFobm54OWcyRjU1cmw5SXBDbzJwdFdIZVFKOVdwbnRsZFROVGpYcG9ReVE4bnB3?oc=5,"<a href=""https://news.google.com/rss/articles/CBMiekFVX3lxTFB0U3JiaVB6T25RejV0X1NVWWs0Ukx1SGdTQWlDTUNlWUpMbzUyamhOTlk3UUZHZVNoeVVCZU1rSll4bE01QmpzdW5aNVFobm54OWcyRjU1cmw5SXBDbzJwdFdIZVFKOVdwbnRsZFROVGpYcG9ReVE4bnB3?oc=5"" target=""_blank"">I tried TikTok's viral silent walking trend every day for a week to quiet my racing mind - and I'm amazed how calm I feel</a>&nbsp;&nbsp;<font color=""#6f6f6f"">Marie Claire UK</font>",digital fitness UK,"<a href=""https://news.google.com/rss/articles/CBMiekFVX3lxTFB0U3JiaVB6T25RejV0X1NVWWs0Ukx1SGdTQWlDTUNlWUpMbzUyamhOTlk3UUZHZVNoeVVCZU1rSll4bE01QmpzdW5aNVFobm54OWcyRjU1cmw5SXBDbzJwdFdIZVFKOVdwbnRsZFROVGpYcG9ReVE4bnB3?oc=5"" target=""_blank"">I tried TikTok's viral silent walking trend every day for a week to quiet my racing mind - and I'm amazed how calm I feel</a>&nbsp;&nbsp;<font color=""#6f6f6f"">Marie Claire UK</font>"
Total Fitness secures £15m from digital banking partner OakNorth - Leisure Opportunities Jobs,"Tue, 16 Dec 2025 08:00:00 GMT",Leisure Opportunities Jobs,https://news.google.com/rss/articles/CBMiqwFBVV95cUxOOWtuS051WFFMaGt3ZW5LNzl5QjRUbnBUbTNBRVZfQTBhTkFEM2EydTlvbFVNQV9KWkVBS3AxRWt4Q2Q5M2F4clJzaW5OWXdrZC1IdldiWU0wMG02cXRFZTF5YXM5MGYtZWRhZWVORTlxbktLaWdtSG5EdXhuV1VyREIwcEVDTDQ2LUpsWGpxeC1IQ1lVcnkybVNVdVMyOXNuM2k3VnJaRDdzY1U?oc=5,"<a href=""https://news.google.com/rss/articles/CBMiqwFBVV95cUxOOWtuS051WFFMaGt3ZW5LNzl5QjRUbnBUbTNBRVZfQTBhTkFEM2EydTlvbFVNQV9KWkVBS3AxRWt4Q2Q5M2F4clJzaW5OWXdrZC1IdldiWU0wMG02cXRFZTF5YXM5MGYtZWRhZWVORTlxbktLaWdtSG5EdXhuV1VyREIwcEVDTDQ2LUpsWGpxeC1IQ1lVcnkybVNVdVMyOXNuM2k3VnJaRDdzY1U?oc=5"" target=""_blank"">Total Fitness secures £15m from digital banking partner OakNorth</a>&nbsp;&nbsp;<font color=""#6f6f6f"">Leisure Opportunities Jobs</font>",digital fitness UK,"<a href=""https://news.google.com/rss/articles/CBMiqwFBVV95cUxOOWtuS051WFFMaGt3ZW5LNzl5QjRUbnBUbTNBRVZfQTBhTkFEM2EydTlvbFVNQV9KWkVBS3AxRWt4Q2Q5M2F4clJzaW5OWXdrZC1IdldiWU0wMG02cXRFZTF5YXM5MGYtZWRhZWVORTlxbktLaWdtSG5EdXhuV1VyREIwcEVDTDQ2LUpsWGpxeC1IQ1lVcnkybVNVdVMyOXNuM2k3VnJaRDdzY1U?oc=5"" target=""_blank"">Total Fitness secures £15m from digital banking partner OakNorth</a>&nbsp;&nbsp;<font color=""#6f6f6f"">Leisure Opportunities Jobs</font>"
Personal trainer apps: the digital fitness coaches to get you in shape in 2020 - London Evening Standard,"Mon, 06 Jan 2020 08:00:00 GMT",London Evening Standard,https://news.google.com/rss/articles/CBMipgFBVV95cUxNb1JnOHNtUlBGT3VCZHVLY1VyQ1dQSl9rbW5fYXUyb29XRnBaenJKcVpaOUJaNk5GVnhadldUU3FWbmZPeE12NjFfT1RmR2FCRW9XdkxCdFZwZFBaa256Sms1T1NjVWVGdFBLNWtjQzBDMEd0WW9EbC1GZTFhN09nWTFqYkNCTmY5U1djQ3pYNUZSd1ZvbTZMdTJsdmtQQ0w0TU5heE1B?oc=5,"<a href=""https://news.google.com/rss/articles/CBMipgFBVV95cUxNb1JnOHNtUlBGT3VCZHVLY1VyQ1dQSl9rbW5fYXUyb29XRnBaenJKcVpaOUJaNk5GVnhadldUU3FWbmZPeE12NjFfT1RmR2FCRW9XdkxCdFZwZFBaa256Sms1T1NjVWVGdFBLNWtjQzBDMEd0WW9EbC1GZTFhN09nWTFqYkNCTmY5U1djQ3pYNUZSd1ZvbTZMdTJsdmtQQ0w0TU5heE1B?oc=5"" target=""_blank"">Personal trainer apps: the digital fitness coaches to get you in shape in 2020</a>&nbsp;&nbsp;<font color=""#6f6f6f"">London Evening Standard</font>",digital fitness UK,"<a href=""https://news.google.com/rss/articles/CBMipgFBVV95cUxNb1JnOHNtUlBGT3VCZHVLY1VyQ1dQSl9rbW5fYXUyb29XRnBaenJKcVpaOUJaNk5GVnhadldUU3FWbmZPeE12NjFfT1RmR2FCRW9XdkxCdFZwZFBaa256Sms1T1NjVWVGdFBLNWtjQzBDMEd0WW9EbC1GZTFhN09nWTFqYkNCTmY5U1djQ3pYNUZSd1ZvbTZMdTJsdmtQQ0w0TU5heE1B?oc=5"" target=""_blank"">Personal trainer apps: the digital fitness coaches to get you in shape in 2020</a>&nbsp;&nbsp;<font color=""#6f6f6f"">London Evening Standard</font>"
Topics - Apps that help fitness and fundraising - Charity Digital,"Wed, 23 Feb 2022 08:00:00 GMT",Charity Digital,https://news.google.com/rss/articles/CBMihwFBVV95cUxOYnB4VUlWVVhVRVBZdUdrRGd6X2xzSHJEd18zOWltVlZhTUxjRHVsMU9pSHpiaHVvT2FaeGNpUzAtaWlleEJER1Y5WmlCWVdSV2wxb3h2VW5SdW5Jb0NBVVZPRlVuTjYxWTduc2U5bk1uaERBY2tBSl9lSGxyMHk5bXFSN2pScTg?oc=5,"<a href=""https://news.google.com/rss/articles/CBMihwFBVV95cUxOYnB4VUlWVVhVRVBZdUdrRGd6X2xzSHJEd18zOWltVlZhTUxjRHVsMU9pSHpiaHVvT2FaeGNpUzAtaWlleEJER1Y5WmlCWVdSV2wxb3h2VW5SdW5Jb0NBVVZPRlVuTjYxWTduc2U5bk1uaERBY2tBSl9lSGxyMHk5bXFSN2pScTg?oc=5"" target=""_blank"">Topics - Apps that help fitness and fundraising</a>&nbsp;&nbsp;<font color=""#6f6f6f"">Charity Digital</font>",digital fitness UK,"<a href=""https://news.google.com/rss/articles/CBMihwFBVV95cUxOYnB4VUlWVVhVRVBZdUdrRGd6X2xzSHJEd18zOWltVlZhTUxjRHVsMU9pSHpiaHVvT2FaeGNpUzAtaWlleEJER1Y5WmlCWVdSV2wxb3h2VW5SdW5Jb0NBVVZPRlVuTjYxWTduc2U5bk1uaERBY2tBSl9lSGxyMHk5bXFSN2pScTg?oc=5"" target=""_blank"">Topics - Apps that help fitness and fundraising</a>&nbsp;&nbsp;<font color=""#6f6f6f"">Charity Digital</font>"
Accelerating digital transformation for customer experience: A UK CIO’s workout - cio.com,"Thu, 24 Jun 2021 07:00:00 GMT",cio.com,https://news.google.com/rss/articles/CBMiuAFBVV95cUxNU3VtU1YtU3ZlMGtBeVJqdlh2NTZNUWp0aFp1VjV1MllnX1ZnUnFvLWsxZzlDZmc0SHpKTHFWSzRaQ25ydGFuQXpqeWNTUXpjQ21XZ0M0MTA1TGtKbGE1U01TT09OSDJZUE9Pb1hlMjBZaGNyX3FzZjJtaHZ2bTVEZnNSM2k4LXRwRVVaX1pYLWlkSGRUYjBUeDlaLVFwZXFYeFZVYnduMmdZQlJvYkRRVmFjekhhc01s?oc=5,"<a href=""https://news.google.com/rss/articles/CBMiuAFBVV95cUxNU3VtU1YtU3ZlMGtBeVJqdlh2NTZNUWp0aFp1VjV1MllnX1ZnUnFvLWsxZzlDZmc0SHpKTHFWSzRaQ25ydGFuQXpqeWNTUXpjQ21XZ0M0MTA1TGtKbGE1U01TT09OSDJZUE9Pb1hlMjBZaGNyX3FzZjJtaHZ2bTVEZnNSM2k4LXRwRVVaX1pYLWlkSGRUYjBUeDlaLVFwZXFYeFZVYnduMmdZQlJvYkRRVmFjekhhc01s?oc=5"" target=""_blank"">Accelerating digital transformation for customer experience: A UK CIO’s workout</a>&nbsp;&nbsp;<font color=""#6f6f6f"">cio.com</font>",digital fitness UK,"<a href=""https://news.google.com/rss/articles/CBMiuAFBVV95cUxNU3VtU1YtU3ZlMGtBeVJqdlh2NTZNUWp0aFp1VjV1MllnX1ZnUnFvLWsxZzlDZmc0SHpKTHFWSzRaQ25ydGFuQXpqeWNTUXpjQ21XZ0M0MTA1TGtKbGE1U01TT09OSDJZUE9Pb1hlMjBZaGNyX3FzZjJtaHZ2bTVEZnNSM2k4LXRwRVVaX1pYLWlkSGRUYjBUeDlaLVFwZXFYeFZVYnduMmdZQlJvYkRRVmFjekhhc01s?oc=5"" target=""_blank"">Accelerating digital transformation for customer experience: A UK CIO’s workout</a>&nbsp;&nbsp;<font color=""#6f6f6f"">cio.com</font>"
FITNESS Digital Substation Project - ABB,"Thu, 02 Apr 2020 07:00:00 GMT",ABB,https://news.google.com/rss/articles/CBMifEFVX3lxTE5ITkIxMmtTLVFRZVRlWGdoX1laT3pDekE1SEVjRExpTlQ1VS1LdUlQWDVSZjFBR0dLSnE5Wm02M0hxbFM1cjV5dGdPVzVVbUdNdjNLc3d1M285ZFJtRUJZeUd5R3lRVmVmSzhaN2o3WkpRbHJJcGdUTmp3N2I?oc=5,"<a href=""https://news.google.com/rss/articles/CBMifEFVX3lxTE5ITkIxMmtTLVFRZVRlWGdoX1laT3pDekE1SEVjRExpTlQ1VS1LdUlQWDVSZjFBR0dLSnE5Wm02M0hxbFM1cjV5dGdPVzVVbUdNdjNLc3d1M285ZFJtRUJZeUd5R3lRVmVmSzhaN2o3WkpRbHJJcGdUTmp3N2I?oc=5"" target=""_blank"">FITNESS Digital Substation Project</a>&nbsp;&nbsp;<font color=""#6f6f6f"">ABB</font>",digital fitness UK,"<a href=""https://news.google.com/rss/articles/CBMifEFVX3lxTE5ITkIxMmtTLVFRZVRlWGdoX1laT3pDekE1SEVjRExpTlQ1VS1LdUlQWDVSZjFBR0dLSnE5Wm02M0hxbFM1cjV5dGdPVzVVbUdNdjNLc3d1M285ZFJtRUJZeUd5R3lRVmVmSzhaN2o3WkpRbHJJcGdUTmp3N2I?oc=5"" target=""_blank"">FITNESS Digital Substation Project</a>&nbsp;&nbsp;<font color=""#6f6f6f"">ABB</font>"
Longitudinal cardio-respiratory fitness prediction through wearables in free-living environments | npj Digital Medicine - Nature,"Fri, 02 Dec 2022 08:00:00 GMT",Nature,https://news.google.com/rss/articles/CBMiX0FVX3lxTE1zdmZYVVhua0VjRmpNa1RnZjI1MFBPQVY3d2FqLURZdXZFU2JibmE1RW1OazRpMl94RW9HNTAtQ1dQNEl3SlJtdGlwWEZJRTR6Wmo3SmdQTHE0cnF2Nk9F?oc=5,"<a href=""https://news.google.com/rss/articles/CBMiX0FVX3lxTE1zdmZYVVhua0VjRmpNa1RnZjI1MFBPQVY3d2FqLURZdXZFU2JibmE1RW1OazRpMl94RW9HNTAtQ1dQNEl3SlJtdGlwWEZJRTR6Wmo3SmdQTHE0cnF2Nk9F?oc=5"" target=""_blank"">Longitudinal cardio-respiratory fitness prediction through wearables in free-living environments | npj Digital Medicine</a>&nbsp;&nbsp;<font color=""#6f6f6f"">Nature</font>",digital fitness UK,"<a href=""https://news.google.com/rss/articles/CBMiX0FVX3lxTE1zdmZYVVhua0VjRmpNa1RnZjI1MFBPQVY3d2FqLURZdXZFU2JibmE1RW1OazRpMl94RW9HNTAtQ1dQNEl3SlJtdGlwWEZJRTR6Wmo3SmdQTHE0cnF2Nk9F?oc=5"" target=""_blank"">Longitudinal cardio-respiratory fitness prediction through wearables in free-living environments | npj Digital Medicine</a>&nbsp;&nbsp;<font color=""#6f6f6f"">Nature</font>"
Dutch digital fitness content platform Funxtion bulks up with €5.8 million - Tech.eu,"Fri, 02 Sep 2022 07:00:00 GMT",Tech.eu,https://news.google.com/rss/articles/CBMipgFBVV95cUxNbi1CYk5jSmxkOTlaZE10bXJNRkxnWGkzUGtXTVVydzd1QUdQUndhSGFZRjgxZE5DZEpYWmszY1NSU0pnd3VFRlRSSF9TN0JyTjNRU0daZDhkX1owTHlycUJDb25iVmp2STB6ZGJkUVk3ck1ueHNZbGRkQkI5Y3pxSFNjcGlwZ2JiWmNhejZqU293NnVIeFhBcm0zdTViZTBDdjk5RGdn?oc=5,"<a href=""https://news.google.com/rss/articles/CBMipgFBVV95cUxNbi1CYk5jSmxkOTlaZE10bXJNRkxnWGkzUGtXTVVydzd1QUdQUndhSGFZRjgxZE5DZEpYWmszY1NSU0pnd3VFRlRSSF9TN0JyTjNRU0daZDhkX1owTHlycUJDb25iVmp2STB6ZGJkUVk3ck1ueHNZbGRkQkI5Y3pxSFNjcGlwZ2JiWmNhejZqU293NnVIeFhBcm0zdTViZTBDdjk5RGdn?oc=5"" target=""_blank"">Dutch digital fitness content platform Funxtion bulks up with €5.8 million</a>&nbsp;&nbsp;<font color=""#6f6f6f"">Tech.eu</font>",digital fitness UK,"<a href=""https://news.google.com/rss/articles/CBMipgFBVV95cUxNbi1CYk5jSmxkOTlaZE10bXJNRkxnWGkzUGtXTVVydzd1QUdQUndhSGFZRjgxZE5DZEpYWmszY1NSU0pnd3VFRlRSSF9TN0JyTjNRU0daZDhkX1owTHlycUJDb25iVmp2STB6ZGJkUVk3ck1ueHNZbGRkQkI5Y3pxSFNjcGlwZ2JiWmNhejZqU293NnVIeFhBcm0zdTViZTBDdjk5RGdn?oc=5"" target=""_blank"">Dutch digital fitness content platform Funxtion bulks up with €5.8 million</a>&nbsp;&nbsp;<font color=""#6f6f6f"">Tech.eu</font>"
Mountbatten Leisure Centre gym reopens following major charity investment - portsmouth.co.uk,"Mon, 29 Jun 2026 07:00:00 GMT",portsmouth.co.uk,https://news.google.com/rss/articles/CBMivgFBVV95cUxQc1c4TzBPaG54NEZ4c254OFpJVmdpS3FfdnEtWVBGRzBucUhraTE0cHdsZ0dFNjM0em5OTFJuczY5a1lRZi1ZUzVNNTJZZU1MS1lEZDJJTU5pb3VzVjFyUWdUTlBwcE9HUV95NTQ1V2lnQjdVbG94b0g4SUt5WElHSEYwWnpxeFVUVndiQkNZbE5RZzBWVUtPaWtlYVlnZ3lxdFdJTjluTzFENng4SFZGcHZiU1BMVHF5d3JsajdR?oc=5,"<a href=""https://news.google.com/rss/articles/CBMivgFBVV95cUxQc1c4TzBPaG54NEZ4c254OFpJVmdpS3FfdnEtWVBGRzBucUhraTE0cHdsZ0dFNjM0em5OTFJuczY5a1lRZi1ZUzVNNTJZZU1MS1lEZDJJTU5pb3VzVjFyUWdUTlBwcE9HUV95NTQ1V2lnQjdVbG94b0g4SUt5WElHSEYwWnpxeFVUVndiQkNZbE5RZzBWVUtPaWtlYVlnZ3lxdFdJTjluTzFENng4SFZGcHZiU1BMVHF5d3JsajdR?oc=5"" target=""_blank"">Mountbatten Leisure Centre gym reopens following major charity investment</a>&nbsp;&nbsp;<font color=""#6f6f6f"">portsmouth.co.uk</font>",digital fitness UK,"<a href=""https://news.google.com/rss/articles/CBMivgFBVV95cUxQc1c4TzBPaG54NEZ4c254OFpJVmdpS3FfdnEtWVBGRzBucUhraTE0cHdsZ0dFNjM0em5OTFJuczY5a1lRZi1ZUzVNNTJZZU1MS1lEZDJJTU5pb3VzVjFyUWdUTlBwcE9HUV95NTQ1V2lnQjdVbG94b0g4SUt5WElHSEYwWnpxeFVUVndiQkNZbE5RZzBWVUtPaWtlYVlnZ3lxdFdJTjluTzFENng4SFZGcHZiU1BMVHF5d3JsajdR?oc=5"" target=""_blank"">Mountbatten Leisure Centre gym reopens following major charity investment</a>&nbsp;&nbsp;<font color=""#6f6f6f"">portsmouth.co.uk</font>"
Get a Free Women’s Health January 2023 digital issue - Women's Health,"Wed, 11 Jan 2023 08:00:00 GMT",Women's Health,https://news.google.com/rss/articles/CBMitAFBVV95cUxOR294REgzMkFQUFB4WVI0NmVsYXM0eG4xVFFSbmtXUGRGTDJYTGd2dktqMjNKOTFiQ1prWVBtd1JZUlpyaGpmcnJwV3JaNmhfeE4tLUhMNGhfVVd0NHpUbndUQ2xsazdONDVnYUI4R3BWTkdWbUh6N0dCemNoaXZyaHoxVm91U0VqX0wxZVJBR1E3SU1LekNoQVdQekFhN0c3bFB2eHluN05iRlBBbmtVaURzOFE?oc=5,"<a href=""https://news.google.com/rss/articles/CBMitAFBVV95cUxOR294REgzMkFQUFB4WVI0NmVsYXM0eG4xVFFSbmtXUGRGTDJYTGd2dktqMjNKOTFiQ1prWVBtd1JZUlpyaGpmcnJwV3JaNmhfeE4tLUhMNGhfVVd0NHpUbndUQ2xsazdONDVnYUI4R3BWTkdWbUh6N0dCemNoaXZyaHoxVm91U0VqX0wxZVJBR1E3SU1LekNoQVdQekFhN0c3bFB2eHluN05iRlBBbmtVaURzOFE?oc=5"" target=""_blank"">Get a Free Women’s Health January 2023 digital issue</a>&nbsp;&nbsp;<font color=""#6f6f6f"">Women's Health</font>",digital fitness UK,"<a href=""https://news.google.com/rss/articles/CBMitAFBVV95cUxOR294REgzMkFQUFB4WVI0NmVsYXM0eG4xVFFSbmtXUGRGTDJYTGd2dktqMjNKOTFiQ1prWVBtd1JZUlpyaGpmcnJwV3JaNmhfeE4tLUhMNGhfVVd0NHpUbndUQ2xsazdONDVnYUI4R3BWTkdWbUh6N0dCemNoaXZyaHoxVm91U0VqX0wxZVJBR1E3SU1LekNoQVdQekFhN0c3bFB2eHluN05iRlBBbmtVaURzOFE?oc=5"" target=""_blank"">Get a Free Women’s Health January 2023 digital issue</a>&nbsp;&nbsp;<font color=""#6f6f6f"">Women's Health</font>"
‘Fascist fitness’: how the far right is recruiting with online gym groups - The Guardian,"Sun, 06 Mar 2022 08:00:00 GMT",The Guardian,https://news.google.com/rss/articles/CBMiuwFBVV95cUxQV3BHOGJfOXRZQy1GYXQzUERYS3N5ZTM3UjR5TnhQTjl6a3ZVSjFOaDI1STlzZGhTTjFNMUFuOFRFSVhyY255bXlOaEt2QXFNWGN1WUhmNEVIWlF1VVliSTBWMklxaUhrRlVuX09ORVJuM19LWHlpUHhMOWYxMG9kcC1yMUlOdFI5MkE4akhORmdMZTJHNmplYTdnTldFWnMtU0lrNl9XWm1xRDNyZnJJTVhiNEsyVnBxbVZr?oc=5,"<a href=""https://news.google.com/rss/articles/CBMiuwFBVV95cUxQV3BHOGJfOXRZQy1GYXQzUERYS3N5ZTM3UjR5TnhQTjl6a3ZVSjFOaDI1STlzZGhTTjFNMUFuOFRFSVhyY255bXlOaEt2QXFNWGN1WUhmNEVIWlF1VVliSTBWMklxaUhrRlVuX09ORVJuM19LWHlpUHhMOWYxMG9kcC1yMUlOdFI5MkE4akhORmdMZTJHNmplYTdnTldFWnMtU0lrNl9XWm1xRDNyZnJJTVhiNEsyVnBxbVZr?oc=5"" target=""_blank"">‘Fascist fitness’: how the far right is recruiting with online gym groups</a>&nbsp;&nbsp;<font color=""#6f6f6f"">The Guardian</font>",digital fitness UK,"<a href=""https://news.google.com/rss/articles/CBMiuwFBVV95cUxQV3BHOGJfOXRZQy1GYXQzUERYS3N5ZTM3UjR5TnhQTjl6a3ZVSjFOaDI1STlzZGhTTjFNMUFuOFRFSVhyY255bXlOaEt2QXFNWGN1WUhmNEVIWlF1VVliSTBWMklxaUhrRlVuX09ORVJuM19LWHlpUHhMOWYxMG9kcC1yMUlOdFI5MkE4akhORmdMZTJHNmplYTdnTldFWnMtU0lrNl9XWm1xRDNyZnJJTVhiNEsyVnBxbVZr?oc=5"" target=""_blank"">‘Fascist fitness’: how the far right is recruiting with online gym groups</a>&nbsp;&nbsp;<font color=""#6f6f6f"">The Guardian</font>"
Best At-Home Workouts - Country and Town House,"Thu, 10 Mar 2022 09:04:42 GMT",Country and Town House,https://news.google.com/rss/articles/CBMigwFBVV95cUxNa3VqeXM5dW5wWWFxQk51TzhBeHdCRUNZNlk0YXlHVGNvTXFuSDhSUWhjVXN1cExPOGhUUDVZU3l2WFBYMExfSnZmNVhhaUxEMWZ0OV9FSXJuRC1hSUJrc2ZFemtIaVdzb3ZROE9yUFk2aVlHQ2J4WlVfZ1R1ZnliN3RmTQ?oc=5,"<a href=""https://news.google.com/rss/articles/CBMigwFBVV95cUxNa3VqeXM5dW5wWWFxQk51TzhBeHdCRUNZNlk0YXlHVGNvTXFuSDhSUWhjVXN1cExPOGhUUDVZU3l2WFBYMExfSnZmNVhhaUxEMWZ0OV9FSXJuRC1hSUJrc2ZFemtIaVdzb3ZROE9yUFk2aVlHQ2J4WlVfZ1R1ZnliN3RmTQ?oc=5"" target=""_blank"">Best At-Home Workouts</a>&nbsp;&nbsp;<font color=""#6f6f6f"">Country and Town House</font>",digital fitness UK,"<a href=""https://news.google.com/rss/articles/CBMigwFBVV95cUxNa3VqeXM5dW5wWWFxQk51TzhBeHdCRUNZNlk0YXlHVGNvTXFuSDhSUWhjVXN1cExPOGhUUDVZU3l2WFBYMExfSnZmNVhhaUxEMWZ0OV9FSXJuRC1hSUJrc2ZFemtIaVdzb3ZROE9yUFk2aVlHQ2J4WlVfZ1R1ZnliN3RmTQ?oc=5"" target=""_blank"">Best At-Home Workouts</a>&nbsp;&nbsp;<font color=""#6f6f6f"">Country and Town House</font>"
FITNESS lays the foundations for digital substations - ABB,"Wed, 06 Nov 2019 08:00:00 GMT",ABB,https://news.google.com/rss/articles/CBMilAFBVV95cUxQWU1CMm9XZ1RnX0xza1B6Snh0d0h5X3F1UVVhZnRvcmNFUnYyOU1aeW9MZ1B6Q0RPNEZlZmRVR2plMzIxc2xubnRtLTRWWDNUUEdWUnhobDZzYy01MUZHMkU5RGhtY0lVZ3pZZl8zalVxQk84VXhtVk5ubnFSSjFSRVJicWxEZlBkTnJiNW5qaWMzVTg5?oc=5,"<a href=""https://news.google.com/rss/articles/CBMilAFBVV95cUxQWU1CMm9XZ1RnX0xza1B6Snh0d0h5X3F1UVVhZnRvcmNFUnYyOU1aeW9MZ1B6Q0RPNEZlZmRVR2plMzIxc2xubnRtLTRWWDNUUEdWUnhobDZzYy01MUZHMkU5RGhtY0lVZ3pZZl8zalVxQk84VXhtVk5ubnFSSjFSRVJicWxEZlBkTnJiNW5qaWMzVTg5?oc=5"" target=""_blank"">FITNESS lays the foundations for digital substations</a>&nbsp;&nbsp;<font color=""#6f6f6f"">ABB</font>",digital fitness UK,"<a href=""https://news.google.com/rss/articles/CBMilAFBVV95cUxQWU1CMm9XZ1RnX0xza1B6Snh0d0h5X3F1UVVhZnRvcmNFUnYyOU1aeW9MZ1B6Q0RPNEZlZmRVR2plMzIxc2xubnRtLTRWWDNUUEdWUnhobDZzYy01MUZHMkU5RGhtY0lVZ3pZZl8zalVxQk84VXhtVk5ubnFSSjFSRVJicWxEZlBkTnJiNW5qaWMzVTg5?oc=5"" target=""_blank"">FITNESS lays the foundations for digital substations</a>&nbsp;&nbsp;<font color=""#6f6f6f"">ABB</font>"
Technogym Mywellness: New Digital Features to Assist Fitness Clubs Re-opening Plans - PR Newswire UK,"Mon, 25 May 2020 07:00:00 GMT",PR Newswire UK,https://news.google.com/rss/articles/CBMi1wFBVV95cUxPZGFCdmJDQ1JESlNJbS0yQTdTSmVMaVU2VGNYVi1KSVNnQ1dteDVDR0ZWQ08tUWx4eGV2dG5aSEZuWnItX2J4Zkc0c2ZKNmF6emszYjF2WnBsNnV4VTQ0a0VzRWcwZGZwOVRZaFAwZ2hBYVlQcVVMQmN4OUoyVERVS0U3TG1DUF8xMFVvc1lfWS1WMGEtZmwyakJSeW45cXVwM1ZxZU9MWVV6NjRydEplLWl2MExvWjZLZTFmWGwwVGhWVlRTcmVDcFVRWGl0bjdaeThkX3FTaw?oc=5,"<a href=""https://news.google.com/rss/articles/CBMi1wFBVV95cUxPZGFCdmJDQ1JESlNJbS0yQTdTSmVMaVU2VGNYVi1KSVNnQ1dteDVDR0ZWQ08tUWx4eGV2dG5aSEZuWnItX2J4Zkc0c2ZKNmF6emszYjF2WnBsNnV4VTQ0a0VzRWcwZGZwOVRZaFAwZ2hBYVlQcVVMQmN4OUoyVERVS0U3TG1DUF8xMFVvc1lfWS1WMGEtZmwyakJSeW45cXVwM1ZxZU9MWVV6NjRydEplLWl2MExvWjZLZTFmWGwwVGhWVlRTcmVDcFVRWGl0bjdaeThkX3FTaw?oc=5"" target=""_blank"">Technogym Mywellness: New Digital Features to Assist Fitness Clubs Re-opening Plans</a>&nbsp;&nbsp;<font color=""#6f6f6f"">PR Newswire UK</font>",digital fitness UK,"<a href=""https://news.google.com/rss/articles/CBMi1wFBVV95cUxPZGFCdmJDQ1JESlNJbS0yQTdTSmVMaVU2VGNYVi1KSVNnQ1dteDVDR0ZWQ08tUWx4eGV2dG5aSEZuWnItX2J4Zkc0c2ZKNmF6emszYjF2WnBsNnV4VTQ0a0VzRWcwZGZwOVRZaFAwZ2hBYVlQcVVMQmN4OUoyVERVS0U3TG1DUF8xMFVvc1lfWS1WMGEtZmwyakJSeW45cXVwM1ZxZU9MWVV6NjRydEplLWl2MExvWjZLZTFmWGwwVGhWVlRTcmVDcFVRWGl0bjdaeThkX3FTaw?oc=5"" target=""_blank"">Technogym Mywellness: New Digital Features to Assist Fitness Clubs Re-opening Plans</a>&nbsp;&nbsp;<font color=""#6f6f6f"">PR Newswire UK</font>"
Best exercise bikes and smart indoor bikes for home workouts - Cycling Weekly,"Thu, 18 Jun 2026 07:00:00 GMT",Cycling Weekly,https://news.google.com/rss/articles/CBMibkFVX3lxTFBXZjF6R2MxRHpoeTZIUDQzU3liVC1FT3Q3OXcycFB3MHZOaEs2Rk1HMmxwR0JOdjBJN3AwWlZDcUh1WlRldmZKUTVjRXR5a2ozOFJWN05fTkpHOFBlem1USWZoYXJXRmoybERuRjln?oc=5,"<a href=""https://news.google.com/rss/articles/CBMibkFVX3lxTFBXZjF6R2MxRHpoeTZIUDQzU3liVC1FT3Q3OXcycFB3MHZOaEs2Rk1HMmxwR0JOdjBJN3AwWlZDcUh1WlRldmZKUTVjRXR5a2ozOFJWN05fTkpHOFBlem1USWZoYXJXRmoybERuRjln?oc=5"" target=""_blank"">Best exercise bikes and smart indoor bikes for home workouts</a>&nbsp;&nbsp;<font color=""#6f6f6f"">Cycling Weekly</font>",digital fitness UK,"<a href=""https://news.google.com/rss/articles/CBMibkFVX3lxTFBXZjF6R2MxRHpoeTZIUDQzU3liVC1FT3Q3OXcycFB3MHZOaEs2Rk1HMmxwR0JOdjBJN3AwWlZDcUh1WlRldmZKUTVjRXR5a2ozOFJWN05fTkpHOFBlem1USWZoYXJXRmoybERuRjln?oc=5"" target=""_blank"">Best exercise bikes and smart indoor bikes for home workouts</a>&nbsp;&nbsp;<font color=""#6f6f6f"">Cycling Weekly</font>"
The best kids’ fitness trackers you can buy in 2024 - Good Housekeeping,"Wed, 29 Nov 2023 08:00:00 GMT",Good Housekeeping,https://news.google.com/rss/articles/CBMinAFBVV95cUxPUGUyaC0xOVE4bFBLYVF0b3ZzcUhGdVRxNk5nLWlldnVicXBDT25JSnFqS3JxbU1ELS1tckFGb3hyRTI3Q1l0cGt0dHo5blV3andxdVNVenpaWTItTFpodjhwWlM5NmQtQmFxeXkwMWRQWGRWRHhObEk2VlNJQ3J4djVXeEstNEhRSVVoS01ESlhMemVXdEMzenZDVE4?oc=5,"<a href=""https://news.google.com/rss/articles/CBMinAFBVV95cUxPUGUyaC0xOVE4bFBLYVF0b3ZzcUhGdVRxNk5nLWlldnVicXBDT25JSnFqS3JxbU1ELS1tckFGb3hyRTI3Q1l0cGt0dHo5blV3andxdVNVenpaWTItTFpodjhwWlM5NmQtQmFxeXkwMWRQWGRWRHhObEk2VlNJQ3J4djVXeEstNEhRSVVoS01ESlhMemVXdEMzenZDVE4?oc=5"" target=""_blank"">The best kids’ fitness trackers you can buy in 2024</a>&nbsp;&nbsp;<font color=""#6f6f6f"">Good Housekeeping</font>",digital fitness UK,"<a href=""https://news.google.com/rss/articles/CBMinAFBVV95cUxPUGUyaC0xOVE4bFBLYVF0b3ZzcUhGdVRxNk5nLWlldnVicXBDT25JSnFqS3JxbU1ELS1tckFGb3hyRTI3Q1l0cGt0dHo5blV3andxdVNVenpaWTItTFpodjhwWlM5NmQtQmFxeXkwMWRQWGRWRHhObEk2VlNJQ3J4djVXeEstNEhRSVVoS01ESlhMemVXdEMzenZDVE4?oc=5"" target=""_blank"">The best kids’ fitness trackers you can buy in 2024</a>&nbsp;&nbsp;<font color=""#6f6f6f"">Good Housekeeping</font>"
Hands On With Peloton's Strength+ App: Machine Learning Workouts for the Gym - PCMag UK,"Wed, 04 Dec 2024 08:00:00 GMT",PCMag UK,https://news.google.com/rss/articles/CBMitwFBVV95cUxOZEtpQUhRbF85QzYwbnRrVDF2cjdUTW5RNmhpRjYzVE1PN2w5NkJuYXh5T2RHNFJadno0RF9KM1B4U0xpXzh4aDhjR1R6RWVuOUllRy1CMFVFZ2tBajF1OFNxeDg5clEyV0lQMUZmdFlQeTk3T2NQdWRQUnE2ak83Qzd2dlVxNE5UWERrSUhGUmlOV1BnSlBkaFRWNWRQWWRyZGFSdWthUmQya1k4MG1DMUpCRU5WM1k?oc=5,"<a href=""https://news.google.com/rss/articles/CBMitwFBVV95cUxOZEtpQUhRbF85QzYwbnRrVDF2cjdUTW5RNmhpRjYzVE1PN2w5NkJuYXh5T2RHNFJadno0RF9KM1B4U0xpXzh4aDhjR1R6RWVuOUllRy1CMFVFZ2tBajF1OFNxeDg5clEyV0lQMUZmdFlQeTk3T2NQdWRQUnE2ak83Qzd2dlVxNE5UWERrSUhGUmlOV1BnSlBkaFRWNWRQWWRyZGFSdWthUmQya1k4MG1DMUpCRU5WM1k?oc=5"" target=""_blank"">Hands On With Peloton's Strength+ App: Machine Learning Workouts for the Gym</a>&nbsp;&nbsp;<font color=""#6f6f6f"">PCMag UK</font>",digital fitness UK,"<a href=""https://news.google.com/rss/articles/CBMitwFBVV95cUxOZEtpQUhRbF85QzYwbnRrVDF2cjdUTW5RNmhpRjYzVE1PN2w5NkJuYXh5T2RHNFJadno0RF9KM1B4U0xpXzh4aDhjR1R6RWVuOUllRy1CMFVFZ2tBajF1OFNxeDg5clEyV0lQMUZmdFlQeTk3T2NQdWRQUnE2ak83Qzd2dlVxNE5UWERrSUhGUmlOV1BnSlBkaFRWNWRQWWRyZGFSdWthUmQya1k4MG1DMUpCRU5WM1k?oc=5"" target=""_blank"">Hands On With Peloton's Strength+ App: Machine Learning Workouts for the Gym</a>&nbsp;&nbsp;<font color=""#6f6f6f"">PCMag UK</font>"
How to give yourself a proper digital detox... according to Google - The Telegraph,"Fri, 08 Feb 2019 08:00:00 GMT",The Telegraph,https://news.google.com/rss/articles/CBMirwFBVV95cUxPSDBKVHpTaWQ4NzJUbFZXZjRIZUJaYlFqanNkV2FBMG5hV2ljQ1JGMlVfbmFJY1Z1b2JkbFU3aGZ4dE9ZeHBFOGpoZmIyN1pGMWlIcjBTRTNRS2lqVmlHYWlncHc2S0Z2bHQwcWtEUmpZSUp3SXNRZjNpdEQ2QUpmYi1pSU8yMGFrbnhsRVdTTGVTYURXX1ZQcVJHeHY4dEkyaHdjMXN1ODhxbkFySkhB?oc=5,"<a href=""https://news.google.com/rss/articles/CBMirwFBVV95cUxPSDBKVHpTaWQ4NzJUbFZXZjRIZUJaYlFqanNkV2FBMG5hV2ljQ1JGMlVfbmFJY1Z1b2JkbFU3aGZ4dE9ZeHBFOGpoZmIyN1pGMWlIcjBTRTNRS2lqVmlHYWlncHc2S0Z2bHQwcWtEUmpZSUp3SXNRZjNpdEQ2QUpmYi1pSU8yMGFrbnhsRVdTTGVTYURXX1ZQcVJHeHY4dEkyaHdjMXN1ODhxbkFySkhB?oc=5"" target=""_blank"">How to give yourself a proper digital detox... according to Google</a>&nbsp;&nbsp;<font color=""#6f6f6f"">The Telegraph</font>",digital fitness UK,"<a href=""https://news.google.com/rss/articles/CBMirwFBVV95cUxPSDBKVHpTaWQ4NzJUbFZXZjRIZUJaYlFqanNkV2FBMG5hV2ljQ1JGMlVfbmFJY1Z1b2JkbFU3aGZ4dE9ZeHBFOGpoZmIyN1pGMWlIcjBTRTNRS2lqVmlHYWlncHc2S0Z2bHQwcWtEUmpZSUp3SXNRZjNpdEQ2QUpmYi1pSU8yMGFrbnhsRVdTTGVTYURXX1ZQcVJHeHY4dEkyaHdjMXN1ODhxbkFySkhB?oc=5"" target=""_blank"">How to give yourself a proper digital detox... according to Google</a>&nbsp;&nbsp;<font color=""#6f6f6f"">The Telegraph</font>"
Best Smart Home Gym Equipment (2026): We’ve Tried It All - Garage Gym Reviews,"Fri, 19 Jun 2026 07:00:00 GMT",Garage Gym Reviews,https://news.google.com/rss/articles/CBMib0FVX3lxTFBYZUdKOWd6YnhwZ29uYXMyX1hpemRCazB4bUlaU1dtdkk0cjB3TWZHanFYTjM2U2p5dFJBUlRCZUVIb05qT1dwaVJfbkRwdFVZUHNsSTFyMFJOYVozVTd2YS1VNW83WlJfOW5pY29rMA?oc=5,"<a href=""https://news.google.com/rss/articles/CBMib0FVX3lxTFBYZUdKOWd6YnhwZ29uYXMyX1hpemRCazB4bUlaU1dtdkk0cjB3TWZHanFYTjM2U2p5dFJBUlRCZUVIb05qT1dwaVJfbkRwdFVZUHNsSTFyMFJOYVozVTd2YS1VNW83WlJfOW5pY29rMA?oc=5"" target=""_blank"">Best Smart Home Gym Equipment (2026): We’ve Tried It All</a>&nbsp;&nbsp;<font color=""#6f6f6f"">Garage Gym Reviews</font>",digital fitness UK,"<a href=""https://news.google.com/rss/articles/CBMib0FVX3lxTFBYZUdKOWd6YnhwZ29uYXMyX1hpemRCazB4bUlaU1dtdkk0cjB3TWZHanFYTjM2U2p5dFJBUlRCZUVIb05qT1dwaVJfbkRwdFVZUHNsSTFyMFJOYVozVTd2YS1VNW83WlJfOW5pY29rMA?oc=5"" target=""_blank"">Best Smart Home Gym Equipment (2026): We’ve Tried It All</a>&nbsp;&nbsp;<font color=""#6f6f6f"">Garage Gym Reviews</font>"
PureGym Founder Backs AI fitness startup as exercise becomes digital - Health Tech World,"Wed, 10 Aug 2022 07:00:00 GMT",Health Tech World,https://news.google.com/rss/articles/CBMinAFBVV95cUxPTTdVcDRFRWFzYjJrdVFVZUoxWkVkZG0xUTNrTlUwMzRSeUJudm5KYlp5bWJZVHY0MktMYVVSS2VtS0Z6RHUxUU9xSW1sbFlJV1JJem1SS1g4REhMV2pjdW4tcFV1VVhJWTBjZEhuTDVfWUEyNXJnckhqXzZ6UGhwbEszSVRNY0hQMVBfZi1jcUtNZjFMME5LaXdUM3o?oc=5,"<a href=""https://news.google.com/rss/articles/CBMinAFBVV95cUxPTTdVcDRFRWFzYjJrdVFVZUoxWkVkZG0xUTNrTlUwMzRSeUJudm5KYlp5bWJZVHY0MktMYVVSS2VtS0Z6RHUxUU9xSW1sbFlJV1JJem1SS1g4REhMV2pjdW4tcFV1VVhJWTBjZEhuTDVfWUEyNXJnckhqXzZ6UGhwbEszSVRNY0hQMVBfZi1jcUtNZjFMME5LaXdUM3o?oc=5"" target=""_blank"">PureGym Founder Backs AI fitness startup as exercise becomes digital</a>&nbsp;&nbsp;<font color=""#6f6f6f"">Health Tech World</font>",digital fitness UK,"<a href=""https://news.google.com/rss/articles/CBMinAFBVV95cUxPTTdVcDRFRWFzYjJrdVFVZUoxWkVkZG0xUTNrTlUwMzRSeUJudm5KYlp5bWJZVHY0MktMYVVSS2VtS0Z6RHUxUU9xSW1sbFlJV1JJem1SS1g4REhMV2pjdW4tcFV1VVhJWTBjZEhuTDVfWUEyNXJnckhqXzZ6UGhwbEszSVRNY0hQMVBfZi1jcUtNZjFMME5LaXdUM3o?oc=5"" target=""_blank"">PureGym Founder Backs AI fitness startup as exercise becomes digital</a>&nbsp;&nbsp;<font color=""#6f6f6f"">Health Tech World</font>"
These are the best skipping ropes we’ve tried for cardio workouts in 2025 - mensfitness.co.uk,"Thu, 23 Jan 2025 08:00:00 GMT",mensfitness.co.uk,https://news.google.com/rss/articles/CBMiY0FVX3lxTE5DNWxqQXlpbWtPb19WRkp1UkJJcDRwVHVoZERPNWZqcDlpaXZWel9NUkVpTF9DYjdiVGttbUdhYVVZaFYtVjlnVTFINWR1MVhsVGJWSHhwdmhxMnQ0UUJGc29Daw?oc=5,"<a href=""https://news.google.com/rss/articles/CBMiY0FVX3lxTE5DNWxqQXlpbWtPb19WRkp1UkJJcDRwVHVoZERPNWZqcDlpaXZWel9NUkVpTF9DYjdiVGttbUdhYVVZaFYtVjlnVTFINWR1MVhsVGJWSHhwdmhxMnQ0UUJGc29Daw?oc=5"" target=""_blank"">These are the best skipping ropes we’ve tried for cardio workouts in 2025</a>&nbsp;&nbsp;<font color=""#6f6f6f"">mensfitness.co.uk</font>",digital fitness UK,"<a href=""https://news.google.com/rss/articles/CBMiY0FVX3lxTE5DNWxqQXlpbWtPb19WRkp1UkJJcDRwVHVoZERPNWZqcDlpaXZWel9NUkVpTF9DYjdiVGttbUdhYVVZaFYtVjlnVTFINWR1MVhsVGJWSHhwdmhxMnQ0UUJGc29Daw?oc=5"" target=""_blank"">These are the best skipping ropes we’ve tried for cardio workouts in 2025</a>&nbsp;&nbsp;<font color=""#6f6f6f"">mensfitness.co.uk</font>"
Users of digital fitness & well-being apps in the United States from 2017 to 2031 - Statista,"Thu, 09 Jul 2026 07:00:00 GMT",Statista,https://news.google.com/rss/articles/CBMi1gFBVV95cUxOLW5wRWZKUVF6NThIcG8zMFV1UUdkODg0TmtWb3JEdGxZOGpzOXdsLVhuWG5wbVBRQWNzaVdnaTg0SW9BWG5PVDdkbnNSUVgxQms0aHRXbGNyazg0T1c2UGVya0xGVU56T0llZENRSEM2X0VFVW5KdXF3UzF2czYxcGJMN1BVZWNoZmZRSzBRaHVnWjUzUGl2bXFHSFl5Rnk4RFo1eGkzVHZnTWhaejN1c2hUSENGOU9BdnoyVzRPYUpLdG1JUmJ5c3lzc0JubkdNZE84QmJR?oc=5,"<a href=""https://news.google.com/rss/articles/CBMi1gFBVV95cUxOLW5wRWZKUVF6NThIcG8zMFV1UUdkODg0TmtWb3JEdGxZOGpzOXdsLVhuWG5wbVBRQWNzaVdnaTg0SW9BWG5PVDdkbnNSUVgxQms0aHRXbGNyazg0T1c2UGVya0xGVU56T0llZENRSEM2X0VFVW5KdXF3UzF2czYxcGJMN1BVZWNoZmZRSzBRaHVnWjUzUGl2bXFHSFl5Rnk4RFo1eGkzVHZnTWhaejN1c2hUSENGOU9BdnoyVzRPYUpLdG1JUmJ5c3lzc0JubkdNZE84QmJR?oc=5"" target=""_blank"">Users of digital fitness & well-being apps in the United States from 2017 to 2031</a>&nbsp;&nbsp;<font color=""#6f6f6f"">Statista</font>",digital fitness UK,"<a href=""https://news.google.com/rss/articles/CBMi1gFBVV95cUxOLW5wRWZKUVF6NThIcG8zMFV1UUdkODg0TmtWb3JEdGxZOGpzOXdsLVhuWG5wbVBRQWNzaVdnaTg0SW9BWG5PVDdkbnNSUVgxQms0aHRXbGNyazg0T1c2UGVya0xGVU56T0llZENRSEM2X0VFVW5KdXF3UzF2czYxcGJMN1BVZWNoZmZRSzBRaHVnWjUzUGl2bXFHSFl5Rnk4RFo1eGkzVHZnTWhaejN1c2hUSENGOU9BdnoyVzRPYUpLdG1JUmJ5c3lzc0JubkdNZE84QmJR?oc=5"" target=""_blank"">Users of digital fitness & well-being apps in the United States from 2017 to 2031</a>&nbsp;&nbsp;<font color=""#6f6f6f"">Statista</font>"
Fitness Platform Mvmnt Launches Family Wellness Campaign - Fitt Insider,"Wed, 30 Jul 2025 07:00:00 GMT",Fitt Insider,https://news.google.com/rss/articles/CBMiogFBVV95cUxOSlpta01UQlhuRFhsc3N6VFpEM1VZb25DanBMT1JIRXI1dzg5Z3lRUXBBTjNpVXdZWU15Rml4RDVGRVdoRVlwZ2sxMVgtVGFQZUgxbEtoVXAyY1pFSTRBaVpYbWZhRWFlZ01NVzMzZW02R3BEX2paUHF3ZmNJRjVHR1ByMnZ2ZFRzTUlsWHJSZ3NrbWtfNEZ1YnJGOWVUR0R0Qnc?oc=5,"<a href=""https://news.google.com/rss/articles/CBMiogFBVV95cUxOSlpta01UQlhuRFhsc3N6VFpEM1VZb25DanBMT1JIRXI1dzg5Z3lRUXBBTjNpVXdZWU15Rml4RDVGRVdoRVlwZ2sxMVgtVGFQZUgxbEtoVXAyY1pFSTRBaVpYbWZhRWFlZ01NVzMzZW02R3BEX2paUHF3ZmNJRjVHR1ByMnZ2ZFRzTUlsWHJSZ3NrbWtfNEZ1YnJGOWVUR0R0Qnc?oc=5"" target=""_blank"">Fitness Platform Mvmnt Launches Family Wellness Campaign</a>&nbsp;&nbsp;<font color=""#6f6f6f"">Fitt Insider</font>",digital fitness UK,"<a href=""https://news.google.com/rss/articles/CBMiogFBVV95cUxOSlpta01UQlhuRFhsc3N6VFpEM1VZb25DanBMT1JIRXI1dzg5Z3lRUXBBTjNpVXdZWU15Rml4RDVGRVdoRVlwZ2sxMVgtVGFQZUgxbEtoVXAyY1pFSTRBaVpYbWZhRWFlZ01NVzMzZW02R3BEX2paUHF3ZmNJRjVHR1ByMnZ2ZFRzTUlsWHJSZ3NrbWtfNEZ1YnJGOWVUR0R0Qnc?oc=5"" target=""_blank"">Fitness Platform Mvmnt Launches Family Wellness Campaign</a>&nbsp;&nbsp;<font color=""#6f6f6f"">Fitt Insider</font>"
"These are the best bathroom scales, from body-analysers to analogue - The Telegraph","Wed, 22 Jul 2026 07:00:00 GMT",The Telegraph,https://news.google.com/rss/articles/CBMitwFBVV95cUxQamhDZ0MycGlHaF80c2xuV0h5TGkzcmVSLXZqZ3NIX1NxUVFDdXRSMy1XMmRWMVNjVTR1Z2Z2SVhFdGN5WlItLThRb2l0SDZuS0IyS3dDTWFiOFdzZ2lTdnF2cDBRZmx4cWliSG5EWmUwTmpySFhQM0Z6S3pRMGpWRHd2UWZTVnRfVkh5Nmg2aVp4Y29wbG1DX1k5YXdWaDRlc2R4NVN2QmR1VkZlQWVLMUZsOVduRGs?oc=5,"<a href=""https://news.google.com/rss/articles/CBMitwFBVV95cUxQamhDZ0MycGlHaF80c2xuV0h5TGkzcmVSLXZqZ3NIX1NxUVFDdXRSMy1XMmRWMVNjVTR1Z2Z2SVhFdGN5WlItLThRb2l0SDZuS0IyS3dDTWFiOFdzZ2lTdnF2cDBRZmx4cWliSG5EWmUwTmpySFhQM0Z6S3pRMGpWRHd2UWZTVnRfVkh5Nmg2aVp4Y29wbG1DX1k5YXdWaDRlc2R4NVN2QmR1VkZlQWVLMUZsOVduRGs?oc=5"" target=""_blank"">These are the best bathroom scales, from body-analysers to analogue</a>&nbsp;&nbsp;<font color=""#6f6f6f"">The Telegraph</font>",digital fitness UK,"<a href=""https://news.google.com/rss/articles/CBMitwFBVV95cUxQamhDZ0MycGlHaF80c2xuV0h5TGkzcmVSLXZqZ3NIX1NxUVFDdXRSMy1XMmRWMVNjVTR1Z2Z2SVhFdGN5WlItLThRb2l0SDZuS0IyS3dDTWFiOFdzZ2lTdnF2cDBRZmx4cWliSG5EWmUwTmpySFhQM0Z6S3pRMGpWRHd2UWZTVnRfVkh5Nmg2aVp4Y29wbG1DX1k5YXdWaDRlc2R4NVN2QmR1VkZlQWVLMUZsOVduRGs?oc=5"" target=""_blank"">These are the best bathroom scales, from body-analysers to analogue</a>&nbsp;&nbsp;<font color=""#6f6f6f"">The Telegraph</font>"
30 Health & Fitness Innovators Changing The Game This Year - Men's Health,"Tue, 18 Apr 2023 07:00:00 GMT",Men's Health,https://news.google.com/rss/articles/CBMingFBVV95cUxOd1RkcF9odG9SYldBSHh1NHpwMm5qQzRmRFp1NUdGdnEwU1RHaGM3SkwtT2RFU0VFNDAydGxYdFhsRWNhcHoxbHlYZUQ2c3JJZHFzb0ltd1ZNZ2RsUklUYTFjb0lMTXRvajgyY0lMTTdfZm9ISWpaVjNEVXpfZksxX2lFU2JoOG03R2ZaTHJHWHYweklwWk9oaEdPRUZ2QQ?oc=5,"<a href=""https://news.google.com/rss/articles/CBMingFBVV95cUxOd1RkcF9odG9SYldBSHh1NHpwMm5qQzRmRFp1NUdGdnEwU1RHaGM3SkwtT2RFU0VFNDAydGxYdFhsRWNhcHoxbHlYZUQ2c3JJZHFzb0ltd1ZNZ2RsUklUYTFjb0lMTXRvajgyY0lMTTdfZm9ISWpaVjNEVXpfZksxX2lFU2JoOG03R2ZaTHJHWHYweklwWk9oaEdPRUZ2QQ?oc=5"" target=""_blank"">30 Health & Fitness Innovators Changing The Game This Year</a>&nbsp;&nbsp;<font color=""#6f6f6f"">Men's Health</font>",digital fitness UK,"<a href=""https://news.google.com/rss/articles/CBMingFBVV95cUxOd1RkcF9odG9SYldBSHh1NHpwMm5qQzRmRFp1NUdGdnEwU1RHaGM3SkwtT2RFU0VFNDAydGxYdFhsRWNhcHoxbHlYZUQ2c3JJZHFzb0ltd1ZNZ2RsUklUYTFjb0lMTXRvajgyY0lMTTdfZm9ISWpaVjNEVXpfZksxX2lFU2JoOG03R2ZaTHJHWHYweklwWk9oaEdPRUZ2QQ?oc=5"" target=""_blank"">30 Health & Fitness Innovators Changing The Game This Year</a>&nbsp;&nbsp;<font color=""#6f6f6f"">Men's Health</font>"
Fitness First UK drops prices by nearly 30 per cent and offers flexible contracts with no joining fee - attractionsmanagement.com,"Wed, 27 Oct 2021 07:00:00 GMT",attractionsmanagement.com,https://news.google.com/rss/articles/CBMi6AFBVV95cUxOSXJfbVdnTTUwcHVGakcwMzI1S1FBQjNRTk1vWXIwQmdpTnFoYVdRTjI3QTdtWHVzOUxaMmhfaU5SRUl1NjJLZU1ROTZocEZRX3JaQkdDYmQwZ3FDSnBmSVFrSnZzc0ZVQjNiSVVsMktrYy1yMXZvTVFGYTNKeGpUejZab1U4S00wLUUzQTdRM1hjM09KemNXWUI3NzdmaVh2Q3FISk42NmlOeUYtbGI1U0FpM084ZzFDQW4waUJ1TkFNWlNKdVlWYmo2Z3N5WU1WNC1IQ096aEQtYnRQTU5Rb1NONzZPcTRI?oc=5,"<a href=""https://news.google.com/rss/articles/CBMi6AFBVV95cUxOSXJfbVdnTTUwcHVGakcwMzI1S1FBQjNRTk1vWXIwQmdpTnFoYVdRTjI3QTdtWHVzOUxaMmhfaU5SRUl1NjJLZU1ROTZocEZRX3JaQkdDYmQwZ3FDSnBmSVFrSnZzc0ZVQjNiSVVsMktrYy1yMXZvTVFGYTNKeGpUejZab1U4S00wLUUzQTdRM1hjM09KemNXWUI3NzdmaVh2Q3FISk42NmlOeUYtbGI1U0FpM084ZzFDQW4waUJ1TkFNWlNKdVlWYmo2Z3N5WU1WNC1IQ096aEQtYnRQTU5Rb1NONzZPcTRI?oc=5"" target=""_blank"">Fitness First UK drops prices by nearly 30 per cent and offers flexible contracts with no joining fee</a>&nbsp;&nbsp;<font color=""#6f6f6f"">attractionsmanagement.com</font>",digital fitness UK,"<a href=""https://news.google.com/rss/articles/CBMi6AFBVV95cUxOSXJfbVdnTTUwcHVGakcwMzI1S1FBQjNRTk1vWXIwQmdpTnFoYVdRTjI3QTdtWHVzOUxaMmhfaU5SRUl1NjJLZU1ROTZocEZRX3JaQkdDYmQwZ3FDSnBmSVFrSnZzc0ZVQjNiSVVsMktrYy1yMXZvTVFGYTNKeGpUejZab1U4S00wLUUzQTdRM1hjM09KemNXWUI3NzdmaVh2Q3FISk42NmlOeUYtbGI1U0FpM084ZzFDQW4waUJ1TkFNWlNKdVlWYmo2Z3N5WU1WNC1IQ096aEQtYnRQTU5Rb1NONzZPcTRI?oc=5"" target=""_blank"">Fitness First UK drops prices by nearly 30 per cent and offers flexible contracts with no joining fee</a>&nbsp;&nbsp;<font color=""#6f6f6f"">attractionsmanagement.com</font>"
Digital fitness: the best apps and websites so you can work out at home - The Telegraph,"Sun, 20 Sep 2015 07:00:00 GMT",The Telegraph,https://news.google.com/rss/articles/CBMiogFBVV95cUxNdkRCQlJTYnp2ZGFsN19yVjhIcUtKOHA2MmJldzFrRldaSmJMYVZuOU16OU9uOGFUVzM3cHdNSVZ0aElpa1dXaFMzSWE3a1dFVlhLcVc0VVNlQnUwV2Zzcl9tR3JIbDRsMjlvb0t2WmJEOHI5RnF4YWtGZDJPTEpaXzlkNmRGVm9rdWNhdFM4VkdlMWUtR2drZUFRUWMxdENXT2c?oc=5,"<a href=""https://news.google.com/rss/articles/CBMiogFBVV95cUxNdkRCQlJTYnp2ZGFsN19yVjhIcUtKOHA2MmJldzFrRldaSmJMYVZuOU16OU9uOGFUVzM3cHdNSVZ0aElpa1dXaFMzSWE3a1dFVlhLcVc0VVNlQnUwV2Zzcl9tR3JIbDRsMjlvb0t2WmJEOHI5RnF4YWtGZDJPTEpaXzlkNmRGVm9rdWNhdFM4VkdlMWUtR2drZUFRUWMxdENXT2c?oc=5"" target=""_blank"">Digital fitness: the best apps and websites so you can work out at home</a>&nbsp;&nbsp;<font color=""#6f6f6f"">The Telegraph</font>",digital fitness UK,"<a href=""https://news.google.com/rss/articles/CBMiogFBVV95cUxNdkRCQlJTYnp2ZGFsN19yVjhIcUtKOHA2MmJldzFrRldaSmJMYVZuOU16OU9uOGFUVzM3cHdNSVZ0aElpa1dXaFMzSWE3a1dFVlhLcVc0VVNlQnUwV2Zzcl9tR3JIbDRsMjlvb0t2WmJEOHI5RnF4YWtGZDJPTEpaXzlkNmRGVm9rdWNhdFM4VkdlMWUtR2drZUFRUWMxdENXT2c?oc=5"" target=""_blank"">Digital fitness: the best apps and websites so you can work out at home</a>&nbsp;&nbsp;<font color=""#6f6f6f"">The Telegraph</font>"
AEKE's giant fitness mirror looks ridiculous but it pushed me harder than I expected - t3.com,"Fri, 02 Jan 2026 08:00:00 GMT",t3.com,https://news.google.com/rss/articles/CBMibEFVX3lxTE4weXhTY2stQzBfNFVBU0V4aW5RSktRc3hqZDFrTDloYzFPX1Eya25HdC1KbnE0MVctSVY4cnVGSW45MG90TUZJbDJvRUhUSVFmcWF4bFFfUk5XVmRuYzlVQlAzdy1jYVdnTG1EMw?oc=5,"<a href=""https://news.google.com/rss/articles/CBMibEFVX3lxTE4weXhTY2stQzBfNFVBU0V4aW5RSktRc3hqZDFrTDloYzFPX1Eya25HdC1KbnE0MVctSVY4cnVGSW45MG90TUZJbDJvRUhUSVFmcWF4bFFfUk5XVmRuYzlVQlAzdy1jYVdnTG1EMw?oc=5"" target=""_blank"">AEKE's giant fitness mirror looks ridiculous but it pushed me harder than I expected</a>&nbsp;&nbsp;<font color=""#6f6f6f"">t3.com</font>",digital fitness UK,"<a href=""https://news.google.com/rss/articles/CBMibEFVX3lxTE4weXhTY2stQzBfNFVBU0V4aW5RSktRc3hqZDFrTDloYzFPX1Eya25HdC1KbnE0MVctSVY4cnVGSW45MG90TUZJbDJvRUhUSVFmcWF4bFFfUk5XVmRuYzlVQlAzdy1jYVdnTG1EMw?oc=5"" target=""_blank"">AEKE's giant fitness mirror looks ridiculous but it pushed me harder than I expected</a>&nbsp;&nbsp;<font color=""#6f6f6f"">t3.com</font>"
Get a Free Men’s Health January 2023 Digital Issue - Men's Health,"Fri, 06 Jan 2023 08:00:00 GMT",Men's Health,https://news.google.com/rss/articles/CBMitAFBVV95cUxNbS1zR3luUGdySEctNEZqX3MyWnB1cDdiNTI5UzJ6TmJOeEhxSTZURVN4UEVObmFrX1A1ZkdLYkVjQ0ZOWERzVEkwUmg3STBDR2pqaDJnS1FPLXpKRWp6blB6QjF0WUUxRGR2MXl4UkRwejFMN0FiUzA1TWdoNXVpeE5uWHd3dERpc3M1VzBPcE56SElBM09wT0hsXzh5dlVlaFNhWHM2ZEFSbjJieDE1LUVibm8?oc=5,"<a href=""https://news.google.com/rss/articles/CBMitAFBVV95cUxNbS1zR3luUGdySEctNEZqX3MyWnB1cDdiNTI5UzJ6TmJOeEhxSTZURVN4UEVObmFrX1A1ZkdLYkVjQ0ZOWERzVEkwUmg3STBDR2pqaDJnS1FPLXpKRWp6blB6QjF0WUUxRGR2MXl4UkRwejFMN0FiUzA1TWdoNXVpeE5uWHd3dERpc3M1VzBPcE56SElBM09wT0hsXzh5dlVlaFNhWHM2ZEFSbjJieDE1LUVibm8?oc=5"" target=""_blank"">Get a Free Men’s Health January 2023 Digital Issue</a>&nbsp;&nbsp;<font color=""#6f6f6f"">Men's Health</font>",digital fitness UK,"<a href=""https://news.google.com/rss/articles/CBMitAFBVV95cUxNbS1zR3luUGdySEctNEZqX3MyWnB1cDdiNTI5UzJ6TmJOeEhxSTZURVN4UEVObmFrX1A1ZkdLYkVjQ0ZOWERzVEkwUmg3STBDR2pqaDJnS1FPLXpKRWp6blB6QjF0WUUxRGR2MXl4UkRwejFMN0FiUzA1TWdoNXVpeE5uWHd3dERpc3M1VzBPcE56SElBM09wT0hsXzh5dlVlaFNhWHM2ZEFSbjJieDE1LUVibm8?oc=5"" target=""_blank"">Get a Free Men’s Health January 2023 Digital Issue</a>&nbsp;&nbsp;<font color=""#6f6f6f"">Men's Health</font>"
11 Wellness Business Ideas to Start in 2026 - Shopify,"Thu, 04 Dec 2025 08:00:00 GMT",Shopify,https://news.google.com/rss/articles/CBMiZkFVX3lxTE1ZbktRN0p3bElHYklSczhJcFQ4MVIzdHJ1eC1jeGQ1YVBELXdSNFJGTUxhQ2hRcFBUeGxoYS1oOG1ONEZ5OUhwM1ctOHNRU2dZc3puZzRxVkg2Wkp5RlVHd2k1VGJWUQ?oc=5,"<a href=""https://news.google.com/rss/articles/CBMiZkFVX3lxTE1ZbktRN0p3bElHYklSczhJcFQ4MVIzdHJ1eC1jeGQ1YVBELXdSNFJGTUxhQ2hRcFBUeGxoYS1oOG1ONEZ5OUhwM1ctOHNRU2dZc3puZzRxVkg2Wkp5RlVHd2k1VGJWUQ?oc=5"" target=""_blank"">11 Wellness Business Ideas to Start in 2026</a>&nbsp;&nbsp;<font color=""#6f6f6f"">Shopify</font>",digital fitness UK,"<a href=""https://news.google.com/rss/articles/CBMiZkFVX3lxTE1ZbktRN0p3bElHYklSczhJcFQ4MVIzdHJ1eC1jeGQ1YVBELXdSNFJGTUxhQ2hRcFBUeGxoYS1oOG1ONEZ5OUhwM1ctOHNRU2dZc3puZzRxVkg2Wkp5RlVHd2k1VGJWUQ?oc=5"" target=""_blank"">11 Wellness Business Ideas to Start in 2026</a>&nbsp;&nbsp;<font color=""#6f6f6f"">Shopify</font>"
"10 best bathroom scales for tracking your health, tried and tested - Good Housekeeping","Tue, 17 Mar 2026 07:00:00 GMT",Good Housekeeping,https://news.google.com/rss/articles/CBMinwFBVV95cUxNUE1xU3JTQUVUQzhzTUUyZlZTSnJuNFdYem5CeldqMGNNZV9iZkZ5RFBjRTRGSkFuSXJCWmkxeV9lQWJ6OW5ycEVtZEhEdFdxaW11cG5PeS1OWERaUDFuaExNYVZnYUxMVWJ4STNJeXg0d3FGcUJ2Nkg2WEFzbERxMEstNlRCOHJlZGZmWjlGSEZSb1dYYl9oTG02QWRib1E?oc=5,"<a href=""https://news.google.com/rss/articles/CBMinwFBVV95cUxNUE1xU3JTQUVUQzhzTUUyZlZTSnJuNFdYem5CeldqMGNNZV9iZkZ5RFBjRTRGSkFuSXJCWmkxeV9lQWJ6OW5ycEVtZEhEdFdxaW11cG5PeS1OWERaUDFuaExNYVZnYUxMVWJ4STNJeXg0d3FGcUJ2Nkg2WEFzbERxMEstNlRCOHJlZGZmWjlGSEZSb1dYYl9oTG02QWRib1E?oc=5"" target=""_blank"">10 best bathroom scales for tracking your health, tried and tested</a>&nbsp;&nbsp;<font color=""#6f6f6f"">Good Housekeeping</font>",digital fitness UK,"<a href=""https://news.google.com/rss/articles/CBMinwFBVV95cUxNUE1xU3JTQUVUQzhzTUUyZlZTSnJuNFdYem5CeldqMGNNZV9iZkZ5RFBjRTRGSkFuSXJCWmkxeV9lQWJ6OW5ycEVtZEhEdFdxaW11cG5PeS1OWERaUDFuaExNYVZnYUxMVWJ4STNJeXg0d3FGcUJ2Nkg2WEFzbERxMEstNlRCOHJlZGZmWjlGSEZSb1dYYl9oTG02QWRib1E?oc=5"" target=""_blank"">10 best bathroom scales for tracking your health, tried and tested</a>&nbsp;&nbsp;<font color=""#6f6f6f"">Good Housekeeping</font>"
Struggling to Meet Your Training Goals? A Fitness App Might Help Keep You on Track. - Men's Health,"Mon, 31 Mar 2025 07:00:00 GMT",Men's Health,https://news.google.com/rss/articles/CBMicEFVX3lxTE9GUkh3X2x5YmIwMzZrS2dFcTlYZjhXaC1JQm85M3QtamZWYjgzSUpBQ1NSTjRJMDlHQWdRYVF2MWZKdmxOdVFpUkVZTVNReGJicTNBZGxkNmFvdEtXYURWRlBMaWtWMGdoRU1ybm11RWU?oc=5,"<a href=""https://news.google.com/rss/articles/CBMicEFVX3lxTE9GUkh3X2x5YmIwMzZrS2dFcTlYZjhXaC1JQm85M3QtamZWYjgzSUpBQ1NSTjRJMDlHQWdRYVF2MWZKdmxOdVFpUkVZTVNReGJicTNBZGxkNmFvdEtXYURWRlBMaWtWMGdoRU1ybm11RWU?oc=5"" target=""_blank"">Struggling to Meet Your Training Goals? A Fitness App Might Help Keep You on Track.</a>&nbsp;&nbsp;<font color=""#6f6f6f"">Men's Health</font>",digital fitness UK,"<a href=""https://news.google.com/rss/articles/CBMicEFVX3lxTE9GUkh3X2x5YmIwMzZrS2dFcTlYZjhXaC1JQm85M3QtamZWYjgzSUpBQ1NSTjRJMDlHQWdRYVF2MWZKdmxOdVFpUkVZTVNReGJicTNBZGxkNmFvdEtXYURWRlBMaWtWMGdoRU1ybm11RWU?oc=5"" target=""_blank"">Struggling to Meet Your Training Goals? A Fitness App Might Help Keep You on Track.</a>&nbsp;&nbsp;<font color=""#6f6f6f"">Men's Health</font>"
Digital fitness device for horses looks to race into new markets - Chronicle Live,"Wed, 07 Dec 2016 08:00:00 GMT",Chronicle Live,https://news.google.com/rss/articles/CBMioAFBVV95cUxNdDQzWm9MaEl3ejVDTU9WdnVBSlBocjlrTVJoemcwN2RaUTNpOHduUXpDUGlCMUhXQUNaZzdoeVpIcmNCeXY3QWM2QnRlMDlrRnlxeEk5eldjZHBJRFFyZUlyblB6c2EwaWduSkNwZ0RBM3dvbllpZjhvXzh2TmZOWk1OMEh3TDlKcjNocldoV3g2RnhzSGZXX3hMMGp4VnZm0gGmAUFVX3lxTE1SS1RoczhKU2o0Q0lQT281U3F1c1JRYjB4cUlBQUQtaGloMmFIeEk4Q1JHU2MwN29kTDlJTDI3NGt4YndkZjI5bkx3OG9OSUNjYnhzTDFFSlVUZnNWeHBaNE9BNE5TTWZjRHJZSjRjbVFwSGEzbjFzRE81U1NSRXEzQmxjNTRzd3J3N0Q3SVh4MlNRWWRhek82NjdDc3d6Z2o5RjJEMWc?oc=5,"<a href=""https://news.google.com/rss/articles/CBMioAFBVV95cUxNdDQzWm9MaEl3ejVDTU9WdnVBSlBocjlrTVJoemcwN2RaUTNpOHduUXpDUGlCMUhXQUNaZzdoeVpIcmNCeXY3QWM2QnRlMDlrRnlxeEk5eldjZHBJRFFyZUlyblB6c2EwaWduSkNwZ0RBM3dvbllpZjhvXzh2TmZOWk1OMEh3TDlKcjNocldoV3g2RnhzSGZXX3hMMGp4VnZm0gGmAUFVX3lxTE1SS1RoczhKU2o0Q0lQT281U3F1c1JRYjB4cUlBQUQtaGloMmFIeEk4Q1JHU2MwN29kTDlJTDI3NGt4YndkZjI5bkx3OG9OSUNjYnhzTDFFSlVUZnNWeHBaNE9BNE5TTWZjRHJZSjRjbVFwSGEzbjFzRE81U1NSRXEzQmxjNTRzd3J3N0Q3SVh4MlNRWWRhek82NjdDc3d6Z2o5RjJEMWc?oc=5"" target=""_blank"">Digital fitness device for horses looks to race into new markets</a>&nbsp;&nbsp;<font color=""#6f6f6f"">Chronicle Live</font>",digital fitness UK,"<a href=""https://news.google.com/rss/articles/CBMioAFBVV95cUxNdDQzWm9MaEl3ejVDTU9WdnVBSlBocjlrTVJoemcwN2RaUTNpOHduUXpDUGlCMUhXQUNaZzdoeVpIcmNCeXY3QWM2QnRlMDlrRnlxeEk5eldjZHBJRFFyZUlyblB6c2EwaWduSkNwZ0RBM3dvbllpZjhvXzh2TmZOWk1OMEh3TDlKcjNocldoV3g2RnhzSGZXX3hMMGp4VnZm0gGmAUFVX3lxTE1SS1RoczhKU2o0Q0lQT281U3F1c1JRYjB4cUlBQUQtaGloMmFIeEk4Q1JHU2MwN29kTDlJTDI3NGt4YndkZjI5bkx3OG9OSUNjYnhzTDFFSlVUZnNWeHBaNE9BNE5TTWZjRHJZSjRjbVFwSGEzbjFzRE81U1NSRXEzQmxjNTRzd3J3N0Q3SVh4MlNRWWRhek82NjdDc3d6Z2o5RjJEMWc?oc=5"" target=""_blank"">Digital fitness device for horses looks to race into new markets</a>&nbsp;&nbsp;<font color=""#6f6f6f"">Chronicle Live</font>"
Merlin partners with fitness app Supernatural to bring indie music to Meta Quest virtual workouts - Music Business Worldwide,"Thu, 08 Dec 2022 08:00:00 GMT",Music Business Worldwide,https://news.google.com/rss/articles/CBMi0wFBVV95cUxQYzIxX01CV3VBNnRDdTA5eE10TXJNS3kyOWFOM0F0Y2VudGR2SzZ4Y1Nqa2ZUbWdwRXI2RlZzeEVCd3k1cnFoTXpqSldvOElJQjJqQU5Mbmo4S3VYbnUyTjhoSlpNU2hyeFlkSWVob1VUc0tKWVRiZ052QWFFdXNLZUxNWnBkc21uc3BNem93dTdKbWM0MGdXZmdiMVJOclZUeXRvTW1Fa1psQl85UmpOMjhUMWRuQUpHbG9JTU1lZzMxdE1LR2xEbVN0SXFUdFhzWjh3?oc=5,"<a href=""https://news.google.com/rss/articles/CBMi0wFBVV95cUxQYzIxX01CV3VBNnRDdTA5eE10TXJNS3kyOWFOM0F0Y2VudGR2SzZ4Y1Nqa2ZUbWdwRXI2RlZzeEVCd3k1cnFoTXpqSldvOElJQjJqQU5Mbmo4S3VYbnUyTjhoSlpNU2hyeFlkSWVob1VUc0tKWVRiZ052QWFFdXNLZUxNWnBkc21uc3BNem93dTdKbWM0MGdXZmdiMVJOclZUeXRvTW1Fa1psQl85UmpOMjhUMWRuQUpHbG9JTU1lZzMxdE1LR2xEbVN0SXFUdFhzWjh3?oc=5"" target=""_blank"">Merlin partners with fitness app Supernatural to bring indie music to Meta Quest virtual workouts</a>&nbsp;&nbsp;<font color=""#6f6f6f"">Music Business Worldwide</font>",digital fitness UK,"<a href=""https://news.google.com/rss/articles/CBMi0wFBVV95cUxQYzIxX01CV3VBNnRDdTA5eE10TXJNS3kyOWFOM0F0Y2VudGR2SzZ4Y1Nqa2ZUbWdwRXI2RlZzeEVCd3k1cnFoTXpqSldvOElJQjJqQU5Mbmo4S3VYbnUyTjhoSlpNU2hyeFlkSWVob1VUc0tKWVRiZ052QWFFdXNLZUxNWnBkc21uc3BNem93dTdKbWM0MGdXZmdiMVJOclZUeXRvTW1Fa1psQl85UmpOMjhUMWRuQUpHbG9JTU1lZzMxdE1LR2xEbVN0SXFUdFhzWjh3?oc=5"" target=""_blank"">Merlin partners with fitness app Supernatural to bring indie music to Meta Quest virtual workouts</a>&nbsp;&nbsp;<font color=""#6f6f6f"">Music Business Worldwide</font>"
Help! I need a digital detox - The Telegraph,"Mon, 17 Oct 2016 07:00:00 GMT",The Telegraph,https://news.google.com/rss/articles/CBMiggFBVV95cUxNUkZFUHRxZkJJLXFlNlJIYWFldHhNOF80U3ZwZjRDLS1oQy1oLW1oSVFjVkFoWjJmOEtMSXZET3NUYVE4ek5nRVhmMFZPR0NEWjhUdHpWZy1qUk5Rd3JXeFhtd2Y2aWRhUWlkaVRaZU05ekRBcUFZZkdOaXdLM0lhdExB?oc=5,"<a href=""https://news.google.com/rss/articles/CBMiggFBVV95cUxNUkZFUHRxZkJJLXFlNlJIYWFldHhNOF80U3ZwZjRDLS1oQy1oLW1oSVFjVkFoWjJmOEtMSXZET3NUYVE4ek5nRVhmMFZPR0NEWjhUdHpWZy1qUk5Rd3JXeFhtd2Y2aWRhUWlkaVRaZU05ekRBcUFZZkdOaXdLM0lhdExB?oc=5"" target=""_blank"">Help! I need a digital detox</a>&nbsp;&nbsp;<font color=""#6f6f6f"">The Telegraph</font>",digital fitness UK,"<a href=""https://news.google.com/rss/articles/CBMiggFBVV95cUxNUkZFUHRxZkJJLXFlNlJIYWFldHhNOF80U3ZwZjRDLS1oQy1oLW1oSVFjVkFoWjJmOEtMSXZET3NUYVE4ek5nRVhmMFZPR0NEWjhUdHpWZy1qUk5Rd3JXeFhtd2Y2aWRhUWlkaVRaZU05ekRBcUFZZkdOaXdLM0lhdExB?oc=5"" target=""_blank"">Help! I need a digital detox</a>&nbsp;&nbsp;<font color=""#6f6f6f"">The Telegraph</font>"
Mvmnt Unveils Family Workout Series To Help Parents & Kids Stay Active - Athletech News,"Tue, 05 Aug 2025 07:00:00 GMT",Athletech News,https://news.google.com/rss/articles/CBMib0FVX3lxTE42VnBhcEpnY3YyWkx4QTVzVlRCbDM4QmdzMmRXeXUxMHYwVHhVYWs2b1FiRHdKYnFuajQ4UWNqM1VBenJPVEt4Zk5neWdNMlJ1Mmt5WC1IUUlKbDFRU3NzdkhEVlM2ZW4yblg0YnZ6WQ?oc=5,"<a href=""https://news.google.com/rss/articles/CBMib0FVX3lxTE42VnBhcEpnY3YyWkx4QTVzVlRCbDM4QmdzMmRXeXUxMHYwVHhVYWs2b1FiRHdKYnFuajQ4UWNqM1VBenJPVEt4Zk5neWdNMlJ1Mmt5WC1IUUlKbDFRU3NzdkhEVlM2ZW4yblg0YnZ6WQ?oc=5"" target=""_blank"">Mvmnt Unveils Family Workout Series To Help Parents & Kids Stay Active</a>&nbsp;&nbsp;<font color=""#6f6f6f"">Athletech News</font>",digital fitness UK,"<a href=""https://news.google.com/rss/articles/CBMib0FVX3lxTE42VnBhcEpnY3YyWkx4QTVzVlRCbDM4QmdzMmRXeXUxMHYwVHhVYWs2b1FiRHdKYnFuajQ4UWNqM1VBenJPVEt4Zk5neWdNMlJ1Mmt5WC1IUUlKbDFRU3NzdkhEVlM2ZW4yblg0YnZ6WQ?oc=5"" target=""_blank"">Mvmnt Unveils Family Workout Series To Help Parents & Kids Stay Active</a>&nbsp;&nbsp;<font color=""#6f6f6f"">Athletech News</font>"
Fitbit introduces the new Charge 4 fitness tracker ahead of April 15 UK launch date - Digital Spy,"Wed, 01 Apr 2020 07:00:00 GMT",Digital Spy,https://news.google.com/rss/articles/CBMijAFBVV95cUxPZVVoLS02ZUhoTHBVd1B5d2F1dmNqRkNzVllPUlE3dVMwNnRTUGpCWG5ITjA4MS1SN1RSZFR6SWZYbnBfal9MUzk1b1NHR3lHVnMxWEFfMkN0eFhwbEI3ZWxJTUt4RFNaZElfTUtYTmtyeW4xX3hUSDVlaksyNEZ6SWczS3lzVV9LWUoyWA?oc=5,"<a href=""https://news.google.com/rss/articles/CBMijAFBVV95cUxPZVVoLS02ZUhoTHBVd1B5d2F1dmNqRkNzVllPUlE3dVMwNnRTUGpCWG5ITjA4MS1SN1RSZFR6SWZYbnBfal9MUzk1b1NHR3lHVnMxWEFfMkN0eFhwbEI3ZWxJTUt4RFNaZElfTUtYTmtyeW4xX3hUSDVlaksyNEZ6SWczS3lzVV9LWUoyWA?oc=5"" target=""_blank"">Fitbit introduces the new Charge 4 fitness tracker ahead of April 15 UK launch date</a>&nbsp;&nbsp;<font color=""#6f6f6f"">Digital Spy</font>",digital fitness UK,"<a href=""https://news.google.com/rss/articles/CBMijAFBVV95cUxPZVVoLS02ZUhoTHBVd1B5d2F1dmNqRkNzVllPUlE3dVMwNnRTUGpCWG5ITjA4MS1SN1RSZFR6SWZYbnBfal9MUzk1b1NHR3lHVnMxWEFfMkN0eFhwbEI3ZWxJTUt4RFNaZElfTUtYTmtyeW4xX3hUSDVlaksyNEZ6SWczS3lzVV9LWUoyWA?oc=5"" target=""_blank"">Fitbit introduces the new Charge 4 fitness tracker ahead of April 15 UK launch date</a>&nbsp;&nbsp;<font color=""#6f6f6f"">Digital Spy</font>"
"The 7 Best Smart Home Gyms of 2026, Tested By Fitness Experts - BarBend","Fri, 03 Jan 2025 08:00:00 GMT",BarBend,https://news.google.com/rss/articles/CBMiU0FVX3lxTE0xWGphYUZIOGVlQTJiWHRPZC13QWthYWh0M0o1Z0phc0lhUWFRdkpVOVQwRzNhN1JLcmtKaTNmMXljOHItMlBBcXNMeHFLdUVlUmZz?oc=5,"<a href=""https://news.google.com/rss/articles/CBMiU0FVX3lxTE0xWGphYUZIOGVlQTJiWHRPZC13QWthYWh0M0o1Z0phc0lhUWFRdkpVOVQwRzNhN1JLcmtKaTNmMXljOHItMlBBcXNMeHFLdUVlUmZz?oc=5"" target=""_blank"">The 7 Best Smart Home Gyms of 2026, Tested By Fitness Experts</a>&nbsp;&nbsp;<font color=""#6f6f6f"">BarBend</font>",digital fitness UK,"<a href=""https://news.google.com/rss/articles/CBMiU0FVX3lxTE0xWGphYUZIOGVlQTJiWHRPZC13QWthYWh0M0o1Z0phc0lhUWFRdkpVOVQwRzNhN1JLcmtKaTNmMXljOHItMlBBcXNMeHFLdUVlUmZz?oc=5"" target=""_blank"">The 7 Best Smart Home Gyms of 2026, Tested By Fitness Experts</a>&nbsp;&nbsp;<font color=""#6f6f6f"">BarBend</font>"
Fit fail? Vogue Williams’ fitness business runs out of steam - Extra.ie,"Tue, 14 Jan 2025 08:00:00 GMT",Extra.ie,https://news.google.com/rss/articles/CBMif0FVX3lxTE1FWEVQOHI1dkN3Zk1EbElhX215VG9PMGpicTBSaVRXaThPVHhBN1g0aURCN3JTb2tvVm5ZVEdGdzc1SEFNcTdZdVgtdVBaUUFwTWlwWDFPX2dhdlAyUk42RVJ1aC1qY0NDS2hsOVp5UjV3VjdfdlllRnVHdkVPMms?oc=5,"<a href=""https://news.google.com/rss/articles/CBMif0FVX3lxTE1FWEVQOHI1dkN3Zk1EbElhX215VG9PMGpicTBSaVRXaThPVHhBN1g0aURCN3JTb2tvVm5ZVEdGdzc1SEFNcTdZdVgtdVBaUUFwTWlwWDFPX2dhdlAyUk42RVJ1aC1qY0NDS2hsOVp5UjV3VjdfdlllRnVHdkVPMms?oc=5"" target=""_blank"">Fit fail? Vogue Williams’ fitness business runs out of steam</a>&nbsp;&nbsp;<font color=""#6f6f6f"">Extra.ie</font>",digital fitness UK,"<a href=""https://news.google.com/rss/articles/CBMif0FVX3lxTE1FWEVQOHI1dkN3Zk1EbElhX215VG9PMGpicTBSaVRXaThPVHhBN1g0aURCN3JTb2tvVm5ZVEdGdzc1SEFNcTdZdVgtdVBaUUFwTWlwWDFPX2dhdlAyUk42RVJ1aC1qY0NDS2hsOVp5UjV3VjdfdlllRnVHdkVPMms?oc=5"" target=""_blank"">Fit fail? Vogue Williams’ fitness business runs out of steam</a>&nbsp;&nbsp;<font color=""#6f6f6f"">Extra.ie</font>"
John Lewis to take on sports and wellness with new investment - fashionunited.uk,"Mon, 03 Aug 2026 11:45:14 GMT",fashionunited.uk,https://news.google.com/rss/articles/CBMisgFBVV95cUxPbVFqWGw3cnZwSlAwczhlN0FJcm9iUm41aDNoWUVUd21YOWVWbzlQWkpWTE8taUV3MkJNWnpZM2NZcUU0VUUzVUQwUTdaQ1lwUk0wUnJvLVpwdTNmM0xwUGUtXzBQZjlabWJDeWZXc0c2V3lsT19jT2RPS3hPLWZPQlNWOWVZenJ6bEd6MktsMVg3eFlDV2RTTU5HcmVib3lLZThYTklRTGdWN0d3R3poNHVB?oc=5,"<a href=""https://news.google.com/rss/articles/CBMisgFBVV95cUxPbVFqWGw3cnZwSlAwczhlN0FJcm9iUm41aDNoWUVUd21YOWVWbzlQWkpWTE8taUV3MkJNWnpZM2NZcUU0VUUzVUQwUTdaQ1lwUk0wUnJvLVpwdTNmM0xwUGUtXzBQZjlabWJDeWZXc0c2V3lsT19jT2RPS3hPLWZPQlNWOWVZenJ6bEd6MktsMVg3eFlDV2RTTU5HcmVib3lLZThYTklRTGdWN0d3R3poNHVB?oc=5"" target=""_blank"">John Lewis to take on sports and wellness with new investment</a>&nbsp;&nbsp;<font color=""#6f6f6f"">fashionunited.uk</font>",AI sportswear retail UK,"<a href=""https://news.google.com/rss/articles/CBMisgFBVV95cUxPbVFqWGw3cnZwSlAwczhlN0FJcm9iUm41aDNoWUVUd21YOWVWbzlQWkpWTE8taUV3MkJNWnpZM2NZcUU0VUUzVUQwUTdaQ1lwUk0wUnJvLVpwdTNmM0xwUGUtXzBQZjlabWJDeWZXc0c2V3lsT19jT2RPS3hPLWZPQlNWOWVZenJ6bEd6MktsMVg3eFlDV2RTTU5HcmVib3lLZThYTklRTGdWN0d3R3poNHVB?oc=5"" target=""_blank"">John Lewis to take on sports and wellness with new investment</a>&nbsp;&nbsp;<font color=""#6f6f6f"">fashionunited.uk</font>"
John Lewis bets on sports and wellness as category - Sporting Goods Intelligence Europe,"Wed, 05 Aug 2026 09:03:05 GMT",Sporting Goods Intelligence Europe,https://news.google.com/rss/articles/CBMiogFBVV95cUxPNzBydkRCMWIwdlBsZmVvaFNyLVR5cG5aSFRTWEQyZEhyUVFFSjB1WTlTb1E4ZFpudWdwUlZycGRiakVHajBkX0hYZnlJQ2tIV1hzT3RnRTJXRGE3MGdCN004eXNtZ0Zya3lBQjVVVjl4RFAtRW4xZm1lYV83ZWRqbVk2elp1UWRQZUZuTHMwMllnbEtULWs4QVBwV1NIUklKNnc?oc=5,"<a href=""https://news.google.com/rss/articles/CBMiogFBVV95cUxPNzBydkRCMWIwdlBsZmVvaFNyLVR5cG5aSFRTWEQyZEhyUVFFSjB1WTlTb1E4ZFpudWdwUlZycGRiakVHajBkX0hYZnlJQ2tIV1hzT3RnRTJXRGE3MGdCN004eXNtZ0Zya3lBQjVVVjl4RFAtRW4xZm1lYV83ZWRqbVk2elp1UWRQZUZuTHMwMllnbEtULWs4QVBwV1NIUklKNnc?oc=5"" target=""_blank"">John Lewis bets on sports and wellness as category</a>&nbsp;&nbsp;<font color=""#6f6f6f"">Sporting Goods Intelligence Europe</font>",AI sportswear retail UK,"<a href=""https://news.google.com/rss/articles/CBMiogFBVV95cUxPNzBydkRCMWIwdlBsZmVvaFNyLVR5cG5aSFRTWEQyZEhyUVFFSjB1WTlTb1E4ZFpudWdwUlZycGRiakVHajBkX0hYZnlJQ2tIV1hzT3RnRTJXRGE3MGdCN004eXNtZ0Zya3lBQjVVVjl4RFAtRW4xZm1lYV83ZWRqbVk2elp1UWRQZUZuTHMwMllnbEtULWs4QVBwV1NIUklKNnc?oc=5"" target=""_blank"">John Lewis bets on sports and wellness as category</a>&nbsp;&nbsp;<font color=""#6f6f6f"">Sporting Goods Intelligence Europe</font>"
THG’s new AI Stylist sees MP Activewear customers 6x more likely to convert - TheIndustry.fashion,"Fri, 31 Jul 2026 14:49:51 GMT",TheIndustry.fashion,https://news.google.com/rss/articles/CBMiqwFBVV95cUxPZ214LTJHSnMxMHZYMlBURU45X2RnVWhOZmlTZ2NkYjg5Y2JvWENhZnJqejl4VTdDUUJVNzlvTTk5LXFfN0VCdC0xZHlCVW8xY01xRDd3dlkwb01XTEJqdThCbUNrZk1EaFJrNGR1SVVYckVkR3ZCVVVfYWc5Q3BTRDVkTmF3NTY1U2VWT3d3M0RUWE4yNkttT0xmWmRYUktUTjd4YzRVb0FfYnc?oc=5,"<a href=""https://news.google.com/rss/articles/CBMiqwFBVV95cUxPZ214LTJHSnMxMHZYMlBURU45X2RnVWhOZmlTZ2NkYjg5Y2JvWENhZnJqejl4VTdDUUJVNzlvTTk5LXFfN0VCdC0xZHlCVW8xY01xRDd3dlkwb01XTEJqdThCbUNrZk1EaFJrNGR1SVVYckVkR3ZCVVVfYWc5Q3BTRDVkTmF3NTY1U2VWT3d3M0RUWE4yNkttT0xmWmRYUktUTjd4YzRVb0FfYnc?oc=5"" target=""_blank"">THG’s new AI Stylist sees MP Activewear customers 6x more likely to convert</a>&nbsp;&nbsp;<font color=""#6f6f6f"">TheIndustry.fashion</font>",AI sportswear retail UK,"<a href=""https://news.google.com/rss/articles/CBMiqwFBVV95cUxPZ214LTJHSnMxMHZYMlBURU45X2RnVWhOZmlTZ2NkYjg5Y2JvWENhZnJqejl4VTdDUUJVNzlvTTk5LXFfN0VCdC0xZHlCVW8xY01xRDd3dlkwb01XTEJqdThCbUNrZk1EaFJrNGR1SVVYckVkR3ZCVVVfYWc5Q3BTRDVkTmF3NTY1U2VWT3d3M0RUWE4yNkttT0xmWmRYUktUTjd4YzRVb0FfYnc?oc=5"" target=""_blank"">THG’s new AI Stylist sees MP Activewear customers 6x more likely to convert</a>&nbsp;&nbsp;<font color=""#6f6f6f"">TheIndustry.fashion</font>"
"Partnership update: Morrisons and Instacart enter UK-first partnership, Screwfix and Google on AI training, and more - Retail Week","Tue, 04 Aug 2026 05:03:26 GMT",Retail Week,https://news.google.com/rss/articles/CBMi_AFBVV95cUxQcGsxODlSdzE0VnMzWG1PdVFsTnZ1NWluSndnSjI5Tkpud1o3SmRLZTVUbVAta09HTGhUYk5TZU94Q1VSOVRPb1FCakJ6NlRXeFJxRzF0M3IxT2t5WTl5eDdxdkQ3WTlZb3dBQ3JqamVSOE9Qc2Y1TkZBVGo1ekZjNk9ZRVJ5M0JpWV9OUUR6SXZHTmRtXzhDWF9LYVpqN3kta3NEdEhTLW9sZ19sTUI3Y0ExVWpPVUp2U1lhQk8yMUVFRDRKa2Z0SHdlRkFFXzNLRVkyX3pKV3Z1NHl5YXRnX0dsTGRMeVRQMEFmRk9JNWktTjRDOXRBLUI4ZG4?oc=5,"<a href=""https://news.google.com/rss/articles/CBMi_AFBVV95cUxQcGsxODlSdzE0VnMzWG1PdVFsTnZ1NWluSndnSjI5Tkpud1o3SmRLZTVUbVAta09HTGhUYk5TZU94Q1VSOVRPb1FCakJ6NlRXeFJxRzF0M3IxT2t5WTl5eDdxdkQ3WTlZb3dBQ3JqamVSOE9Qc2Y1TkZBVGo1ekZjNk9ZRVJ5M0JpWV9OUUR6SXZHTmRtXzhDWF9LYVpqN3kta3NEdEhTLW9sZ19sTUI3Y0ExVWpPVUp2U1lhQk8yMUVFRDRKa2Z0SHdlRkFFXzNLRVkyX3pKV3Z1NHl5YXRnX0dsTGRMeVRQMEFmRk9JNWktTjRDOXRBLUI4ZG4?oc=5"" target=""_blank"">Partnership update: Morrisons and Instacart enter UK-first partnership, Screwfix and Google on AI training, and more</a>&nbsp;&nbsp;<font color=""#6f6f6f"">Retail Week</font>",AI sportswear retail UK,"<a href=""https://news.google.com/rss/articles/CBMi_AFBVV95cUxQcGsxODlSdzE0VnMzWG1PdVFsTnZ1NWluSndnSjI5Tkpud1o3SmRLZTVUbVAta09HTGhUYk5TZU94Q1VSOVRPb1FCakJ6NlRXeFJxRzF0M3IxT2t5WTl5eDdxdkQ3WTlZb3dBQ3JqamVSOE9Qc2Y1TkZBVGo1ekZjNk9ZRVJ5M0JpWV9OUUR6SXZHTmRtXzhDWF9LYVpqN3kta3NEdEhTLW9sZ19sTUI3Y0ExVWpPVUp2U1lhQk8yMUVFRDRKa2Z0SHdlRkFFXzNLRVkyX3pKV3Z1NHl5YXRnX0dsTGRMeVRQMEFmRk9JNWktTjRDOXRBLUI4ZG4?oc=5"" target=""_blank"">Partnership update: Morrisons and Instacart enter UK-first partnership, Screwfix and Google on AI training, and more</a>&nbsp;&nbsp;<font color=""#6f6f6f"">Retail Week</font>"
EXEC: John Lewis Launches New Sports And Wellness In-Store Shops - SGB Media,"Wed, 05 Aug 2026 18:24:18 GMT",SGB Media,https://news.google.com/rss/articles/CBMijwFBVV95cUxQeml4MXBQT1BVNUs3WV9xZEhzMkVkUnpGdDh4SHFZWXRIQlV0dWNNMnZ4T3BNSGx6TUNzYnpfMVVkR0NwT1QxUUxVREdCQ2FkcDBtWkN5Y3hKS1JhUm8tVDZvekIzWmpERlBlQkhremZXOTUwYjBPZE1OSHNUeXdkUV84dlk4TkpkZ3dUYlRRWQ?oc=5,"<a href=""https://news.google.com/rss/articles/CBMijwFBVV95cUxQeml4MXBQT1BVNUs3WV9xZEhzMkVkUnpGdDh4SHFZWXRIQlV0dWNNMnZ4T3BNSGx6TUNzYnpfMVVkR0NwT1QxUUxVREdCQ2FkcDBtWkN5Y3hKS1JhUm8tVDZvekIzWmpERlBlQkhremZXOTUwYjBPZE1OSHNUeXdkUV84dlk4TkpkZ3dUYlRRWQ?oc=5"" target=""_blank"">EXEC: John Lewis Launches New Sports And Wellness In-Store Shops</a>&nbsp;&nbsp;<font color=""#6f6f6f"">SGB Media</font>",AI sportswear retail UK,"<a href=""https://news.google.com/rss/articles/CBMijwFBVV95cUxQeml4MXBQT1BVNUs3WV9xZEhzMkVkUnpGdDh4SHFZWXRIQlV0dWNNMnZ4T3BNSGx6TUNzYnpfMVVkR0NwT1QxUUxVREdCQ2FkcDBtWkN5Y3hKS1JhUm8tVDZvekIzWmpERlBlQkhremZXOTUwYjBPZE1OSHNUeXdkUV84dlk4TkpkZ3dUYlRRWQ?oc=5"" target=""_blank"">EXEC: John Lewis Launches New Sports And Wellness In-Store Shops</a>&nbsp;&nbsp;<font color=""#6f6f6f"">SGB Media</font>"
John Lewis making major change at Reading store - Reading Chronicle,"Mon, 03 Aug 2026 08:00:00 GMT",Reading Chronicle,https://news.google.com/rss/articles/CBMirwFBVV95cUxQdDNLU0d4SXREUnRKWVNaMGhaYm55SzlHenEtR1pKanUyWkc2NEUzYVM0TXB3cHRBbWRvWkdTUkJiSExRdExSdTA4WmFBSDM5eFB0Y212TV9Qc0ZjU0Vmb19RYXhiUUs3WjJ0MXk0cXF1Z19QVUZOalptZ0xYV3dWWVd4RFlnNDFDZVE5N2xmbE5FN3FkUlROZ19tMmNrY3FNeElOaDdvYU1LVmFFS2E4?oc=5,"<a href=""https://news.google.com/rss/articles/CBMirwFBVV95cUxQdDNLU0d4SXREUnRKWVNaMGhaYm55SzlHenEtR1pKanUyWkc2NEUzYVM0TXB3cHRBbWRvWkdTUkJiSExRdExSdTA4WmFBSDM5eFB0Y212TV9Qc0ZjU0Vmb19RYXhiUUs3WjJ0MXk0cXF1Z19QVUZOalptZ0xYV3dWWVd4RFlnNDFDZVE5N2xmbE5FN3FkUlROZ19tMmNrY3FNeElOaDdvYU1LVmFFS2E4?oc=5"" target=""_blank"">John Lewis making major change at Reading store</a>&nbsp;&nbsp;<font color=""#6f6f6f"">Reading Chronicle</font>",AI sportswear retail UK,"<a href=""https://news.google.com/rss/articles/CBMirwFBVV95cUxQdDNLU0d4SXREUnRKWVNaMGhaYm55SzlHenEtR1pKanUyWkc2NEUzYVM0TXB3cHRBbWRvWkdTUkJiSExRdExSdTA4WmFBSDM5eFB0Y212TV9Qc0ZjU0Vmb19RYXhiUUs3WjJ0MXk0cXF1Z19QVUZOalptZ0xYV3dWWVd4RFlnNDFDZVE5N2xmbE5FN3FkUlROZ19tMmNrY3FNeElOaDdvYU1LVmFFS2E4?oc=5"" target=""_blank"">John Lewis making major change at Reading store</a>&nbsp;&nbsp;<font color=""#6f6f6f"">Reading Chronicle</font>"
John Lewis takes deep dive into sports with major new zones in key stores - FashionNetwork India,"Tue, 04 Aug 2026 12:09:50 GMT",FashionNetwork India,https://news.google.com/rss/articles/CBMivgFBVV95cUxPMEdqd3hONHZVZE1zSUFObGxMbUsta3UybE8yQ1NSR1c3ZVlkbGxuX0JZbE1JYTZOVDR6X18xWkFXU1BLOVdUV1B2U0FwS0RXbVJTbHd3OFdqOU5qNGswaldWSjNGLVVmNE1zbUhaazBQdXRvOXFoRlZvYk5CUUtzd2RfLUdLZHN6NGk1RzVvclhrcFBXYl8waUNBMHJfc19OeWNCMFh6T3NxbkhuTTlCTUNRY0h3OWdpV2RPaUhn?oc=5,"<a href=""https://news.google.com/rss/articles/CBMivgFBVV95cUxPMEdqd3hONHZVZE1zSUFObGxMbUsta3UybE8yQ1NSR1c3ZVlkbGxuX0JZbE1JYTZOVDR6X18xWkFXU1BLOVdUV1B2U0FwS0RXbVJTbHd3OFdqOU5qNGswaldWSjNGLVVmNE1zbUhaazBQdXRvOXFoRlZvYk5CUUtzd2RfLUdLZHN6NGk1RzVvclhrcFBXYl8waUNBMHJfc19OeWNCMFh6T3NxbkhuTTlCTUNRY0h3OWdpV2RPaUhn?oc=5"" target=""_blank"">John Lewis takes deep dive into sports with major new zones in key stores</a>&nbsp;&nbsp;<font color=""#6f6f6f"">FashionNetwork India</font>",AI sportswear retail UK,"<a href=""https://news.google.com/rss/articles/CBMivgFBVV95cUxPMEdqd3hONHZVZE1zSUFObGxMbUsta3UybE8yQ1NSR1c3ZVlkbGxuX0JZbE1JYTZOVDR6X18xWkFXU1BLOVdUV1B2U0FwS0RXbVJTbHd3OFdqOU5qNGswaldWSjNGLVVmNE1zbUhaazBQdXRvOXFoRlZvYk5CUUtzd2RfLUdLZHN6NGk1RzVvclhrcFBXYl8waUNBMHJfc19OeWNCMFh6T3NxbkhuTTlCTUNRY0h3OWdpV2RPaUhn?oc=5"" target=""_blank"">John Lewis takes deep dive into sports with major new zones in key stores</a>&nbsp;&nbsp;<font color=""#6f6f6f"">FashionNetwork India</font>"
Fashion Retail Outlook 2026 | Strategy& - PwC,"Mon, 19 Jan 2026 08:00:00 GMT",PwC,https://news.google.com/rss/articles/CBMimAFBVV95cUxPMVR5NVQ4MjJ4QjJISjVTMUJ2VUFlU0RNakZyc1FIbGUyckZHWFljVXAxY0pPSDU4QTYxWk5lMm0yYmU5UnU4Y1VwRmc1b1lJN3lNQi1tRmwtZk9wRUVkWkVLeEpHLUJEOGpQcG9sdkJEQ3pzNHBPeFZEdGxUc3E1OFVzMHJtSDdJTVpQZVBqd3Z4ZDNLeE9zUg?oc=5,"<a href=""https://news.google.com/rss/articles/CBMimAFBVV95cUxPMVR5NVQ4MjJ4QjJISjVTMUJ2VUFlU0RNakZyc1FIbGUyckZHWFljVXAxY0pPSDU4QTYxWk5lMm0yYmU5UnU4Y1VwRmc1b1lJN3lNQi1tRmwtZk9wRUVkWkVLeEpHLUJEOGpQcG9sdkJEQ3pzNHBPeFZEdGxUc3E1OFVzMHJtSDdJTVpQZVBqd3Z4ZDNLeE9zUg?oc=5"" target=""_blank"">Fashion Retail Outlook 2026 | Strategy&</a>&nbsp;&nbsp;<font color=""#6f6f6f"">PwC</font>",AI sportswear retail UK,"<a href=""https://news.google.com/rss/articles/CBMimAFBVV95cUxPMVR5NVQ4MjJ4QjJISjVTMUJ2VUFlU0RNakZyc1FIbGUyckZHWFljVXAxY0pPSDU4QTYxWk5lMm0yYmU5UnU4Y1VwRmc1b1lJN3lNQi1tRmwtZk9wRUVkWkVLeEpHLUJEOGpQcG9sdkJEQ3pzNHBPeFZEdGxUc3E1OFVzMHJtSDdJTVpQZVBqd3Z4ZDNLeE9zUg?oc=5"" target=""_blank"">Fashion Retail Outlook 2026 | Strategy&</a>&nbsp;&nbsp;<font color=""#6f6f6f"">PwC</font>"
JD Sports plans to let shoppers buy through AI platforms - The Guardian,"Mon, 12 Jan 2026 08:00:00 GMT",The Guardian,https://news.google.com/rss/articles/CBMiswFBVV95cUxOQ3g4SVhWalJLakpFNmFQMlRFMVhETE9lMUJ2Vm5qZUU2SXRPaWtCeXJPRjVYdWFITG9wUGFSMnBDVFFCM0p5SG5KbnVyVlRuU1RCbGs3M3JnWk9WSTVUWlRoeXZLM3N1c1kxUUFzb3ctcnhzVjJhLWVvUHNhNWFLaVpMZEU2bkkwcDlrUHpqaVJ1dkp4VF91cm1wWW9yY3hYVjc4cWNOMGV4aVBpZzZ3Y0N6VQ?oc=5,"<a href=""https://news.google.com/rss/articles/CBMiswFBVV95cUxOQ3g4SVhWalJLakpFNmFQMlRFMVhETE9lMUJ2Vm5qZUU2SXRPaWtCeXJPRjVYdWFITG9wUGFSMnBDVFFCM0p5SG5KbnVyVlRuU1RCbGs3M3JnWk9WSTVUWlRoeXZLM3N1c1kxUUFzb3ctcnhzVjJhLWVvUHNhNWFLaVpMZEU2bkkwcDlrUHpqaVJ1dkp4VF91cm1wWW9yY3hYVjc4cWNOMGV4aVBpZzZ3Y0N6VQ?oc=5"" target=""_blank"">JD Sports plans to let shoppers buy through AI platforms</a>&nbsp;&nbsp;<font color=""#6f6f6f"">The Guardian</font>",AI sportswear retail UK,"<a href=""https://news.google.com/rss/articles/CBMiswFBVV95cUxOQ3g4SVhWalJLakpFNmFQMlRFMVhETE9lMUJ2Vm5qZUU2SXRPaWtCeXJPRjVYdWFITG9wUGFSMnBDVFFCM0p5SG5KbnVyVlRuU1RCbGs3M3JnWk9WSTVUWlRoeXZLM3N1c1kxUUFzb3ctcnhzVjJhLWVvUHNhNWFLaVpMZEU2bkkwcDlrUHpqaVJ1dkp4VF91cm1wWW9yY3hYVjc4cWNOMGV4aVBpZzZ3Y0N6VQ?oc=5"" target=""_blank"">JD Sports plans to let shoppers buy through AI platforms</a>&nbsp;&nbsp;<font color=""#6f6f6f"">The Guardian</font>"
John Lewis to sell via ChatGPT and TikTok in youth push - Business Matters,"Sun, 08 Mar 2026 08:00:00 GMT",Business Matters,https://news.google.com/rss/articles/CBMijgFBVV95cUxPQUZhcFRsY0ZFVTQ5bjJIeTdpVVE5bUY5eklRd0NsUV9MQmpRRkZwOEh2NE5IaUdWRkpqVDQ0ejRPSE1YOTNjRHY1S0RFYzkwUUF2UXJFVG1WS0ZIT3FlMDA1blpMVzVwTkhfXzdfcjF0cGl3aFJIek1kY1BGbnR0NDQzTWxyWnR4enFfUFR3?oc=5,"<a href=""https://news.google.com/rss/articles/CBMijgFBVV95cUxPQUZhcFRsY0ZFVTQ5bjJIeTdpVVE5bUY5eklRd0NsUV9MQmpRRkZwOEh2NE5IaUdWRkpqVDQ0ejRPSE1YOTNjRHY1S0RFYzkwUUF2UXJFVG1WS0ZIT3FlMDA1blpMVzVwTkhfXzdfcjF0cGl3aFJIek1kY1BGbnR0NDQzTWxyWnR4enFfUFR3?oc=5"" target=""_blank"">John Lewis to sell via ChatGPT and TikTok in youth push</a>&nbsp;&nbsp;<font color=""#6f6f6f"">Business Matters</font>",AI sportswear retail UK,"<a href=""https://news.google.com/rss/articles/CBMijgFBVV95cUxPQUZhcFRsY0ZFVTQ5bjJIeTdpVVE5bUY5eklRd0NsUV9MQmpRRkZwOEh2NE5IaUdWRkpqVDQ0ejRPSE1YOTNjRHY1S0RFYzkwUUF2UXJFVG1WS0ZIT3FlMDA1blpMVzVwTkhfXzdfcjF0cGl3aFJIek1kY1BGbnR0NDQzTWxyWnR4enFfUFR3?oc=5"" target=""_blank"">John Lewis to sell via ChatGPT and TikTok in youth push</a>&nbsp;&nbsp;<font color=""#6f6f6f"">Business Matters</font>"
JD Sports unveils AI-powered online shopping in the U.S. - Chain Store Age,"Tue, 13 Jan 2026 08:00:00 GMT",Chain Store Age,https://news.google.com/rss/articles/CBMifkFVX3lxTFAySUhiWTBlX1RxQVR5WVM4WG96UURxV3o4b1ZwTy04YkZiT0lNdlFIWEdtdHU0NURsTVNSX3d6cEQwR3cxNGtDdkJGdHZEZjVpVy1wUEVzVkVPcWs0SmF3NG1oM0ZUc1pZX1ZPUzBjaVc2R3pmVTM5eHZ5NU1Mdw?oc=5,"<a href=""https://news.google.com/rss/articles/CBMifkFVX3lxTFAySUhiWTBlX1RxQVR5WVM4WG96UURxV3o4b1ZwTy04YkZiT0lNdlFIWEdtdHU0NURsTVNSX3d6cEQwR3cxNGtDdkJGdHZEZjVpVy1wUEVzVkVPcWs0SmF3NG1oM0ZUc1pZX1ZPUzBjaVc2R3pmVTM5eHZ5NU1Mdw?oc=5"" target=""_blank"">JD Sports unveils AI-powered online shopping in the U.S.</a>&nbsp;&nbsp;<font color=""#6f6f6f"">Chain Store Age</font>",AI sportswear retail UK,"<a href=""https://news.google.com/rss/articles/CBMifkFVX3lxTFAySUhiWTBlX1RxQVR5WVM4WG96UURxV3o4b1ZwTy04YkZiT0lNdlFIWEdtdHU0NURsTVNSX3d6cEQwR3cxNGtDdkJGdHZEZjVpVy1wUEVzVkVPcWs0SmF3NG1oM0ZUc1pZX1ZPUzBjaVc2R3pmVTM5eHZ5NU1Mdw?oc=5"" target=""_blank"">JD Sports unveils AI-powered online shopping in the U.S.</a>&nbsp;&nbsp;<font color=""#6f6f6f"">Chain Store Age</font>"
Innovations shaping sports apparel retail in 2024: trends and technologies redefining the market - Retail Technology Innovation Hub,"Mon, 16 Sep 2024 07:00:00 GMT",Retail Technology Innovation Hub,https://news.google.com/rss/articles/CBMi3wFBVV95cUxOSjY5WlFqQlpVakdhRU1WT1dPd3VoeWtiNzVhV3NkZDZ0NVRYdFNJa1RUVWpYTlN4UjgzdnlTOFN1NnFsd0h2aUVfS1JMcnNZeUs5OXgyR2F1QjBmeFVQRUd4UE5vRlJhMzJBWHFFOG9FZS1vNUdZeFBXb2xDN1FGcV9NTGt5aHNQbG8tajRMdzhiS1BBYU5BZ0ozZWcwb28zY3dYR0Q0Z2x4SksxblY4SlhpX0ExU01XMnVPRkkwU21Id2V6MEg1WllfQlp0Y1RQVExjbFJjQ25LU1FFYlk4?oc=5,"<a href=""https://news.google.com/rss/articles/CBMi3wFBVV95cUxOSjY5WlFqQlpVakdhRU1WT1dPd3VoeWtiNzVhV3NkZDZ0NVRYdFNJa1RUVWpYTlN4UjgzdnlTOFN1NnFsd0h2aUVfS1JMcnNZeUs5OXgyR2F1QjBmeFVQRUd4UE5vRlJhMzJBWHFFOG9FZS1vNUdZeFBXb2xDN1FGcV9NTGt5aHNQbG8tajRMdzhiS1BBYU5BZ0ozZWcwb28zY3dYR0Q0Z2x4SksxblY4SlhpX0ExU01XMnVPRkkwU21Id2V6MEg1WllfQlp0Y1RQVExjbFJjQ25LU1FFYlk4?oc=5"" target=""_blank"">Innovations shaping sports apparel retail in 2024: trends and technologies redefining the market</a>&nbsp;&nbsp;<font color=""#6f6f6f"">Retail Technology Innovation Hub</font>",AI sportswear retail UK,"<a href=""https://news.google.com/rss/articles/CBMi3wFBVV95cUxOSjY5WlFqQlpVakdhRU1WT1dPd3VoeWtiNzVhV3NkZDZ0NVRYdFNJa1RUVWpYTlN4UjgzdnlTOFN1NnFsd0h2aUVfS1JMcnNZeUs5OXgyR2F1QjBmeFVQRUd4UE5vRlJhMzJBWHFFOG9FZS1vNUdZeFBXb2xDN1FGcV9NTGt5aHNQbG8tajRMdzhiS1BBYU5BZ0ozZWcwb28zY3dYR0Q0Z2x4SksxblY4SlhpX0ExU01XMnVPRkkwU21Id2V6MEg1WllfQlp0Y1RQVExjbFJjQ25LU1FFYlk4?oc=5"" target=""_blank"">Innovations shaping sports apparel retail in 2024: trends and technologies redefining the market</a>&nbsp;&nbsp;<font color=""#6f6f6f"">Retail Technology Innovation Hub</font>"
"The AI takeover, LuxExperience CEO, menswear mystery shoppers and more in May's Drapers - Drapers","Fri, 08 May 2026 07:00:00 GMT",Drapers,https://news.google.com/rss/articles/CBMiuwFBVV95cUxNbFpDWVF4SHV6MWZVWDN6SUFGSUR6aG0zeXRXTS1YRVV3b3JRdUNZT296YnUtb0NQbm1mT0ZrZDJ0VjNEcWdweXlTSW9KWVlvM3QyUDYzMHQxenZYdDlxbXlpbVVwTVFiN3dNNjlQc0w4cm1Nek51cEIxZTlHTjQxdGRibUtJRXlTLXROb1NPZ0tQU0dOaW5RZ0RvU3RJZGRHWmdWWXN1RVl6Y3FlMVB1U3JPMmplWEtUYUtN?oc=5,"<a href=""https://news.google.com/rss/articles/CBMiuwFBVV95cUxNbFpDWVF4SHV6MWZVWDN6SUFGSUR6aG0zeXRXTS1YRVV3b3JRdUNZT296YnUtb0NQbm1mT0ZrZDJ0VjNEcWdweXlTSW9KWVlvM3QyUDYzMHQxenZYdDlxbXlpbVVwTVFiN3dNNjlQc0w4cm1Nek51cEIxZTlHTjQxdGRibUtJRXlTLXROb1NPZ0tQU0dOaW5RZ0RvU3RJZGRHWmdWWXN1RVl6Y3FlMVB1U3JPMmplWEtUYUtN?oc=5"" target=""_blank"">The AI takeover, LuxExperience CEO, menswear mystery shoppers and more in May's Drapers</a>&nbsp;&nbsp;<font color=""#6f6f6f"">Drapers</font>",AI sportswear retail UK,"<a href=""https://news.google.com/rss/articles/CBMiuwFBVV95cUxNbFpDWVF4SHV6MWZVWDN6SUFGSUR6aG0zeXRXTS1YRVV3b3JRdUNZT296YnUtb0NQbm1mT0ZrZDJ0VjNEcWdweXlTSW9KWVlvM3QyUDYzMHQxenZYdDlxbXlpbVVwTVFiN3dNNjlQc0w4cm1Nek51cEIxZTlHTjQxdGRibUtJRXlTLXROb1NPZ0tQU0dOaW5RZ0RvU3RJZGRHWmdWWXN1RVl6Y3FlMVB1U3JPMmplWEtUYUtN?oc=5"" target=""_blank"">The AI takeover, LuxExperience CEO, menswear mystery shoppers and more in May's Drapers</a>&nbsp;&nbsp;<font color=""#6f6f6f"">Drapers</font>"
Nike brand profile in the UK 2025 - Statista,"Wed, 13 Aug 2025 07:00:00 GMT",Statista,https://news.google.com/rss/articles/CBMiiwFBVV95cUxNV3U0eDVvZW5udmd0aFdnS0pJRlZmNUQzZExoVGdFNHJKX3Z2cE1FeFI0ajE4TlNGcVBYMFpKc1lXbGFYTDdsS1FTMURfWk1JdElGTVQxQVpyUlVuT0N2M2NLWE5GT2dGVElsODU1MFN0Ujk5YWxGeEg4LVFlUWlja080b3FnMTlYcEM0?oc=5,"<a href=""https://news.google.com/rss/articles/CBMiiwFBVV95cUxNV3U0eDVvZW5udmd0aFdnS0pJRlZmNUQzZExoVGdFNHJKX3Z2cE1FeFI0ajE4TlNGcVBYMFpKc1lXbGFYTDdsS1FTMURfWk1JdElGTVQxQVpyUlVuT0N2M2NLWE5GT2dGVElsODU1MFN0Ujk5YWxGeEg4LVFlUWlja080b3FnMTlYcEM0?oc=5"" target=""_blank"">Nike brand profile in the UK 2025</a>&nbsp;&nbsp;<font color=""#6f6f6f"">Statista</font>",AI sportswear retail UK,"<a href=""https://news.google.com/rss/articles/CBMiiwFBVV95cUxNV3U0eDVvZW5udmd0aFdnS0pJRlZmNUQzZExoVGdFNHJKX3Z2cE1FeFI0ajE4TlNGcVBYMFpKc1lXbGFYTDdsS1FTMURfWk1JdElGTVQxQVpyUlVuT0N2M2NLWE5GT2dGVElsODU1MFN0Ujk5YWxGeEg4LVFlUWlja080b3FnMTlYcEM0?oc=5"" target=""_blank"">Nike brand profile in the UK 2025</a>&nbsp;&nbsp;<font color=""#6f6f6f"">Statista</font>"
Sweaty Betty emerges fitter and stronger with AI tool - DecisionMarketing,"Tue, 01 Aug 2023 07:00:00 GMT",DecisionMarketing,https://news.google.com/rss/articles/CBMimgFBVV95cUxNekNKc2xyWHFXODZPYmRFNU85Nmdxa0Z0V01LMFhpcGswaVA2a0pYdk91MnNOdXpMdmF6RFVIa3daRC01SXJXdHV5ZVBZVXFsRVJwUE0ydkZhMnFKck15enJLVmpiR2VFUXdjX2ZjbzRaMDBuUlRWMzc1eThINm5TLUhiMXpCU3JkZlRDVGhHbVV0NmFmbkQtWmRn?oc=5,"<a href=""https://news.google.com/rss/articles/CBMimgFBVV95cUxNekNKc2xyWHFXODZPYmRFNU85Nmdxa0Z0V01LMFhpcGswaVA2a0pYdk91MnNOdXpMdmF6RFVIa3daRC01SXJXdHV5ZVBZVXFsRVJwUE0ydkZhMnFKck15enJLVmpiR2VFUXdjX2ZjbzRaMDBuUlRWMzc1eThINm5TLUhiMXpCU3JkZlRDVGhHbVV0NmFmbkQtWmRn?oc=5"" target=""_blank"">Sweaty Betty emerges fitter and stronger with AI tool</a>&nbsp;&nbsp;<font color=""#6f6f6f"">DecisionMarketing</font>",AI sportswear retail UK,"<a href=""https://news.google.com/rss/articles/CBMimgFBVV95cUxNekNKc2xyWHFXODZPYmRFNU85Nmdxa0Z0V01LMFhpcGswaVA2a0pYdk91MnNOdXpMdmF6RFVIa3daRC01SXJXdHV5ZVBZVXFsRVJwUE0ydkZhMnFKck15enJLVmpiR2VFUXdjX2ZjbzRaMDBuUlRWMzc1eThINm5TLUhiMXpCU3JkZlRDVGhHbVV0NmFmbkQtWmRn?oc=5"" target=""_blank"">Sweaty Betty emerges fitter and stronger with AI tool</a>&nbsp;&nbsp;<font color=""#6f6f6f"">DecisionMarketing</font>"
JD Sports shares plunge 20% after profit warning - bbc.co.uk,"Thu, 04 Jan 2024 08:00:00 GMT",bbc.co.uk,https://news.google.com/rss/articles/CBMiXEFVX3lxTE1YWEhkXzV6WWpEbHR6ZWo2M3RJMXc3bmxrMWdLWjFiakh3SkxIWkJ2cVNfeVFKSU5uUXNGT3oyUXBPNUluNVotNHk2TVh2UGJ1ekdXVUFTUWFfY1F0?oc=5,"<a href=""https://news.google.com/rss/articles/CBMiXEFVX3lxTE1YWEhkXzV6WWpEbHR6ZWo2M3RJMXc3bmxrMWdLWjFiakh3SkxIWkJ2cVNfeVFKSU5uUXNGT3oyUXBPNUluNVotNHk2TVh2UGJ1ekdXVUFTUWFfY1F0?oc=5"" target=""_blank"">JD Sports shares plunge 20% after profit warning</a>&nbsp;&nbsp;<font color=""#6f6f6f"">bbc.co.uk</font>",AI sportswear retail UK,"<a href=""https://news.google.com/rss/articles/CBMiXEFVX3lxTE1YWEhkXzV6WWpEbHR6ZWo2M3RJMXc3bmxrMWdLWjFiakh3SkxIWkJ2cVNfeVFKSU5uUXNGT3oyUXBPNUluNVotNHk2TVh2UGJ1ekdXVUFTUWFfY1F0?oc=5"" target=""_blank"">JD Sports shares plunge 20% after profit warning</a>&nbsp;&nbsp;<font color=""#6f6f6f"">bbc.co.uk</font>"
"Sports retailers must adapt to online demand, warns report - Consultancy.uk","Mon, 17 May 2021 07:00:00 GMT",Consultancy.uk,https://news.google.com/rss/articles/CBMimwFBVV95cUxPbnliVl9iLS1RNnlfNmRXWDR2NWNOQ1RpbU1XYW1MREowOHRqWEpOQnQwWkFpTjRCazdFNkxyTUZJbE1Yd0hrUF9iOTN5SzBJbUo5cm0wTUQ4SGQzNVRRdUNwRkc3WlBfanNObWVQZ3RpMDFVVkZSeGR2WmN3SXdjNFppLUp6UmpHOGduMkRpVkp4SndES1ItNzNZVdIBoAFBVV95cUxQMHF6X1Y5VVRKUWlraC1mdlZxRDJDc2RhYWlRY0k3clN3ckhsajZPb1hQNENISU1KbDgzNEVKV3dMZlVFOGhkOTdxYkc2Q0I5ZlRRTV9PSXFrSzlxX2N0TV9MMDc0dHpTaTVFaUxLVHNvZWJfSkJFQzJiLVVOanZCS0VsclhoLVZoS0lSVnJnN203OVh4OGpWbGVLR1Q2QS1Y?oc=5,"<a href=""https://news.google.com/rss/articles/CBMimwFBVV95cUxPbnliVl9iLS1RNnlfNmRXWDR2NWNOQ1RpbU1XYW1MREowOHRqWEpOQnQwWkFpTjRCazdFNkxyTUZJbE1Yd0hrUF9iOTN5SzBJbUo5cm0wTUQ4SGQzNVRRdUNwRkc3WlBfanNObWVQZ3RpMDFVVkZSeGR2WmN3SXdjNFppLUp6UmpHOGduMkRpVkp4SndES1ItNzNZVdIBoAFBVV95cUxQMHF6X1Y5VVRKUWlraC1mdlZxRDJDc2RhYWlRY0k3clN3ckhsajZPb1hQNENISU1KbDgzNEVKV3dMZlVFOGhkOTdxYkc2Q0I5ZlRRTV9PSXFrSzlxX2N0TV9MMDc0dHpTaTVFaUxLVHNvZWJfSkJFQzJiLVVOanZCS0VsclhoLVZoS0lSVnJnN203OVh4OGpWbGVLR1Q2QS1Y?oc=5"" target=""_blank"">Sports retailers must adapt to online demand, warns report</a>&nbsp;&nbsp;<font color=""#6f6f6f"">Consultancy.uk</font>",AI sportswear retail UK,"<a href=""https://news.google.com/rss/articles/CBMimwFBVV95cUxPbnliVl9iLS1RNnlfNmRXWDR2NWNOQ1RpbU1XYW1MREowOHRqWEpOQnQwWkFpTjRCazdFNkxyTUZJbE1Yd0hrUF9iOTN5SzBJbUo5cm0wTUQ4SGQzNVRRdUNwRkc3WlBfanNObWVQZ3RpMDFVVkZSeGR2WmN3SXdjNFppLUp6UmpHOGduMkRpVkp4SndES1ItNzNZVdIBoAFBVV95cUxQMHF6X1Y5VVRKUWlraC1mdlZxRDJDc2RhYWlRY0k3clN3ckhsajZPb1hQNENISU1KbDgzNEVKV3dMZlVFOGhkOTdxYkc2Q0I5ZlRRTV9PSXFrSzlxX2N0TV9MMDc0dHpTaTVFaUxLVHNvZWJfSkJFQzJiLVVOanZCS0VsclhoLVZoS0lSVnJnN203OVh4OGpWbGVLR1Q2QS1Y?oc=5"" target=""_blank"">Sports retailers must adapt to online demand, warns report</a>&nbsp;&nbsp;<font color=""#6f6f6f"">Consultancy.uk</font>"
John Lewis launches new fitness and wellness concept at Oxford Street store - Retail Bulletin,"Wed, 05 Aug 2026 06:50:27 GMT",Retail Bulletin,https://news.google.com/rss/articles/CBMi1gFBVV95cUxNa0E3V0tkQmRpTUs1dDRNSFMzYkRrclpfVHRWRnN0SWowV0dpbm1FWjdKZ3pfX013bkVTUTU2ZUdDQXhYMHh2dXgzdmNEYzNHNnc0Njc5ZEV4bUhpakRIUkFmcHpfVGhXdVJNcXk4Q2JOaVAtbTZHb3lrVERubnBubElNM1dXVjVnTU5ZZFBHTjVJN0dITnV1aVctdlBlSkNKb0RqZW1yRThVY1R5UnJlN0VnUE5pWVRpSGRxUmQ2bHlDTXZpTUdEOEhaR1E3dktOcnZRcnBB?oc=5,"<a href=""https://news.google.com/rss/articles/CBMi1gFBVV95cUxNa0E3V0tkQmRpTUs1dDRNSFMzYkRrclpfVHRWRnN0SWowV0dpbm1FWjdKZ3pfX013bkVTUTU2ZUdDQXhYMHh2dXgzdmNEYzNHNnc0Njc5ZEV4bUhpakRIUkFmcHpfVGhXdVJNcXk4Q2JOaVAtbTZHb3lrVERubnBubElNM1dXVjVnTU5ZZFBHTjVJN0dITnV1aVctdlBlSkNKb0RqZW1yRThVY1R5UnJlN0VnUE5pWVRpSGRxUmQ2bHlDTXZpTUdEOEhaR1E3dktOcnZRcnBB?oc=5"" target=""_blank"">John Lewis launches new fitness and wellness concept at Oxford Street store</a>&nbsp;&nbsp;<font color=""#6f6f6f"">Retail Bulletin</font>",AI sportswear retail UK,"<a href=""https://news.google.com/rss/articles/CBMi1gFBVV95cUxNa0E3V0tkQmRpTUs1dDRNSFMzYkRrclpfVHRWRnN0SWowV0dpbm1FWjdKZ3pfX013bkVTUTU2ZUdDQXhYMHh2dXgzdmNEYzNHNnc0Njc5ZEV4bUhpakRIUkFmcHpfVGhXdVJNcXk4Q2JOaVAtbTZHb3lrVERubnBubElNM1dXVjVnTU5ZZFBHTjVJN0dITnV1aVctdlBlSkNKb0RqZW1yRThVY1R5UnJlN0VnUE5pWVRpSGRxUmQ2bHlDTXZpTUdEOEhaR1E3dktOcnZRcnBB?oc=5"" target=""_blank"">John Lewis launches new fitness and wellness concept at Oxford Street store</a>&nbsp;&nbsp;<font color=""#6f6f6f"">Retail Bulletin</font>"
John Lewis eyes fitness expansion with multimillion-pound investment - The Independent,"Mon, 03 Aug 2026 07:41:00 GMT",The Independent,https://news.google.com/rss/articles/CBMiqAFBVV95cUxOeGxISFZZdVJVcVUzUm4wdU10c2I1ajhHZ1lSUkluUzRuZVMwU1c4S0ZtMHNFZWNHbUw3eXJSc0ZsWG5qclBsdm80ZXBaQXNFbW9ZeHVwdWowNVRQNTVLT2JfYnlsOXNjSzB3b2psd2Z5amVaV3huMTRXTDVVU1R0cEd5amVPRXk2aENOcElrcXNXMnptWXFWUzVHNjRORWNqQm5zRjFDT2w?oc=5,"<a href=""https://news.google.com/rss/articles/CBMiqAFBVV95cUxOeGxISFZZdVJVcVUzUm4wdU10c2I1ajhHZ1lSUkluUzRuZVMwU1c4S0ZtMHNFZWNHbUw3eXJSc0ZsWG5qclBsdm80ZXBaQXNFbW9ZeHVwdWowNVRQNTVLT2JfYnlsOXNjSzB3b2psd2Z5amVaV3huMTRXTDVVU1R0cEd5amVPRXk2aENOcElrcXNXMnptWXFWUzVHNjRORWNqQm5zRjFDT2w?oc=5"" target=""_blank"">John Lewis eyes fitness expansion with multimillion-pound investment</a>&nbsp;&nbsp;<font color=""#6f6f6f"">The Independent</font>",AI sportswear retail UK,"<a href=""https://news.google.com/rss/articles/CBMiqAFBVV95cUxOeGxISFZZdVJVcVUzUm4wdU10c2I1ajhHZ1lSUkluUzRuZVMwU1c4S0ZtMHNFZWNHbUw3eXJSc0ZsWG5qclBsdm80ZXBaQXNFbW9ZeHVwdWowNVRQNTVLT2JfYnlsOXNjSzB3b2psd2Z5amVaV3huMTRXTDVVU1R0cEd5amVPRXk2aENOcElrcXNXMnptWXFWUzVHNjRORWNqQm5zRjFDT2w?oc=5"" target=""_blank"">John Lewis eyes fitness expansion with multimillion-pound investment</a>&nbsp;&nbsp;<font color=""#6f6f6f"">The Independent</font>"
Ranking: The 20 biggest international retailers in the UK - Retail Week,"Sun, 21 Apr 2024 07:00:00 GMT",Retail Week,https://news.google.com/rss/articles/CBMia0FVX3lxTE92clN6ajhDWi1xZlhyYng3OFozLTdGRHBlQkVQLVlFb1lZYVJVazUtSkhYMTEtX3hYOGN0R3lDMFJEcUxWTGtsbnJWMnlHMTFxWVhpT1NZYlJsMEs1T1V3dm5YY0xTTW5LNjJZ?oc=5,"<a href=""https://news.google.com/rss/articles/CBMia0FVX3lxTE92clN6ajhDWi1xZlhyYng3OFozLTdGRHBlQkVQLVlFb1lZYVJVazUtSkhYMTEtX3hYOGN0R3lDMFJEcUxWTGtsbnJWMnlHMTFxWVhpT1NZYlJsMEs1T1V3dm5YY0xTTW5LNjJZ?oc=5"" target=""_blank"">Ranking: The 20 biggest international retailers in the UK</a>&nbsp;&nbsp;<font color=""#6f6f6f"">Retail Week</font>",AI sportswear retail UK,"<a href=""https://news.google.com/rss/articles/CBMia0FVX3lxTE92clN6ajhDWi1xZlhyYng3OFozLTdGRHBlQkVQLVlFb1lZYVJVazUtSkhYMTEtX3hYOGN0R3lDMFJEcUxWTGtsbnJWMnlHMTFxWVhpT1NZYlJsMEs1T1V3dm5YY0xTTW5LNjJZ?oc=5"" target=""_blank"">Ranking: The 20 biggest international retailers in the UK</a>&nbsp;&nbsp;<font color=""#6f6f6f"">Retail Week</font>"
TikTok: Is it the new frontier for fashion reinvention? - BBC,"Wed, 25 Feb 2026 08:00:00 GMT",BBC,https://news.google.com/rss/articles/CBMiWkFVX3lxTE1PQ2tGSEhacVpuLXZTamdnWXlYN2R3V2ZpT2RXTTBBM0pKLWlUZ2ZZVmJHeFJhbGM4NTk5ZURNMDBfd184QXFaY2pBTHYtbWlRc3QyMnRaTkhJdw?oc=5,"<a href=""https://news.google.com/rss/articles/CBMiWkFVX3lxTE1PQ2tGSEhacVpuLXZTamdnWXlYN2R3V2ZpT2RXTTBBM0pKLWlUZ2ZZVmJHeFJhbGM4NTk5ZURNMDBfd184QXFaY2pBTHYtbWlRc3QyMnRaTkhJdw?oc=5"" target=""_blank"">TikTok: Is it the new frontier for fashion reinvention?</a>&nbsp;&nbsp;<font color=""#6f6f6f"">BBC</font>",AI sportswear retail UK,"<a href=""https://news.google.com/rss/articles/CBMiWkFVX3lxTE1PQ2tGSEhacVpuLXZTamdnWXlYN2R3V2ZpT2RXTTBBM0pKLWlUZ2ZZVmJHeFJhbGM4NTk5ZURNMDBfd184QXFaY2pBTHYtbWlRc3QyMnRaTkhJdw?oc=5"" target=""_blank"">TikTok: Is it the new frontier for fashion reinvention?</a>&nbsp;&nbsp;<font color=""#6f6f6f"">BBC</font>"
JD Sports to roll out AI-enabled purchasing across US market - Retail Insight Network,"Tue, 13 Jan 2026 08:00:00 GMT",Retail Insight Network,https://news.google.com/rss/articles/CBMiggFBVV95cUxNVVhoWnFDTnFXMmtzZG51aFYwV3o5VWJqYW16aTd0aTlFOUY2RVY1cVFha2I1ZDRwRzlNX1cwcGRhckh4VzJhY0JMbEdNaDVQS1YzWnJRZTJSTlpwU0hmOFladU5RRFJISmJiT2JyYVhISGN6VzJvSGk5MXBWc1BWQVp3?oc=5,"<a href=""https://news.google.com/rss/articles/CBMiggFBVV95cUxNVVhoWnFDTnFXMmtzZG51aFYwV3o5VWJqYW16aTd0aTlFOUY2RVY1cVFha2I1ZDRwRzlNX1cwcGRhckh4VzJhY0JMbEdNaDVQS1YzWnJRZTJSTlpwU0hmOFladU5RRFJISmJiT2JyYVhISGN6VzJvSGk5MXBWc1BWQVp3?oc=5"" target=""_blank"">JD Sports to roll out AI-enabled purchasing across US market</a>&nbsp;&nbsp;<font color=""#6f6f6f"">Retail Insight Network</font>",AI sportswear retail UK,"<a href=""https://news.google.com/rss/articles/CBMiggFBVV95cUxNVVhoWnFDTnFXMmtzZG51aFYwV3o5VWJqYW16aTd0aTlFOUY2RVY1cVFha2I1ZDRwRzlNX1cwcGRhckh4VzJhY0JMbEdNaDVQS1YzWnJRZTJSTlpwU0hmOFladU5RRFJISmJiT2JyYVhISGN6VzJvSGk5MXBWc1BWQVp3?oc=5"" target=""_blank"">JD Sports to roll out AI-enabled purchasing across US market</a>&nbsp;&nbsp;<font color=""#6f6f6f"">Retail Insight Network</font>"
UK sportswear brand Castore ‘in talks’ over $200m investment - Retail Systems,"Mon, 13 Feb 2023 08:00:00 GMT",Retail Systems,https://news.google.com/rss/articles/CBMimwFBVV95cUxPcHh3S05MRXlzMjlQcUtGc0tpQWdtQ1BWX04wSUQ0SU9FVDJIQVFCT09sX0FMaGdBakdNdjNBREpJYTNFeF9fR0lZTl9tQzZKbUVLeUgzc0VYQmpxWXduSHg2a0Ruc2x4OXRMRlRQa2txb3ZaZ0w0LWRmT2phMGxRZEhtR0RYTVg3SWhtdTAyVGR6Ukl4OVRSclBGVQ?oc=5,"<a href=""https://news.google.com/rss/articles/CBMimwFBVV95cUxPcHh3S05MRXlzMjlQcUtGc0tpQWdtQ1BWX04wSUQ0SU9FVDJIQVFCT09sX0FMaGdBakdNdjNBREpJYTNFeF9fR0lZTl9tQzZKbUVLeUgzc0VYQmpxWXduSHg2a0Ruc2x4OXRMRlRQa2txb3ZaZ0w0LWRmT2phMGxRZEhtR0RYTVg3SWhtdTAyVGR6Ukl4OVRSclBGVQ?oc=5"" target=""_blank"">UK sportswear brand Castore ‘in talks’ over $200m investment</a>&nbsp;&nbsp;<font color=""#6f6f6f"">Retail Systems</font>",AI sportswear retail UK,"<a href=""https://news.google.com/rss/articles/CBMimwFBVV95cUxPcHh3S05MRXlzMjlQcUtGc0tpQWdtQ1BWX04wSUQ0SU9FVDJIQVFCT09sX0FMaGdBakdNdjNBREpJYTNFeF9fR0lZTl9tQzZKbUVLeUgzc0VYQmpxWXduSHg2a0Ruc2x4OXRMRlRQa2txb3ZaZ0w0LWRmT2phMGxRZEhtR0RYTVg3SWhtdTAyVGR6Ukl4OVRSclBGVQ?oc=5"" target=""_blank"">UK sportswear brand Castore ‘in talks’ over $200m investment</a>&nbsp;&nbsp;<font color=""#6f6f6f"">Retail Systems</font>"
Topic: E-commerce worldwide - Statista,"Thu, 11 Dec 2025 08:00:00 GMT",Statista,https://news.google.com/rss/articles/CBMiYkFVX3lxTE82aXp3bFMwRm5pOHVDaThxMVY1MFdqQXJ5R0Z3bjFaMEFkRFVLZGxsYnNYX05XMkVzTlJxNUhVTG5ISVBReWdiQlM5RzJqVUNrY2l5a1JySzFIdFBpSVotaHR3?oc=5,"<a href=""https://news.google.com/rss/articles/CBMiYkFVX3lxTE82aXp3bFMwRm5pOHVDaThxMVY1MFdqQXJ5R0Z3bjFaMEFkRFVLZGxsYnNYX05XMkVzTlJxNUhVTG5ISVBReWdiQlM5RzJqVUNrY2l5a1JySzFIdFBpSVotaHR3?oc=5"" target=""_blank"">Topic: E-commerce worldwide</a>&nbsp;&nbsp;<font color=""#6f6f6f"">Statista</font>",AI sportswear retail UK,"<a href=""https://news.google.com/rss/articles/CBMiYkFVX3lxTE82aXp3bFMwRm5pOHVDaThxMVY1MFdqQXJ5R0Z3bjFaMEFkRFVLZGxsYnNYX05XMkVzTlJxNUhVTG5ISVBReWdiQlM5RzJqVUNrY2l5a1JySzFIdFBpSVotaHR3?oc=5"" target=""_blank"">Topic: E-commerce worldwide</a>&nbsp;&nbsp;<font color=""#6f6f6f"">Statista</font>"
Manchester City sign ‘UK£1bn’ Puma kit deal extension - SportsPro,"Tue, 15 Jul 2025 07:00:00 GMT",SportsPro,https://news.google.com/rss/articles/CBMimgFBVV95cUxQZ2dISkV1VDJCSFk3S19xRnF5RXZSaGdabmk4TDd4MkpkVTh4clZpYlVmVWMyYU56bVlWRFo1aDJNNldZRktyX0pZQ1BaSlN4OXh2ZVVqVDV3SVd2VlJIZlhBZ2FxbDFxaGlXclZqTlJkY25RWVlhaFJLZVlvT0NSaUVvdkdZYkxLazFPZGlsZGZoRGZOZWkzdHlR?oc=5,"<a href=""https://news.google.com/rss/articles/CBMimgFBVV95cUxQZ2dISkV1VDJCSFk3S19xRnF5RXZSaGdabmk4TDd4MkpkVTh4clZpYlVmVWMyYU56bVlWRFo1aDJNNldZRktyX0pZQ1BaSlN4OXh2ZVVqVDV3SVd2VlJIZlhBZ2FxbDFxaGlXclZqTlJkY25RWVlhaFJLZVlvT0NSaUVvdkdZYkxLazFPZGlsZGZoRGZOZWkzdHlR?oc=5"" target=""_blank"">Manchester City sign ‘UK£1bn’ Puma kit deal extension</a>&nbsp;&nbsp;<font color=""#6f6f6f"">SportsPro</font>",AI sportswear retail UK,"<a href=""https://news.google.com/rss/articles/CBMimgFBVV95cUxQZ2dISkV1VDJCSFk3S19xRnF5RXZSaGdabmk4TDd4MkpkVTh4clZpYlVmVWMyYU56bVlWRFo1aDJNNldZRktyX0pZQ1BaSlN4OXh2ZVVqVDV3SVd2VlJIZlhBZ2FxbDFxaGlXclZqTlJkY25RWVlhaFJLZVlvT0NSaUVvdkdZYkxLazFPZGlsZGZoRGZOZWkzdHlR?oc=5"" target=""_blank"">Manchester City sign ‘UK£1bn’ Puma kit deal extension</a>&nbsp;&nbsp;<font color=""#6f6f6f"">SportsPro</font>"
Nike selects Cognizant to transform global tech operations - Consultancy.uk,"Wed, 03 May 2023 07:00:00 GMT",Consultancy.uk,https://news.google.com/rss/articles/CBMinAFBVV95cUxOUDJ5WkJ0bVNSMHNyanBkTzRzTXFqRWNPRlU5T19id01nUWdlRU15NEZaZi1BZ3R1QzMtTGJ4blcxX01uOFdNeGt5WWpERER3M1psRTYzOVA1UFRhaUVNUklHSVJNNDFsdkUzMjkzU0dvOUdrU1VRTFdnbUVIWklPY0NEU0ZHVFZ4MTdMVkJBS05MTmNvckw5M3JVbS3SAaIBQVVfeXFMUExfVW5HbTc5MWpFMVFiNWN0bmVnd0xxZ2tOYnJiWnNRcHZlUC1tNmNmbFdKLUMzMHUzT2I5OElBWUthVS1rVFBOR2RMR2xvb3VBYVVncGlBZm0xXzRlLUhFa2E2RFVILWQ5cG96VllyVVlCRWlEc0RaSFhlNkROT1hJV0pyNk8tX2U5ZUJscURub1R5U0lVcjFOMnJibnN2VVhB?oc=5,"<a href=""https://news.google.com/rss/articles/CBMinAFBVV95cUxOUDJ5WkJ0bVNSMHNyanBkTzRzTXFqRWNPRlU5T19id01nUWdlRU15NEZaZi1BZ3R1QzMtTGJ4blcxX01uOFdNeGt5WWpERER3M1psRTYzOVA1UFRhaUVNUklHSVJNNDFsdkUzMjkzU0dvOUdrU1VRTFdnbUVIWklPY0NEU0ZHVFZ4MTdMVkJBS05MTmNvckw5M3JVbS3SAaIBQVVfeXFMUExfVW5HbTc5MWpFMVFiNWN0bmVnd0xxZ2tOYnJiWnNRcHZlUC1tNmNmbFdKLUMzMHUzT2I5OElBWUthVS1rVFBOR2RMR2xvb3VBYVVncGlBZm0xXzRlLUhFa2E2RFVILWQ5cG96VllyVVlCRWlEc0RaSFhlNkROT1hJV0pyNk8tX2U5ZUJscURub1R5U0lVcjFOMnJibnN2VVhB?oc=5"" target=""_blank"">Nike selects Cognizant to transform global tech operations</a>&nbsp;&nbsp;<font color=""#6f6f6f"">Consultancy.uk</font>",AI sportswear retail UK,"<a href=""https://news.google.com/rss/articles/CBMinAFBVV95cUxOUDJ5WkJ0bVNSMHNyanBkTzRzTXFqRWNPRlU5T19id01nUWdlRU15NEZaZi1BZ3R1QzMtTGJ4blcxX01uOFdNeGt5WWpERER3M1psRTYzOVA1UFRhaUVNUklHSVJNNDFsdkUzMjkzU0dvOUdrU1VRTFdnbUVIWklPY0NEU0ZHVFZ4MTdMVkJBS05MTmNvckw5M3JVbS3SAaIBQVVfeXFMUExfVW5HbTc5MWpFMVFiNWN0bmVnd0xxZ2tOYnJiWnNRcHZlUC1tNmNmbFdKLUMzMHUzT2I5OElBWUthVS1rVFBOR2RMR2xvb3VBYVVncGlBZm0xXzRlLUhFa2E2RFVILWQ5cG96VllyVVlCRWlEc0RaSFhlNkROT1hJV0pyNk8tX2U5ZUJscURub1R5U0lVcjFOMnJibnN2VVhB?oc=5"" target=""_blank"">Nike selects Cognizant to transform global tech operations</a>&nbsp;&nbsp;<font color=""#6f6f6f"">Consultancy.uk</font>"
AI Use-Case Compass — Retail & E-Commerce: Personalization at Planet Scale - Medium,"Thu, 05 Jun 2025 07:00:00 GMT",Medium,https://news.google.com/rss/articles/CBMitAFBVV95cUxPLXRPaW1GcFlUWFEtaWNndkp2OW1fRjZHMTNZc1kzeU9BQmRPNUMyWnA4ZkVLMnVaek02WUgxZy1qVkxKZ3d0X29SVlA4UzNyVmdMZ0NZRlBaNi1nZjhzdURJbi1TR0lHeXE2cFd2aS1CX3V0emNnNk1ob3B0NDJ2SHRMNkxLekt1Ry1tX2tyejc3V3liMlEtT2QteWRLSFlfYlNQaWhIX3ZHUUlmVUg4dUU4SGU?oc=5,"<a href=""https://news.google.com/rss/articles/CBMitAFBVV95cUxPLXRPaW1GcFlUWFEtaWNndkp2OW1fRjZHMTNZc1kzeU9BQmRPNUMyWnA4ZkVLMnVaek02WUgxZy1qVkxKZ3d0X29SVlA4UzNyVmdMZ0NZRlBaNi1nZjhzdURJbi1TR0lHeXE2cFd2aS1CX3V0emNnNk1ob3B0NDJ2SHRMNkxLekt1Ry1tX2tyejc3V3liMlEtT2QteWRLSFlfYlNQaWhIX3ZHUUlmVUg4dUU4SGU?oc=5"" target=""_blank"">AI Use-Case Compass — Retail & E-Commerce: Personalization at Planet Scale</a>&nbsp;&nbsp;<font color=""#6f6f6f"">Medium</font>",AI sportswear retail UK,"<a href=""https://news.google.com/rss/articles/CBMitAFBVV95cUxPLXRPaW1GcFlUWFEtaWNndkp2OW1fRjZHMTNZc1kzeU9BQmRPNUMyWnA4ZkVLMnVaek02WUgxZy1qVkxKZ3d0X29SVlA4UzNyVmdMZ0NZRlBaNi1nZjhzdURJbi1TR0lHeXE2cFd2aS1CX3V0emNnNk1ob3B0NDJ2SHRMNkxLekt1Ry1tX2tyejc3V3liMlEtT2QteWRLSFlfYlNQaWhIX3ZHUUlmVUg4dUU4SGU?oc=5"" target=""_blank"">AI Use-Case Compass — Retail & E-Commerce: Personalization at Planet Scale</a>&nbsp;&nbsp;<font color=""#6f6f6f"">Medium</font>"
Fashion Forward: The top 10 retailers set to dominate fashion by 2026 - Retail Week,"Thu, 31 Aug 2023 05:30:55 GMT",Retail Week,https://news.google.com/rss/articles/CBMivAFBVV95cUxNbWxPSi1HTENOOUFOTlhWdjNYUE1yYnRETlBTY3F0V01IcmszOWlDVkJBSXIxbGpRcHQwMWRrYmEzMEVCMzdFd3UxRFVMVUJXbGszdzN3a3pXZXdoVmZlelZab3R5cE1qb3dQalhrVk9Yc3JzXzhmQVFLc1NBdUlsa3BUdHM0Yk5sa2QyR0IwcWJOTVJxR3NkQVFWT0NVdUlsVTZTU2tCdmQxd255VV9KcTlURzVJNFY2b0xwTw?oc=5,"<a href=""https://news.google.com/rss/articles/CBMivAFBVV95cUxNbWxPSi1HTENOOUFOTlhWdjNYUE1yYnRETlBTY3F0V01IcmszOWlDVkJBSXIxbGpRcHQwMWRrYmEzMEVCMzdFd3UxRFVMVUJXbGszdzN3a3pXZXdoVmZlelZab3R5cE1qb3dQalhrVk9Yc3JzXzhmQVFLc1NBdUlsa3BUdHM0Yk5sa2QyR0IwcWJOTVJxR3NkQVFWT0NVdUlsVTZTU2tCdmQxd255VV9KcTlURzVJNFY2b0xwTw?oc=5"" target=""_blank"">Fashion Forward: The top 10 retailers set to dominate fashion by 2026</a>&nbsp;&nbsp;<font color=""#6f6f6f"">Retail Week</font>",AI sportswear retail UK,"<a href=""https://news.google.com/rss/articles/CBMivAFBVV95cUxNbWxPSi1HTENOOUFOTlhWdjNYUE1yYnRETlBTY3F0V01IcmszOWlDVkJBSXIxbGpRcHQwMWRrYmEzMEVCMzdFd3UxRFVMVUJXbGszdzN3a3pXZXdoVmZlelZab3R5cE1qb3dQalhrVk9Yc3JzXzhmQVFLc1NBdUlsa3BUdHM0Yk5sa2QyR0IwcWJOTVJxR3NkQVFWT0NVdUlsVTZTU2tCdmQxd255VV9KcTlURzVJNFY2b0xwTw?oc=5"" target=""_blank"">Fashion Forward: The top 10 retailers set to dominate fashion by 2026</a>&nbsp;&nbsp;<font color=""#6f6f6f"">Retail Week</font>"
30 Under 30 Europe Retail & Ecommerce 2025: Entrepreneurs Bringing Commerce Into The AI Age - Forbes,"Tue, 15 Apr 2025 07:00:00 GMT",Forbes,https://news.google.com/rss/articles/CBMi0wFBVV95cUxQWmhNbGFvbVBjZncxT3JIR0Rsby1YSmljb29aNXh4TGx3WWc0X1dPM00wUnNFQUhLS0pjOXVLc1NXSzRpajN5dEh4SFItRUlIZzFaUFdnVDQtdUFzUDlqcDNJUmxXakpqWS1DMEM1WlQyQzNNRnQtM1NKbFFLQWdvMFdwb2s1M3ZTVFZsOHpSRXhLTG96eEQxMzlNd2sta0RvNUFMWVhyU3lvMGdObjZ0emdsdk1KRFJjY21qUktoUUNub1JiOXdSZENKRG41b2ljQXpr?oc=5,"<a href=""https://news.google.com/rss/articles/CBMi0wFBVV95cUxQWmhNbGFvbVBjZncxT3JIR0Rsby1YSmljb29aNXh4TGx3WWc0X1dPM00wUnNFQUhLS0pjOXVLc1NXSzRpajN5dEh4SFItRUlIZzFaUFdnVDQtdUFzUDlqcDNJUmxXakpqWS1DMEM1WlQyQzNNRnQtM1NKbFFLQWdvMFdwb2s1M3ZTVFZsOHpSRXhLTG96eEQxMzlNd2sta0RvNUFMWVhyU3lvMGdObjZ0emdsdk1KRFJjY21qUktoUUNub1JiOXdSZENKRG41b2ljQXpr?oc=5"" target=""_blank"">30 Under 30 Europe Retail & Ecommerce 2025: Entrepreneurs Bringing Commerce Into The AI Age</a>&nbsp;&nbsp;<font color=""#6f6f6f"">Forbes</font>",AI sportswear retail UK,"<a href=""https://news.google.com/rss/articles/CBMi0wFBVV95cUxQWmhNbGFvbVBjZncxT3JIR0Rsby1YSmljb29aNXh4TGx3WWc0X1dPM00wUnNFQUhLS0pjOXVLc1NXSzRpajN5dEh4SFItRUlIZzFaUFdnVDQtdUFzUDlqcDNJUmxXakpqWS1DMEM1WlQyQzNNRnQtM1NKbFFLQWdvMFdwb2s1M3ZTVFZsOHpSRXhLTG96eEQxMzlNd2sta0RvNUFMWVhyU3lvMGdObjZ0emdsdk1KRFJjY21qUktoUUNub1JiOXdSZENKRG41b2ljQXpr?oc=5"" target=""_blank"">30 Under 30 Europe Retail & Ecommerce 2025: Entrepreneurs Bringing Commerce Into The AI Age</a>&nbsp;&nbsp;<font color=""#6f6f6f"">Forbes</font>"
Luxury-Leaning Arc’teryx Is Just Getting Started In The $400 Billion Outdoor Sportswear Market - Forbes,"Sun, 26 May 2024 07:00:00 GMT",Forbes,https://news.google.com/rss/articles/CBMi3gFBVV95cUxPSkNuS0RfaFR1XzMzMElfaTBTREZTRER6WGNIY3FmMndkR2NNSTFpMGVYSHVWenV2NmctUTVLNnpaVGRrX3R0cUp2TXd0M2NIM0xGbkRxUkVuWUNaeWttVm1ITFF3RjE2VUdKbENRWTlEUjVQR1BOU1RGWERndFRjd1hySTdjMy0tRlJTYWh2MmdWazJQUUhiWk45RXEzdWpvZTU0NTVKRzdLUC1BbzR5R28tbnZpVTExWTVVSEFkZWNDdkVfbVpLRTMyU0diWE9uN1pWZ3ZxdmE3S0g4MHc?oc=5,"<a href=""https://news.google.com/rss/articles/CBMi3gFBVV95cUxPSkNuS0RfaFR1XzMzMElfaTBTREZTRER6WGNIY3FmMndkR2NNSTFpMGVYSHVWenV2NmctUTVLNnpaVGRrX3R0cUp2TXd0M2NIM0xGbkRxUkVuWUNaeWttVm1ITFF3RjE2VUdKbENRWTlEUjVQR1BOU1RGWERndFRjd1hySTdjMy0tRlJTYWh2MmdWazJQUUhiWk45RXEzdWpvZTU0NTVKRzdLUC1BbzR5R28tbnZpVTExWTVVSEFkZWNDdkVfbVpLRTMyU0diWE9uN1pWZ3ZxdmE3S0g4MHc?oc=5"" target=""_blank"">Luxury-Leaning Arc’teryx Is Just Getting Started In The $400 Billion Outdoor Sportswear Market</a>&nbsp;&nbsp;<font color=""#6f6f6f"">Forbes</font>",AI sportswear retail UK,"<a href=""https://news.google.com/rss/articles/CBMi3gFBVV95cUxPSkNuS0RfaFR1XzMzMElfaTBTREZTRER6WGNIY3FmMndkR2NNSTFpMGVYSHVWenV2NmctUTVLNnpaVGRrX3R0cUp2TXd0M2NIM0xGbkRxUkVuWUNaeWttVm1ITFF3RjE2VUdKbENRWTlEUjVQR1BOU1RGWERndFRjd1hySTdjMy0tRlJTYWh2MmdWazJQUUhiWk45RXEzdWpvZTU0NTVKRzdLUC1BbzR5R28tbnZpVTExWTVVSEFkZWNDdkVfbVpLRTMyU0diWE9uN1pWZ3ZxdmE3S0g4MHc?oc=5"" target=""_blank"">Luxury-Leaning Arc’teryx Is Just Getting Started In The $400 Billion Outdoor Sportswear Market</a>&nbsp;&nbsp;<font color=""#6f6f6f"">Forbes</font>"
ASOS uses Azure AI Foundry to surprise and delight young fashion lovers - Microsoft,"Mon, 05 Feb 2024 08:00:00 GMT",Microsoft,https://news.google.com/rss/articles/CBMimgFBVV95cUxPQ3czcmNiVldOYXB2MGhNZ3ZiZlJaU2EyRkxuRlo1bFZPaUh2Yi1IaThubG9jSTJVaXhfUExhU2hfZXp6QTdmTFhDQlMzaVVWelNQUEFGZFRqYkdtVGN1cXpzdXpsVmxHcnVPclluNlhQS0VVYmRqeGlNcUNHeVhfX2lEbjY0ODZlaEZZYW1uNkJPSExzZU5LYmZn?oc=5,"<a href=""https://news.google.com/rss/articles/CBMimgFBVV95cUxPQ3czcmNiVldOYXB2MGhNZ3ZiZlJaU2EyRkxuRlo1bFZPaUh2Yi1IaThubG9jSTJVaXhfUExhU2hfZXp6QTdmTFhDQlMzaVVWelNQUEFGZFRqYkdtVGN1cXpzdXpsVmxHcnVPclluNlhQS0VVYmRqeGlNcUNHeVhfX2lEbjY0ODZlaEZZYW1uNkJPSExzZU5LYmZn?oc=5"" target=""_blank"">ASOS uses Azure AI Foundry to surprise and delight young fashion lovers</a>&nbsp;&nbsp;<font color=""#6f6f6f"">Microsoft</font>",AI sportswear retail UK,"<a href=""https://news.google.com/rss/articles/CBMimgFBVV95cUxPQ3czcmNiVldOYXB2MGhNZ3ZiZlJaU2EyRkxuRlo1bFZPaUh2Yi1IaThubG9jSTJVaXhfUExhU2hfZXp6QTdmTFhDQlMzaVVWelNQUEFGZFRqYkdtVGN1cXpzdXpsVmxHcnVPclluNlhQS0VVYmRqeGlNcUNHeVhfX2lEbjY0ODZlaEZZYW1uNkJPSExzZU5LYmZn?oc=5"" target=""_blank"">ASOS uses Azure AI Foundry to surprise and delight young fashion lovers</a>&nbsp;&nbsp;<font color=""#6f6f6f"">Microsoft</font>"
Chinese Sportswear Brand Anta Way Ahead on DTC Sales - Statista,"Wed, 04 Mar 2026 08:00:00 GMT",Statista,https://news.google.com/rss/articles/CBMikwFBVV95cUxQOVVydV9VVG11cFBnYmV3NEtJZ2sxNXpSclk5WWhBQnAzUnRFQ045RjZmellybEJtbW1DVzRkZGlaN2xzMlR0dEg0T0cwekhPS1BuTjFGd3ZQTHUzSjYybzY2RUNVOFVERU1jNTBadTY5SFpWLUNQd1hwR2xGSG41Y1VTNkhvNzM1OHg5eVNuaW5FQTTSAZgBQVVfeXFMTzhHQmVrd1RCcVVEc3ZIMk5MbG5ldGMtYUFfWUI1QTFXTGhNMHo1TkJrRHFDWFlRYmQyY1o2cTNJZ2I2NXp2YUhBNVZtaUhxTGMzQzliem01UnFxRTZVOWprbW5lQUl3bjEyX3NLWlNUVzdKXy1BV0xDOUFpekJVWENHb05hcmhEZ2puQ0tybnZmVU5obUZ4WXI?oc=5,"<a href=""https://news.google.com/rss/articles/CBMikwFBVV95cUxQOVVydV9VVG11cFBnYmV3NEtJZ2sxNXpSclk5WWhBQnAzUnRFQ045RjZmellybEJtbW1DVzRkZGlaN2xzMlR0dEg0T0cwekhPS1BuTjFGd3ZQTHUzSjYybzY2RUNVOFVERU1jNTBadTY5SFpWLUNQd1hwR2xGSG41Y1VTNkhvNzM1OHg5eVNuaW5FQTTSAZgBQVVfeXFMTzhHQmVrd1RCcVVEc3ZIMk5MbG5ldGMtYUFfWUI1QTFXTGhNMHo1TkJrRHFDWFlRYmQyY1o2cTNJZ2I2NXp2YUhBNVZtaUhxTGMzQzliem01UnFxRTZVOWprbW5lQUl3bjEyX3NLWlNUVzdKXy1BV0xDOUFpekJVWENHb05hcmhEZ2puQ0tybnZmVU5obUZ4WXI?oc=5"" target=""_blank"">Chinese Sportswear Brand Anta Way Ahead on DTC Sales</a>&nbsp;&nbsp;<font color=""#6f6f6f"">Statista</font>",AI sportswear retail UK,"<a href=""https://news.google.com/rss/articles/CBMikwFBVV95cUxQOVVydV9VVG11cFBnYmV3NEtJZ2sxNXpSclk5WWhBQnAzUnRFQ045RjZmellybEJtbW1DVzRkZGlaN2xzMlR0dEg0T0cwekhPS1BuTjFGd3ZQTHUzSjYybzY2RUNVOFVERU1jNTBadTY5SFpWLUNQd1hwR2xGSG41Y1VTNkhvNzM1OHg5eVNuaW5FQTTSAZgBQVVfeXFMTzhHQmVrd1RCcVVEc3ZIMk5MbG5ldGMtYUFfWUI1QTFXTGhNMHo1TkJrRHFDWFlRYmQyY1o2cTNJZ2I2NXp2YUhBNVZtaUhxTGMzQzliem01UnFxRTZVOWprbW5lQUl3bjEyX3NLWlNUVzdKXy1BV0xDOUFpekJVWENHb05hcmhEZ2puQ0tybnZmVU5obUZ4WXI?oc=5"" target=""_blank"">Chinese Sportswear Brand Anta Way Ahead on DTC Sales</a>&nbsp;&nbsp;<font color=""#6f6f6f"">Statista</font>"
Steph Curry: NBA star signs shoe deal with Chinese brand Li-Ning - BBC,"Mon, 01 Jun 2026 07:00:00 GMT",BBC,https://news.google.com/rss/articles/CBMiWkFVX3lxTE5FM0pRVnJMS0RyQmpoVFZKeWlITE9wVERDTk1meEJrMWhLa2pnbmZiOWlrU1NQeGVRZnlXbS1KOXJnOGx0Z1lkMXNZR1NwanUwVHZaUkMtUmhzZw?oc=5,"<a href=""https://news.google.com/rss/articles/CBMiWkFVX3lxTE5FM0pRVnJMS0RyQmpoVFZKeWlITE9wVERDTk1meEJrMWhLa2pnbmZiOWlrU1NQeGVRZnlXbS1KOXJnOGx0Z1lkMXNZR1NwanUwVHZaUkMtUmhzZw?oc=5"" target=""_blank"">Steph Curry: NBA star signs shoe deal with Chinese brand Li-Ning</a>&nbsp;&nbsp;<font color=""#6f6f6f"">BBC</font>",AI sportswear retail UK,"<a href=""https://news.google.com/rss/articles/CBMiWkFVX3lxTE5FM0pRVnJMS0RyQmpoVFZKeWlITE9wVERDTk1meEJrMWhLa2pnbmZiOWlrU1NQeGVRZnlXbS1KOXJnOGx0Z1lkMXNZR1NwanUwVHZaUkMtUmhzZw?oc=5"" target=""_blank"">Steph Curry: NBA star signs shoe deal with Chinese brand Li-Ning</a>&nbsp;&nbsp;<font color=""#6f6f6f"">BBC</font>"
Gymshark opens first European store in Amsterdam - fashionunited.uk,"Thu, 26 Jun 2025 07:00:00 GMT",fashionunited.uk,https://news.google.com/rss/articles/CBMioAFBVV95cUxNWnRGYktLTGxMMjdyNzZNdTMydUo0UmU4RldXUEZrVDh0Z1lvUHI0akZyVzRuVkNoa1NBQlpqM2hobUExR1RJN2t0SzBhN3hsQk5VNzNEN0tWeW44am1UOTNXbUd2QXduaTg3eE9JdWN6Ni1ud0lTQkRFejR1ZTlvUEdUQm85a3ZOeGVUOXhaZXY2Rll3bXRSU1B0WFRNSTNW?oc=5,"<a href=""https://news.google.com/rss/articles/CBMioAFBVV95cUxNWnRGYktLTGxMMjdyNzZNdTMydUo0UmU4RldXUEZrVDh0Z1lvUHI0akZyVzRuVkNoa1NBQlpqM2hobUExR1RJN2t0SzBhN3hsQk5VNzNEN0tWeW44am1UOTNXbUd2QXduaTg3eE9JdWN6Ni1ud0lTQkRFejR1ZTlvUEdUQm85a3ZOeGVUOXhaZXY2Rll3bXRSU1B0WFRNSTNW?oc=5"" target=""_blank"">Gymshark opens first European store in Amsterdam</a>&nbsp;&nbsp;<font color=""#6f6f6f"">fashionunited.uk</font>",AI sportswear retail UK,"<a href=""https://news.google.com/rss/articles/CBMioAFBVV95cUxNWnRGYktLTGxMMjdyNzZNdTMydUo0UmU4RldXUEZrVDh0Z1lvUHI0akZyVzRuVkNoa1NBQlpqM2hobUExR1RJN2t0SzBhN3hsQk5VNzNEN0tWeW44am1UOTNXbUd2QXduaTg3eE9JdWN6Ni1ud0lTQkRFejR1ZTlvUEdUQm85a3ZOeGVUOXhaZXY2Rll3bXRSU1B0WFRNSTNW?oc=5"" target=""_blank"">Gymshark opens first European store in Amsterdam</a>&nbsp;&nbsp;<font color=""#6f6f6f"">fashionunited.uk</font>"
Westfield London launches first-ever AI powered store - fashionunited.uk,"Wed, 03 Jul 2019 07:00:00 GMT",fashionunited.uk,https://news.google.com/rss/articles/CBMipwFBVV95cUxPc2R2UnBZLWFtSm96STJqdlQ2T0RYQTA5RjFCbHFYbjg4Rmx2RHJHRXRXRE9wS2hYeDEteWtadEpxWUc0S29oNzhld252VzhYdDJmbmwtTVR0VnoyOFQxXy00S1pYWjdXTFJpU25SMjcxLWloZXFDSTBUZWppSWpnS2RPaDlISXBIOFZhb2k5bnNxcl9mTEFXbmpPRU5vQ1p4U0xJazdMSQ?oc=5,"<a href=""https://news.google.com/rss/articles/CBMipwFBVV95cUxPc2R2UnBZLWFtSm96STJqdlQ2T0RYQTA5RjFCbHFYbjg4Rmx2RHJHRXRXRE9wS2hYeDEteWtadEpxWUc0S29oNzhld252VzhYdDJmbmwtTVR0VnoyOFQxXy00S1pYWjdXTFJpU25SMjcxLWloZXFDSTBUZWppSWpnS2RPaDlISXBIOFZhb2k5bnNxcl9mTEFXbmpPRU5vQ1p4U0xJazdMSQ?oc=5"" target=""_blank"">Westfield London launches first-ever AI powered store</a>&nbsp;&nbsp;<font color=""#6f6f6f"">fashionunited.uk</font>",AI sportswear retail UK,"<a href=""https://news.google.com/rss/articles/CBMipwFBVV95cUxPc2R2UnBZLWFtSm96STJqdlQ2T0RYQTA5RjFCbHFYbjg4Rmx2RHJHRXRXRE9wS2hYeDEteWtadEpxWUc0S29oNzhld252VzhYdDJmbmwtTVR0VnoyOFQxXy00S1pYWjdXTFJpU25SMjcxLWloZXFDSTBUZWppSWpnS2RPaDlISXBIOFZhb2k5bnNxcl9mTEFXbmpPRU5vQ1p4U0xJazdMSQ?oc=5"" target=""_blank"">Westfield London launches first-ever AI powered store</a>&nbsp;&nbsp;<font color=""#6f6f6f"">fashionunited.uk</font>"
Sportswear retailer Lids reportedly set to exit UK market - Apparel Resources,"Tue, 24 Dec 2024 08:00:00 GMT",Apparel Resources,https://news.google.com/rss/articles/CBMiqAFBVV95cUxNTnVtOGtSVlpJQ1huOWdZOHdmRi12UTNNS1o2R1FuQndSaE12V3pVWVJuNmh3QjVCdm1tWk1wR21JX0MyQjd3aXNWNmxZUm1haEk4MTZESjZpdFBreWVDY3c0Z2U2RVhrRXNKMXNZcnhjX2ljQkVUZ2VNY0pnd1lOdEZRbVFlY1ZkYlRWMGpZZHA3MkVTTWIwU0RTcEpLNmdlR2RNdWlnRWI?oc=5,"<a href=""https://news.google.com/rss/articles/CBMiqAFBVV95cUxNTnVtOGtSVlpJQ1huOWdZOHdmRi12UTNNS1o2R1FuQndSaE12V3pVWVJuNmh3QjVCdm1tWk1wR21JX0MyQjd3aXNWNmxZUm1haEk4MTZESjZpdFBreWVDY3c0Z2U2RVhrRXNKMXNZcnhjX2ljQkVUZ2VNY0pnd1lOdEZRbVFlY1ZkYlRWMGpZZHA3MkVTTWIwU0RTcEpLNmdlR2RNdWlnRWI?oc=5"" target=""_blank"">Sportswear retailer Lids reportedly set to exit UK market</a>&nbsp;&nbsp;<font color=""#6f6f6f"">Apparel Resources</font>",AI sportswear retail UK,"<a href=""https://news.google.com/rss/articles/CBMiqAFBVV95cUxNTnVtOGtSVlpJQ1huOWdZOHdmRi12UTNNS1o2R1FuQndSaE12V3pVWVJuNmh3QjVCdm1tWk1wR21JX0MyQjd3aXNWNmxZUm1haEk4MTZESjZpdFBreWVDY3c0Z2U2RVhrRXNKMXNZcnhjX2ljQkVUZ2VNY0pnd1lOdEZRbVFlY1ZkYlRWMGpZZHA3MkVTTWIwU0RTcEpLNmdlR2RNdWlnRWI?oc=5"" target=""_blank"">Sportswear retailer Lids reportedly set to exit UK market</a>&nbsp;&nbsp;<font color=""#6f6f6f"">Apparel Resources</font>"
Mike Ashley: Who is the founder of Sports Direct? - BBC,"Tue, 20 Sep 2022 07:00:00 GMT",BBC,https://news.google.com/rss/articles/CBMiVEFVX3lxTFA5b0NMbVlTbGpaV081UVdBdlh4TnZWZlVMS2h3d0dOY1F1ZUduYURPRWZXVDhGV3ROS1U2cWdrbHA1UnNKOUQ5NHhTZ09TWDJXN0F4Zg?oc=5,"<a href=""https://news.google.com/rss/articles/CBMiVEFVX3lxTFA5b0NMbVlTbGpaV081UVdBdlh4TnZWZlVMS2h3d0dOY1F1ZUduYURPRWZXVDhGV3ROS1U2cWdrbHA1UnNKOUQ5NHhTZ09TWDJXN0F4Zg?oc=5"" target=""_blank"">Mike Ashley: Who is the founder of Sports Direct?</a>&nbsp;&nbsp;<font color=""#6f6f6f"">BBC</font>",AI sportswear retail UK,"<a href=""https://news.google.com/rss/articles/CBMiVEFVX3lxTFA5b0NMbVlTbGpaV081UVdBdlh4TnZWZlVMS2h3d0dOY1F1ZUduYURPRWZXVDhGV3ROS1U2cWdrbHA1UnNKOUQ5NHhTZ09TWDJXN0F4Zg?oc=5"" target=""_blank"">Mike Ashley: Who is the founder of Sports Direct?</a>&nbsp;&nbsp;<font color=""#6f6f6f"">BBC</font>"
How Lululemon is sprinting ahead in the UK sportswear market - Retail Week,"Sun, 05 May 2024 07:00:00 GMT",Retail Week,https://news.google.com/rss/articles/CBMiwAFBVV95cUxNd1RXemVfYzg5SkV4QTdFUUVkYUZ1MkZuZ3FtcFVpQ0tSOW1xMVlaaGtzRHJBMDRtWTZiM0FqOFZmdTl0WG41YlVmWi1UdlF6T3ZQSVh6WWpzUlQyRHpEaThLSTFtcHQ4M1FfalFwcGZrQWlZY1BFQkZDaXUxdG5HODBpNzZ4SWVvYTl6X0ZqaTZqTTNjNlpnbURqeTgxaUpDRFRESEpudDVabmRYNmZOMDJiMmZOdjQ3SXl4NS0tVEY?oc=5,"<a href=""https://news.google.com/rss/articles/CBMiwAFBVV95cUxNd1RXemVfYzg5SkV4QTdFUUVkYUZ1MkZuZ3FtcFVpQ0tSOW1xMVlaaGtzRHJBMDRtWTZiM0FqOFZmdTl0WG41YlVmWi1UdlF6T3ZQSVh6WWpzUlQyRHpEaThLSTFtcHQ4M1FfalFwcGZrQWlZY1BFQkZDaXUxdG5HODBpNzZ4SWVvYTl6X0ZqaTZqTTNjNlpnbURqeTgxaUpDRFRESEpudDVabmRYNmZOMDJiMmZOdjQ3SXl4NS0tVEY?oc=5"" target=""_blank"">How Lululemon is sprinting ahead in the UK sportswear market</a>&nbsp;&nbsp;<font color=""#6f6f6f"">Retail Week</font>",AI sportswear retail UK,"<a href=""https://news.google.com/rss/articles/CBMiwAFBVV95cUxNd1RXemVfYzg5SkV4QTdFUUVkYUZ1MkZuZ3FtcFVpQ0tSOW1xMVlaaGtzRHJBMDRtWTZiM0FqOFZmdTl0WG41YlVmWi1UdlF6T3ZQSVh6WWpzUlQyRHpEaThLSTFtcHQ4M1FfalFwcGZrQWlZY1BFQkZDaXUxdG5HODBpNzZ4SWVvYTl6X0ZqaTZqTTNjNlpnbURqeTgxaUpDRFRESEpudDVabmRYNmZOMDJiMmZOdjQ3SXl4NS0tVEY?oc=5"" target=""_blank"">How Lululemon is sprinting ahead in the UK sportswear market</a>&nbsp;&nbsp;<font color=""#6f6f6f"">Retail Week</font>"
Trafford Centre sportswear store is first in north of UK - Messenger Newspapers,"Wed, 27 Dec 2023 08:00:00 GMT",Messenger Newspapers,https://news.google.com/rss/articles/CBMiogFBVV95cUxOUHFjeTdLdXFNYUJkX1AyYUZ6NmloYkJGS3JZelg2WXRmLXl5NFJJS0pCRzhuTEdyb1ZHWkIxcjBNYlhXOG5mcTlzRVdpeTd5VDhNU0RqZzlPY09nQ0k3UzRVZXRnTTBuMUdxQ2JKM3lmZ2pDNE1lSjRCVkNsNGRGMWdxTlVGenJzVHBrMXM2M2NMWFhoYTduRlRRM3NIcXdMMWc?oc=5,"<a href=""https://news.google.com/rss/articles/CBMiogFBVV95cUxOUHFjeTdLdXFNYUJkX1AyYUZ6NmloYkJGS3JZelg2WXRmLXl5NFJJS0pCRzhuTEdyb1ZHWkIxcjBNYlhXOG5mcTlzRVdpeTd5VDhNU0RqZzlPY09nQ0k3UzRVZXRnTTBuMUdxQ2JKM3lmZ2pDNE1lSjRCVkNsNGRGMWdxTlVGenJzVHBrMXM2M2NMWFhoYTduRlRRM3NIcXdMMWc?oc=5"" target=""_blank"">Trafford Centre sportswear store is first in north of UK</a>&nbsp;&nbsp;<font color=""#6f6f6f"">Messenger Newspapers</font>",AI sportswear retail UK,"<a href=""https://news.google.com/rss/articles/CBMiogFBVV95cUxOUHFjeTdLdXFNYUJkX1AyYUZ6NmloYkJGS3JZelg2WXRmLXl5NFJJS0pCRzhuTEdyb1ZHWkIxcjBNYlhXOG5mcTlzRVdpeTd5VDhNU0RqZzlPY09nQ0k3UzRVZXRnTTBuMUdxQ2JKM3lmZ2pDNE1lSjRCVkNsNGRGMWdxTlVGenJzVHBrMXM2M2NMWFhoYTduRlRRM3NIcXdMMWc?oc=5"" target=""_blank"">Trafford Centre sportswear store is first in north of UK</a>&nbsp;&nbsp;<font color=""#6f6f6f"">Messenger Newspapers</font>"
Puma Revenue Slips Below that of Its Chinese Investor Anta - Statista,"Wed, 04 Mar 2026 08:00:00 GMT",Statista,https://news.google.com/rss/articles/CBMidEFVX3lxTE1iT3JOQ1RjZC1hTXBrTkE1UjhEVXM3eEFKSThBS3RkZFg4UjBhRFhaUkhFTlpabFlHOXg0b1g5a3NEc2h0RmdCR1FfODh5X2xndmg3dVZzb1d2R2dsUDhnV0dad1FUZnFZNlJyR0prX2RwbDFh0gF6QVVfeXFMTVNXbVVzYk5nREJUb0ZwTEFlTEltRXVHUnFGS2xLN0gwTm8wcUNFRDhXQmpBemZjdjlSb0xMR1M2NjMyMjYza0pEdXEwUWhZb1lOMkNDakJtQk1mWHBJT3I3U0ZPVzRfVTNDa1IxUUNLSDZIQmZTRzVEbFE?oc=5,"<a href=""https://news.google.com/rss/articles/CBMidEFVX3lxTE1iT3JOQ1RjZC1hTXBrTkE1UjhEVXM3eEFKSThBS3RkZFg4UjBhRFhaUkhFTlpabFlHOXg0b1g5a3NEc2h0RmdCR1FfODh5X2xndmg3dVZzb1d2R2dsUDhnV0dad1FUZnFZNlJyR0prX2RwbDFh0gF6QVVfeXFMTVNXbVVzYk5nREJUb0ZwTEFlTEltRXVHUnFGS2xLN0gwTm8wcUNFRDhXQmpBemZjdjlSb0xMR1M2NjMyMjYza0pEdXEwUWhZb1lOMkNDakJtQk1mWHBJT3I3U0ZPVzRfVTNDa1IxUUNLSDZIQmZTRzVEbFE?oc=5"" target=""_blank"">Puma Revenue Slips Below that of Its Chinese Investor Anta</a>&nbsp;&nbsp;<font color=""#6f6f6f"">Statista</font>",AI sportswear retail UK,"<a href=""https://news.google.com/rss/articles/CBMidEFVX3lxTE1iT3JOQ1RjZC1hTXBrTkE1UjhEVXM3eEFKSThBS3RkZFg4UjBhRFhaUkhFTlpabFlHOXg0b1g5a3NEc2h0RmdCR1FfODh5X2xndmg3dVZzb1d2R2dsUDhnV0dad1FUZnFZNlJyR0prX2RwbDFh0gF6QVVfeXFMTVNXbVVzYk5nREJUb0ZwTEFlTEltRXVHUnFGS2xLN0gwTm8wcUNFRDhXQmpBemZjdjlSb0xMR1M2NjMyMjYza0pEdXEwUWhZb1lOMkNDakJtQk1mWHBJT3I3U0ZPVzRfVTNDa1IxUUNLSDZIQmZTRzVEbFE?oc=5"" target=""_blank"">Puma Revenue Slips Below that of Its Chinese Investor Anta</a>&nbsp;&nbsp;<font color=""#6f6f6f"">Statista</font>"
Autone raises 17 million US dollars in Series A funding - fashionunited.uk,"Wed, 16 Oct 2024 07:00:00 GMT",fashionunited.uk,https://news.google.com/rss/articles/CBMirAFBVV95cUxQcVdCR0Y2SWE2RWRxeUh3cU1IY0JZdXI0M0RMVnhjaHlRR0NvTFR6LW1HLUx1b2dZZkk4NTh0UFVBOHpLdlRQZnFhbzlyWHJheDBybVJYS3F6UEl3V0FWeHZWUFUzSlVMbE1YcnFVTUNReUpUWFNyTm1jcEtWc2pzWV9sbHJXa1p5TjJzNWd2MHhoQjF3QW5yUHltLXRDOTg3a0RYU2U0andMWW5z?oc=5,"<a href=""https://news.google.com/rss/articles/CBMirAFBVV95cUxQcVdCR0Y2SWE2RWRxeUh3cU1IY0JZdXI0M0RMVnhjaHlRR0NvTFR6LW1HLUx1b2dZZkk4NTh0UFVBOHpLdlRQZnFhbzlyWHJheDBybVJYS3F6UEl3V0FWeHZWUFUzSlVMbE1YcnFVTUNReUpUWFNyTm1jcEtWc2pzWV9sbHJXa1p5TjJzNWd2MHhoQjF3QW5yUHltLXRDOTg3a0RYU2U0andMWW5z?oc=5"" target=""_blank"">Autone raises 17 million US dollars in Series A funding</a>&nbsp;&nbsp;<font color=""#6f6f6f"">fashionunited.uk</font>",AI sportswear retail UK,"<a href=""https://news.google.com/rss/articles/CBMirAFBVV95cUxQcVdCR0Y2SWE2RWRxeUh3cU1IY0JZdXI0M0RMVnhjaHlRR0NvTFR6LW1HLUx1b2dZZkk4NTh0UFVBOHpLdlRQZnFhbzlyWHJheDBybVJYS3F6UEl3V0FWeHZWUFUzSlVMbE1YcnFVTUNReUpUWFNyTm1jcEtWc2pzWV9sbHJXa1p5TjJzNWd2MHhoQjF3QW5yUHltLXRDOTg3a0RYU2U0andMWW5z?oc=5"" target=""_blank"">Autone raises 17 million US dollars in Series A funding</a>&nbsp;&nbsp;<font color=""#6f6f6f"">fashionunited.uk</font>"
Cognizant wins five-year IT services contract with Nike - Consulting.us,"Fri, 28 Apr 2023 07:00:00 GMT",Consulting.us,https://news.google.com/rss/articles/CBMilgFBVV95cUxQNTJGSnF0NGVyNFNsTmFfQ3B4dE9UU2dxQWFkbFBPcFhJdkhvc0JtcnVmVzFjbEpuLThYcGY5SUV0UDVjTVBpY0NqZWwxWnBncWRFX1RFcWN4MG5MZWlrc1FZSHZyd2FVS2pCbXc1UEtibm1kM2tsendPU1MyVkppazZpeGRRUEJNenU1ZlVZU3BHWFI5X3fSAZsBQVVfeXFMTU5oa0JBazJQYjMwUlA3ODdmNUxsQkZNRmNsZnRoQ2tJUmZoUUs4Qk1zNU5YMG1yZzJ1alcwYk9pY0xtV0N6VkZ3WUIyZURTZUNxWGdzUXlMcW5qcng3NTZ5QzFzZVU0LWxDYkdaWE04N19lRWphR1d3RVEzX2U2M1M2VlhaU09oM2R6dDl5WFVWX2pka1BmTWVQWEU?oc=5,"<a href=""https://news.google.com/rss/articles/CBMilgFBVV95cUxQNTJGSnF0NGVyNFNsTmFfQ3B4dE9UU2dxQWFkbFBPcFhJdkhvc0JtcnVmVzFjbEpuLThYcGY5SUV0UDVjTVBpY0NqZWwxWnBncWRFX1RFcWN4MG5MZWlrc1FZSHZyd2FVS2pCbXc1UEtibm1kM2tsendPU1MyVkppazZpeGRRUEJNenU1ZlVZU3BHWFI5X3fSAZsBQVVfeXFMTU5oa0JBazJQYjMwUlA3ODdmNUxsQkZNRmNsZnRoQ2tJUmZoUUs4Qk1zNU5YMG1yZzJ1alcwYk9pY0xtV0N6VkZ3WUIyZURTZUNxWGdzUXlMcW5qcng3NTZ5QzFzZVU0LWxDYkdaWE04N19lRWphR1d3RVEzX2U2M1M2VlhaU09oM2R6dDl5WFVWX2pka1BmTWVQWEU?oc=5"" target=""_blank"">Cognizant wins five-year IT services contract with Nike</a>&nbsp;&nbsp;<font color=""#6f6f6f"">Consulting.us</font>",AI sportswear retail UK,"<a href=""https://news.google.com/rss/articles/CBMilgFBVV95cUxQNTJGSnF0NGVyNFNsTmFfQ3B4dE9UU2dxQWFkbFBPcFhJdkhvc0JtcnVmVzFjbEpuLThYcGY5SUV0UDVjTVBpY0NqZWwxWnBncWRFX1RFcWN4MG5MZWlrc1FZSHZyd2FVS2pCbXc1UEtibm1kM2tsendPU1MyVkppazZpeGRRUEJNenU1ZlVZU3BHWFI5X3fSAZsBQVVfeXFMTU5oa0JBazJQYjMwUlA3ODdmNUxsQkZNRmNsZnRoQ2tJUmZoUUs4Qk1zNU5YMG1yZzJ1alcwYk9pY0xtV0N6VkZ3WUIyZURTZUNxWGdzUXlMcW5qcng3NTZ5QzFzZVU0LWxDYkdaWE04N19lRWphR1d3RVEzX2U2M1M2VlhaU09oM2R6dDl5WFVWX2pka1BmTWVQWEU?oc=5"" target=""_blank"">Cognizant wins five-year IT services contract with Nike</a>&nbsp;&nbsp;<font color=""#6f6f6f"">Consulting.us</font>"
The 26-year-old with a £100m sportswear brand - BBC,"Sun, 30 Sep 2018 07:00:00 GMT",BBC,https://news.google.com/rss/articles/CBMiVEFVX3lxTE1MSkprWXdsZTFtcVB5c01GQks1YmQ1V052eTY5NzFzWEJ3eU96V0VNc0pCOVhUYzl6cjNYMzZ3ZWt0RU11aTd1ZmVkY3hLUEg3OE5GdA?oc=5,"<a href=""https://news.google.com/rss/articles/CBMiVEFVX3lxTE1MSkprWXdsZTFtcVB5c01GQks1YmQ1V052eTY5NzFzWEJ3eU96V0VNc0pCOVhUYzl6cjNYMzZ3ZWt0RU11aTd1ZmVkY3hLUEg3OE5GdA?oc=5"" target=""_blank"">The 26-year-old with a £100m sportswear brand</a>&nbsp;&nbsp;<font color=""#6f6f6f"">BBC</font>",AI sportswear retail UK,"<a href=""https://news.google.com/rss/articles/CBMiVEFVX3lxTE1MSkprWXdsZTFtcVB5c01GQks1YmQ1V052eTY5NzFzWEJ3eU96V0VNc0pCOVhUYzl6cjNYMzZ3ZWt0RU11aTd1ZmVkY3hLUEg3OE5GdA?oc=5"" target=""_blank"">The 26-year-old with a £100m sportswear brand</a>&nbsp;&nbsp;<font color=""#6f6f6f"">BBC</font>"
How YoungLA Pumped Up Its Activewear Startup To $176 Million In Sales - Forbes,"Fri, 08 Aug 2025 07:00:00 GMT",Forbes,https://news.google.com/rss/articles/CBMivwFBVV95cUxOXzNpYS1EeHdabHRLdUNZOG1PclNqVVBrakxvZGcxN0lYMDU3THFLb21lQnVRSlZDM1JjQ1dEUEdKdFpKWEpobkFUN0VhMUNGek04c3VqUWhEOFJFMVZkdjVuQXVzR3p2cW5xMkxtQlhjN3ZjdDVzaFZTQ3ZaSG1zM3VXX19xaEJtU3Q5blRlNEN2ZlZaVWNHbmNlX3A3LTJBX0ZpS1Uzb042OURSbzFDZXd2QlRhbWFnclQ1YXE4NA?oc=5,"<a href=""https://news.google.com/rss/articles/CBMivwFBVV95cUxOXzNpYS1EeHdabHRLdUNZOG1PclNqVVBrakxvZGcxN0lYMDU3THFLb21lQnVRSlZDM1JjQ1dEUEdKdFpKWEpobkFUN0VhMUNGek04c3VqUWhEOFJFMVZkdjVuQXVzR3p2cW5xMkxtQlhjN3ZjdDVzaFZTQ3ZaSG1zM3VXX19xaEJtU3Q5blRlNEN2ZlZaVWNHbmNlX3A3LTJBX0ZpS1Uzb042OURSbzFDZXd2QlRhbWFnclQ1YXE4NA?oc=5"" target=""_blank"">How YoungLA Pumped Up Its Activewear Startup To $176 Million In Sales</a>&nbsp;&nbsp;<font color=""#6f6f6f"">Forbes</font>",AI sportswear retail UK,"<a href=""https://news.google.com/rss/articles/CBMivwFBVV95cUxOXzNpYS1EeHdabHRLdUNZOG1PclNqVVBrakxvZGcxN0lYMDU3THFLb21lQnVRSlZDM1JjQ1dEUEdKdFpKWEpobkFUN0VhMUNGek04c3VqUWhEOFJFMVZkdjVuQXVzR3p2cW5xMkxtQlhjN3ZjdDVzaFZTQ3ZaSG1zM3VXX19xaEJtU3Q5blRlNEN2ZlZaVWNHbmNlX3A3LTJBX0ZpS1Uzb042OURSbzFDZXd2QlRhbWFnclQ1YXE4NA?oc=5"" target=""_blank"">How YoungLA Pumped Up Its Activewear Startup To $176 Million In Sales</a>&nbsp;&nbsp;<font color=""#6f6f6f"">Forbes</font>"
How JD Sports became a £5bn company - bbc.co.uk,"Tue, 11 Sep 2018 07:00:00 GMT",bbc.co.uk,https://news.google.com/rss/articles/CBMiV0FVX3lxTE5JYjd1QnJnamtCUEtBQ1dEbVVibm5RZjRGZVdvb2U3YVFtNUFFWkhZRGNfT1FlMGs4TGl0RnlyWEJEcDFmZ1FhYlNXeWZtMUhlYkpGcmlSTQ?oc=5,"<a href=""https://news.google.com/rss/articles/CBMiV0FVX3lxTE5JYjd1QnJnamtCUEtBQ1dEbVVibm5RZjRGZVdvb2U3YVFtNUFFWkhZRGNfT1FlMGs4TGl0RnlyWEJEcDFmZ1FhYlNXeWZtMUhlYkpGcmlSTQ?oc=5"" target=""_blank"">How JD Sports became a £5bn company</a>&nbsp;&nbsp;<font color=""#6f6f6f"">bbc.co.uk</font>",AI sportswear retail UK,"<a href=""https://news.google.com/rss/articles/CBMiV0FVX3lxTE5JYjd1QnJnamtCUEtBQ1dEbVVibm5RZjRGZVdvb2U3YVFtNUFFWkhZRGNfT1FlMGs4TGl0RnlyWEJEcDFmZ1FhYlNXeWZtMUhlYkpGcmlSTQ?oc=5"" target=""_blank"">How JD Sports became a £5bn company</a>&nbsp;&nbsp;<font color=""#6f6f6f"">bbc.co.uk</font>"
Adidas or Nike? Which Retail Giant is Winning The Sneakers War? - Forbes,"Thu, 22 Aug 2019 07:00:00 GMT",Forbes,https://news.google.com/rss/articles/CBMitgFBVV95cUxPLWdZam9LblVKWFZibmFhNFVkb2ZteDg2REltZnNZeWFHWXIxYXhsNHRDQ0lSMXNjdngtLXVJWmxJaDZMR3JhRF9pRVRBN1RTcUdoZWRVMzMta1otc2o3YlVtRjZrZ0RPZGNuZTI1VzVEb1Noc3ZJcGtxMXlqZzNiaHpHVkFjYzEyMGl2a3NuNnk0S1A5Y3lET0RxVDVlU0VqV01pMENWRFlMelcwRnBJWkFyY1ozUQ?oc=5,"<a href=""https://news.google.com/rss/articles/CBMitgFBVV95cUxPLWdZam9LblVKWFZibmFhNFVkb2ZteDg2REltZnNZeWFHWXIxYXhsNHRDQ0lSMXNjdngtLXVJWmxJaDZMR3JhRF9pRVRBN1RTcUdoZWRVMzMta1otc2o3YlVtRjZrZ0RPZGNuZTI1VzVEb1Noc3ZJcGtxMXlqZzNiaHpHVkFjYzEyMGl2a3NuNnk0S1A5Y3lET0RxVDVlU0VqV01pMENWRFlMelcwRnBJWkFyY1ozUQ?oc=5"" target=""_blank"">Adidas or Nike? Which Retail Giant is Winning The Sneakers War?</a>&nbsp;&nbsp;<font color=""#6f6f6f"">Forbes</font>",AI sportswear retail UK,"<a href=""https://news.google.com/rss/articles/CBMitgFBVV95cUxPLWdZam9LblVKWFZibmFhNFVkb2ZteDg2REltZnNZeWFHWXIxYXhsNHRDQ0lSMXNjdngtLXVJWmxJaDZMR3JhRF9pRVRBN1RTcUdoZWRVMzMta1otc2o3YlVtRjZrZ0RPZGNuZTI1VzVEb1Noc3ZJcGtxMXlqZzNiaHpHVkFjYzEyMGl2a3NuNnk0S1A5Y3lET0RxVDVlU0VqV01pMENWRFlMelcwRnBJWkFyY1ozUQ?oc=5"" target=""_blank"">Adidas or Nike? Which Retail Giant is Winning The Sneakers War?</a>&nbsp;&nbsp;<font color=""#6f6f6f"">Forbes</font>"
John Lewis announces major new change to 3 stores - Daily Express,"Mon, 03 Aug 2026 04:03:00 GMT",Daily Express,https://news.google.com/rss/articles/CBMieEFVX3lxTE1IeG1wX3ZtNnZPd0Y3S3U2V2txWjRtMnREdmtlYXBwSHhpVHFHZEVJeHBRMEgxdTFIWk52S2NqT01tUG0zb1Uxblc3Tm5fdjZ0MDl6RjNYRV9aQWVwSjFxUU9sZDBMNUVUcmpoT1hfRTZCM3hsdFlXZ9IBfkFVX3lxTE1NRXJiNnJnQ29fRkxfUkpodlFxOVpEU3ZwWldDYzQyOGVuS3VOOHlOMmQyTlAzc2ZLT2xOaVVFbnJqemVBZFZlM29aMkJoRzU4UUVnVTVFXzNuV1JLVGE1VzVCekc0cFV2NmJfeDNRSXRGSEhLMGs1ZFE0bl85UQ?oc=5,"<a href=""https://news.google.com/rss/articles/CBMieEFVX3lxTE1IeG1wX3ZtNnZPd0Y3S3U2V2txWjRtMnREdmtlYXBwSHhpVHFHZEVJeHBRMEgxdTFIWk52S2NqT01tUG0zb1Uxblc3Tm5fdjZ0MDl6RjNYRV9aQWVwSjFxUU9sZDBMNUVUcmpoT1hfRTZCM3hsdFlXZ9IBfkFVX3lxTE1NRXJiNnJnQ29fRkxfUkpodlFxOVpEU3ZwWldDYzQyOGVuS3VOOHlOMmQyTlAzc2ZLT2xOaVVFbnJqemVBZFZlM29aMkJoRzU4UUVnVTVFXzNuV1JLVGE1VzVCekc0cFV2NmJfeDNRSXRGSEhLMGs1ZFE0bl85UQ?oc=5"" target=""_blank"">John Lewis announces major new change to 3 stores</a>&nbsp;&nbsp;<font color=""#6f6f6f"">Daily Express</font>",AI sportswear retail UK,"<a href=""https://news.google.com/rss/articles/CBMieEFVX3lxTE1IeG1wX3ZtNnZPd0Y3S3U2V2txWjRtMnREdmtlYXBwSHhpVHFHZEVJeHBRMEgxdTFIWk52S2NqT01tUG0zb1Uxblc3Tm5fdjZ0MDl6RjNYRV9aQWVwSjFxUU9sZDBMNUVUcmpoT1hfRTZCM3hsdFlXZ9IBfkFVX3lxTE1NRXJiNnJnQ29fRkxfUkpodlFxOVpEU3ZwWldDYzQyOGVuS3VOOHlOMmQyTlAzc2ZLT2xOaVVFbnJqemVBZFZlM29aMkJoRzU4UUVnVTVFXzNuV1JLVGE1VzVCekc0cFV2NmJfeDNRSXRGSEhLMGs1ZFE0bl85UQ?oc=5"" target=""_blank"">John Lewis announces major new change to 3 stores</a>&nbsp;&nbsp;<font color=""#6f6f6f"">Daily Express</font>"
JD Sports shares plans for AI shopping it calls 'the future' of retail - Yorkshire Live,"Mon, 12 Jan 2026 08:00:00 GMT",Yorkshire Live,https://news.google.com/rss/articles/CBMijAFBVV95cUxQbkFodHRZMXMtS19ZWmgtYklfQ3poczBwWEdYaV9nWmt3ZlE3bzJoaGNNRklITkh6Szl2ZEFydElheGx6V0FEenotaXVyWTZEVVI2a1psR29KRDNzS3loUG5fanNrcnJGVG9zSHlHdXlYcHI2b19CZ2JmQVRkYzhlN2JKcUhyZGRISTc4ddIBkgFBVV95cUxOV0FUdHpEbXBfUUNZbHVObGtfY285ektHdk1idFE2SWdaS3BRdG5sM0VPOXhtcWFpRzlidklEZEduUkJEWVJPdFZ2S3VCaXRWR2puYzhrcmFKbnNaU0FjczFrMktlUXpYbE1QaE1Sa3dDNWdsUHBWbUNZeUdsYU5ZNnF5b2VQSVluenBRNFpiN3psZw?oc=5,"<a href=""https://news.google.com/rss/articles/CBMijAFBVV95cUxQbkFodHRZMXMtS19ZWmgtYklfQ3poczBwWEdYaV9nWmt3ZlE3bzJoaGNNRklITkh6Szl2ZEFydElheGx6V0FEenotaXVyWTZEVVI2a1psR29KRDNzS3loUG5fanNrcnJGVG9zSHlHdXlYcHI2b19CZ2JmQVRkYzhlN2JKcUhyZGRISTc4ddIBkgFBVV95cUxOV0FUdHpEbXBfUUNZbHVObGtfY285ektHdk1idFE2SWdaS3BRdG5sM0VPOXhtcWFpRzlidklEZEduUkJEWVJPdFZ2S3VCaXRWR2puYzhrcmFKbnNaU0FjczFrMktlUXpYbE1QaE1Sa3dDNWdsUHBWbUNZeUdsYU5ZNnF5b2VQSVluenBRNFpiN3psZw?oc=5"" target=""_blank"">JD Sports shares plans for AI shopping it calls 'the future' of retail</a>&nbsp;&nbsp;<font color=""#6f6f6f"">Yorkshire Live</font>",AI sportswear retail UK,"<a href=""https://news.google.com/rss/articles/CBMijAFBVV95cUxQbkFodHRZMXMtS19ZWmgtYklfQ3poczBwWEdYaV9nWmt3ZlE3bzJoaGNNRklITkh6Szl2ZEFydElheGx6V0FEenotaXVyWTZEVVI2a1psR29KRDNzS3loUG5fanNrcnJGVG9zSHlHdXlYcHI2b19CZ2JmQVRkYzhlN2JKcUhyZGRISTc4ddIBkgFBVV95cUxOV0FUdHpEbXBfUUNZbHVObGtfY285ektHdk1idFE2SWdaS3BRdG5sM0VPOXhtcWFpRzlidklEZEduUkJEWVJPdFZ2S3VCaXRWR2puYzhrcmFKbnNaU0FjczFrMktlUXpYbE1QaE1Sa3dDNWdsUHBWbUNZeUdsYU5ZNnF5b2VQSVluenBRNFpiN3psZw?oc=5"" target=""_blank"">JD Sports shares plans for AI shopping it calls 'the future' of retail</a>&nbsp;&nbsp;<font color=""#6f6f6f"">Yorkshire Live</font>"
JD Sports shares major change it thinks is 'the future of how people will shop' - The Mirror,"Mon, 12 Jan 2026 08:00:00 GMT",The Mirror,https://news.google.com/rss/articles/CBMiigFBVV95cUxOM2U1dmJTRm9QLXFPZmJNSndYYTI3SlREVEFHZEJYQkpQSnRnVVBIMnQ1clpwRzhrOGo4dlJ5NWJETWJvREtOazdhelhtMUNaNWRtbWZXV3RHZGlyZGpJbXZ1LUpERXU5Y2xOcWd1by05MnFDMS0yVWhKQ0xQWXFla2thV2Z5RXZoN0HSAY8BQVVfeXFMTmZtUVlDSEhjVDlxS0pGZVBSbU5tMzN5QTNucmZhZ3E0U3dndXROcDNhbGI5V045SEhMVS0wZkhrRkxHR1FrNE9jaG9xZDdJeHM4cXJvUUp0R2RJNTg1TTI1MHVCWVNQTzVlTlZzY1BoMWh4RWRXbmcxekJTVlF2OWxBRmVRNTIxTmJnM2tSNDQ?oc=5,"<a href=""https://news.google.com/rss/articles/CBMiigFBVV95cUxOM2U1dmJTRm9QLXFPZmJNSndYYTI3SlREVEFHZEJYQkpQSnRnVVBIMnQ1clpwRzhrOGo4dlJ5NWJETWJvREtOazdhelhtMUNaNWRtbWZXV3RHZGlyZGpJbXZ1LUpERXU5Y2xOcWd1by05MnFDMS0yVWhKQ0xQWXFla2thV2Z5RXZoN0HSAY8BQVVfeXFMTmZtUVlDSEhjVDlxS0pGZVBSbU5tMzN5QTNucmZhZ3E0U3dndXROcDNhbGI5V045SEhMVS0wZkhrRkxHR1FrNE9jaG9xZDdJeHM4cXJvUUp0R2RJNTg1TTI1MHVCWVNQTzVlTlZzY1BoMWh4RWRXbmcxekJTVlF2OWxBRmVRNTIxTmJnM2tSNDQ?oc=5"" target=""_blank"">JD Sports shares major change it thinks is 'the future of how people will shop'</a>&nbsp;&nbsp;<font color=""#6f6f6f"">The Mirror</font>",AI sportswear retail UK,"<a href=""https://news.google.com/rss/articles/CBMiigFBVV95cUxOM2U1dmJTRm9QLXFPZmJNSndYYTI3SlREVEFHZEJYQkpQSnRnVVBIMnQ1clpwRzhrOGo4dlJ5NWJETWJvREtOazdhelhtMUNaNWRtbWZXV3RHZGlyZGpJbXZ1LUpERXU5Y2xOcWd1by05MnFDMS0yVWhKQ0xQWXFla2thV2Z5RXZoN0HSAY8BQVVfeXFMTmZtUVlDSEhjVDlxS0pGZVBSbU5tMzN5QTNucmZhZ3E0U3dndXROcDNhbGI5V045SEhMVS0wZkhrRkxHR1FrNE9jaG9xZDdJeHM4cXJvUUp0R2RJNTg1TTI1MHVCWVNQTzVlTlZzY1BoMWh4RWRXbmcxekJTVlF2OWxBRmVRNTIxTmJnM2tSNDQ?oc=5"" target=""_blank"">JD Sports shares major change it thinks is 'the future of how people will shop'</a>&nbsp;&nbsp;<font color=""#6f6f6f"">The Mirror</font>"
Iconic Italian sportswear brand ellesse opens first UK store at Scots designer outlet - Daily Record,"Thu, 28 Nov 2024 08:00:00 GMT",Daily Record,https://news.google.com/rss/articles/CBMimgFBVV95cUxQV2NrbGtobGpsSWRTaWFoNWl2dUJFaVJKb0RNMmU5OTlNeS1OTldPUFRGUzNMTWN5ZnZPejFxU3VyMDNyYWpSeTNwSDNtQXlYMkQzdUoyc2p1ZWdtTzlBdXdyQmI5eXcwaXRsaWgxdEd4bnRkcldSaTNqUUxGcWxyQ0t4Mjc2NE5XMkdyYm1vU0RpTFpvbTdrTmdB0gGfAUFVX3lxTFA2QlhTUHRzTUtoczM5dDRhNXpnSWptTUtBYW4wTXNEdjdaX3lPMXlqMzhibHA1OGMyQ2Fsbldpc2h1SHRFQXFoQUFPYWZxNm9pZFV3SVVMRENZaUhfOVB5MnhBMV92NnBXbk1FLWQzZF9oVEEzRUNtV3VVQ3RRV1ExcTZhMDlVZXktejlCRmNab2FMYkdxZjAyTUkta2J1RQ?oc=5,"<a href=""https://news.google.com/rss/articles/CBMimgFBVV95cUxQV2NrbGtobGpsSWRTaWFoNWl2dUJFaVJKb0RNMmU5OTlNeS1OTldPUFRGUzNMTWN5ZnZPejFxU3VyMDNyYWpSeTNwSDNtQXlYMkQzdUoyc2p1ZWdtTzlBdXdyQmI5eXcwaXRsaWgxdEd4bnRkcldSaTNqUUxGcWxyQ0t4Mjc2NE5XMkdyYm1vU0RpTFpvbTdrTmdB0gGfAUFVX3lxTFA2QlhTUHRzTUtoczM5dDRhNXpnSWptTUtBYW4wTXNEdjdaX3lPMXlqMzhibHA1OGMyQ2Fsbldpc2h1SHRFQXFoQUFPYWZxNm9pZFV3SVVMRENZaUhfOVB5MnhBMV92NnBXbk1FLWQzZF9oVEEzRUNtV3VVQ3RRV1ExcTZhMDlVZXktejlCRmNab2FMYkdxZjAyTUkta2J1RQ?oc=5"" target=""_blank"">Iconic Italian sportswear brand ellesse opens first UK store at Scots designer outlet</a>&nbsp;&nbsp;<font color=""#6f6f6f"">Daily Record</font>",AI sportswear retail UK,"<a href=""https://news.google.com/rss/articles/CBMimgFBVV95cUxQV2NrbGtobGpsSWRTaWFoNWl2dUJFaVJKb0RNMmU5OTlNeS1OTldPUFRGUzNMTWN5ZnZPejFxU3VyMDNyYWpSeTNwSDNtQXlYMkQzdUoyc2p1ZWdtTzlBdXdyQmI5eXcwaXRsaWgxdEd4bnRkcldSaTNqUUxGcWxyQ0t4Mjc2NE5XMkdyYm1vU0RpTFpvbTdrTmdB0gGfAUFVX3lxTFA2QlhTUHRzTUtoczM5dDRhNXpnSWptTUtBYW4wTXNEdjdaX3lPMXlqMzhibHA1OGMyQ2Fsbldpc2h1SHRFQXFoQUFPYWZxNm9pZFV3SVVMRENZaUhfOVB5MnhBMV92NnBXbk1FLWQzZF9oVEEzRUNtV3VVQ3RRV1ExcTZhMDlVZXktejlCRmNab2FMYkdxZjAyTUkta2J1RQ?oc=5"" target=""_blank"">Iconic Italian sportswear brand ellesse opens first UK store at Scots designer outlet</a>&nbsp;&nbsp;<font color=""#6f6f6f"">Daily Record</font>"
