id,title,date,source,url,text,search_query,analysis_text,semantic_relevance
617,Innovations shaping sports apparel retail in 2024: trends and technologies redefining the market - Retail Technology Innovation Hub,2024-09-16 07:00:00,Retail Technology Innovation Hub,https://news.google.com/rss/articles/CBMi3wFBVV95cUxOSjY5WlFqQlpVakdhRU1WT1dPd3VoeWtiNzVhV3NkZDZ0NVRYdFNJa1RUVWpYTlN4UjgzdnlTOFN1NnFsd0h2aUVfS1JMcnNZeUs5OXgyR2F1QjBmeFVQRUd4UE5vRlJhMzJBWHFFOG9FZS1vNUdZeFBXb2xDN1FGcV9NTGt5aHNQbG8tajRMdzhiS1BBYU5BZ0ozZWcwb28zY3dYR0Q0Z2x4SksxblY4SlhpX0ExU01XMnVPRkkwU21Id2V6MEg1WllfQlp0Y1RQVExjbFJjQ25LU1FFYlk4?oc=5,Innovations shaping sports apparel retail in 2024: trends and technologies redefining the market Retail Technology Innovation Hub,UK sportswear retail technology,Innovations shaping sports apparel retail in 2024: trends and technologies redefining the market - Retail Technology Innovation Hub. Innovations shaping sports apparel retail in 2024: trends and technologies redefining the market Retail Technology Innovation Hub,0.6622598
429,How New Sports Trends and Consumer Habits Are Shaping the UK's Athletic Footwear Market - Breaking The Lines,2025-06-28 07:00:00,Breaking The Lines,https://news.google.com/rss/articles/CBMivAFBVV95cUxPSXlDWW45NFpZc19DVEVhTFpnVGtBdjY3Z2owM3VwTkM1cnliWDBhT0NXaDRncHBvSGUya0MyNXU4Um41ZVpXT05xZWR1SDVsZkJ0RUFyVzlSZXNIdlFWd05iRmVYT1lRTElGWm5ua1RrSERjdTJ5Mk9Cck8zQmdmM1dZdmlYakxUSEZ3YXpHZWhta3RsUTdsR2NXdDlLYVZGaF9mNk54X2Zxb05MWXdpR3k4U04tVXFHT2hJVw?oc=5,How New Sports Trends and Consumer Habits Are Shaping the UK's Athletic Footwear Market Breaking The Lines,UK sportswear consumer trends,How New Sports Trends and Consumer Habits Are Shaping the UK's Athletic Footwear Market - Breaking The Lines. How New Sports Trends and Consumer Habits Are Shaping the UK's Athletic Footwear Market Breaking The Lines,0.6358608
523,Sportswear brands face new crossroads as growth slows and consumer habits change - fashionunited.uk,2025-03-04 08:00:00,fashionunited.uk,https://news.google.com/rss/articles/CBMizgFBVV95cUxPVkVaUG5kdlo0ZW5adWJxb01ZMnhfUWFSUW9XYzI4ejJKcGE2Z3J2ZlkwNlYxWUZ2Ql9TTU1wT3ZBSVoxQXNPSk9FeXU5Q3VMd0hZcmE3NVU5WlUxb09BaDhSektYRlBXdjRWSDczZ2R3SEJzc3pKLUdTa0IxV2doNzlXRDNia05JX0xIWkhlOUtKajJteWJ1T2VKdEt0djJLZUtDZ1ZBbnhMbXV6M1JGMEJWOTd3emZCSjFPRE4xVnVldEhldUNycWJuVno5QQ?oc=5,Sportswear brands face new crossroads as growth slows and consumer habits change fashionunited.uk,UK sportswear changing consumer habits,Sportswear brands face new crossroads as growth slows and consumer habits change - fashionunited.uk. Sportswear brands face new crossroads as growth slows and consumer habits change fashionunited.uk,0.58719766
514,Health and wellness trends in the UK. British consumers are - Innova Market Insights,2025-03-14 07:00:00,Innova Market Insights,https://news.google.com/rss/articles/CBMiiAFBVV95cUxOVW9TdkdSSV9rRVBBUWdSUGFKbTl1LWh2VmhqLVZrYmFJZnRSOWtFVjNQOWJWbkJqSGFtRmxmM3Bia3k5WkljOFZTZUxnS1MyRlN1c0hXWVhyUEdXVVVCTllOS3I5cU83S0owOUxIUkhyalAyU1ZGQUV6SkluOUF1UEh6Q2tWRmVM?oc=5,Health and wellness trends in the UK. British consumers are Innova Market Insights,UK sportswear wellness consumers,Health and wellness trends in the UK. British consumers are - Innova Market Insights. Health and wellness trends in the UK. British consumers are Innova Market Insights,0.56020963
189,2026 Outdoor Gear Trends – Eco and Tech Impact - More Sports,2026-02-19 08:00:00,More Sports,https://news.google.com/rss/articles/CBMigAFBVV95cUxPekRsR0pabDZiLUR3WlcxRDN5cEl0N0Rkc2FTWVpDUGNLdHhaenJHdE1VQW9ES3pfTkF3VDgwQ0g2dXBHVG5JNVhUalVMbnNDVm95U1ZEajFrbTRvcmtxN2ZrcmxhZWRId2dKMTd3dldTblhoa0xhZmFRdzFER2dtRg?oc=5,2026 Outdoor Gear Trends – Eco and Tech Impact More Sports,UK sportswear consumer trends,2026 Outdoor Gear Trends – Eco and Tech Impact - More Sports. 2026 Outdoor Gear Trends – Eco and Tech Impact More Sports,0.53798395
667,The intersection of sports technology and athletic performance - businesscloud.co.uk,2024-04-23 07:00:00,businesscloud.co.uk,https://news.google.com/rss/articles/CBMinAFBVV95cUxOczMtWG5MTUFYaFE1YXV1c1RZTjh2UUFlQkhxVWlOVUdqX192TnR4dHljd2JlZDE0cXRhX3FVOXR0ZkNRLVgxVnFaaVFHaTh6T2dHWlAzUnFjb3RPMDZOWE5Tck9NZDlPZkZpRjk0c2s0MXhadk9tdWktb3Rac01jNEFNbEJKRVZ3SEJtNWd5OTNEYkRkaWd3SWdEY2g?oc=5,The intersection of sports technology and athletic performance businesscloud.co.uk,UK sportswear emerging technology,The intersection of sports technology and athletic performance - businesscloud.co.uk. The intersection of sports technology and athletic performance businesscloud.co.uk,0.5274672
610,Deckers Brands: Who is the sportswear group outperforming the market and how is it growing in the UK? - Retail Week,2024-09-24 07:00:00,Retail Week,https://news.google.com/rss/articles/CBMiygFBVV95cUxNUnhDTnFMSnNqNXpXOTBGRG9CME9fcXJHSXVUMjZIcGpqUnZ0MjVOYk1iS3EyVmtuY09LSzdjdE9WZUJUZHhFNU5aR3RuT3VydEtJVlcyTl9LblI1X3lISkZqcVE3akJvbFI1VW9Tb0JJM3NLLUp6dEVkdTJkT1RJV1dsaTdkTURBZ3lvNEdOTW5lRWFJN2NLMktSMm5ReV9wR21jV0w0alBER1QzZHB4bVNDTnN1bENLTVF0aXlBS3NOY0prcmxaVGNn?oc=5,Deckers Brands: Who is the sportswear group outperforming the market and how is it growing in the UK? Retail Week,UK sportswear market trends,Deckers Brands: Who is the sportswear group outperforming the market and how is it growing in the UK? - Retail Week. Deckers Brands: Who is the sportswear group outperforming the market and how is it growing in the UK? Retail Week,0.5161693
36,"Transforming Women’s Sport: Research, Innovation, and Impact - NewsHub.co.uk",2026-07-18 07:02:33,NewsHub.co.uk,https://news.google.com/rss/articles/CBMitwFBVV95cUxPSHh4U3Z0YmY0MFltMGN1VlluYXhmYi11TFFDSlBRVEpWbDYzS3dITThwcXlYYlJXdlVJYmx6TUxrdHdyT1hnUmp1bVplX0hMSGFPUTZoSEpubFJBT2NLeXlyMzFLNlJwejhENW8wR3ZzUnFJRUpheG5palJKaEZkM21SQkFGR2xoaVFnVTl5UUxmZVphY3B6eC16eDhjV0FodFg3X2d6SnNEaTRNaHRWWnRsLVJXbGs?oc=5,"Transforming Women’s Sport: Research, Innovation, and Impact NewsHub.co.uk",UK athletic apparel innovation,"Transforming Women’s Sport: Research, Innovation, and Impact - NewsHub.co.uk. Transforming Women’s Sport: Research, Innovation, and Impact NewsHub.co.uk",0.51297164
207,"Sports Apparel Market to Reach USD 383.88 Billion by 2032, Driven by Rising Fitness Awareness and Global Activewear Demand | Industry Forecast 2025-2032: Maximize Market Research - PR Newswire UK",2026-02-04 08:00:00,PR Newswire UK,https://news.google.com/rss/articles/CBMi0wJBVV95cUxOdkdkaTdKcGNBSkRkWHIyUGdBQjAyOHJ3UTZEN2tWc3RrOVlDUVotSjV0ZnRwcmNXamxzbTl1UWpQS1czUTdjWTU5MlhWQ0FuQ3YyX1l6OXJQa0NhUk5oMnYyYzlDc1AwZ3VQUkx0Tk9TUlhzU0JuZzRveG5PQnQwVDctNHk4Q1Y3eXNfTThmenY4MHVIaXMwOUxOSEJBSW0xXzBiUlRaczBzX09EbkpJWmJHalBPSG9lTm9ka2JWSzhKRjhfelZTOVVNSm5KYVpSaUxtWE9SdU5leldWZXVJM3U3czFiT1Q5YUJuYWVMWnJkVW5tQ1NSTkZ5b2FZZVRTVmVBblZrYWZ6eGhBcVFfX3lsYkFoeWxfckRWSkU5X1k3cGhaTnNVdlFXT200aEhkVlpWOEplRGpBSk9EaU1kVnNRbFFTQ0s1cExUOVFDUnVKYWM?oc=5,"Sports Apparel Market to Reach USD 383.88 Billion by 2032, Driven by Rising Fitness Awareness and Global Activewear Demand | Industry Forecast 2025-2032: Maximize Market Research PR Newswire UK",UK activewear consumer trends,"Sports Apparel Market to Reach USD 383.88 Billion by 2032, Driven by Rising Fitness Awareness and Global Activewear Demand | Industry Forecast 2025-2032: Maximize Market Research - PR Newswire UK. Sports Apparel Market to Reach USD 383.88 Billion by 2032, Driven by Rising Fitness Awareness and Global Activewear Demand | Industry Forecast 2025-2032: Maximize Market Research PR Newswire UK",0.510983
356,"Sports clothing brands in the United Kingdom in 2024, by number of users - Statista",2025-10-13 07:00:00,Statista,https://news.google.com/rss/articles/CBMikAFBVV95cUxNN20wZ2p4VGhsamp6b3NrQlM0NFBWdlY4X2NoV2VLRGpQZHVaTEswWVZqZEZ0OW9lRlZDU2o3ME9QS3RuaE5qcGVWTlV6Z3o3RjBxd2o3TzlDWXVHckpLampLdW4zUHdXdEZFNGI1U1FTWTVOVWQwOG43SHVEUjVtTDhSZUx1bG1fR0x6UEZzVEc?oc=5,"Sports clothing brands in the United Kingdom in 2024, by number of users Statista",UK activewear consumer trends,"Sports clothing brands in the United Kingdom in 2024, by number of users - Statista. Sports clothing brands in the United Kingdom in 2024, by number of users Statista",0.51043177
29,Event-Driven Instant Retail: JD Sports Delivers England Shirts Through Uber Eats Before… - Trend Hunter,2026-07-23 07:00:00,Trend Hunter,https://news.google.com/rss/articles/CBMib0FVX3lxTE8zTjdRdUEyNy1rTTBpWU96MGduZjMxalk4WV9Jek1EN3dFVGZZSVM1QUFfQkpyQm9ZdnlOR3pQemRPVUN0NGhSVUpCQURIQkpzQ0prZEEydnpWYVVqRmoyY0VGS2ptX3V6WnpjRDI5Zw?oc=5,Event-Driven Instant Retail: JD Sports Delivers England Shirts Through Uber Eats Before… Trend Hunter,UK sportswear consumer trends,Event-Driven Instant Retail: JD Sports Delivers England Shirts Through Uber Eats Before… - Trend Hunter. Event-Driven Instant Retail: JD Sports Delivers England Shirts Through Uber Eats Before… Trend Hunter,0.5100931
517,"UK Sports Apparel Market Size & Outlook, 2022-2030 - Grand View Research",2025-03-11 07:00:00,Grand View Research,https://news.google.com/rss/articles/CBMif0FVX3lxTE1FNkJIWERZVFdJWE5nb1FTU21TVUhPQkxUTkVoZlRMbEY1TjVwdmxDSnJ1QmhFV29NSld6RzVUWUhjQkdPSmk3TFlKMmI1UFhYdHpKVVdlTHdpUS0wcmdWSG5wQ095V3ZRMkc1X3pkSVNyYWVBcFJNTnQ2am5BVG8?oc=5,"UK Sports Apparel Market Size & Outlook, 2022-2030 Grand View Research",UK sportswear market trends,"UK Sports Apparel Market Size & Outlook, 2022-2030 - Grand View Research. UK Sports Apparel Market Size & Outlook, 2022-2030 Grand View Research",0.5058423
179,"Sports Inspired Clothing Market : Global Industry Analysis and Opportunity Assessment, 2036 - Future Market Insights",2026-03-03 08:00:00,Future Market Insights,https://news.google.com/rss/articles/CBMiggFBVV95cUxPaDRVVlBpNmEwUU9abDcyeFNyNm1XdHNCY28xVUNvVVBfT2V3Z2JfVERKck94OGZxOVpuYklTcHlRS29uQmNiMmNjZG9oNVpGS2hZYVZKUHZCSldUNlozaF9BYnZPT1JyaGw0dkRRN2piNmhSVW5YWEhfQmRMeVhlWTZn?oc=5,"Sports Inspired Clothing Market : Global Industry Analysis and Opportunity Assessment, 2036 Future Market Insights",UK sportswear consumer trends,"Sports Inspired Clothing Market : Global Industry Analysis and Opportunity Assessment, 2036 - Future Market Insights. Sports Inspired Clothing Market : Global Industry Analysis and Opportunity Assessment, 2036 Future Market Insights",0.5034098
409,"Introducing Cardio Couture: Behind The Rise of Luxury Sports Kit, Where Fitness Meets High Fashion - Marie Claire UK",2025-08-03 07:00:00,Marie Claire UK,https://news.google.com/rss/articles/CBMiYkFVX3lxTE81QnktNlBrbWdldUcwcWNPUzc5ekN6ZFVmNWdQSVBJVTY2eGxiYm54XzNjZVgwT25wd1JET1o3WXJFMG9fSnVOeFdaT3AwalZhYkpZZVJMd0JUNERjLWpjNER3?oc=5,"Introducing Cardio Couture: Behind The Rise of Luxury Sports Kit, Where Fitness Meets High Fashion Marie Claire UK",UK sportswear market trends,"Introducing Cardio Couture: Behind The Rise of Luxury Sports Kit, Where Fitness Meets High Fashion - Marie Claire UK. Introducing Cardio Couture: Behind The Rise of Luxury Sports Kit, Where Fitness Meets High Fashion Marie Claire UK",0.49862695
328,10 Key Consumer Behavior Trends (2025 & 2026) - Exploding Topics,2025-11-04 08:00:00,Exploding Topics,https://news.google.com/rss/articles/CBMiX0FVX3lxTE90Q1JXc0ZqeFpTMUwzc3A4YWJPRDRXWkdmZVNLWEdlVUNOSGlJN3o5SHFxLVJKaDc4bl9qWDliSTV0S2U3WVpYV3pzVGFPTFd5MlpNUXJMZGdjMTRaNHJF?oc=5,10 Key Consumer Behavior Trends (2025 & 2026) Exploding Topics,UK sportswear future consumers,10 Key Consumer Behavior Trends (2025 & 2026) - Exploding Topics. 10 Key Consumer Behavior Trends (2025 & 2026) Exploding Topics,0.49552742
2,From stadiums to street style: Sports-fashion partnerships win over UK consumers - YouGov,2026-08-05 14:57:28,YouGov,https://news.google.com/rss/articles/CBMiuwFBVV95cUxPOHdEQzFVSHRQa3pFTm5ZeTZ5eVN6QjlWSXhFMTMwQVVBTnU1TzVHTGt0R2VFRDRFWDJkbmhxekpCRFAtZ29jM2RYZ1lfLTBCZGpISDNTdk53dUt3Q0R3OS02MkY4V2NaWW5oNldSRHgteGtKbzlST3hHYUNZbGpQeE9Pald5TUd1VldWbVJiajdiSkJJQmJWeERDQkRZaXVNdEhLUWlLS0dLNTRVS1JScWtzYm5XeHVDOEhj?oc=5,From stadiums to street style: Sports-fashion partnerships win over UK consumers YouGov,UK sportswear consumer trends,From stadiums to street style: Sports-fashion partnerships win over UK consumers - YouGov. From stadiums to street style: Sports-fashion partnerships win over UK consumers YouGov,0.49172974
377,12 Wellness Trends Shaping the Industry in 2026 - Shopify,2025-09-17 07:00:00,Shopify,https://news.google.com/rss/articles/CBMic0FVX3lxTE5QOUpMSU45WU5kYXB5c1l1NUQyaktjWUhDQlJkeXNHUUdLZXZxWWY1ODVMLTYzSFppNUluVVhpTlIyVlA4ZVRPRUt1RzF4YVpYVU54NVZiQWpyWlgtMkVKRF9hVjF2RXo5cEYyYXo5RWY4eGM?oc=5,12 Wellness Trends Shaping the Industry in 2026 Shopify,UK fitness retail trends,12 Wellness Trends Shaping the Industry in 2026 - Shopify. 12 Wellness Trends Shaping the Industry in 2026 Shopify,0.49158162
649,Retail Trends: Navigating the Evolving UK Retail Industry - Mintel,2024-06-18 07:00:00,Mintel,https://news.google.com/rss/articles/CBMimAFBVV95cUxPR25Hb0FGd0cwT0dIYTFHSWlNZXNJVHc5Q05oZURKd3pWWUM5UGE1NjFIUncxai1oeXZaY1l5T19lY0tsTEJtT3I0UWxOV21MU01RSnYxX2FYTWpvdW9UZlMtNFNYa3BoODBPTGhQWjFBTEw5Y285alBvWWVraDVGQUdjUGZvR01NLXR1UjBDbEgxb3JHRFphVw?oc=5,Retail Trends: Navigating the Evolving UK Retail Industry Mintel,UK sportswear consumer behaviour,Retail Trends: Navigating the Evolving UK Retail Industry - Mintel. Retail Trends: Navigating the Evolving UK Retail Industry Mintel,0.48582813
161,"UK Activewear Market Size & Outlook, 2026-2033 - Grand View Research",2026-03-17 07:00:00,Grand View Research,https://news.google.com/rss/articles/CBMiekFVX3lxTFBCUmFYMWE0ZGpXbXFNdVhwT1hXdWt6N2tYWUFrMXkyUlNGQ1pobEVyWmFhaWJVcTk0bXRhNVJfdXhqUVBOYkl3U3Q1T19DalhIVENvSjd0RWNQNi12NDVpZ0RWb1ZxS2IwdXRJdWktVzBROFo2UWxIWTJ3?oc=5,"UK Activewear Market Size & Outlook, 2026-2033 Grand View Research",UK activewear consumer trends,"UK Activewear Market Size & Outlook, 2026-2033 - Grand View Research. UK Activewear Market Size & Outlook, 2026-2033 Grand View Research",0.48549062
528,"Global Drink Trends: RTD Sports, Protein & Energy Innovation - Innova Market Insights",2025-02-25 08:00:00,Innova Market Insights,https://news.google.com/rss/articles/CBMickFVX3lxTE9jZUpfMGN0QjBfTXVmekFCWWZRaG9MWldVeEsxdzBhYUZZNF9uUkY4bWkxVnlOSTcwX0sxa0dzN1Y0MFY1ZDJTY1ptel9SQXpIbnItVlFqSmhxTVRvX3YycndPR1VkUEdqZVZuT3RhWklXUQ?oc=5,"Global Drink Trends: RTD Sports, Protein & Energy Innovation Innova Market Insights",UK sportswear consumer trends,"Global Drink Trends: RTD Sports, Protein & Energy Innovation - Innova Market Insights. Global Drink Trends: RTD Sports, Protein & Energy Innovation Innova Market Insights",0.48543385
680,How consumers want to shop for fashion in-store - fashionunited.uk,2024-03-20 07:00:00,fashionunited.uk,https://news.google.com/rss/articles/CBMinwFBVV95cUxQV3c1Nm8yX1FWSHV3ZjczVnhhaDVVQ3Z4cGQ3ejk3ajB1VDRHTENFN2NuRzNwb3UzMEVqQVpFRUFQaWZUN0FjaU9QWGFTVTBlNlZ1MEQ1SUpRZUUwTzhqZ1dvYnRvTVRMWUtFMWszUjVuNFh3ZEszMHpfQkxnZE01dG9yb1JBN3M4NTlTM3piY0h0OGtDUFhvNHZ6QmRQZEE?oc=5,How consumers want to shop for fashion in-store fashionunited.uk,UK sportswear retail technology,How consumers want to shop for fashion in-store - fashionunited.uk. How consumers want to shop for fashion in-store fashionunited.uk,0.4851679
627,Fitness or Fashion? Blurring Boundaries in the Sportswear Industry - Mintel,2024-08-20 07:00:00,Mintel,https://news.google.com/rss/articles/CBMijgFBVV95cUxOdnREWTNNc2k0OThPY1g2VFBGWDhRVlNtNVFPUUx6NVlkUkRWX1ZUWldiOWxrM1RmTHppUUdZSVRvUU1xbU1kNTBuM3M0S2tGdUFvQy1mT2NGNjJvdnU4RGwzMWxVM2pEX0JVUEExNHhzSXczanNNVTRUU1R6Skw1ZU5UTWMxVGZFd25wQzdn?oc=5,Fitness or Fashion? Blurring Boundaries in the Sportswear Industry Mintel,UK sportswear consumer trends,Fitness or Fashion? Blurring Boundaries in the Sportswear Industry - Mintel. Fitness or Fashion? Blurring Boundaries in the Sportswear Industry Mintel,0.48359692
334,United Kingdom Sportswear Market Forecast and Opportunity - GlobeNewswire,2025-10-30 07:00:00,GlobeNewswire,https://news.google.com/rss/articles/CBMi8gJBVV95cUxPd2RDWmZKY2lEY3prRkhyMUJGTjY0MWFoYlYtaXNoOExWY0JNV3Zna3VZcjViaDVOR3QtaktIdlBjamxlSUN0S3BiTUttbFczVHpUSVRKOTQwc1RXUzNxQzB4WHA3eXFVWkl5bTROTEhIN0g2UlRMTUMtOWNuQ1ZsM3ZES1FOVzRBTU1tYkhUMDB2ZGVGSnVDTmFWRjhYVzlQZk9Qa18xZ19rVm9rbk9lcDhpNUJmei14ZHBqNnRDOVhmUHRfRE5FZFR6cGVPQjdEZDFPOHA3MDNQZE1EdWNFOTRQZHoyejJDNkZiYTBoUDVsUk5jamtkMjVaTDZLVWxqZ0FYSktHRzU4TmlyQjZidUE2YmhXQU9ISmdZbGl0R3REQnlPdlBfemFOWnphTTJFQmVPcXZ0UFpBM3p2YWZyMHNEekZlUVlwci00cTNFVTdBenRZd2hIVWsxZ1dyTHFuQzZYS19jTzVfZUdhVUdfemln?oc=5,United Kingdom Sportswear Market Forecast and Opportunity GlobeNewswire,UK sportswear consumer trends,United Kingdom Sportswear Market Forecast and Opportunity - GlobeNewswire. United Kingdom Sportswear Market Forecast and Opportunity GlobeNewswire,0.48257655
322,Gym Apparel Market | Global Market Analysis Report - 2035 - Future Market Insights,2025-11-06 08:00:00,Future Market Insights,https://news.google.com/rss/articles/CBMicEFVX3lxTE5obTNSUWplSHg3bnZuSFBYb2FCeHRTM1hBdWhtdnJrdGpRa2xqZW9fVk9KWFFJdWZlZUZvdkw0eXV6V3FYckZLV1JJZEt0bkNSVUZSX3FJTXptTF9OX2hDR3NrWXlHYmxYWE1nOXBTLXM?oc=5,Gym Apparel Market | Global Market Analysis Report - 2035 Future Market Insights,UK activewear consumer trends,Gym Apparel Market | Global Market Analysis Report - 2035 - Future Market Insights. Gym Apparel Market | Global Market Analysis Report - 2035 Future Market Insights,0.48232907
236,Sportswear attitudes among Gen Z in the UK 2025 - Statista,2026-01-16 08:00:00,Statista,https://news.google.com/rss/articles/CBMioAFBVV95cUxOYU1uXzB2UGFXSDAzVVdMd25PRUhiTDBTTW1qN0Y4TG4yZ19Ib3BQYnl3ZW05Q1hkU29MZU84Zm1nN210R2duOWdoYlZUN2c0bW9SSHVvSGp6UUU1aS0tb3RabjRfQzVReklXT3RNekdvZ19fSVhYbHpTMllQeHdUR3BrNS1jQ2lXTmdtRmtYUG5QYV9EZTNQQmI2M2szZ3h1?oc=5,Sportswear attitudes among Gen Z in the UK 2025 Statista,UK activewear consumer trends,Sportswear attitudes among Gen Z in the UK 2025 - Statista. Sportswear attitudes among Gen Z in the UK 2025 Statista,0.48151833
422,"UK Gym Apparel Market Size & Outlook, 2025-2030 - Grand View Research",2025-07-10 07:00:00,Grand View Research,https://news.google.com/rss/articles/CBMie0FVX3lxTE03UjQwTjdBU3RPVV9TTEdOT3ZGZ2JWQlJaLTBqLWxUajlzZGNrazdna0JYQnpsWjJTbm9VdnRUbkdfSGM2UGtoZmZjN09KTF9fcHdjYTFVeXBGeTAybnNQalgtSHV0UUtmMTBFWGFwM1dzMy1pblIyY2lGZw?oc=5,"UK Gym Apparel Market Size & Outlook, 2025-2030 Grand View Research",UK sportswear market trends,"UK Gym Apparel Market Size & Outlook, 2025-2030 - Grand View Research. UK Gym Apparel Market Size & Outlook, 2025-2030 Grand View Research",0.48010445
150,Sports Apparel Market Size & Share | Growth Trends 2035 - Research Nester,2026-03-25 07:00:00,Research Nester,https://news.google.com/rss/articles/CBMic0FVX3lxTE94OG5xdHJYX0QweHlTdFY2ak15dFprR1VnaS1GUmJtY3hodktfNGN5dTNJYkZjMjlRQm9YOU9BM2dXYWlyX1BjSEJOT2RvekNxeXFFbl9nQkRUS2NYOElxS2ZZQ2VFVklIWHhhVEFNNktQSDQ?oc=5,Sports Apparel Market Size & Share | Growth Trends 2035 Research Nester,UK sportswear consumer trends,Sports Apparel Market Size & Share | Growth Trends 2035 - Research Nester. Sports Apparel Market Size & Share | Growth Trends 2035 Research Nester,0.47778574
615,Retailing in the UK sports niche: pros and cons - Retail Times,2024-09-17 07:00:00,Retail Times,https://news.google.com/rss/articles/CBMifkFVX3lxTE9xZDlRdExkYk9TMTlLTlI5LXNqN19UMkFtX1EyQUhEcjNHNkoyMzRPd21jM29ma2FNOUE5aXdXaVpOWVZKRklrUkN5clg2bGhublItZnFwMk5yU0djN3p0ZGJrdWJBeVVKTzZBNG02dmh1VWxjRjZKRndhVkM1Zw?oc=5,Retailing in the UK sports niche: pros and cons Retail Times,UK sportswear consumer behaviour,Retailing in the UK sports niche: pros and cons - Retail Times. Retailing in the UK sports niche: pros and cons Retail Times,0.47764015
392,How Influencers are Redefining Sports Marketing - Sportfive,2025-09-01 07:00:00,Sportfive,https://news.google.com/rss/articles/CBMimwFBVV95cUxOdVFVVjVnX2EzSHBIVmFBSE0xX3JIdW92UEFTUlB3QnRPaVZGZ28tMmVVTzJQcmpkUFE0Q2c3d3hNRGVsOFpHRjVWOWxFMGMyY0RtbjBUelJQNmU5MnFfSHRrd2RsME91bzV0RkpLUi1heElWUElTWThHYS1nRW90RU9NVHdOcElxWjFMMVl6OWZpMG02bWNZTWMwcw?oc=5,How Influencers are Redefining Sports Marketing Sportfive,UK sportswear consumer behaviour,How Influencers are Redefining Sports Marketing - Sportfive. How Influencers are Redefining Sports Marketing Sportfive,0.47756886
478,Savvy athletes and new technology are flipping traditional sports marketing on its head - The Conversation,2025-04-30 07:00:00,The Conversation,https://news.google.com/rss/articles/CBMivwFBVV95cUxPY0xWcHU3cm44WURQWjcyNUlrby1MZWRDTnBZRzFLQ194Y0NIdzVfLXptNjlmdEFHckgtbXlselB3MmE5RlAzRk9iM1RoM2NZc1prYVk0V3J2b0dWdHBtaXdDR0RCajVHaDFMNEV2c2d1MHVTT2tBN3dZdjZZN1c5UEJuTFlveVREcmFVUWlZYzJ0TERFSUxSRVNQQlh4RURfRzdmaExvd3RId0RpMFp6YVJ0ZzRncTQ5RWt1YmhROA?oc=5,Savvy athletes and new technology are flipping traditional sports marketing on its head The Conversation,UK sportswear emerging technology,Savvy athletes and new technology are flipping traditional sports marketing on its head - The Conversation. Savvy athletes and new technology are flipping traditional sports marketing on its head The Conversation,0.47700164
100,Forging an Edge in Fashion and Sports E-Commerce - The Business of Fashion,2026-05-19 07:00:00,The Business of Fashion,https://news.google.com/rss/articles/CBMi0AFBVV95cUxNM0xpSGdTWmp3OXRqdGdlSzRWZ0pYVDNhWGtINUxDdVBoTFdIaXBFYkoxb2pTQUt3RmlERk5lbFJKTXhCTFpiOVNEaTVNN1BEQ3pGSUoyRlRid1NYVDNyRHpKV0ZQNWY1c2hQbjhYUUhrbWxMNzRFaTJYWjc3TmRJQnh5TmhIcGlVNVo4aUJyMXdsd3JjZms0ZVo2VEFmSm96LXlGY1laTXdjSTN2dWhLMEthQVpETnQ0Vjl3MnB4ekJmeGV1bWI0SzU5bEt6R0VT?oc=5,Forging an Edge in Fashion and Sports E-Commerce The Business of Fashion,UK sportswear ecommerce,Forging an Edge in Fashion and Sports E-Commerce - The Business of Fashion. Forging an Edge in Fashion and Sports E-Commerce The Business of Fashion,0.4745592
202,Shopping with AI and the key consumer changes defining fashion in 2026 - The Independent,2026-02-11 08:00:00,The Independent,https://news.google.com/rss/articles/CBMilAFBVV95cUxNbFFrazRNN1dXUGp1ZFBIUnhPbGFta0lhdlh4QzBXU01IVVJta0p6QmhnRFZsUldrUnRVY2FpLUVQSVFBV1RieC1WSk94WjEzRWNaY0VJV3JKbHlDOEZhb0J0UTc0c0dOYVVDOEhBNW1pTkNMX1hYSnpwV1oxcFkwTkJiZDZyOVl1RHg5NjhUQzBORWtU?oc=5,Shopping with AI and the key consumer changes defining fashion in 2026 The Independent,UK sportswear changing consumer habits,Shopping with AI and the key consumer changes defining fashion in 2026 - The Independent. Shopping with AI and the key consumer changes defining fashion in 2026 The Independent,0.47371593
589,Holiday Activewear Pop-Ups: Gymshark Pop-Up Brings Fitness Energy to SoHo - Trend Hunter,2024-11-29 08:00:00,Trend Hunter,https://news.google.com/rss/articles/CBMiXkFVX3lxTFBRMFR0QWZJZG56WWlWejVtTS1IWWtEUlVOWFdxRzJrM2IzUUNLUkViQm1oRWhKazh3QmtZUUdrNGVOU2NfcVdqYjJmVEJwTWI5NWFoQWlQTjdaMEpmZ2c?oc=5,Holiday Activewear Pop-Ups: Gymshark Pop-Up Brings Fitness Energy to SoHo Trend Hunter,UK activewear consumer trends,Holiday Activewear Pop-Ups: Gymshark Pop-Up Brings Fitness Energy to SoHo - Trend Hunter. Holiday Activewear Pop-Ups: Gymshark Pop-Up Brings Fitness Energy to SoHo Trend Hunter,0.4733432
142,"Demand for Wearables Is Rising Fast, Search Data Confirms - Athletech News",2026-04-06 07:00:00,Athletech News,https://news.google.com/rss/articles/CBMioAFBVV95cUxOWXRyRUloTmNZcTZXbTN4UGtkMnV2VlBRQTRwTW0wSWtNV1NublNoeDdCZEIwS1FvZDFpY055VGswTHNEQTBaemZrbUlpZkNQbzRNUF9QT0p3b2I4SmF4VFA1VTJyOFlwR1czVDFMMXlFeTVPcWl2T29nUEZkZEUxSjg1RXg4c1Z6LU1HNnZzdzd5amJSTnBmb2hwYV9YTW5m?oc=5,"Demand for Wearables Is Rising Fast, Search Data Confirms Athletech News",UK fitness consumer technology,"Demand for Wearables Is Rising Fast, Search Data Confirms - Athletech News. Demand for Wearables Is Rising Fast, Search Data Confirms Athletech News",0.47274336
320,"Nike, Adidas hold UK sportswear top spots as demand shifts to kids - Just Style",2025-11-10 08:00:00,Just Style,https://news.google.com/rss/articles/CBMinwFBVV95cUxOOVpCaThKM1h6OVhOQnZzZFFzMWFTMGdFS09YeHZvdUlCTng0ZVNyZVA3alVDVVkwRWZUd204eEJxdHdXb0ZmcE1SMWw4ZWd5aGlpT21wN1RZMXc1N1Y1NlUwdDk5U0VrRmRQMlJFX01oc1lnT05xQlBZRmRqWVFjVlU3cGVTNzdIWDhDLVdRaDYxNkVabW1KSXdVZXNTMWc?oc=5,"Nike, Adidas hold UK sportswear top spots as demand shifts to kids Just Style",UK sportswear market trends,"Nike, Adidas hold UK sportswear top spots as demand shifts to kids - Just Style. Nike, Adidas hold UK sportswear top spots as demand shifts to kids Just Style",0.47253853
664,How Lululemon is sprinting ahead in the UK sportswear market - Retail Week,2024-05-05 07:00:00,Retail Week,https://news.google.com/rss/articles/CBMiwAFBVV95cUxNd1RXemVfYzg5SkV4QTdFUUVkYUZ1MkZuZ3FtcFVpQ0tSOW1xMVlaaGtzRHJBMDRtWTZiM0FqOFZmdTl0WG41YlVmWi1UdlF6T3ZQSVh6WWpzUlQyRHpEaThLSTFtcHQ4M1FfalFwcGZrQWlZY1BFQkZDaXUxdG5HODBpNzZ4SWVvYTl6X0ZqaTZqTTNjNlpnbURqeTgxaUpDRFRESEpudDVabmRYNmZOMDJiMmZOdjQ3SXl4NS0tVEY?oc=5,How Lululemon is sprinting ahead in the UK sportswear market Retail Week,UK sportswear ecommerce,How Lululemon is sprinting ahead in the UK sportswear market - Retail Week. How Lululemon is sprinting ahead in the UK sportswear market Retail Week,0.46941262
352,Consumer Food Trends in the UK for 2025. Health benefits and - Innova Market Insights,2025-10-16 07:00:00,Innova Market Insights,https://news.google.com/rss/articles/CBMihwFBVV95cUxPVG9id3R3WWdpMkV0WkFEWG1aX0pEQnREaERLNXp2QWtRT2U1VXJOdWZaS0wtblNaLVNRSk5Lb0JabDFRaUltVkxkZ1dqbkRDdkljZFo1UHVhU21UMWpxX1hiel92YWJtV1ZMR054ZUZ0UmktY20zLUhoQmpKSFpFOGIxOHRTcGM?oc=5,Consumer Food Trends in the UK for 2025. Health benefits and Innova Market Insights,UK sportswear consumer trends,Consumer Food Trends in the UK for 2025. Health benefits and - Innova Market Insights. Consumer Food Trends in the UK for 2025. Health benefits and Innova Market Insights,0.46927738
384,From £300 Bedroom Startup to Global Phenomenon: Pursue Fitness Celebrates 12 Years of Disrupting the Activewear Industry - News By Wire,2025-09-05 07:00:00,News By Wire,https://news.google.com/rss/articles/CBMi2gFBVV95cUxOdVpQWk1rNU1laExkTklqZEc0MFF6aHdtODFXMDVjc1ROb0ZvdmdremJ4RXEzVE5kLTUxMTJYNGNmUFR1QTFWcFhNUU9XUktIakhMdDZBUzFMcGJUSm9ZekJmWlNNU2ZKZm9IWjZibGFoMXo0M2JHOHY0M2x6bVhzWmhZTmFuRVVhZy1GV0tFYVRKdWZjeFpYT1pvRlVqS2pYZFp3MndDMHctTkszWVZFMzNTdHh5RGRQa0V2eWROTTQxMDNGcDVVdG5zeFpiOFJTR2l6TnI1ZHBQdw?oc=5,From £300 Bedroom Startup to Global Phenomenon: Pursue Fitness Celebrates 12 Years of Disrupting the Activewear Industry News By Wire,UK activewear innovation,From £300 Bedroom Startup to Global Phenomenon: Pursue Fitness Celebrates 12 Years of Disrupting the Activewear Industry - News By Wire. From £300 Bedroom Startup to Global Phenomenon: Pursue Fitness Celebrates 12 Years of Disrupting the Activewear Industry News By Wire,0.4681006
363,Top 10 Companies in Sportswear Industry Powering Global Activewear Trends in 2025 - LinkedIn,2025-10-03 07:00:00,LinkedIn,https://news.google.com/rss/articles/CBMiogFBVV95cUxNTGViMUEydG91LTVmS3RRSkVnTFZYaE5hVGRnZ0ppWTR2d2pYS2g2U1VyeGwyeGJFbHFEbGkxa1FoR1lEdHZ1VTlTcWN3U3diSnN3SGo3Q1lVbzRFZU5ZcnhhR0M2UUxMU0Z6aXpxQmNoVHhZUloxdUg5elZOZV9iX3RKS1VQRFBEdDJHTTFaOWxwTGFMQWpRb0VIMVFsXzlxTGc?oc=5,Top 10 Companies in Sportswear Industry Powering Global Activewear Trends in 2025 LinkedIn,UK sportswear consumer trends,Top 10 Companies in Sportswear Industry Powering Global Activewear Trends in 2025 - LinkedIn. Top 10 Companies in Sportswear Industry Powering Global Activewear Trends in 2025 LinkedIn,0.4673039
685,UK sportswear market faces another tough year in 2024 - Just Style,2024-02-29 08:00:00,Just Style,https://news.google.com/rss/articles/CBMingFBVV95cUxNMTVMMTdjR1EyX0tINVMwTThLVVEya1R1ZXd0aXlPV3REcENURmhrS1B6V3FwZFUzSFZ5WkljUUg5NndCZlJrWTZSTkFzdTI0Z1h0clpta0xpSURYVkRHNjJ1cGdOcDREeDRXdHo3LVE2TkhUcTBSbDRNMlB4U3Z1Z1FnMXdVXzhMUl9qYWlHUFNCcmw4QnU5Yy1RZjJ6UQ?oc=5,UK sportswear market faces another tough year in 2024 Just Style,UK activewear consumer trends,UK sportswear market faces another tough year in 2024 - Just Style. UK sportswear market faces another tough year in 2024 Just Style,0.46556598
90,"Dutch sports market set for strong growth, driven by shorter formats, tech and women’s sports - Consultancy.eu",2026-06-01 07:00:00,Consultancy.eu,https://news.google.com/rss/articles/CBMixwFBVV95cUxONkx6MUc1NzRYWkxEYllmN3lMc2RzclFleU1OOTlncjVOLS13dDJ1QXBFZmpobXlvRGVtVHJwTGJ5WURXTGcwb1VBZkJJZnVWeVloUk1TNkoyNHlvSExmcEdPWUNlZnRKajhuT3dCRHc4cWk4aXhxWnhaWHhhNmdiU29lbHRfWFpVVi0xaGlMeFhQSGJKSEJTZU1zX3phV2ViZGtLemVHZHlNekNUUloyMWQzTjdPZHN6b01jaUV3MjJLcC0zOVZN0gHMAUFVX3lxTFBiVXdyd1A4NmR6QXBUYnZfdDQ3ZWdvT2Z5T0praWJqSEtXMkVieWVFamNyMlJNOVA0ckdwVmhHQlhFeEc4NGNqY29BZ0lLV0RRd0hpU1NTODZGdEdlU1lzNnE2S08xSjA5SDQyQjMybFdLWE5hVWhyZXpDRWc5Rm9CNG9IalNDclhCWG0zTFg3S2padmUyTHI0RHROc2R0Qml5bGhJcFRNeUxneDF6Yk9XaENBWXRzN3kxenJpSkEwRktvbXpKQUVkemF4Xw?oc=5,"Dutch sports market set for strong growth, driven by shorter formats, tech and women’s sports Consultancy.eu",UK sportswear emerging technology,"Dutch sports market set for strong growth, driven by shorter formats, tech and women’s sports - Consultancy.eu. Dutch sports market set for strong growth, driven by shorter formats, tech and women’s sports Consultancy.eu",0.4654198
467,UK Lifestyle Sneakers Market Size & Trends 2025-2035 - Future Market Insights,2025-05-16 07:00:00,Future Market Insights,https://news.google.com/rss/articles/CBMinwFBVV95cUxOSm96WkdPUjBncDFGODQ3SE05UzBKWE9uTUlUZ2xJY3dPaWs2NmR4Nng0YUZfdFdmcEYxU2xJdFFhaGs3QTEtekgwSkFRT1k2Rk1naG15OHVVZDAxbWdsSm96M2hVQ0xyaUVfS093TTZfNGVHelVCUTZhNDlyWG03MS01UFZvYURkS1ZIS2xpT2ozbmRYNjZSOGxra0llQ2s?oc=5,UK Lifestyle Sneakers Market Size & Trends 2025-2035 Future Market Insights,UK sportswear consumer behaviour,UK Lifestyle Sneakers Market Size & Trends 2025-2035 - Future Market Insights. UK Lifestyle Sneakers Market Size & Trends 2025-2035 Future Market Insights,0.46446678
642,JD Sports on AI search and digital transformation: we can add ‘so much scale to personalisation’ - Econsultancy,2024-06-27 07:00:00,Econsultancy,https://news.google.com/rss/articles/CBMic0FVX3lxTE4zYmk4SWpOZXo4OU5Yd3JWdVhsT1NNWm1xM2gtbWxFOXFvUFgzZFR6SF83cE9fTkJMSXdWZkZ4dmZpMndxdjdYUGZLSE1Dc1V4MVRDalJTMVE3enUtdjNpMmJId0EwcEVmbFVkR0RGci13V0k?oc=5,JD Sports on AI search and digital transformation: we can add ‘so much scale to personalisation’ Econsultancy,UK sportswear digital retail,JD Sports on AI search and digital transformation: we can add ‘so much scale to personalisation’ - Econsultancy. JD Sports on AI search and digital transformation: we can add ‘so much scale to personalisation’ Econsultancy,0.4627765
573,Sportswear Market Outlook & Forecast 2024-2029: Key Players - GlobeNewswire,2025-01-03 08:00:00,GlobeNewswire,https://news.google.com/rss/articles/CBMi2gJBVV95cUxNSld5N0lxQ1d1X0lPNG1QQmJ4dkxBTUhPbGJKSGVydG1FdUMzNnJGQkhNS0pHRGVaaTdlTnM5OXAtUU05UkphQkE5VWFEMjZSdFV1RVhVY1dRb0xOc3FINVV0ZWNVUFhiVmVxVHBleDZadWxjdER0Y1VfUTFaby1KelFMRUEzVGlQTkpUNWFlbUNxY0hkaUJqTF9UbnhIOUd4RWVzelRRRU5RQVR1YU85b1dNU3lmQlBscmNZQ0JyUzBUTHZGTGVITmVDbW5WUlJzajFlbTVlZnlOVEl5Z0JGVFItSFFPQVRkSUcyd3puTTRSSTVuaTZMM3JsZEFELUhmVV9FenlsTHRCMzgwaWtRaEROYVpaTm5QeC1kdTMtd3pJVzc2d2plRFcxZzZ0N3FQYi1qR3lRNW5MSWpfYlNFOVFoNTFqWS0xanE3ZFh4dVNSM0RLYl9XRU1R?oc=5,Sportswear Market Outlook & Forecast 2024-2029: Key Players GlobeNewswire,UK sportswear market trends,Sportswear Market Outlook & Forecast 2024-2029: Key Players - GlobeNewswire. Sportswear Market Outlook & Forecast 2024-2029: Key Players GlobeNewswire,0.46224955
321,Sportswear brand awareness KPI ranking UK 2025 - Statista,2025-11-07 08:00:00,Statista,https://news.google.com/rss/articles/CBMikgFBVV95cUxPZGg5bmJBZVZIdnZNYzFqOWNhaU9jLVhmaUxhblFrTGY3eW95WE1Ua0ptUFFJU21lUndMMUU3NHdMVVdSbmlDVVp3T0N4akd6c010UUJUNTlrR0M3Ni1ZOHVQSTBfem1PLTdkc1lybmtqTEZDcTZtbXI4MkJGeldob1piTzczbmhQelRXcTRfLTk2dw?oc=5,Sportswear brand awareness KPI ranking UK 2025 Statista,UK sportswear market trends,Sportswear brand awareness KPI ranking UK 2025 - Statista. Sportswear brand awareness KPI ranking UK 2025 Statista,0.4588745
143,"Sportswear Fabric Market Size, Share, Report By 2035 - Market Research Future",2026-04-06 07:00:00,Market Research Future,https://news.google.com/rss/articles/CBMigAFBVV95cUxOVDcxNTAydHJYanRYVlpNa1pGelpXZldZMllIWXNWSHlzajh1cUo0Mjc4STkxa2ZZV05LWEhDU3ktUDJBcGlyZGpxN2xiX0N5VmZhUzljM0pxb2RDYXlONEtnRVZ6TjVNYXlQajBNZ1pCSF95UWNvWGdrSXNWM0ZBNQ?oc=5,"Sportswear Fabric Market Size, Share, Report By 2035 Market Research Future",UK activewear consumer trends,"Sportswear Fabric Market Size, Share, Report By 2035 - Market Research Future. Sportswear Fabric Market Size, Share, Report By 2035 Market Research Future",0.4585144
547,"Sports Apparel Market to Grow by USD 106.5 Billion (2025-2029), Boosted by Innovative Apparel and Product Premiumization, AI Redefining Market Landscape - Technavio - Yahoo Finance",2025-02-07 08:00:00,Yahoo Finance,https://news.google.com/rss/articles/CBMiggFBVV95cUxPSVJiZlZkV3JVRkQyMXhETURQT2x3MHQ1NHVGU3UwbEwyejVZcncwNXdpRGZmZmU2bE56SENLcDNKaUFKdEljbUJVaWVRdTRlS3d2WlI2MEM0VWgtQmI1MXFIdUh6ZVR4UHJVOGFEOGlKWHhuNFUxSnNjNkozYWI4VGR3?oc=5,"Sports Apparel Market to Grow by USD 106.5 Billion (2025-2029), Boosted by Innovative Apparel and Product Premiumization, AI Redefining Market Landscape - Technavio Yahoo Finance",UK athletic apparel innovation,"Sports Apparel Market to Grow by USD 106.5 Billion (2025-2029), Boosted by Innovative Apparel and Product Premiumization, AI Redefining Market Landscape - Technavio - Yahoo Finance. Sports Apparel Market to Grow by USD 106.5 Billion (2025-2029), Boosted by Innovative Apparel and Product Premiumization, AI Redefining Market Landscape - Technavio Yahoo Finance",0.45784578
246,JD Sports Will Make It Easier for Shoppers to Buy Through AI Platforms - The Business of Fashion,2026-01-12 08:00:00,The Business of Fashion,https://news.google.com/rss/articles/CBMivgFBVV95cUxQVk50WU40SnJvejNmanBYTkRubWZra1ZpWWlOMEtiNUJRY2ZybTJobWNUdjQtZU1VZDJwb3M3eGNMdFNNaWpFNC1tOVNqRlVKOUdjZDdRLVZISzQ5RXloSUJYWDV2X2lWWW1ROUkyTnlMaTlGc3Jra3VSZXNRa1VlY1NPMFRGSWhfS3BLc3hSRGRDb0pMV2Fna2JaZTFkcUlzUWNPZ0hZc09FQk9kUkk1NldZWmMyRGtkOEVaU29R?oc=5,JD Sports Will Make It Easier for Shoppers to Buy Through AI Platforms The Business of Fashion,UK sportswear consumer technology,JD Sports Will Make It Easier for Shoppers to Buy Through AI Platforms - The Business of Fashion. JD Sports Will Make It Easier for Shoppers to Buy Through AI Platforms The Business of Fashion,0.45674247
678,"From sex to exercise, here are the things that Brits are most likely to track using apps and tech - YouGov",2024-03-25 07:00:00,YouGov,https://news.google.com/rss/articles/CBMihwFBVV95cUxQYjJuSTBwOGY5Q3VHQjlWbDVQYkNJM1ViWlNUUWF5TXJfaWZsc3g1OXRCNFhqREI1Y3ZVanhfVlVIR2NGVm1Gb1pObWs0bGNWcHdNTjR1V3lWbmM0UXFETTZjNktSZ0tBVXhlaEkzNTlEQnpJalVTOVY4MDUyVDQ0alVSN2JGUmM?oc=5,"From sex to exercise, here are the things that Brits are most likely to track using apps and tech YouGov",UK fitness consumer technology,"From sex to exercise, here are the things that Brits are most likely to track using apps and tech - YouGov. From sex to exercise, here are the things that Brits are most likely to track using apps and tech YouGov",0.45590526
46,"Sports Technology Market Size, Share | Industry Report [2032] - Fortune Business Insights",2026-07-13 07:00:00,Fortune Business Insights,https://news.google.com/rss/articles/CBMie0FVX3lxTE83MERUUnFLX3BETG0zc3VmSlVXQjZZRXJSVmtxdHBzcVRBWjdabEpOMGhCSFlUa1h5SUp1SU92d3BFQ0M4ZjNsNUd0NTR6QnMyenNaVmx3THk1Ri1LU1M2aF9ZeHpqdkg3RVJnYkpNU0RtREZYWjdxTHpHVQ?oc=5,"Sports Technology Market Size, Share | Industry Report [2032] Fortune Business Insights",UK sportswear consumer trends,"Sports Technology Market Size, Share | Industry Report [2032] - Fortune Business Insights. Sports Technology Market Size, Share | Industry Report [2032] Fortune Business Insights",0.45519745
69,"Europe Fitness Equipment Market Size, Share & Trends, 2034 - Market Data Forecast",2026-07-01 07:00:00,Market Data Forecast,https://news.google.com/rss/articles/CBMiiAFBVV95cUxNeDQ4clF4TUJhRVUtd2RfMllqa2p6b2JZX3JkSVA0S0xVU3dHQnhwQkJ1czkyd2xqMzctVGpJQnBJRW8tUW50Zzl4bHktdUQ1emVoWjc0SEFnVFZKalppTnpLRHc2eEtsSzBYVnBsbTNyMEljSmhucS1DQ3BaNm9BUnlfdng0ckhj?oc=5,"Europe Fitness Equipment Market Size, Share & Trends, 2034 Market Data Forecast",UK fitness retail trends,"Europe Fitness Equipment Market Size, Share & Trends, 2034 - Market Data Forecast. Europe Fitness Equipment Market Size, Share & Trends, 2034 Market Data Forecast",0.4540452
72,UK consumers drinking habits change as heatwave drives hydration trend - BeverageDaily.com,2026-06-25 07:00:00,BeverageDaily.com,https://news.google.com/rss/articles/CBMivAFBVV95cUxONHRpU0Fka2JfOGl6SFF1RHJUMXU4dmQtV09GTl95eExmLXhMZ1c4QlRUQXdjRWZUZzJrb2ZjMHRUME93UzFuOS11bU9leUNVdEpnbmRvUTVoclVrRWR2YmtjX1FGdmdtdnRkSHljZHlXb25EX3laRk4xYWZZNllnT0RZZkkyZzUzYVFiSTNrVGkxaWpxTmVFb3dUYkFQaHJ2SVQtcHV2a0xFdXBmNmV1bWhSekx3NXlBWnIyTQ?oc=5,UK consumers drinking habits change as heatwave drives hydration trend BeverageDaily.com,UK sportswear changing consumer habits,UK consumers drinking habits change as heatwave drives hydration trend - BeverageDaily.com. UK consumers drinking habits change as heatwave drives hydration trend BeverageDaily.com,0.45198435
199,ASICS EMEA achieves record revenues as European sportswear demand increases - InternetRetailing,2026-02-13 08:00:00,InternetRetailing,https://news.google.com/rss/articles/CBMiqgFBVV95cUxOSWV4REphVjl4ajFZeGFwbHpheGNhRXRadS1sQl9GYlI2WXNUVzJrX2VrMG1hY3d5ODR6Ylh1ZVZlR00zX0llRGRCdXFzbGotTWs4QzdXckhONjlyY0Q4S3FUM3Z4NXpkdWNNZzQ3NDQ2WjlKcExLdUdNX0J1ak9ZVmFGdkZ2TlB2cVNSdGxJZlQydTNUMl90cXJZM0Q1akpRNm0taFAwTkNVdw?oc=5,ASICS EMEA achieves record revenues as European sportswear demand increases InternetRetailing,UK sportswear market trends,ASICS EMEA achieves record revenues as European sportswear demand increases - InternetRetailing. ASICS EMEA achieves record revenues as European sportswear demand increases InternetRetailing,0.45194376
679,"5 Decades of Nike Innovation in Women's Apparel — NIKE, Inc. - About Nike",2024-03-21 07:00:00,About Nike,https://news.google.com/rss/articles/CBMihgFBVV95cUxPVnVldEk1bVgzTldxeUtTTkt4UzRqaGdyY3A1Z29WNnNMNkZfYUlJd3FrZkppRkltSjNXWF8xc1lUZjZQNTZoN0NMbjFkMzFqSFBvUXk2bW9lN3R0cVJtZGFBaXlxYjNtTThSb1FrYXN5LWlVS0FIRFhQZFRaMmhpOE9QY0pTUQ?oc=5,"5 Decades of Nike Innovation in Women's Apparel — NIKE, Inc. About Nike",UK athletic apparel innovation,"5 Decades of Nike Innovation in Women's Apparel — NIKE, Inc. - About Nike. 5 Decades of Nike Innovation in Women's Apparel — NIKE, Inc. About Nike",0.45146775
404,The Tech Stack: Premier League turns to technology to power its next phase of growth - SportsPro,2025-08-11 07:00:00,SportsPro,https://news.google.com/rss/articles/CBMikwFBVV95cUxNSUw1bGZpSGpUS2Z4MGRhZ0UyajN1aDE3Z2tma2J2U192dkduUHQ0YnU3WklvOWVTNnVGQkVuS3p1dUxodkRrSXpfSnlNTzM3cDBRRktnQlJSUzFOemlvVm52X1o1SVZIc213NTh1eHA3Zk9WX0JFeERmYnM1d29QUmpBWjdWTThUTzU0TUE1S1hYejQ?oc=5,The Tech Stack: Premier League turns to technology to power its next phase of growth SportsPro,UK sportswear digital experience,The Tech Stack: Premier League turns to technology to power its next phase of growth - SportsPro. The Tech Stack: Premier League turns to technology to power its next phase of growth SportsPro,0.45142013
673,Nike Ignites New Frontier of Innovation - vergemagazine.co.uk,2024-04-13 07:00:00,vergemagazine.co.uk,https://news.google.com/rss/articles/CBMid0FVX3lxTE80M0hiVXJCRU81eVZPNEhjX29BZzZNbkQ0d3ZYRjI1bjYtNGpIYVExRlB4YjdvYUR0dmRrYzJnb0JCM09wMDF5LWJPX2hEWXY5X2Z2bEVfV3FkbUNjczF3cWE1aXFKQmVxczd6ZTk0Qno5MDMtVElV?oc=5,Nike Ignites New Frontier of Innovation vergemagazine.co.uk,UK athletic apparel innovation,Nike Ignites New Frontier of Innovation - vergemagazine.co.uk. Nike Ignites New Frontier of Innovation vergemagazine.co.uk,0.44945616
498,"How the sports bra continues to revolutionize sports and women’s rights: ‘No sports bra, no sport’ - The Athletic - nytimes.com",2025-03-28 07:00:00,nytimes.com,https://news.google.com/rss/articles/CBMie0FVX3lxTE0zYWtnSWRjY2YxNnJwNF9pMi1sVlZhWUNIN0VpTGluODdsRTBaRGJjSThhNVM3R0pDa3BTczFYVy1ablJIbUNDV1FRbmltR0tEaXRQaDY1alNOcWxPdUpIdjQ2UzVDVU1tbmFQZTFzSXVrajdLUmpEeWFTSQ?oc=5,"How the sports bra continues to revolutionize sports and women’s rights: ‘No sports bra, no sport’ - The Athletic nytimes.com",UK sportswear innovation,"How the sports bra continues to revolutionize sports and women’s rights: ‘No sports bra, no sport’ - The Athletic - nytimes.com. How the sports bra continues to revolutionize sports and women’s rights: ‘No sports bra, no sport’ - The Athletic nytimes.com",0.4492482
108,JD Sports Fashion Expands Retail Focus Across FTSE 100 Markets - Kalkine Media,2026-05-08 07:00:00,Kalkine Media,https://news.google.com/rss/articles/CBMiqgFBVV95cUxOR0tPSDFkRjF4SU1JWmlKdmZxa2g1cjMtemZMNDlJZm1BME4ya0NOaktNMUMzc0dCYmd1Y3B6ZjQ4aVV6OTQ3dmZEYW4yZFZiOHItWFFkZXpKM0hudS0zQ184NjNPbnJDSUlrNjlFd3RqN2xjdUwtOEMxTV9oZDdHNHhEREtua2NRdjZXNjN2UHk4WWlzXzF1eFZvanZFbkU1bTlBejR2bjVaUQ?oc=5,JD Sports Fashion Expands Retail Focus Across FTSE 100 Markets Kalkine Media,UK sportswear consumer behaviour,JD Sports Fashion Expands Retail Focus Across FTSE 100 Markets - Kalkine Media. JD Sports Fashion Expands Retail Focus Across FTSE 100 Markets Kalkine Media,0.44813776
626,"France Apparel Market Size and Trend Analysis by Category, Retail Channel, Consumer Attitudes, Brands and Forecast to 2028 - Global Data",2024-08-23 07:00:00,Global Data,https://news.google.com/rss/articles/CBMie0FVX3lxTFB5cFEwYTVDSW92M21xV0JHMDIyMGFwUTdOS2o2N1JjOFozSGJuTzg4ejRUQWtldnFIaGs3TnRHLXdUaUxTTjItRHhNcHJyc2hnYThlVWkyLWR1SHFUY3JXWlN4VnlObnB6WHhqMUhmNzc4SzZLamNRRHZLOA?oc=5,"France Apparel Market Size and Trend Analysis by Category, Retail Channel, Consumer Attitudes, Brands and Forecast to 2028 Global Data",UK sportswear market trends,"France Apparel Market Size and Trend Analysis by Category, Retail Channel, Consumer Attitudes, Brands and Forecast to 2028 - Global Data. France Apparel Market Size and Trend Analysis by Category, Retail Channel, Consumer Attitudes, Brands and Forecast to 2028 Global Data",0.44714057
512,New multi-million-pound research and innovation hub will transform the landscape of women’s sport - Loughborough University,2025-03-17 07:00:00,Loughborough University,https://news.google.com/rss/articles/CBMiowFBVV95cUxQUFFVZlNBamFobzFvRE5YU0tHVEk2QjYtUFo3YUg2b1RjUUx4MmZUUmwxMWRhRmtYaXNMaS1LOGhvUVFSZnMwYmhESUlsUmZ2d1FvSGJmWGk2cXJzSHN3NDNIYTRMSXdxaHJNUTFGWnZHUWJfSmZXaldvQzNKNjVIQS00cWRGTFdtem5yRlNacGdpY1FHSllCV0M0MjNFb2JJeGVn?oc=5,New multi-million-pound research and innovation hub will transform the landscape of women’s sport Loughborough University,UK sportswear innovation,New multi-million-pound research and innovation hub will transform the landscape of women’s sport - Loughborough University. New multi-million-pound research and innovation hub will transform the landscape of women’s sport Loughborough University,0.44684827
17,John Lewis to take on sports and wellness with new investment - fashionunited.uk,2026-08-03 11:45:14,fashionunited.uk,https://news.google.com/rss/articles/CBMisgFBVV95cUxPbVFqWGw3cnZwSlAwczhlN0FJcm9iUm41aDNoWUVUd21YOWVWbzlQWkpWTE8taUV3MkJNWnpZM2NZcUU0VUUzVUQwUTdaQ1lwUk0wUnJvLVpwdTNmM0xwUGUtXzBQZjlabWJDeWZXc0c2V3lsT19jT2RPS3hPLWZPQlNWOWVZenJ6bEd6MktsMVg3eFlDV2RTTU5HcmVib3lLZThYTklRTGdWN0d3R3poNHVB?oc=5,John Lewis to take on sports and wellness with new investment fashionunited.uk,UK sportswear digital retail,John Lewis to take on sports and wellness with new investment - fashionunited.uk. John Lewis to take on sports and wellness with new investment fashionunited.uk,0.4467594
306,Sports stadiums are entering a new-generation of digital demands - Insider Sport - Insider Sport,2025-11-19 08:00:00,Insider Sport,https://news.google.com/rss/articles/CBMiowFBVV95cUxPWk1RWkl0ejFMVUlEMmlXTlItUTFxQjNpTjNzcUoyV2I2cHBYV1FhX0hZc3RRRjg5eGplOHFjUzRmSEs5U19hYS1MdS16Vmp5a3lNWkFBLXFHTkpWZ2d5TkNsdW9qdkdFXzJ2Rjk4QVF4c1NKSFdmMkxOT0dFaHNvM09aVG9HSjJNWXJBMThEOEFpak1fT3dGNzZ3MVRSNHcyUlc00gGoAUFVX3lxTE01UlNTbkdJcjFxOHJNLVd3cmRVelZEdUFEeExhc1duQ0dId1JGX0g0SlhwemJYTGZsaGZiaGhGNHBaWWhCTjFNNWg4emZTVVJ6R0ZONG45V3hXTU52b3k3SG4takl6N1pvVWxKZzhUNjdzbXk2T3d0NnkxT2s2ZWNaTXU2RjZnVHVEaWVCaXgxMFlfZ0F5anl6UUlFLWZqY2RJZmVJU052SA?oc=5,Sports stadiums are entering a new-generation of digital demands - Insider Sport Insider Sport,UK sportswear digital retail,Sports stadiums are entering a new-generation of digital demands - Insider Sport - Insider Sport. Sports stadiums are entering a new-generation of digital demands - Insider Sport Insider Sport,0.44669372
107,Inaugural World Sports Economy Summit Launches in London: A New Era of International Collaboration and Digital Innovation - PR Newswire UK,2026-05-11 07:00:00,PR Newswire UK,https://news.google.com/rss/articles/CBMiigJBVV95cUxQMjIxME9OVmFYdF9BTXFEM1VkNTA0TXBlV2VFWG5McHJxdlFISk80Z3daSk15aU5jcHJkWG1rOUdCam9JeEw0a182NE9YdHdSM1lwRm4tbGpYYUJYUW14c3FxaXBuU0prb2VFbmdRblhuN0V1Sm1nQjhfVzNkcV9tVERJNzNFZWxSV2pRYmRFc20xOFRiNXMxVVhRZTZldnMzSEVIbGhVTEVWT2puSVZEd2FtWXdHMXFSQlR6Z2pMU01hRVNOVDRUa3FfRWpibzY5R01NSzlicFVtVzR0LU1mZ1huWlUxWWFkNlAxc0J4R2g4WVY1dkxjVmg2c3kwWFZzSVhGSGxvN09ydw?oc=5,Inaugural World Sports Economy Summit Launches in London: A New Era of International Collaboration and Digital Innovation PR Newswire UK,UK sportswear innovation,Inaugural World Sports Economy Summit Launches in London: A New Era of International Collaboration and Digital Innovation - PR Newswire UK. Inaugural World Sports Economy Summit Launches in London: A New Era of International Collaboration and Digital Innovation PR Newswire UK,0.44602424
296,Fitness and health service purchases in the UK 2025 - Statista,2025-11-25 08:00:00,Statista,https://news.google.com/rss/articles/CBMikwFBVV95cUxQR1NheGNMb2tPZlVLR1dOcTY4Yi1ockFhclhDcmJRT0FaUnk1di1CTHVoR3dXeUNjck5iNkc5TjdMRFFsSVBzOEpRN1Nrd3FzWW55RXhyelFqRHFFYkE2NFB3REVXT2ZzZnBUbWd0M0tJbGNrcndvSWNaRnJmSnRfODF5aWY0WlZXa0NfY2JXYlpkSDQ?oc=5,Fitness and health service purchases in the UK 2025 Statista,UK fitness consumer technology,Fitness and health service purchases in the UK 2025 - Statista. Fitness and health service purchases in the UK 2025 Statista,0.4449234
687,Sports Direct brand profile in the UK 2023 - Statista,2024-02-28 08:00:00,Statista,https://news.google.com/rss/articles/CBMiswFBVV95cUxNNEY0R2pvQ2h2TGtRV1ZoSndPVXBhdGxLdW1KUXJ3cGpGQ1l5bV81ZHVRNnVvMDdsNDZhOEZwTWFZV0RSODRiLWRlSnI0YlczYlV1RHhPdlNCX1N2NjBlMUEtb19OUUQ0cmwzR094SzA3dXI1Nmg3djFOdGVXY2lFMmZ5NXYyTGhJQXVhUnhzYjE3SHRQZzZyNnBfRmMzOXZxTlJoeHQ5REdXR3lRcFJ3T1pzZw?oc=5,Sports Direct brand profile in the UK 2023 Statista,UK sportswear digital retail,Sports Direct brand profile in the UK 2023 - Statista. Sports Direct brand profile in the UK 2023 Statista,0.44484937
185,"Global Sports Retailing Market: Key Trends, Regional and Category Performance, Competitive Landscape and Top Retailers to 2029 - Global Data",2026-02-25 08:00:00,Global Data,https://news.google.com/rss/articles/CBMifkFVX3lxTE85aTFzeElBeFpoQjdwWGp2Z1NqT1NSZGVYd0hXSXYwT1RoTHNmNjdCU3lLLWFFTHZyU2lCdHhzQV9TWmpseWRfbnNvdHlXZlI3Rjg1bjNDaG5sbk1hblNqNmdpM0VuVHNCUG9RaFc5eWd1RFFrR1Y3Z0lGU3JVQQ?oc=5,"Global Sports Retailing Market: Key Trends, Regional and Category Performance, Competitive Landscape and Top Retailers to 2029 Global Data",UK sportswear consumer trends,"Global Sports Retailing Market: Key Trends, Regional and Category Performance, Competitive Landscape and Top Retailers to 2029 - Global Data. Global Sports Retailing Market: Key Trends, Regional and Category Performance, Competitive Landscape and Top Retailers to 2029 Global Data",0.44445962
261,"JD Sports Fashion's Dan McGrath talks store roll-outs, RFID programmes, and multi-skilled teams - Retail Technology Innovation Hub",2026-01-04 08:00:00,Retail Technology Innovation Hub,https://news.google.com/rss/articles/CBMi2gFBVV95cUxQMXQ3WUU1Q1l3MVFKanQ0dlBtaUU3d2U1TXBxV29ZaWVxdjNZNUJCVVRzU2JveTZOeFVHRUh5c1hHVzE1ejNIcVZLRXBvbWZhWW5KUU9Wc05pZGc5VG5QT1lVZ2VWLUdMYmtzQXp0TXk3Z01lWHVVc00tMTZxZXpPUC0ySGpHc2Q4ekNBd1dBdmp0YmFWaFNMMmNibDlxWGRPbmY5cW1rd1VQc2JCVlFjR2pZaGMtcTJuVFNxX2ZVSlJOaWEtb2Fxcjl4Y204MFA5SUt1WGtlNlpFZw?oc=5,"JD Sports Fashion's Dan McGrath talks store roll-outs, RFID programmes, and multi-skilled teams Retail Technology Innovation Hub",UK sportswear consumer technology,"JD Sports Fashion's Dan McGrath talks store roll-outs, RFID programmes, and multi-skilled teams - Retail Technology Innovation Hub. JD Sports Fashion's Dan McGrath talks store roll-outs, RFID programmes, and multi-skilled teams Retail Technology Innovation Hub",0.44424456
339,"Nike Creates New Innovation Engine to Power Athletes Faster — NIKE, Inc. - About Nike",2025-10-23 07:00:00,About Nike,https://news.google.com/rss/articles/CBMiiwFBVV95cUxNTmJMYWFaTVZ6VW0xZ0hfQjVkOVdzNDJUeWd2XzNVVzgzUHZuODRod1FjeEVid3ctNzFMRjJaeXFLRmd4RmFJRlBCWnYxSlJHZWlVSjhUcURVcl9FM21ZYjgwN0VsSDRCalBXTWdLcXBRY19XNWgtaGlKUkRGYWk2Qzh3SGtOVkhEakNJ?oc=5,"Nike Creates New Innovation Engine to Power Athletes Faster — NIKE, Inc. About Nike",UK athletic apparel innovation,"Nike Creates New Innovation Engine to Power Athletes Faster — NIKE, Inc. - About Nike. Nike Creates New Innovation Engine to Power Athletes Faster — NIKE, Inc. About Nike",0.44354436
453,New premium activewear brand Seissense launches in the UK - FashionUnited,2025-06-05 07:00:00,FashionUnited,https://news.google.com/rss/articles/CBMirwFBVV95cUxQNy1FTTdPU01uTjNLdTNmcWJvck1lUDFycFlMXzR0Q1V6ZEpJSWZkNXVuQTJ2NDdrbWFRVWFRVlhvSTNBazByZGE3ZjVjcVFkdFJwRlRpUkowMzNWRWt5UWVLOFlMYzMzNXRzejJHd2d0V0lhangybVgwWS1jVVFrc180a1ZXTFVHU3RZZU1TOXE1S095b3NHNldjbXpfY1ZHMHlhQ00tVUZmS2g5U213?oc=5,New premium activewear brand Seissense launches in the UK FashionUnited,UK activewear innovation,New premium activewear brand Seissense launches in the UK - FashionUnited. New premium activewear brand Seissense launches in the UK FashionUnited,0.44289124
93,FTSE 100: UK Fashion Shares in Focus as Retail Trends Shape Market Outlook - Kalkine Media,2026-05-28 07:00:00,Kalkine Media,https://news.google.com/rss/articles/CBMitgFBVV95cUxQNWhSOVdwSnhqNDJCeDhkWFFfSGU1MlU1czE3aEdjRmxZZmNUeHpmaTNINHpmbnIzdVlTQlV4Q1lhZXVlejgteUtMZGJra3RQRXhxNHlUUlZoTGJNNkxSMzNxT2ctMHEzcnMzc0tIN2NLb2pvNzJ2QWVVNVVNYmlkZkNBUkc3TVgtbjdCZ3NaUHVGMlhRazQ4ZmxNV1FQM1dUdnRhOHdrZGo2c2tJRWMyZDYwNnlPdw?oc=5,FTSE 100: UK Fashion Shares in Focus as Retail Trends Shape Market Outlook Kalkine Media,UK sportswear changing consumer habits,FTSE 100: UK Fashion Shares in Focus as Retail Trends Shape Market Outlook - Kalkine Media. FTSE 100: UK Fashion Shares in Focus as Retail Trends Shape Market Outlook Kalkine Media,0.44219545
318,Global sports supplements trends 2025. Health remains the main - Innova Market Insights,2025-11-12 08:00:00,Innova Market Insights,https://news.google.com/rss/articles/CBMiigFBVV95cUxPQjRQM0NWTGxzckJOZDBoNWVfZ2hiOThuSjRtLVRVc01PNUo4RkktN3pwTlBCTnZYTnFGTlBTXzU3WmQ3akxGRFhvVWNRYUpDZnNNY0hLMDU0NmkzVG5NalVWS29rSGctNVhqVGc1QTZVV3RZRFdwM01iMkh0T2VRWnZyc2FxblVWZlE?oc=5,Global sports supplements trends 2025. Health remains the main Innova Market Insights,UK sportswear consumer trends,Global sports supplements trends 2025. Health remains the main - Innova Market Insights. Global sports supplements trends 2025. Health remains the main Innova Market Insights,0.44191948
655,Changing Consumer Behaviour: How Shopping Habits Have Changed - Mintel,2024-05-31 07:00:00,Mintel,https://news.google.com/rss/articles/CBMinwFBVV95cUxQS25UdUVmU3g1MGJBWjJodkRPRk1fbUFzS0Nobk9McHk0ZUtnNlhPY0VkZjBXNVVQMzU5d2l3TVZvenZRWF9HTlpIX0Vza0libHZoYVNNQXZuUU1WSkR3U2hYNk9mWUxWc3E0MV95TFBnN0xtYkxqTkNlZkN2UUJIb0JyVElfNXg2dmhWeUxlWFd4NnlOb01VTTJ0SktIN0U?oc=5,Changing Consumer Behaviour: How Shopping Habits Have Changed Mintel,UK sportswear consumer behaviour,Changing Consumer Behaviour: How Shopping Habits Have Changed - Mintel. Changing Consumer Behaviour: How Shopping Habits Have Changed Mintel,0.44163156
612,Top sports nutrition brands by awareness UK 2023 - Statista,2024-09-19 07:00:00,Statista,https://news.google.com/rss/articles/CBMilwFBVV95cUxQdkd4WjFfU2MwMFRJdy1aS3ZOQWc3ZGk4TFJpYlV1MXB6bVFDVGktdWY3dnJrLVNGcDJzT2ZfWkxjei1jN28tMTlxYkpzUHQtVVlZbmo1UzExcmhVMGMxblZ2RWlKSjdwdVgydDVrOXhMNk1hdlNQaTBibW54eTh2aGo2dmJCejZWN3NidkpKRHZYRF93YzVv?oc=5,Top sports nutrition brands by awareness UK 2023 Statista,UK sportswear wellness consumers,Top sports nutrition brands by awareness UK 2023 - Statista. Top sports nutrition brands by awareness UK 2023 Statista,0.4413808
28,Design engineering knitted sportswear - Knitting Industry,2026-07-23 07:00:00,Knitting Industry,https://news.google.com/rss/articles/CBMidkFVX3lxTE0zaTZNUWZ1cEhWLVRiSmd3WkxtQWpEN3hEWERoRDY4WC1IY05Rd1RJcDNSOU1aU3I5ZnRILWUydldPQ2pkbzNDaW9jRGJfZTdJellJVUtKY3I1Y0sxWEc3REh1THRQTVd0WXVXREZQZGJ1N1JGNXc?oc=5,Design engineering knitted sportswear Knitting Industry,UK activewear innovation,Design engineering knitted sportswear - Knitting Industry. Design engineering knitted sportswear Knitting Industry,0.44046724
343,Nike Unveils Aero-FIT Performance Apparel Innovation: Cooling Technology for a Hotter World - About Nike,2025-10-23 07:00:00,About Nike,https://news.google.com/rss/articles/CBMi0wFBVV95cUxQWlh2VTh1QWlpLW5KTEc5cW5FT0pnMkRsd0dsVHlONVppeERmZHZubTRWRjNzczNxQ3JySHJ2Umpoczh6bUgzbjdLbU1teFRNazI4ZWVEbDRNaklKMHYtWHU5VHJoaUdJX1VEVUk4VkdlMEo2ejhKRWlRV0dMOWczZW9yNmxwVzM4cnZIQWs2RW5NRjktOHNKb0VyRkRxajk2dWw0QjA2TGs3Unk5TE4xUmtMeGV6V2hjX01MdVJRRTBxSmRxanprNFphbEs1d3NUeGQ4?oc=5,Nike Unveils Aero-FIT Performance Apparel Innovation: Cooling Technology for a Hotter World About Nike,UK athletic apparel innovation,Nike Unveils Aero-FIT Performance Apparel Innovation: Cooling Technology for a Hotter World - About Nike. Nike Unveils Aero-FIT Performance Apparel Innovation: Cooling Technology for a Hotter World About Nike,0.44039214
126,Nike brand profile in the UK 2025 - Statista,2026-04-21 07:00:00,Statista,https://news.google.com/rss/articles/CBMipwFBVV95cUxNcWhvS2lmRm9HQUZ6SWpud05XcG9Tc0lBYlZxUlZZVHZvZ1g3SWs2ZWR5enl3UDlkYkNFTDJZRnBWSjc2UDlUTERfZVV4TE9YenNJbU00RTNOUGJYdUlOVkZSTW5BN0p3MDF4eUw1YUhjdGRacWtKNjRjWjd3TDFteFkwYy1OdjU4TVN6NG83a1NoMDd6Q3lMb05rZ2VEMjAtSjktQlNmcw?oc=5,Nike brand profile in the UK 2025 Statista,UK sportswear consumer trends,Nike brand profile in the UK 2025 - Statista. Nike brand profile in the UK 2025 Statista,0.44025582
169,"InPost UK hails big moment for trainer culture and lockers with JD Sports Fashion, Nike tie up - Retail Technology Innovation Hub",2026-03-11 07:00:00,Retail Technology Innovation Hub,https://news.google.com/rss/articles/CBMi5gFBVV95cUxQbWpPcmctbExXd2RWSWJLQlliMUZqNmRYWk5wd1A0TUpOZjFFUnI4YWUyaFJsMlowU3YwSG10NGYzZWd4VGxfNFBPd0JxbTZYVFI1akFVYkNBd3hIY0ZYejlMWUhUaXhLMFU2ODctODBGX1FvcmVHN0dIc1hFeU0zT1hyVUlwZHczbEIyZ3VWYVB3eHI1UGc4LUk3eGJLMUFwTmJTR2p6WXRqWHQ3MzlEREpIeHlzbTUyNWVyeDB1bzdTOWFuRUE0OFFLWEVSSjlTakxTMFVWVURyS2RLSWlidV8tYWZKZw?oc=5,"InPost UK hails big moment for trainer culture and lockers with JD Sports Fashion, Nike tie up Retail Technology Innovation Hub",UK sportswear innovation,"InPost UK hails big moment for trainer culture and lockers with JD Sports Fashion, Nike tie up - Retail Technology Innovation Hub. InPost UK hails big moment for trainer culture and lockers with JD Sports Fashion, Nike tie up Retail Technology Innovation Hub",0.44004557
641,4 in 5 consumers plan new wellness and fitness purchases by 2025 - Consultancy.uk,2024-07-01 07:00:00,Consultancy.uk,https://news.google.com/rss/articles/CBMipAFBVV95cUxOdm1DdW9fUGpRVnlQbHpGN3lUVkFVTEtuRTg0amNBSzBSNWNpTVJWZk5HZ3FkU1pqVWpRaExONmRNZkNVcGpiNXpCMnpJc0QxOWQyb1lwX05hOFB4aXNmcjdRWjBzakJ2Q0s3ZzJtWXlCMC1yQXI5OU9EV0g2dGltTTFPNS1yUUFyRnpRTHBuRFl1NWhzbkUzLW9HNHN6RGp3akd1QtIBqgFBVV95cUxNWDkyMERQRUZ5X2xBVTlZTnpfdmp5bVZsd21CSnI5cWs3R09MWWNLVnloSGFrUXZXcWZMUUh4UWZDaWJ1UjlSazVVanV0TU02OHloQ2xLbmQzYzhpOWRtclJIV3VXYkJpU2xFRVI0bE5EZUdqXzQxOENoVUpsTEh1MjYzX3RvdGQyZG9UdTNKY1lLTUhQRW5xaHNLRDRkQ2lvR3l6WjdYLWhQZw?oc=5,4 in 5 consumers plan new wellness and fitness purchases by 2025 Consultancy.uk,UK fitness consumer technology,4 in 5 consumers plan new wellness and fitness purchases by 2025 - Consultancy.uk. 4 in 5 consumers plan new wellness and fitness purchases by 2025 Consultancy.uk,0.4384673
353,"Top Athleisure Trends & Best Sustainable Activewear Brands In US: Comfort, Technology & Style in Motion - Fibre2Fashion",2025-10-16 05:44:01,Fibre2Fashion,https://news.google.com/rss/articles/CBMi5AFBVV95cUxOYjFMU0RGSW9ZLU9kLU9FYmY0RkZVTGhuMDhWVDFoMlhMbDJNYTQya21zUkJhU3hIZXpBZHZ6SElnNjgzNlducUJibG01ck5UYzFFNkFsOXVrUVkwWkdZb0hZano5WXFnTmRldEhpVW5XaFZmcnpXcUxOVHpwSlcxMzI0UW5OUVJ2aHdCR1F6QlNEdFNuc3FDTVhnSVpMOEtjLTMwZFN1QS1XVk5nSHNhQ2JfZFFCS2tMUTd6YWk0WUhReHdRanNVMGlFZkRSNFc1czhsbXRrVzJlby1UNnQ3T0JfdEk?oc=5,"Top Athleisure Trends & Best Sustainable Activewear Brands In US: Comfort, Technology & Style in Motion Fibre2Fashion",UK activewear innovation,"Top Athleisure Trends & Best Sustainable Activewear Brands In US: Comfort, Technology & Style in Motion - Fibre2Fashion. Top Athleisure Trends & Best Sustainable Activewear Brands In US: Comfort, Technology & Style in Motion Fibre2Fashion",0.43775955
564,"UK-active consumer VCs: who they are, what they invest in, and how to reach them (2025 edition). - Medium",2025-01-15 08:00:00,Medium,https://news.google.com/rss/articles/CBMi0AFBVV95cUxNVUdWdm00SVJVQ1BTNjkyRmstM3FuOW8xSDRvckVXcWxQN1lBUTNNMnp2SHZwRFh5MXlDU1ZWcDJOcjRkblFzengtUUlLVUtTWG55ZVJOYzdwb2lqQUV1SGJvYlVWVWtSb1NEQ2JRMGhUZ1RHNkpaVHVSbEJFYjBJTnFJNGV6d2UyNkVKcnR5OENKcU9WZUViaUdlRDJFQjhvN0RRTnRWR1VBRzJMbTZmQmdUY29QSXJma1lwRUZQaUVvOER4SXgyWW92SFlsOWVa?oc=5,"UK-active consumer VCs: who they are, what they invest in, and how to reach them (2025 edition). Medium",UK sportswear consumer technology,"UK-active consumer VCs: who they are, what they invest in, and how to reach them (2025 edition). - Medium. UK-active consumer VCs: who they are, what they invest in, and how to reach them (2025 edition). Medium",0.43761438
387,Blair Richardson joins Sportz Interactive with focus on sports tech innovation - SportsPro,2025-09-03 07:00:00,SportsPro,https://news.google.com/rss/articles/CBMiuAFBVV95cUxQOS1ReFgzdjdjQTl1WVJpYU9LekYxdkJMVEFJYmdZQlN5ekR3VFFCRUtQY2k3QnpxcWZpN2tKNlhheTVOdGxqeTU3NUFScWJCMm5XdjZDOGhCQXJ6bG03dTB5TnlBbVRjZzZLcXg1M2l6WEFaWU5kZ1JXdXZMMEJWWEMzT2FEdjltLTNtYU1tM3dUNDdtRlpUQW5mc1V5NVU4cDM5MkQxZ3JUeW1VYjl6Um5JMDRsVXlM?oc=5,Blair Richardson joins Sportz Interactive with focus on sports tech innovation SportsPro,UK sportswear innovation,Blair Richardson joins Sportz Interactive with focus on sports tech innovation - SportsPro. Blair Richardson joins Sportz Interactive with focus on sports tech innovation SportsPro,0.43674454
259,16 Best Activewear Brands To Get You Into Gear In 2026 - British Vogue,2026-01-05 08:00:00,British Vogue,https://news.google.com/rss/articles/CBMiZkFVX3lxTE5OZTUxbUI1dnlJNjQ2ZlNMNjVUaWZWR0RIQ01fNDlHeUtnRC1FSGZYQlpZZ0VXQ2ZQaGJDcHFybDVpN0F4Sjc3ZEFDRi1obEJrTDlodVliMGVFSXdFZDRDV1B1S05HZw?oc=5,16 Best Activewear Brands To Get You Into Gear In 2026 British Vogue,UK activewear consumer trends,16 Best Activewear Brands To Get You Into Gear In 2026 - British Vogue. 16 Best Activewear Brands To Get You Into Gear In 2026 British Vogue,0.43538293
391,"How wellness looks across the US and UK: Similar goals, different habits - YouGov",2025-09-01 07:00:00,YouGov,https://news.google.com/rss/articles/CBMirwFBVV95cUxPUVpxb196UWhVSGI1NklpbWRoMkdiZXJNNnZ0a2hUTFF1SDg4MXF3U2Z6MlZNZ096YlJzLThESUM1bXdWT3JudGRaaUJHN01MNm03cGVWWS0wMGZZbGNua2tzTmFZZmlmZ0JXbm92YmdQSmlCN3RncnNwMy0zVkhUakl0WDJmaldhY1AwVjg5UmFHQjV5RGx3VnBKSmlDRW1MRkVHMjFkclRYZ2xDenVn?oc=5,"How wellness looks across the US and UK: Similar goals, different habits YouGov",UK fitness retail trends,"How wellness looks across the US and UK: Similar goals, different habits - YouGov. How wellness looks across the US and UK: Similar goals, different habits YouGov",0.43500027
229,"UK-active consumer VCs: who they are, what they invest in, and how to reach them (2026 edition). - Medium",2026-01-21 08:00:00,Medium,https://news.google.com/rss/articles/CBMi0AFBVV95cUxQcU42blB0NlFac1VSMUhTUFg3Mko4UGlHN2ptaHZPWTc5U0NJaktBLVNVdWtiNHJVSEtiTHRqUzVvX0NBRXNJNzg1ckFWZS1Wbm9WRV9oVEtEZnFuUld3NHdtZjNrRTJTNDF6Q1FlczdRZDJOZ3h5elB5VG5rUXVVT3Y4S3QwaFl0WnFySHBIeUpBOVcxR2pVOHFnNXJwa2JoQV82VS1KTjZ1am9iNmtPNk50dnFmVUhKYlpKYzdtaXIycTNla002N0ZzUWdhYjE0?oc=5,"UK-active consumer VCs: who they are, what they invest in, and how to reach them (2026 edition). Medium",UK sportswear consumer technology,"UK-active consumer VCs: who they are, what they invest in, and how to reach them (2026 edition). - Medium. UK-active consumer VCs: who they are, what they invest in, and how to reach them (2026 edition). Medium",0.43482313
690,Fitness Ecommerce Websites: 14 Store Examples - Shopify,2024-02-22 17:47:19,Shopify,https://news.google.com/rss/articles/CBMidEFVX3lxTE9NajlRZDNLM0gxeTdCaGY0MWJQNHlNU1pHN3VHcVY4NDBiZFZGMklRd1FoRkVfLTBGZUhZTERRc1ptVzZ2MGZVQ2syMVgzV3h0c1IyUmhiVFdueDJJODNTalV3cXUwLUk3dEtRcUtMSmhxY0I1?oc=5,Fitness Ecommerce Websites: 14 Store Examples Shopify,UK fitness retail trends,Fitness Ecommerce Websites: 14 Store Examples - Shopify. Fitness Ecommerce Websites: 14 Store Examples Shopify,0.43477502
616,How sustainability focused UK gyms can make big gains - YouGov,2024-09-17 07:00:00,YouGov,https://news.google.com/rss/articles/CBMimAFBVV95cUxQYTlaRGt2YzBDOFo3N2pUWXA5Uk84YUcwSVU1N3hVeDdDSlQ2SEdvNU41QzRMUTU2eW1FUVpkQk9VbGMzaVJnd0Nfa1g4Z1laU1pGaG15eDkxNUlEQWJYZUZXZXFvZWEzQ1kzMXZwT0Z3dGloQjlyWHpGcDJoX2d6TXRHRVNMSEhoeFpWaVYxN01BSmRIXzFhWA?oc=5,How sustainability focused UK gyms can make big gains YouGov,UK fitness consumer technology,How sustainability focused UK gyms can make big gains - YouGov. How sustainability focused UK gyms can make big gains YouGov,0.43437475
337,Active Wear Market | Global Market Analysis Report - 2035 - Future Market Insights,2025-10-27 07:00:00,Future Market Insights,https://news.google.com/rss/articles/CBMicEFVX3lxTFA4WEp5VXZHZEo4UUhlSzItZXlOZHJnX1FGRkNKV0c0a1p0N1A0czVnTGZwRjNmZHNMa0l1SnkxSS1LUWdpV2hyLTRIbE12TzFodVRBcDdGME9KRHNNZ18ybWZOdk5pUC03QUxVb0pYdzA?oc=5,Active Wear Market | Global Market Analysis Report - 2035 Future Market Insights,UK activewear consumer trends,Active Wear Market | Global Market Analysis Report - 2035 - Future Market Insights. Active Wear Market | Global Market Analysis Report - 2035 Future Market Insights,0.43413934
277,When tracking becomes toxic: the potential dark side of fitness technology - Newcastle University,2025-12-18 08:00:00,Newcastle University,https://news.google.com/rss/articles/CBMiakFVX3lxTE0zcEtzaHRLUkdsSFdvdlFqLURxbHh6anhNWUVVUG5ldk1UVThBX2NLWloxNGw1bXBNWkdfREk0eTJpck5NNVUtVDNqY1F0aXlmZF9oU0NXUzltTlZBZzFiRk9qRURGYTZONWc?oc=5,When tracking becomes toxic: the potential dark side of fitness technology Newcastle University,UK fitness consumer technology,When tracking becomes toxic: the potential dark side of fitness technology - Newcastle University. When tracking becomes toxic: the potential dark side of fitness technology Newcastle University,0.43350396
135,From wearable AI to TikTok Shop: how beauty is rewriting the retail growth playbook - Barclays Group,2026-04-09 16:33:36,Barclays Group,https://news.google.com/rss/articles/CBMiakFVX3lxTE0tc1JJUFlkRUdBWXlKV1dNU0JNQ3dmT2doSGNFWUQ4WXFLWVQ2RU9IWmZjam03SE1rN3FvQ0dFQ2ZNNExuNWVKd2NpRWhwZHJ4Qnl3bEpWSFVsNUlkWUZBTzdnbExVRHIyQUE?oc=5,From wearable AI to TikTok Shop: how beauty is rewriting the retail growth playbook Barclays Group,UK fitness retail trends,From wearable AI to TikTok Shop: how beauty is rewriting the retail growth playbook - Barclays Group. From wearable AI to TikTok Shop: how beauty is rewriting the retail growth playbook Barclays Group,0.43308556
601,Championing innovation: 10 sports legends fuelling European innovation - eu-startups.com,2024-10-31 07:00:00,eu-startups.com,https://news.google.com/rss/articles/CBMiqgFBVV95cUxOQ2d5QzVpMHQ5aUJVYWM1clVGaVBVNEhzeGN0RlNVbVU2bUEyX19UNFlQTzVPaUxLbmxsZ0pYRVZQeE1uWDdTUGV3M1hKOU5RSTVMQWJFZVY2QjlULVpIWXJVZ3R2SlJNU05EeGRlWXM0UGVFOFRkZjR2VzJSekphQmVpY1ZhZncwM0tTaGlxTXdrb05ZeERJeU85aVJCVm90cXdtSFJKS05yZw?oc=5,Championing innovation: 10 sports legends fuelling European innovation eu-startups.com,UK sportswear innovation,Championing innovation: 10 sports legends fuelling European innovation - eu-startups.com. Championing innovation: 10 sports legends fuelling European innovation eu-startups.com,0.43301266
362,Sell Sporting Goods Online: Ecommerce Guide (2025) - Shopify,2025-10-03 07:00:00,Shopify,https://news.google.com/rss/articles/CBMickFVX3lxTE1Oa3BXRkE0LWlCdkVfNHZDamZNclNkNVVuQWQ5djlQSTY0LWJ0UExmME1CTmlHVlkwTEl1ZGg4ZGUzQ0oyYllxSUEwelFLS1hIVFJja1pPR1BId0FZYnNuellNWG5YdnZaUElCbXZ5NWpSZw?oc=5,Sell Sporting Goods Online: Ecommerce Guide (2025) Shopify,UK sportswear digital retail,Sell Sporting Goods Online: Ecommerce Guide (2025) - Shopify. Sell Sporting Goods Online: Ecommerce Guide (2025) Shopify,0.43271828
262,The 6 Biggest Wellness Trends Coming In 2026 - British Vogue,2026-01-03 08:00:00,British Vogue,https://news.google.com/rss/articles/CBMiYkFVX3lxTE96eDdyd0RoN3p1VXo2b0hVNXJ3S0lrUTJlcHBPd2VMOGpFczNzUk5neEdYM2RlX19Bb0k4WDUwTDN6VV9PdW1URzhMeDUxX0ktS2IyWkdNVndCY0szWm04QmJB?oc=5,The 6 Biggest Wellness Trends Coming In 2026 British Vogue,UK fitness retail trends,The 6 Biggest Wellness Trends Coming In 2026 - British Vogue. The 6 Biggest Wellness Trends Coming In 2026 British Vogue,0.43209338
84,How UK online casinos are adapting to changing consumer spending habits - London Business News,2026-06-11 07:00:00,London Business News,https://news.google.com/rss/articles/CBMipwFBVV95cUxNMUw0eWxZcEZCM0o1cUpZa3ctU0FhQkNvcFVVR2tGVlNKUm1lNE1WY0hJdm1FRy1nd0daNExQb2M4bkpOZUl4NjFER1V6X2JDaE9lalBRREkzSkhoRmIzRXRubjNWMTdHRE5BYVlfUnVlc2NqUXY4X1h4NnNuVVBaU0xSVG5PMVFKWUwwemZ1WnFiZEJfamc5OVI2YWpPbTN0UnhwWG5PNA?oc=5,How UK online casinos are adapting to changing consumer spending habits London Business News,UK sportswear changing consumer habits,How UK online casinos are adapting to changing consumer spending habits - London Business News. How UK online casinos are adapting to changing consumer spending habits London Business News,0.43199742
235,Fashion Retail Outlook 2026 | Strategy& - PwC,2026-01-19 08:00:00,PwC,https://news.google.com/rss/articles/CBMimAFBVV95cUxPMVR5NVQ4MjJ4QjJISjVTMUJ2VUFlU0RNakZyc1FIbGUyckZHWFljVXAxY0pPSDU4QTYxWk5lMm0yYmU5UnU4Y1VwRmc1b1lJN3lNQi1tRmwtZk9wRUVkWkVLeEpHLUJEOGpQcG9sdkJEQ3pzNHBPeFZEdGxUc3E1OFVzMHJtSDdJTVpQZVBqd3Z4ZDNLeE9zUg?oc=5,Fashion Retail Outlook 2026 | Strategy& PwC,UK sportswear digital retail,Fashion Retail Outlook 2026 | Strategy& - PwC. Fashion Retail Outlook 2026 | Strategy& PwC,0.43161887
511,Social media shopping trends among Britons - YouGov,2025-03-17 07:00:00,YouGov,https://news.google.com/rss/articles/CBMiigFBVV95cUxNMjg2cmxqNFd0Zk9Sc1I5NVpFNzBtSEVpNnM4N0VUaC0xM2hQZXJBMzhvbHpCZF9LQkdXZVJLbEVocHl2RV9ZZkplSjZ1VmFBVDVtTVVXMHFjZzU1ai1wWFpicndMSE9OUDdPSDc2bFM1Y0FqYkR0cXhtamRuaThsX0QxalJaSkwtTlE?oc=5,Social media shopping trends among Britons YouGov,UK fitness retail trends,Social media shopping trends among Britons - YouGov. Social media shopping trends among Britons YouGov,0.43151534
151,"Home Fitness Equipment Market Size to Reach USD 18.99 Billion by 2032, Reveals Maximize Market Research Analysis - PR Newswire UK",2026-03-25 07:00:00,PR Newswire UK,https://news.google.com/rss/articles/CBMi_wFBVV95cUxQVkIwcmlUYXkwUmlpN2ZKRmxlUmFIcWFLdWFHODdLelROaktTRjlreW84S1FBWXc1bktObW5XNjgtZEhyano1dDJjQmJGTjZwRW9ndXFmeldaVWdCc2ZQSHhNY1VlSkNCdVdvWjFNMG9mODhQV0NkN2hxX0Vxb0l1ZlF0OXRTeWRvYV9BaGxveXVNY3hWNXVGZzJUSzBsdGhXTG05NmRQRDU2QkhLbG5hbUx5bTBhVjBuaUJBRWVRUkZxTnUzeHp1U05iTE1rb2FxbjlIVVhLdWFIdUc4czZIamgzVTByUlJfSU5KS1pRdlZuQWRKQXRmWGxreUVFVXc?oc=5,"Home Fitness Equipment Market Size to Reach USD 18.99 Billion by 2032, Reveals Maximize Market Research Analysis PR Newswire UK",UK fitness consumer technology,"Home Fitness Equipment Market Size to Reach USD 18.99 Billion by 2032, Reveals Maximize Market Research Analysis - PR Newswire UK. Home Fitness Equipment Market Size to Reach USD 18.99 Billion by 2032, Reveals Maximize Market Research Analysis PR Newswire UK",0.4309684
492,UK Sports Drink Market Size & Growth 2025-2035 - Future Market Insights,2025-04-09 07:00:00,Future Market Insights,https://news.google.com/rss/articles/CBMihgFBVV95cUxQZGNvQ0lCSElkR3hOaUV6UFRJZE9RVlAtUGdZNHExRVVKYmFTY1YzckprRjk0VkZ5N1FhTTFQc3V6aEU1LWhSVGpBSktLZk11d2JVOFdub1RGcUczcFdzMm1URGVPN0VXUTZzaHNtY2VsaUNWVzREbG1BZnhUcmRCbUMwSTJGZw?oc=5,UK Sports Drink Market Size & Growth 2025-2035 Future Market Insights,UK sportswear ecommerce,UK Sports Drink Market Size & Growth 2025-2035 - Future Market Insights. UK Sports Drink Market Size & Growth 2025-2035 Future Market Insights,0.4303878
388,UK Sports on the rise 2025 - YouGov,2025-09-03 07:00:00,YouGov,https://news.google.com/rss/articles/CBMic0FVX3lxTE05VGpwUDJNTWQ1Rl9BdXl5R1RjQkNiaV9sZVFsMGpmQTQtaUhzeWdyamk4NGY5ZHlmQ1JUWG1SalpVQ21QWlhZdFpRTzZJdlhwUW8wNXBhamprd290SVpGRUpmLWZPUlJUcXBuVnhoRV91VGM?oc=5,UK Sports on the rise 2025 YouGov,UK sportswear consumer technology,UK Sports on the rise 2025 - YouGov. UK Sports on the rise 2025 YouGov,0.43011242
526,Sports Direct launches membership scheme to 'enhance customer experience' - TheIndustry.fashion,2025-02-26 08:00:00,TheIndustry.fashion,https://news.google.com/rss/articles/CBMipwFBVV95cUxPaXl0S1hTS3FzZ3BWT1czcGdMcHByUFYwWGdIYWlJcnNTZ2FJS1RDSlZZUzkxZDZ2SmxuMF9UOF9WcTFFX3hZbG03ZUtkMnZYM1UtV01IN0VXc1owaE9HUmZ3Z3pqU3MwaGdJS2tzYzVHZDZRTVFMcUVrZ2RhVmZ5cGdxa200Q0EyTFhMNjVqMWxuQ2VGcWhPSkp6MkJwWWl0ZnlyYzVzQQ?oc=5,Sports Direct launches membership scheme to 'enhance customer experience' TheIndustry.fashion,UK sportswear digital experience,Sports Direct launches membership scheme to 'enhance customer experience' - TheIndustry.fashion. Sports Direct launches membership scheme to 'enhance customer experience' TheIndustry.fashion,0.42930686
555,The Most Innovative Fitness & Wellness Companies of 2025 - Athletech News,2025-01-31 22:25:03,Athletech News,https://news.google.com/rss/articles/CBMiiAFBVV95cUxOVnpzVU9VU2pBVGVRRkpYaE4zSldXVjVjcXVsNl9TSWJ2ODg1M05mYXltdnJxZXBMRkNVRDd2QUNyRmtBaVhpaEg3TzhZQmNWOTdZcjZmcmM5WFdxUHBlUWdzbHRySVdhX25pU3hOSjctbTlnLWNyTFRkdWpXMUp3UlFSMFFuZFZP?oc=5,The Most Innovative Fitness & Wellness Companies of 2025 Athletech News,UK sportswear wellness consumers,The Most Innovative Fitness & Wellness Companies of 2025 - Athletech News. The Most Innovative Fitness & Wellness Companies of 2025 Athletech News,0.42827398
103,"Sports and Athletic Insoles Market : Global Industry Analysis and Opportunity Assessment, 2036 - Future Market Insights",2026-05-15 07:00:00,Future Market Insights,https://news.google.com/rss/articles/CBMihAFBVV95cUxQeGNFMk5vTHRkVmFZY3d1Sm4wclM1STNGRWllTjFnXzJrVTZxTnZtb3FfamFBWUdBQ083dkc2bHNmb3paY2g1WnhQV0tSQk9rNG5Nd3JfdDlVVVdtTDJmUXBTY21uLVNCUXZNWTJfTFkwZks0MGgwVlNtdzBpOFM0RHlFX0w?oc=5,"Sports and Athletic Insoles Market : Global Industry Analysis and Opportunity Assessment, 2036 Future Market Insights",UK sportswear consumer trends,"Sports and Athletic Insoles Market : Global Industry Analysis and Opportunity Assessment, 2036 - Future Market Insights. Sports and Athletic Insoles Market : Global Industry Analysis and Opportunity Assessment, 2036 Future Market Insights",0.42779475
486,11 startups that could be the future of sport - Global Venturing,2025-04-15 07:00:00,Global Venturing,https://news.google.com/rss/articles/CBMijAFBVV95cUxPWFNlZlVsWXVIVk14MmFpcmFONUVXUGF6TWlpdkY1X292YTdvQ3RGRFlWMy1ueG90UlhSNXVSa19BUVhORmZtaFgzb212dUY3NDAxb2NCanlmWTVTOFBud290M3NRbU5MWGN0X1l3emlpOGdkbmkyVl9nSXV4S3JtZFlRbG5ialpQWnBBSQ?oc=5,11 startups that could be the future of sport Global Venturing,UK sportswear consumer technology,11 startups that could be the future of sport - Global Venturing. 11 startups that could be the future of sport Global Venturing,0.42575973
157,"China Premium Sportswear Market Size & Outlook, 2025-2030 - Grand View Research",2026-03-18 07:00:00,Grand View Research,https://news.google.com/rss/articles/CBMiiAFBVV95cUxNdV9XSFc5VXl5aHpUSFFjLXNmOFlIUU5sVUVYbmxPeXF4RlJHT0pvdkcycDlfejhXUVlGVEd4OVhiTVlVTzliS2xFaURxYnpGWHRaa0Q5Ujh6ck4tNlVraTZRUjk3RHlkc3pyQWNGcGx6a1YzOUNVZlZXclA1THRJRFNfVDRKTl8x?oc=5,"China Premium Sportswear Market Size & Outlook, 2025-2030 Grand View Research",UK sportswear market trends,"China Premium Sportswear Market Size & Outlook, 2025-2030 - Grand View Research. China Premium Sportswear Market Size & Outlook, 2025-2030 Grand View Research",0.4247608
419,Explore the Top 10 Sports Trends and Innovations in 2025 - StartUs Insights,2025-07-15 07:00:00,StartUs Insights,https://news.google.com/rss/articles/CBMickFVX3lxTE1BdWtRblRhT1Zlb242dTlfdWF0RHd5WnE3bWNhY0lTVlBnN3lXamthYjN1Q2NBcEktS1dGMVpWMDhXNFJTRUpaUEd2U1hCRVU0bWNyUU8yaDAtR0dici16SXN0dF9MT2FCWGRQbTlpWU96QQ?oc=5,Explore the Top 10 Sports Trends and Innovations in 2025 StartUs Insights,UK sportswear innovation,Explore the Top 10 Sports Trends and Innovations in 2025 - StartUs Insights. Explore the Top 10 Sports Trends and Innovations in 2025 StartUs Insights,0.4242437
216,"Champion launches ‘Still In The Game’ campaign, marking over 100 years of innovation in sport - Retail Times",2026-01-29 08:00:00,Retail Times,https://news.google.com/rss/articles/CBMiuAFBVV95cUxQbXVXbkZUeWhPaVAzMHJSeXJUTTZuTTYzclVKXzVZaFQ3SWp6b3Z5ZWdpZHdwZ3hxOFVvR0R4MlUtbUZ4aFB5MXhWNUdyaUhwNTl1alEydm5VakpRTnlmTGhqaE0xT0Jybl9aRUEybmhrS0JPMGhUQm9OVlh5TFpqQXlnYXllaG5UblVqMEtBSWxxQ1NXSjFCR1ZJTV9GTVl1dlAxMjFwMWVhN2h6aF9yT1lCS0lydnB3?oc=5,"Champion launches ‘Still In The Game’ campaign, marking over 100 years of innovation in sport Retail Times",UK athletic apparel innovation,"Champion launches ‘Still In The Game’ campaign, marking over 100 years of innovation in sport - Retail Times. Champion launches ‘Still In The Game’ campaign, marking over 100 years of innovation in sport Retail Times",0.42343676
408,Health-Conscious Consumer Trends Drive CPG Market Innovation - Mintel,2025-08-04 07:00:00,Mintel,https://news.google.com/rss/articles/CBMisAFBVV95cUxOSFJSQ09ocmtJcDRWMW1iZjlHbmRBd0J2N2k3eVV3WTVOdDNTSWxHbl8tZnBmQms0dWFIMndIQnZBRkM5RVlDcGUtZGFtaVJKTFM5RjNBLTI1ekt3b1VtdXRZTDFibnFLSDIzaFQtQVMtNm5VX0JuMk5wTU9mdFdxazUtemU5UFUyanVmQ041T2xoTXJCbUFMVTR6RmtRR0p5WnpWUExCdTJZOTdWbEFheA?oc=5,Health-Conscious Consumer Trends Drive CPG Market Innovation Mintel,UK sportswear consumer trends,Health-Conscious Consumer Trends Drive CPG Market Innovation - Mintel. Health-Conscious Consumer Trends Drive CPG Market Innovation Mintel,0.42299908
434,BoF Insights | The New Era of Fashion E-Commerce - The Business of Fashion,2025-06-23 07:00:00,The Business of Fashion,https://news.google.com/rss/articles/CBMipAFBVV95cUxQNl9Odm9UT3dvSV9LVTlqUDZ2VG9UenhBVm03eGlzTFRFNk1MdnRHLWZxV3RCQVk2OFhCc215Z2FhRnRHUHpXd3QtY1FUWlZaT3o5WF9tR0ZuUGVyZEpUbUVfV2pjX1pISlFCZHJ5a2ZnUmwtNjFOekZOTmxUSkJnQUNnLUxBVnVDaXhka3VkNlpDT0ljZHJoNnpiQl8wdFVEV2dWaw?oc=5,BoF Insights | The New Era of Fashion E-Commerce The Business of Fashion,UK sportswear consumer behaviour,BoF Insights | The New Era of Fashion E-Commerce - The Business of Fashion. BoF Insights | The New Era of Fashion E-Commerce The Business of Fashion,0.42196542
693,20 sports tech ideas to invest in now – Class of 2024 - SportsPro,2024-02-02 08:00:00,SportsPro,https://news.google.com/rss/articles/CBMivwFBVV95cUxNRGhDOE1NSUREamZUbWg5LUU5dWlKNk5zUEM3dUp4cnZldkV1Q3RCUE5IVmFELTBkTVNZQzJacThqMVVmc203ZUJSWWVwZE1wQXlvWEdXeEFBWE5CZGZiNUZVMWVubl93WlVrZHVaR01rYWctUk5mRWljNGhuVjluUFl0Vnlmc3ZSX1RhNlZFYlUwdjlhMkE0V3ZSWHI2Y2w3b2tHSXp6VlNjOThWeEFMNjdXZUxsZ2xiVWRyMWZ6TQ?oc=5,20 sports tech ideas to invest in now – Class of 2024 SportsPro,UK sportswear emerging technology,20 sports tech ideas to invest in now – Class of 2024 - SportsPro. 20 sports tech ideas to invest in now – Class of 2024 SportsPro,0.42194343
310,5 It-Girl Activewear Brands You Need Now - Forbes,2025-11-17 08:00:00,Forbes,https://news.google.com/rss/articles/CBMisAFBVV95cUxONmxqcTVFYjZDYVFpTThlUEhiWjhJSTlfVHNMWmxvQTBpbTcyOVlnX1lrcU9seWF2SWdvT1V3ZGFCTExybW0tNXZZRVhxSEFYckhWd2tmUGpPa01HSzZJaDVYSmNqd0tRZ1JmNGZMWUZnRWkyMjNZUGhnWldleFRBR3JaM3dUcXRxQzJweHkwY3U3QXlhTHlqNFY3Y3J1Y1hXRVk3QkpYUGdFaHNfYW5BWA?oc=5,5 It-Girl Activewear Brands You Need Now Forbes,UK activewear innovation,5 It-Girl Activewear Brands You Need Now - Forbes. 5 It-Girl Activewear Brands You Need Now Forbes,0.42158198
557,20 sports tech ideas to invest in now – Class of 2025 - SportsPro,2025-01-31 08:00:00,SportsPro,https://news.google.com/rss/articles/CBMizAFBVV95cUxPTjNOLXlNUlZsUEVNZ1JMNlA3S21ubDlEZEhWMXIyNUQzSU5UY2R2aXFFemhMM3RfVzYtYVNsdzNzYnB6WWY0LThHTW1zeFROcWhGWnBJMjVoRWU4QUlMWTVXLVpxYzJhSURGZ0tfdUQ1YnhhOVlMM01iaG9SZFlVaDFFR1pUaEZjbUR5S2xKMHBkVzdndnFFT3dOWXdSWVhkSWhhT3NVWWZibkcyeWRkSWM5dVBEcVdfSmpUSV9aaXVPREhVNTFLbkEyQ28?oc=5,20 sports tech ideas to invest in now – Class of 2025 SportsPro,UK sportswear consumer technology,20 sports tech ideas to invest in now – Class of 2025 - SportsPro. 20 sports tech ideas to invest in now – Class of 2025 SportsPro,0.4214037
159,"France Premium Sportswear Market Size & Outlook, 2025-2030 - Grand View Research",2026-03-18 07:00:00,Grand View Research,https://news.google.com/rss/articles/CBMiigFBVV95cUxPNkRKYlRQX2RYSl9WRFBQZUpqZ2lHUW5ETGluU3JrVXA3QnpFSl9qQ1JyQXBCdzRISjU1UjlpQU1HNnRLeXJCX0FUSjY5ZloyOXVkNkprd1lnOWtvNHhUeHQxdm1oX3pnSlRCc0hIRTM3WHdHNVgxOV9fZHRfLXBlVm0zYi1qM1lRUEE?oc=5,"France Premium Sportswear Market Size & Outlook, 2025-2030 Grand View Research",UK sportswear market trends,"France Premium Sportswear Market Size & Outlook, 2025-2030 - Grand View Research. France Premium Sportswear Market Size & Outlook, 2025-2030 Grand View Research",0.4206364
326,Fit tech: Can AI Stop Brands From Making Clothes That Don’t Fit? - Vogue,2025-11-04 08:00:00,Vogue,https://news.google.com/rss/articles/CBMiigFBVV95cUxQam5ZeDZoT2hqcFhsT2lKTENSTVMzQzZWRXRjcU9kNmYwU1oydGdydnFrZkdwNGlDakZ0R3F0VXhLTWZIUWU0N0J2OGZkLVpKY1dPQmpqdDdxeFNVR3VsZzJxRDZQUGV5T2pHYW82WFcySm4za0MwcmJ1MG5EaThqaGttcllGajkwTlE?oc=5,Fit tech: Can AI Stop Brands From Making Clothes That Don’t Fit? Vogue,UK sportswear future consumers,Fit tech: Can AI Stop Brands From Making Clothes That Don’t Fit? - Vogue. Fit tech: Can AI Stop Brands From Making Clothes That Don’t Fit? Vogue,0.4201567
257,STREAMED AND RETAIL ENTERTAINMENT SALES GREW FOUR TIMES FASTER THAN UK ECONOMY IN 2025 - Entertainment Retailers Association,2026-01-06 08:00:00,Entertainment Retailers Association,https://news.google.com/rss/articles/CBMirgFBVV95cUxOWTJ2d3ZuUExnVW5kNVpCTGZvSVozU3Y5VmFHZVdCN0pzRkRuQ1ZBZ2hOSmZCeENTOTRKR0FmVWllZF85cEd6X25JYUt0ODRBaW10R1ZJd1dRQ2JxOWxFU2lJTzZLODJZbG5sa2V4YWdSamdLcFJtRlBNdWRDblNzamt0dXh5U2dCM3lyTVl4enZQQ3Q2YS1fWGQwRWVkMHRDdDU1RXJkZ1czVHN1aVE?oc=5,STREAMED AND RETAIL ENTERTAINMENT SALES GREW FOUR TIMES FASTER THAN UK ECONOMY IN 2025 Entertainment Retailers Association,UK sportswear digital retail,STREAMED AND RETAIL ENTERTAINMENT SALES GREW FOUR TIMES FASTER THAN UK ECONOMY IN 2025 - Entertainment Retailers Association. STREAMED AND RETAIL ENTERTAINMENT SALES GREW FOUR TIMES FASTER THAN UK ECONOMY IN 2025 Entertainment Retailers Association,0.41996673
561,UK retail and consumer trends 2025 - Odgers Interim,2025-01-24 08:00:00,Odgers Interim,https://news.google.com/rss/articles/CBMilwFBVV95cUxNME1KWlN2N1JFOWxYU3hwZ3VybEI1WkhmUV9Mb2FPcDdGQjNUMFdsSS1WQ05NVU1RLU1wNDdwcldjMUFQa3RTbWlMcVhYeEpCaXlJek93WjBFQ09OTHdsT3BSMDViYng1eVMxWXhkQ0oxUTU5c2NNc0hEcTNWbE96eHFmSGhsNG41a1Rab1lXNWRxd1Vid1Zn?oc=5,UK retail and consumer trends 2025 Odgers Interim,UK sportswear consumer behaviour,UK retail and consumer trends 2025 - Odgers Interim. UK retail and consumer trends 2025 Odgers Interim,0.41974953
171,20 sports tech ideas to invest in now – Class of 2026 - SportsPro,2026-03-10 07:00:00,SportsPro,https://news.google.com/rss/articles/CBMiogFBVV95cUxPRGxXSThPVlpvbF9uQWg5SHBvTl9Bc05NMXdHcDBRQlR6R3c5TTBtWFFrQlBWQVVTZmhkYl9KMlUzOW1rV2V0bjY3OEpNMlRjT2otZ0cxVlVkdjF6X2N5akNrdVhVc0hSVzBWemExRTNmZFFMclFYUk1JVUpvV1JwbTZJR2dOLWgtUmtUYnk5N3NRcWJ4ZHRkQmp5V1lFeFRIc1E?oc=5,20 sports tech ideas to invest in now – Class of 2026 SportsPro,UK sportswear innovation,20 sports tech ideas to invest in now – Class of 2026 - SportsPro. 20 sports tech ideas to invest in now – Class of 2026 SportsPro,0.41948488
459,'Reformer pilates is the top-searched fitness trend — and we're reinventing it' - Yahoo Finance UK,2025-05-31 07:00:00,Yahoo Finance UK,https://news.google.com/rss/articles/CBMimgFBVV95cUxPYXVETGRQOVlFQnc3R1lhQUdRT3YxM0R0YmxGZjdtS2Y1WjRBSG15aVhnUzVaWmx6c3VDTmllQ2ZMa194Q0FFUGRWM2laMVF6V3JjYkpRVEYwMjExcC1GUFBzMnZCWTFJcXd5WG00TUFORGJaY3dFeHpkYjBnN3BxZFRQUmNpY0FzS2tCeXJIdjNGNU5lZjBobVVn?oc=5,'Reformer pilates is the top-searched fitness trend — and we're reinventing it' Yahoo Finance UK,UK fitness retail trends,'Reformer pilates is the top-searched fitness trend — and we're reinventing it' - Yahoo Finance UK. 'Reformer pilates is the top-searched fitness trend — and we're reinventing it' Yahoo Finance UK,0.4186824
398,Home Gym Equipment Market - Future Market Insights,2025-08-21 07:00:00,Future Market Insights,https://news.google.com/rss/articles/CBMiekFVX3lxTE1UN3lCMVZTSmt4RkRDdXRqVG5XRTdNd3FHaTQ5OXRieXExdjA3RzVJc0F1NDNVOGJLNFYtVWtYWDJncU5RbE5CcERPR1dHbEVQaDdrYVYzRVVkTXhyQVhjQ29zWXAzd0oyR01oczNsVW54RFEzajIwZDRn?oc=5,Home Gym Equipment Market Future Market Insights,UK fitness retail trends,Home Gym Equipment Market - Future Market Insights. Home Gym Equipment Market Future Market Insights,0.41816872
82,"Licensed Sports Merchandise Market to Reach USD 64.6 Billion by 2036 Amid Growing Demand for Official Fan Apparel and Digital Retail Expansion | Future Market Insights, Inc. - PR Newswire UK",2026-06-15 07:00:00,PR Newswire UK,https://news.google.com/rss/articles/CBMizAJBVV95cUxPQXRQUzFtQTZWY2JnQW5zanI1UWNLSGpUeDMwMERyNl9KdzB4TVhQTUlxWTFqLURpd1EtaTZLUWZDODItSGZtMVlWQ0VPSEJKRHVSWEFWMG4xZUNwQ3lBbXJ0YVk4RWRYTlNDcjFDTkZVb0lhdFdBUl9JSVRLejgyQlNKOXVELXJPOGdYN1RNQTdpYkZESWxWRGdnaXY1c3dVZ2hDN2YzSldUSGg2NjV6RmI5SW9uNkI5dHMtejBUS0pOY1JMRlpkUTV3aHA5VE1MNUwtNENDem9IRUp3UDRha3FPUkZJTUFBdmpMczZDbHQ2eU0tcEdDR0JKRlVuc2toRFFNMDY3MDk4Wl9jRERtTk5YVHBtZ01UT094Mk5SaE80RmROdEZuVEFjLUozblpKWjhpYk1HcFZkVHZqX2ZNT1VfcWdaOGpmdWIyNw?oc=5,"Licensed Sports Merchandise Market to Reach USD 64.6 Billion by 2036 Amid Growing Demand for Official Fan Apparel and Digital Retail Expansion | Future Market Insights, Inc. PR Newswire UK",UK sportswear digital retail,"Licensed Sports Merchandise Market to Reach USD 64.6 Billion by 2036 Amid Growing Demand for Official Fan Apparel and Digital Retail Expansion | Future Market Insights, Inc. - PR Newswire UK. Licensed Sports Merchandise Market to Reach USD 64.6 Billion by 2036 Amid Growing Demand for Official Fan Apparel and Digital Retail Expansion | Future Market Insights, Inc. PR Newswire UK",0.4179718
425,Why don't we trust technology in sport? - BBC,2025-07-07 07:00:00,BBC,https://news.google.com/rss/articles/CBMiZEFVX3lxTE9xRlY4WXZjQU50S0QwZ2s2WDlHdDFJYzRnLWdqNzJDbnVrM3RCbTF5WG9sU09yQndSWHpuUlIyTzFRVVFGcUxSMEpRZ3EzN0JXWnF1ai1fR2VjeWFEMGN4aG40Wm4?oc=5,Why don't we trust technology in sport? BBC,UK sportswear emerging technology,Why don't we trust technology in sport? - BBC. Why don't we trust technology in sport? BBC,0.41793767
156,"Brazil Premium Sportswear Market Size & Outlook, 2025-2030 - Grand View Research",2026-03-18 07:00:00,Grand View Research,https://news.google.com/rss/articles/CBMiigFBVV95cUxQRVFwcmhrUkpQd1NnZ29kNHZtZGxHcnJWQUthZDJXbmVQczdCZjVSaXpLMG52cVVOdXFVS0d2ZnYyWlpyMk9hVlExdzNib2NmanhxaEZac0xNZWVsME5sWE0wa1hrd29xTjNYbVB4UWVkR3d0dlVwcXR2cHMxaVlNd2JIN3dvSHdUNVE?oc=5,"Brazil Premium Sportswear Market Size & Outlook, 2025-2030 Grand View Research",UK sportswear market trends,"Brazil Premium Sportswear Market Size & Outlook, 2025-2030 - Grand View Research. Brazil Premium Sportswear Market Size & Outlook, 2025-2030 Grand View Research",0.41747636
487,How Digital Interactive Games Enhance the Experience of Sports Events - Business Matters,2025-04-14 07:00:00,Business Matters,https://news.google.com/rss/articles/CBMipwFBVV95cUxPSmt4ZWJDZnJyVmRtZW5kMWVqdjlRRjF6bHN6NVhaNGpLUE5fd2xLdzBzUjlkREwtZHE0dWJfUlJKQUhsRG5KcjdRMjZfbUppaEUyX05wVWhZa2JpUGc5aGRoYUV2RzlXWl9zNlprVC1MLS16RmdYMFdVQTRhcWpXSWVNMndTUFNNTmJuZGpnWC1ESGlFU095RmZ3VnVuQlo3Q0NiQWkzaw?oc=5,How Digital Interactive Games Enhance the Experience of Sports Events Business Matters,UK sportswear digital experience,How Digital Interactive Games Enhance the Experience of Sports Events - Business Matters. How Digital Interactive Games Enhance the Experience of Sports Events Business Matters,0.41610527
635,10 New Innovative Startups Shaping the Future of Sports Technology - StartUs Insights,2024-08-03 14:56:17,StartUs Insights,https://news.google.com/rss/articles/CBMid0FVX3lxTE45V0JkSk5WR3puT3hpUk1YRXNlT1RLaDRCaGRBVDB6dDdJeXJ1ZXlpLXhwSE5MajVzLWJDSnItWW9lQ1JjQ1l0c0p1VlZFVUo2Q01MeV9UX1ExZ1RnLTJ0U1kxM2twQVZUYTVfMEMzTVpETGQtV1Nz?oc=5,10 New Innovative Startups Shaping the Future of Sports Technology StartUs Insights,UK sportswear innovation,10 New Innovative Startups Shaping the Future of Sports Technology - StartUs Insights. 10 New Innovative Startups Shaping the Future of Sports Technology StartUs Insights,0.4156064
681,Experts in Sport: The sports apparel waste problem - Loughborough University,2024-03-15 07:00:00,Loughborough University,https://news.google.com/rss/articles/CBMinwFBVV95cUxOZUhCYkZaaC1fcXRodjN6UXIwRk83OVgzaUhsQnIwX2w3ZjZhNXpUTlBHSHEzbVpBcXFYT2huN0VuRkJ1WVpaTEpVRGp6eWFuWmVQTGd2T1ROMjNxQTZ4cnlqUnNZTGxUOXFkd3lUQzNtVnZpcG1oQU1lb0h5MFhlcHRxNzJaRUVaYkQ1d2Z2X1ZpU080WGhjU2xvZVRNM2s?oc=5,Experts in Sport: The sports apparel waste problem Loughborough University,UK athletic apparel innovation,Experts in Sport: The sports apparel waste problem - Loughborough University. Experts in Sport: The sports apparel waste problem Loughborough University,0.4148069
114,JD Sports warns of 'muted growth' amid UK consumer spending slowdown - business-live.co.uk,2026-05-07 07:00:00,business-live.co.uk,https://news.google.com/rss/articles/CBMijgFBVV95cUxPNkVYeU1nYjVUS19Sek0yREgza1J3LUlGM1Noa2JCME4zc0ZqUTNDNU11VUF0TjkzbG5mbTh1ZUJjUjNuZy1wODFiZXhzMUd5WGc4ODNhZTdfak4tSGpFaUNLaDl3TW1seFFaTWxqSDQ1Z29jbWg3T1I5ajdLV3RIQWFhT2I2YVZnc2hvVWl30gGTAUFVX3lxTE9qOF9VaTFzSXg2QXhyOUF3VFFYR1ZhVko1VlJ0ZEN1LXJBMXRSekxnLVNTQVlBZkRaMGhfNHZ4WjVCdVA5QWM1Y0thRVR2NmNSR0pGSFA5Qkpsb0pKc09Hc2ppOUhldmJNVUpKUFZ5S3JBcjM1ZnIyWEE2QVNYdVlyMkpLRFQwV0tPdnVyeFBGcTl0TQ?oc=5,JD Sports warns of 'muted growth' amid UK consumer spending slowdown business-live.co.uk,UK sportswear market trends,JD Sports warns of 'muted growth' amid UK consumer spending slowdown - business-live.co.uk. JD Sports warns of 'muted growth' amid UK consumer spending slowdown business-live.co.uk,0.4139619
37,"Europe Activewear Market Size, Share & Growth Report, 2034 - Market Data Forecast",2026-07-17 07:00:00,Market Data Forecast,https://news.google.com/rss/articles/CBMif0FVX3lxTE5mbDYteFEyVkxqZWVyM2V5dE93RTh5QS1RbW10VERKZ3hLUW12enE2el9yWGdLMDRvaDJPUHN4ZHdDQlAtQ0U4bVIwYnlvd0FEalBONnNxN1dNM3VIekUzZWo3bU4xZmlnT2xMQ3JVRWZTV0dNZ0U0Tm12SHU3aVU?oc=5,"Europe Activewear Market Size, Share & Growth Report, 2034 Market Data Forecast",UK activewear consumer trends,"Europe Activewear Market Size, Share & Growth Report, 2034 - Market Data Forecast. Europe Activewear Market Size, Share & Growth Report, 2034 Market Data Forecast",0.41391307
330,The Ultimate Guide to Health and Fitness Tech for 2026 - PCMag UK,2025-11-03 08:00:00,PCMag UK,https://news.google.com/rss/articles/CBMilwFBVV95cUxQUU9vSmNVX3FNeHlqVHRTbFYzODB0UGhSelFIOTlrYl9ZcW5BV2tJczNLTVQ3YU5fZjFHeXEtd0RHZllPRVlnaDdUQU9ValJyM2xnckhjVWJZeE93Qi1qN1h1UEt4U3ZDS1RXUHNEb1FBaVFUM0JUdEhqMzBoUDBSeXdKRTdzODBpXzJRQ1JyRFE4QUZhaVJN?oc=5,The Ultimate Guide to Health and Fitness Tech for 2026 PCMag UK,UK fitness consumer technology,The Ultimate Guide to Health and Fitness Tech for 2026 - PCMag UK. The Ultimate Guide to Health and Fitness Tech for 2026 PCMag UK,0.41388786
56,"Sports and Athletic Insoles Market to Reach USD 8.4 Billion by 2036 Driven by Rising Sports Participation, AI-Powered Foot Scanning, and Growing Demand for Performance Footwear Solutions - PR Newswire UK",2026-07-07 07:00:00,PR Newswire UK,https://news.google.com/rss/articles/CBMi3wJBVV95cUxQQ29NSTJfc0I2b05vOWNjZEVHSXZ2MTZBUTRLVHZQTllnZDFQV0J3dkVXS04yVzdLTTctTk83b3hRYlphZVFYM1ZDQTQyaWNwckFZdjZXYzZ6aUR5MHJpeXY1X1RNdDY5RnE5ZFhEWElFOWRfU2xqQ3g4bUpFYWZEMHo4Y2gydkxvVVhKYl9telF0MXVtRHlaUE8wb2JZazdGX0V5YnpnUElnOTZVRDdBMFRhVEMtRzBMRHVNMDltMTVjeXh1bEhjZFg2NmFWdlhBbGNwTGJXclhIZGdfY1pYVEVMRVY4NDBwaERDekNVamd1MGJyZE1YRDZuSnNZbjhMd21ObHBLWWJvajJOb3d4b0pHTkh1U2hMWGJpLTF4N3ZmS3I4dnZtcW80UlNPRWxrall0dmVzT3k4VXFuQUlrc0FWVlFDeFNBQUFTaDlEUlBfUjJaSTRqdFhVZHpGeEE?oc=5,"Sports and Athletic Insoles Market to Reach USD 8.4 Billion by 2036 Driven by Rising Sports Participation, AI-Powered Foot Scanning, and Growing Demand for Performance Footwear Solutions PR Newswire UK",UK sportswear consumer technology,"Sports and Athletic Insoles Market to Reach USD 8.4 Billion by 2036 Driven by Rising Sports Participation, AI-Powered Foot Scanning, and Growing Demand for Performance Footwear Solutions - PR Newswire UK. Sports and Athletic Insoles Market to Reach USD 8.4 Billion by 2036 Driven by Rising Sports Participation, AI-Powered Foot Scanning, and Growing Demand for Performance Footwear Solutions PR Newswire UK",0.41320562
586,Functional beverage market expands to meet consumer expectations - Beverage Industry,2024-12-09 08:00:00,Beverage Industry,https://news.google.com/rss/articles/CBMiqwFBVV95cUxNa2FTMG5SbUtDRFhvaG41UjVmOHliaTRMQ3l1R3dlVWljRjV3QVJ0OHJWTndkaFBRUjVWTW5tR3dGbmR6OWNXV09HUy15bm9FaEFVRXRiSGJWanBXMHhzSDRCc2xKUzIxS1BWZkNsR1kzUVlrellEUFRZaVNETTB2YmxyM3E4WDJzSkV0bnV2d3hkaGpPaGRPQVo0dFRYeUhXcXk2R3ZzUUZCRnc?oc=5,Functional beverage market expands to meet consumer expectations Beverage Industry,UK sportswear wellness consumers,Functional beverage market expands to meet consumer expectations - Beverage Industry. Functional beverage market expands to meet consumer expectations Beverage Industry,0.41224402
3,Is JD Sports Fashion (LSE:JD.) Changing The Market View Of Retail Stocks? - Kalkine Media,2026-08-05 12:46:00,Kalkine Media,https://news.google.com/rss/articles/CBMirwFBVV95cUxPVGF4bHJUcGRiVjJ5Z1R6cWJMVnFKSTBiWk5fS2ZXTHpBYUkwQm1uN2xvN2xxa1hwbkgzWEVISUxteTNHNVNfUFJaMkRQV1VhT05JMlJPOG90VHd3cmNvYWFzNkM3bUhabEtkdlM5TnlsSURPdmp2Q0xJbl9GQjNQeHVpTUtzdkk3OV90OFBaRjV5Z2VoaWtaU1hJWVY2ZjUyRE9VUUp0U01LRGtSWk5B?oc=5,Is JD Sports Fashion (LSE:JD.) Changing The Market View Of Retail Stocks? Kalkine Media,UK sportswear consumer behaviour,Is JD Sports Fashion (LSE:JD.) Changing The Market View Of Retail Stocks? - Kalkine Media. Is JD Sports Fashion (LSE:JD.) Changing The Market View Of Retail Stocks? Kalkine Media,0.41207126
158,"Germany Premium Sportswear Market Size & Outlook, 2025-2030 - Grand View Research",2026-03-18 07:00:00,Grand View Research,https://news.google.com/rss/articles/CBMiiwFBVV95cUxOVkdtQU5oOWQ1VWw3YWRDWGxCYmFFNFJqSVlOeV9hTlNYVzZEWFMwcTlMMTljeEJyVnY2NjJZNDhXZ2V2dXh3ZjBubV95WU5XSmEzUHlMd2pqSXMyZEVfWmZXc2t1QTNDYkpSOXZzVkRPRTkxSE9ZbVFHc214MGpFQjJiR0NvSnlQWWpN?oc=5,"Germany Premium Sportswear Market Size & Outlook, 2025-2030 Grand View Research",UK sportswear market trends,"Germany Premium Sportswear Market Size & Outlook, 2025-2030 - Grand View Research. Germany Premium Sportswear Market Size & Outlook, 2025-2030 Grand View Research",0.410753
113,JD Sports Rebound Sparks Fresh Focus on FTSE 100 Retail Trends - Kalkine Media,2026-05-07 07:00:00,Kalkine Media,https://news.google.com/rss/articles/CBMiqgFBVV95cUxOQm0yb0tSUHZwcU5xYWVqczloMXJwalBwMkZ6X0l1RUQza0NybVpyWjVlTHRnTlBCXzE4bjdnWHdZaTZ0cTVETVB0T0NCWFI2b0FZMl9COE9EOFdHbVh4S3Nwb2lnLU1kdmJ2MVNEcS1QSjJuRWJYX1Z2Vy1oVXVOY3BMWGZIdEpQMnM5WEVXSmxXNnpkU0ZqMHFxX3M1UnloWG02Mi1YRFVNZw?oc=5,JD Sports Rebound Sparks Fresh Focus on FTSE 100 Retail Trends Kalkine Media,UK sportswear consumer trends,JD Sports Rebound Sparks Fresh Focus on FTSE 100 Retail Trends - Kalkine Media. JD Sports Rebound Sparks Fresh Focus on FTSE 100 Retail Trends Kalkine Media,0.4098965
466,Transforming the stadium experience: How 5G is revolutionising live sports - capacityglobal.com,2025-05-16 07:00:00,capacityglobal.com,https://news.google.com/rss/articles/CBMiW0FVX3lxTFA1Rk1aWUczTS13TldqQlByeTgzMlU4S05HR0t5RmhGam8xYzlyNTdqVy14bVRiM3VBSzRqNU5NcEtULV8waGl6Mi1fZzRrNFFNQ2hDaG83SlZnX1E?oc=5,Transforming the stadium experience: How 5G is revolutionising live sports capacityglobal.com,UK sportswear digital experience,Transforming the stadium experience: How 5G is revolutionising live sports - capacityglobal.com. Transforming the stadium experience: How 5G is revolutionising live sports capacityglobal.com,0.40986532
545,3 Months Of This Trending Workout Transformed My Attitude To Exercise - British Vogue,2025-02-11 08:00:00,British Vogue,https://news.google.com/rss/articles/CBMiaEFVX3lxTE1KWUJpMnBxX2NIS0FoQmlQbTBiVlExcVpEblpYM0VuNkpkdTRtRDVQVkNmcjJTdEdicmpEZFdESXA2LWNSU0tXT0w0RWdoWnRVVFk4YXBWdW9DSkkyTTdaelJJUC02RTVH?oc=5,3 Months Of This Trending Workout Transformed My Attitude To Exercise British Vogue,UK fitness retail trends,3 Months Of This Trending Workout Transformed My Attitude To Exercise - British Vogue. 3 Months Of This Trending Workout Transformed My Attitude To Exercise British Vogue,0.40890756
405,USA Sports Drink Market Size & Trends 2025-2035 - Future Market Insights,2025-08-08 07:00:00,Future Market Insights,https://news.google.com/rss/articles/CBMid0FVX3lxTE5XN2QxX05hekxhTHB4VUJsa3FXUG9ncXhpRUV0RnExX0dGNG96d29nZFJYQ01SRmFoYk1fUzAtZlBrX3M3MkwxLXBDNl9Tb0lKSzQ1TzZtcG9tMDVQVWY2azJDMXA2X0w0V0UtelFqX2FTbm9pUUZj?oc=5,USA Sports Drink Market Size & Trends 2025-2035 Future Market Insights,UK sportswear consumer trends,USA Sports Drink Market Size & Trends 2025-2035 - Future Market Insights. USA Sports Drink Market Size & Trends 2025-2035 Future Market Insights,0.408869
276,The best activewear brands to help you hit your 2026 goals - British GQ,2025-12-22 08:00:00,British GQ,https://news.google.com/rss/articles/CBMickFVX3lxTE1qZDhINEZuSHJWM1lkUXBCcEpWam4zc2ZPVDF1Si1KNDZBWk1tVUxJcUtXdUZ5UnlNZnhYVnU1bk5UMjY4aG5oNDZfLUkxekNjcGVmSUVoaHZCLVdHQzBaOW90VFNLMG9BSVF3MXF3aURRZw?oc=5,The best activewear brands to help you hit your 2026 goals British GQ,UK activewear consumer trends,The best activewear brands to help you hit your 2026 goals - British GQ. The best activewear brands to help you hit your 2026 goals British GQ,0.4079467
381,Premium Outdoor Apparel Market | Global Market Analysis Report - 2035 - Future Market Insights,2025-09-12 07:00:00,Future Market Insights,https://news.google.com/rss/articles/CBMigAFBVV95cUxObUV0WVhiczNOR3VGZlA3aGdZTmk5SEE0MHFsNEFndldIMjhxaTJCRzdvNVlKQ3BkUWJ4RXU2cWRlbXhtX3RIS1VsVHRsYno3ZmM1UEZMVTF5bjgtOVZXUVBsSXhRSFJKamVWMkI5QVJPZEdvTktNNng0a25Pa3I4Rg?oc=5,Premium Outdoor Apparel Market | Global Market Analysis Report - 2035 Future Market Insights,UK sportswear market trends,Premium Outdoor Apparel Market | Global Market Analysis Report - 2035 - Future Market Insights. Premium Outdoor Apparel Market | Global Market Analysis Report - 2035 Future Market Insights,0.407865
4,How Southbook Is Adapting to Changing Sports Consumption Habits - Ubiratã Online Notícias,2026-08-05 12:09:34,Ubiratã Online Notícias,https://news.google.com/rss/articles/CBMimAFBVV95cUxPeVdQMjRNVXdfMkxld0ZlcjFZSGk3bk5MRnk5cndjZGtGc0F6SzQ5TWFQeEliRTEzYUlESGk3Wi1QaXhQaHJTM01rMzVvUGthU2htRVhKY3VRWUwzQWdPekRXVW1qUlI3QVVpY0EwQThTdmdMSFdPU3VqckdYSi1lOWxiZTRDZ2FaRTZIVzJxUXlTQ1cwUGE2YQ?oc=5,How Southbook Is Adapting to Changing Sports Consumption Habits Ubiratã Online Notícias,UK sportswear changing consumer habits,How Southbook Is Adapting to Changing Sports Consumption Habits - Ubiratã Online Notícias. How Southbook Is Adapting to Changing Sports Consumption Habits Ubiratã Online Notícias,0.40759796
636,10 New Companies Leading the Evolution of Sports Equipment - StartUs Insights,2024-08-02 23:16:06,StartUs Insights,https://news.google.com/rss/articles/CBMidkFVX3lxTFAzRlowSHgwY0RYd3ZZdFRzUWNJUTQweHJtQnIzQ0gtcW1tbk9aS0JlYVJTSGZtNlplWFR2MEhSbHZIZVlOeHIxRTdkbGxIM1N1NnNkX01Ra20xQmwxMGdBUFV5SHB1NGFDenpLZmdrOC02cGZIT1E?oc=5,10 New Companies Leading the Evolution of Sports Equipment StartUs Insights,UK athletic apparel innovation,10 New Companies Leading the Evolution of Sports Equipment - StartUs Insights. 10 New Companies Leading the Evolution of Sports Equipment StartUs Insights,0.40702537
698,Nike SWOT 2025 | SWOT Analysis of Nike - Business Strategy Hub,2024-01-13 23:28:17,Business Strategy Hub,https://news.google.com/rss/articles/CBMiaEFVX3lxTE13d0JwNWlCOWcySUxFWUE3VUh6cnNUWlI2ajZ5VDVJQ0VMSUs3b1BJeFl4aWhjZW9VQzZFVWRiWjZYWV9GNzRkTHQwYTFxOExWTEc3dVk4VF9WeUxXbzdoS3RHX3NhMkQ2?oc=5,Nike SWOT 2025 | SWOT Analysis of Nike Business Strategy Hub,UK athletic apparel innovation,Nike SWOT 2025 | SWOT Analysis of Nike - Business Strategy Hub. Nike SWOT 2025 | SWOT Analysis of Nike Business Strategy Hub,0.40647608
307,20 Sports Business Ideas: Monetize Your Passion (2026) - Shopify,2025-11-18 08:00:00,Shopify,https://news.google.com/rss/articles/CBMiY0FVX3lxTFBkSHRZbTdCcjV4dUp1NkY3MzlzQUI4SDRfbERoOTFQbzNiT29UR2p0NWxzWDV3WEJrZ242ZV9NTU51TkZla1c3bkVuN0xnUURKUzdaWlRHd2dBRVJTM044bWh5Zw?oc=5,20 Sports Business Ideas: Monetize Your Passion (2026) Shopify,UK sportswear ecommerce,20 Sports Business Ideas: Monetize Your Passion (2026) - Shopify. 20 Sports Business Ideas: Monetize Your Passion (2026) Shopify,0.4063987
223,6 wellness trends that will change how we take care of ourselves in 2026 - Vogue Adria,2026-01-24 08:00:00,Vogue Adria,https://news.google.com/rss/articles/CBMiUEFVX3lxTE1sZG5GZGJOWUVHYlgtT040ZFpNTWZIUFBldGlxSHd3QjZlUnk0dngwMzZFSFlHUlliVEZveE1DeF9qc2RLTW5lT1VLRkxqbmZT?oc=5,6 wellness trends that will change how we take care of ourselves in 2026 Vogue Adria,UK sportswear wellness consumers,6 wellness trends that will change how we take care of ourselves in 2026 - Vogue Adria. 6 wellness trends that will change how we take care of ourselves in 2026 Vogue Adria,0.40561163
286,Discover gifts made for movement with On – from performance running shoes to stylish activewear - The Independent,2025-12-10 08:00:00,The Independent,https://news.google.com/rss/articles/CBMigAFBVV95cUxNdUJqVGNkcWJzT1JQNTlyUjZlN0FDMmZ5YmVyckViWkNkUF9yTV9jVGpZVnVqdXhrYkZ6eHh4TnRXQUlPYUR1Z19vekNqLXgtYTgxTzFXVVNKeEt4b0NXUGJVRjZya2kza3htUk9PVFpOeTlsYnB6anVKMWJnTWFRbQ?oc=5,Discover gifts made for movement with On – from performance running shoes to stylish activewear The Independent,UK activewear innovation,Discover gifts made for movement with On – from performance running shoes to stylish activewear - The Independent. Discover gifts made for movement with On – from performance running shoes to stylish activewear The Independent,0.404828
431,The Tech Stack: Wimbledon embraces Gen AI in its quest to marry tradition and innovation - SportsPro,2025-06-25 07:00:00,SportsPro,https://news.google.com/rss/articles/CBMirwFBVV95cUxQeVR1Z2xETV9FNVBMclVLU2NBOVNzbUh4NEVSQUt4ZUNRUWlpUGdBamEyV1BLOWtKRnh4VmJGOUExN01OOHlHdGc3b1czX0Y0aHRVd3ZuY1dyZEUwV0xnWUN4TlBBc3FaSHhyYW9BMUJIU05lR2djSl9adGpwY0hGWEVKOG1aMFdNakhDaTlvcU9kb25YSWlOWElwVkROOFg3M0lmQ3hBYlQwQWxrUWhz?oc=5,The Tech Stack: Wimbledon embraces Gen AI in its quest to marry tradition and innovation SportsPro,UK sportswear digital experience,The Tech Stack: Wimbledon embraces Gen AI in its quest to marry tradition and innovation - SportsPro. The Tech Stack: Wimbledon embraces Gen AI in its quest to marry tradition and innovation SportsPro,0.4033866
282,The New Age of Pub Service: How Tech and Trends Are Changing Your Local - NIQ,2025-12-12 08:00:00,NIQ,https://news.google.com/rss/articles/CBMixAFBVV95cUxNeGtPakdZSzFUWkJCbF9CVEhZWS1MTGxKX1BmMzJCeVFnYnBuUDdkeHppajZURTNOUG9LYmZZNmVQZTBNOEpyT05DVVRrWHpRMzhoUFR0SE53aGp5Qml3UzFNU3JaTzBvenltUFk2QTR1QjVOclZCc0hCWm1ZQ2dzTU44R3FDRXozc3FNekhfTEM1czJhTFpKQWZBREJ4TFYxd0U3TXoyeTIwekR5dFpjTlU3aFNaaW5fY2xpdHZyaWR3cHVq?oc=5,The New Age of Pub Service: How Tech and Trends Are Changing Your Local NIQ,UK sportswear changing consumer habits,The New Age of Pub Service: How Tech and Trends Are Changing Your Local - NIQ. The New Age of Pub Service: How Tech and Trends Are Changing Your Local NIQ,0.40300685
611,JD Sports brand profile in the UK 2024 - Statista,2024-09-23 07:00:00,Statista,https://news.google.com/rss/articles/CBMinwFBVV95cUxNYXFXeV9KQ2VBOFBZaUwxdTliQkFCQnhWSE11UGdfMFA2bGFUMXZxRzcwRjJlczJ6UG5ESHBLclRISXpEempLQTRjVUpBTF9LTXpDdTJTS0ZZam9NRlk4THVldnhqZ1g5VllUcklzMXpKQ2tRNzdwTkNFZm9ua3RBdEl0b1dzNzdaNnM1NE1GelpfWnNXOHNrNTRENTRrbWs?oc=5,JD Sports brand profile in the UK 2024 Statista,UK sportswear consumer trends,JD Sports brand profile in the UK 2024 - Statista. JD Sports brand profile in the UK 2024 Statista,0.40210497
695,"UK Accessories Market Size, Trends, Share & Forecast to 2027 - Global Data",2024-01-25 08:00:00,Global Data,https://news.google.com/rss/articles/CBMiiAFBVV95cUxPX21CYnAwMGdsSXc1WWczQ2xWYVhNODQwVWxjVTQ2OHRVRUhxdjNxMEdjdU9kMFRJdTVFdlptaFlQd2V1YjE5SnRMeWNUMEt1ZEVLdmEyaGpJWlhGcEJSN2p3VVN6bW5qeDlYak5vVHN1dUJKem9PQXJ5Tm8xZnFBbVlBZ3ZTcV9F?oc=5,"UK Accessories Market Size, Trends, Share & Forecast to 2027 Global Data",UK sportswear changing consumer habits,"UK Accessories Market Size, Trends, Share & Forecast to 2027 - Global Data. UK Accessories Market Size, Trends, Share & Forecast to 2027 Global Data",0.4019273
287,Dubai fitness industry set for more growth as the UAE promotes healthy lifestyles - Consultancy-me.com,2025-12-10 08:00:00,Consultancy-me.com,https://news.google.com/rss/articles/CBMiwAFBVV95cUxPTzdQUzdvX1FOZllXanpibndlQ2lGQ21saVF3eGxXcEdJLUVfZzhBdXpvTTlpUG1jWTlLRWlkaEdEN0Q3V3dGOXV0Q2JkQlBrN24wOEk0dGZvVFkwTFB2X0JuVzNOaFJzUnY2VzVyb3FpMmE4OXhFTE41Vlk4U3dGUmN6dE96V1dzU251SExUMHBMMVJpdzlfQ3lzdHBocDVnR1cwRkxpYnk1YWtsWmxoVmlYOHE2S01LcXN5Y1R4aVo?oc=5,Dubai fitness industry set for more growth as the UAE promotes healthy lifestyles Consultancy-me.com,UK sportswear wellness consumers,Dubai fitness industry set for more growth as the UAE promotes healthy lifestyles - Consultancy-me.com. Dubai fitness industry set for more growth as the UAE promotes healthy lifestyles Consultancy-me.com,0.40187305
677,"UK consumer VCs: who they are, what they invest in, and how to reach them (2024 edition). - Medium",2024-03-27 07:00:00,Medium,https://news.google.com/rss/articles/CBMixwFBVV95cUxQdG5vQVJlcGstc1Z2ZVRCbnB6YmprMFBXbmRwZ1JxMGtTTXh6N19pSDZvczJPQlpUcE1yUDdVY3J5SXhYWGg0eGdMNzY5ZzRhcnI3SGVkZXhLT182R3Y5TUU3Rk5fUG9jc0hXRy01TEJHUFZVQVdhd196Y3Rld081TjJIaDZQcHg1SXVTZ256Z0o3eEtnbU5DVFpJcXRhR3B3NFNfQzdUc29vNzlEU3o5Z0libW9OcDhRVmFDM1U2QVRzOTUtZHdz?oc=5,"UK consumer VCs: who they are, what they invest in, and how to reach them (2024 edition). Medium",UK sportswear consumer technology,"UK consumer VCs: who they are, what they invest in, and how to reach them (2024 edition). - Medium. UK consumer VCs: who they are, what they invest in, and how to reach them (2024 edition). Medium",0.40176138
625,3 ways JD Sports is driving global growth - Retail Gazette,2024-08-23 07:00:00,Retail Gazette,https://news.google.com/rss/articles/CBMid0FVX3lxTE5sRmZSS3RlZkhOb1VKS0RVMU84MXN5d3UwaG1MTV9KcERTajhFZE9wVEZvSTVKRFpTNUx2MEs1VF9EX2djU3ZYSXpwUGVRV1pETFBkZ2xlc0pJMktzVGNiNGozUmJNejg4cTY2RF81SVdMckotaThV?oc=5,3 ways JD Sports is driving global growth Retail Gazette,UK sportswear market trends,3 ways JD Sports is driving global growth - Retail Gazette. 3 ways JD Sports is driving global growth Retail Gazette,0.4016752
244,JD Sports to allow customers to shop via AI platforms - businesscloud.co.uk,2026-01-13 08:00:00,businesscloud.co.uk,https://news.google.com/rss/articles/CBMikAFBVV95cUxQSHRZenFIS0VyLWFJQTRHRmtXNUREY2JPVjFSdWpzblNjRVNZdTdJUnNrXzk0dkRnTnBFbWRJV21ZWXVOc1R2bjZPWE5zR3lQNVlzcV9WUUhYUjdCUzVaNW1QUnd2eU51RXFnWVBNVnN0UVFzeHhXZ2xWWjJDZ2VqYjJ6ZXUyWXRMdEVnbmkzNHE?oc=5,JD Sports to allow customers to shop via AI platforms businesscloud.co.uk,UK sportswear digital retail,JD Sports to allow customers to shop via AI platforms - businesscloud.co.uk. JD Sports to allow customers to shop via AI platforms businesscloud.co.uk,0.40086353
34,"Apparel Market Size, Share, Future Trends & Forecast, 2034 - Fortune Business Insights",2026-07-20 07:00:00,Fortune Business Insights,https://news.google.com/rss/articles/CBMibkFVX3lxTE10ZGllZmF6c0hVN3NKUllOVHFYVzl3OGJjY21VSm0zMU5EOVdkOWZmRlVVRU9QbDRTdWdsQjlkbVEtb1R0Zkh5bFY3YmpmWTFOTGdmUWplZlcwSVFqVGFrTFlWbHRWYWdoWnJ0UzR3?oc=5,"Apparel Market Size, Share, Future Trends & Forecast, 2034 Fortune Business Insights",UK sportswear consumer trends,"Apparel Market Size, Share, Future Trends & Forecast, 2034 - Fortune Business Insights. Apparel Market Size, Share, Future Trends & Forecast, 2034 Fortune Business Insights",0.4007119
102,Endless Aisle Live: Footasylum talks NewStore retail technology powered omnichannel transformation journey - Retail Technology Innovation Hub,2026-05-19 07:00:00,Retail Technology Innovation Hub,https://news.google.com/rss/articles/CBMi3wFBVV95cUxQMWNOQURiLXc2dnlRdjJGRktGM0dKcml2UUh4Y1MybnJSUVExT0x6dmxtTkJFZUI3WlhKZ21WTnVIWnhBNnFSb0plR1hpeWpESFJXdDdmYUdHSGRycFhCUHF6M0xyc3NyQVZtSFh0YVhobWFMdHloOU5BU1drYldQdktGbGVoOE1mM0xkT01XOXJjUzR1UEFEVGNkLVZla3ZRRUlYUkxZSzBicTB2WGtneTd2alJaT0lMLWdrVGN3RTN3SWthM0ROeTd3SWhENmFyendsRXlZYWdpRS1SQzh3?oc=5,Endless Aisle Live: Footasylum talks NewStore retail technology powered omnichannel transformation journey Retail Technology Innovation Hub,UK sportswear innovation,Endless Aisle Live: Footasylum talks NewStore retail technology powered omnichannel transformation journey - Retail Technology Innovation Hub. Endless Aisle Live: Footasylum talks NewStore retail technology powered omnichannel transformation journey Retail Technology Innovation Hub,0.4004665
74,lululemon brand profile in the UK 2025 - Statista,2026-06-24 07:00:00,Statista,https://news.google.com/rss/articles/CBMirgFBVV95cUxPb3NoRHpkWThpcDVveVZ4VE9SWGRwMm9SaUxpOWFoMDdiVHhmaTlBbHV4QjFWRmd0NjFwc2hMcFpjc19oeGFsYkl1N2FUMzFwdzBMN0VTMWtJOWQ1NnY3RVoxQ2lmdG9JMVJDMTgxSU5NYnZFNEZoZXh2Wkp1VkF3NnV5Z2hxc0l6cXpDZFYtUjlQeUFydVFDZkZtNGR2bHlJdTJXUElmdjRtZHU3RVE?oc=5,lululemon brand profile in the UK 2025 Statista,UK sportswear ecommerce,lululemon brand profile in the UK 2025 - Statista. lululemon brand profile in the UK 2025 Statista,0.3993412
510,Illuminating Wellness: Vitawell reveals new brand identity and strategic direction - Retail Times,2025-03-18 07:00:00,Retail Times,https://news.google.com/rss/articles/CBMirAFBVV95cUxQaURORFM4YjR2NFh4WXVhUXBCTVhBeGJnaEFqN3hfeGlmSDZvb2NCTFkxckpVeGlMczlaU3JxNnFnbU1IUVdYWDZDRjRxU01xbXpCNjc1amdQVkhFTmZDQnNLSjFtUkIzeXpGLU1FS3dNZy1vMTcwWndmREQwTWJXS010SDh0bG40RTJCM3hlMVhLUVNWWGNKUEQ4STFsZTh4Wm9iZmNPRml4M3d3?oc=5,Illuminating Wellness: Vitawell reveals new brand identity and strategic direction Retail Times,UK sportswear wellness consumers,Illuminating Wellness: Vitawell reveals new brand identity and strategic direction - Retail Times. Illuminating Wellness: Vitawell reveals new brand identity and strategic direction Retail Times,0.3990965
516,Champion Data Acquires WORKS to Drive Sport Innovation - Sports Video Group,2025-03-13 07:00:00,Sports Video Group,https://news.google.com/rss/articles/CBMimgFBVV95cUxQN2ZBUGYyVVo3QzFLRTZhQmNoNlMxX0Z6YlhqYlFJaEFDSEdkbWNpWHBaWGh5cW5IMldkT0xqaGZrOU83WXdsUzF0RGlQc1l0aHRBLTU4SGd0R1pUQ3lBXzl1Y3AtazZfcFdLcmQxY3RMd3VIdG43VDliUEctSEpxWnFQQmRtUDdSM1pENkRpbXoteEczaXJUMkdB?oc=5,Champion Data Acquires WORKS to Drive Sport Innovation Sports Video Group,UK sportswear innovation,Champion Data Acquires WORKS to Drive Sport Innovation - Sports Video Group. Champion Data Acquires WORKS to Drive Sport Innovation Sports Video Group,0.3988019
7,John Lewis launches new fitness and wellness concept at Oxford Street store - Retail Bulletin,2026-08-05 06:50:27,Retail Bulletin,https://news.google.com/rss/articles/CBMi1gFBVV95cUxNa0E3V0tkQmRpTUs1dDRNSFMzYkRrclpfVHRWRnN0SWowV0dpbm1FWjdKZ3pfX013bkVTUTU2ZUdDQXhYMHh2dXgzdmNEYzNHNnc0Njc5ZEV4bUhpakRIUkFmcHpfVGhXdVJNcXk4Q2JOaVAtbTZHb3lrVERubnBubElNM1dXVjVnTU5ZZFBHTjVJN0dITnV1aVctdlBlSkNKb0RqZW1yRThVY1R5UnJlN0VnUE5pWVRpSGRxUmQ2bHlDTXZpTUdEOEhaR1E3dktOcnZRcnBB?oc=5,John Lewis launches new fitness and wellness concept at Oxford Street store Retail Bulletin,UK sportswear retail technology,John Lewis launches new fitness and wellness concept at Oxford Street store - Retail Bulletin. John Lewis launches new fitness and wellness concept at Oxford Street store Retail Bulletin,0.39871654
644,"IBM Study: Fan Engagement and Consumption of Sports Shifting, Reveals New Opportunities for Technology Integrations including AI - IBM Newsroom",2024-06-26 07:00:00,IBM Newsroom,https://news.google.com/rss/articles/CBMi9gFBVV95cUxNeHNUZ3h4RWpwR1FaQXRMMnkwMVVsQURTdmtwWHdNbWR5eEpqbTJPNVhSV2UwbGNQZWtnQzJIQWlYd0NFMXhpSEkxV3VlVkFmSGxaOGg4ZDBDXzY3MElhZkIxc3VWRy1BUWZIcVFTajFmWHhBZmw5dW91c25vbWFmNHVmb0tPbzJZd3ZZWUlaMElCcUdRcU1yc21PaFp4c2JQNmhpSFFXNzNfMExpbWRPd0dRUGIxOHc1Ynd0Z2dQLTJ5UzZvMlRFZUcyWk1DX2pVZ3J4Z0VHS01UNzJxNXpzNHBuQWRQRXRLQ0E1cXBwZjFueDM3X3c?oc=5,"IBM Study: Fan Engagement and Consumption of Sports Shifting, Reveals New Opportunities for Technology Integrations including AI IBM Newsroom",UK sportswear consumer technology,"IBM Study: Fan Engagement and Consumption of Sports Shifting, Reveals New Opportunities for Technology Integrations including AI - IBM Newsroom. IBM Study: Fan Engagement and Consumption of Sports Shifting, Reveals New Opportunities for Technology Integrations including AI IBM Newsroom",0.3983832
67,"Sports drink Market Growth, Analysis, and Outlook by 2035 - Market Research Future",2026-07-02 07:00:00,Market Research Future,https://news.google.com/rss/articles/CBMieEFVX3lxTE5nZUdUeXhBZDdGMUFnUXUtNXg5NlJLQmN2RWd2T3NQSFU3ZkRRbzFjY21yaVV0SU9wMUpFN3BpakgxNWRXQ0ZQaDEwNDl6akloSml2anF5c0tRNTdNOUtvQk1JVTVscnllMm03eFZjbGVoUWRLSGtjUQ?oc=5,"Sports drink Market Growth, Analysis, and Outlook by 2035 Market Research Future",UK sportswear consumer trends,"Sports drink Market Growth, Analysis, and Outlook by 2035 - Market Research Future. Sports drink Market Growth, Analysis, and Outlook by 2035 Market Research Future",0.39822757
455,How activewear brand LSKD keeps its startup culture - hcamag.com,2025-06-03 07:00:00,hcamag.com,https://news.google.com/rss/articles/CBMiuwFBVV95cUxPcnVjQnJtVGZBMEVuYm5CNW5CaEVGWlJrY1lSVDZQMzZiTHBhOF9aNDR4Sm5QN19SSGZvUzZLeVhSSEx4LS1GTWxGUFB6SEdLa0RuX215Nmc4TGJySmZld0hLWDhpTVh4RVZTYlFCZTVYMll5QzFyTmxGdUZTOXBJZkJTenVvNjR5TWg3dkR5NTliTjEwVHVNV0NKcVduajNPZjlvcDBiRHltYng0Z1Y0ZFZHVFRvenQ2RG1B?oc=5,How activewear brand LSKD keeps its startup culture hcamag.com,UK activewear innovation,How activewear brand LSKD keeps its startup culture - hcamag.com. How activewear brand LSKD keeps its startup culture hcamag.com,0.3980335
132,"In the Longevity Era, Recovery Tech Is the Next Brand Opportunity - Vogue",2026-04-14 07:00:00,Vogue,https://news.google.com/rss/articles/CBMimgFBVV95cUxQNzZYbzBocWk2WjhFRlB4dnJTVHJ5UmNjbVhBcFo2OGxEU2xyX2M0dVpuMDIwLXBBQ1M1aHB6SGFHaDZTT0NkSVlOc0xHRWg1RkJSbS1WbE5KaXRJcUhOYXViQ0pmMFp5WUhBT0o0eXhNNm56cXZWSlpEWHJyZUttRUFwNjItWGFBRFJxNTNwLWhuZzBPaTRHMFpR?oc=5,"In the Longevity Era, Recovery Tech Is the Next Brand Opportunity Vogue",UK athletic apparel innovation,"In the Longevity Era, Recovery Tech Is the Next Brand Opportunity - Vogue. In the Longevity Era, Recovery Tech Is the Next Brand Opportunity Vogue",0.398004
566,The Interior Design Trends To Know In 2025 – And What’s On Its Way Out - British Vogue,2025-01-15 08:00:00,British Vogue,https://news.google.com/rss/articles/CBMia0FVX3lxTFBGS3VUc215M0NodlZ2TUJzX1JQOE01NFdwUUlnSE9ZOXhfQ1VHdC1ucGpUdGdzV3BuSm9CTGZ5TXpYbjVTVzlxeUM4Ullydk8wUlFYd0o0eVVQLWtMLXdSNTdxMVZ0TUdtb3V3?oc=5,The Interior Design Trends To Know In 2025 – And What’s On Its Way Out British Vogue,UK fitness retail trends,The Interior Design Trends To Know In 2025 – And What’s On Its Way Out - British Vogue. The Interior Design Trends To Know In 2025 – And What’s On Its Way Out British Vogue,0.39740098
147,Which Activewear Tribe Are You? A Beginner’s Guide To Gym Identity In 2026 - Grazia Daily UK,2026-03-31 07:00:00,Grazia Daily UK,https://news.google.com/rss/articles/CBMidEFVX3lxTE1EbUNsUXZGWkRhUzl5MW00Z3pScXltTHBNOGdHRFRoTHpHVmhSa20xM2haaTREUXVjVmdUT0JLM29YSGF6WEFVVGVlMFJQU1J6eVZta2kzVmlldTdRNlFoeUlMNm5JenZZUm9fSy1IYnRCQ01C?oc=5,Which Activewear Tribe Are You? A Beginner’s Guide To Gym Identity In 2026 Grazia Daily UK,UK activewear consumer trends,Which Activewear Tribe Are You? A Beginner’s Guide To Gym Identity In 2026 - Grazia Daily UK. Which Activewear Tribe Are You? A Beginner’s Guide To Gym Identity In 2026 Grazia Daily UK,0.39708006
433,Hibbett Sports launches new ecommerce site and app for its kids products - Digital Commerce 360,2025-06-24 07:00:00,Digital Commerce 360,https://news.google.com/rss/articles/CBMiqwFBVV95cUxPU3ZMT2R4d2g0TUdlOVdyay1wQl9iSndyQWVKZnJVbGhMaE1yMDJ6cXNTSkhXa3B0SW02bkJzVUdhTEVPMlhsRTBMWk9Yci14ZlFJSVJleVNlYmcwTzlfc2taZTVtMGc5UWptTFJiMUNydnRGY0FtQ0V2Nmt2OUh2QnRLdDlYcmxnNjd5MDdkWURfY0MwTTNKNDNjcGJjUFlXemFfa2EyR196czjSAbABQVVfeXFMUFhUaWt4clNKTVVVX3RhTTdSZnlPRWpVcFBEdXE2dXpNX2ZZTzFUSFNra0RfQXFHN3lWQW04bGRSdXhYeWVWUnFVdzFVZ3ZPTWRFQ252UEhrZngxRGd6NHRVODRDU05qVmlDUlk0S1JGckh5R05peTdUc0NscTQxVGNGeG5udkFqcW9kSGNfZXdDVjk3cmNfY2JKYzNwcU5EbFg2b0VscTFFMks5TWpjYUo?oc=5,Hibbett Sports launches new ecommerce site and app for its kids products Digital Commerce 360,UK sportswear digital retail,Hibbett Sports launches new ecommerce site and app for its kids products - Digital Commerce 360. Hibbett Sports launches new ecommerce site and app for its kids products Digital Commerce 360,0.39626843
289,How active are Brits? A look at the nation’s exercise habits - YouGov,2025-12-05 08:00:00,YouGov,https://news.google.com/rss/articles/CBMinwFBVV95cUxOSjF6bmd3ZU91NkNhb0xqNnlZSUU1aExiYWtQNU9mZzFVR3p2djBWUXJBcEZJNjUtWmlIWHlFZXdoc05TMFpzQkxYZTRkNUNQdFhIeWJPSWNWWWFUeHVxa0NWSmMzN2lMMUQ1cUxyLV9NWk9PV0ZjdkRGNkJJczFRWFpvcjZpS2hxMEJoWlRkazBjOVFYbGFza1pQRnF3STg?oc=5,How active are Brits? A look at the nation’s exercise habits YouGov,UK sportswear changing consumer habits,How active are Brits? A look at the nation’s exercise habits - YouGov. How active are Brits? A look at the nation’s exercise habits YouGov,0.3960599
456,Nike in China: A sportswear giant’s journey back to the top - Daxue Consulting,2025-06-03 07:00:00,Daxue Consulting,https://news.google.com/rss/articles/CBMiVEFVX3lxTE4yU1g0LXZvSVNzX0xicmZsSGloWWdNbDQ3c2sxc3FjVW54b09vZ0laSzFWUGQ3U2JPbmxYa2w4UERXamZTQkRQR2s4OHpvaXBIVkhZcA?oc=5,Nike in China: A sportswear giant’s journey back to the top Daxue Consulting,UK sportswear digital retail,Nike in China: A sportswear giant’s journey back to the top - Daxue Consulting. Nike in China: A sportswear giant’s journey back to the top Daxue Consulting,0.3954872
111,FY2026 revenue up: JD Sports shifts focus to efficiency over expansion - Sporting Goods Intelligence Europe,2026-05-07 07:00:00,Sporting Goods Intelligence Europe,https://news.google.com/rss/articles/CBMixwFBVV95cUxNd004RWNGTS16WnFOUTJUSzBFb0xucXlOakFxYzIzemtPLXpDYnY0QnltSXQ1bC1ORks0dmhCY3dmNDdOX3AzNXpsSDE0V1MxdFRLQzNvVWtJQ1ZsYVZ5ZWhHV05sd2dsNXhzN0JDcldTNzBrMUZUY0IzNTZ6aVhtaVRvbXV3SXJzbHdtUmNDQnVWUjlCWndheE5WM3ZWS1JhX2lJYlJ3TkthMDlqSUtsQlVhRjRnREpGdGczRzRQaXRSbDJjYnl3?oc=5,FY2026 revenue up: JD Sports shifts focus to efficiency over expansion Sporting Goods Intelligence Europe,UK sportswear changing consumer habits,FY2026 revenue up: JD Sports shifts focus to efficiency over expansion - Sporting Goods Intelligence Europe. FY2026 revenue up: JD Sports shifts focus to efficiency over expansion Sporting Goods Intelligence Europe,0.3952695
577,Trust Us - These 14 Wellness Trends Will Dominate In 2025 - Marie Claire UK,2024-12-21 08:00:00,Marie Claire UK,https://news.google.com/rss/articles/CBMiekFVX3lxTE9zRURid09hTmY1Slk5cFVwQThxdWo4M2ZpckN2cFBJWkx3T3dTTW80YUROTTJ4QTJzSXhOMFZfeWdSZUp0ZThHQVdLRk96NGxBczdzNjd1dE9Yd2pfYmRkMDNkTEw2N3VETlNFZ3ZaelRGeVB6d3VvQ19B?oc=5,Trust Us - These 14 Wellness Trends Will Dominate In 2025 Marie Claire UK,UK sportswear wellness consumers,Trust Us - These 14 Wellness Trends Will Dominate In 2025 - Marie Claire UK. Trust Us - These 14 Wellness Trends Will Dominate In 2025 Marie Claire UK,0.39508986
166,The UK health and fitness sector - Savills,2026-03-12 07:00:00,Savills,https://news.google.com/rss/articles/CBMia0FVX3lxTE9IcFNvcHR4ZXFNTU42Y204MUUyT3Jtbk40eTNiNm52Q1phbHlpcW9OaTZnRFQ2WjU5RV94YmN0VjVlb1BTX1RVRTNtTjZSSmI4TlFDa01nd1FTaUMwRnY2bUxFM0dlSTVoaGhZ?oc=5,The UK health and fitness sector Savills,UK fitness retail trends,The UK health and fitness sector - Savills. The UK health and fitness sector Savills,0.394679
222,Fashion Enters Its Wellbeing Era - The Business of Fashion,2026-01-26 08:00:00,The Business of Fashion,https://news.google.com/rss/articles/CBMiwwFBVV95cUxQRnBLUF9oaWo2MnNYcnVfSGMwRVY1Uk91VG15b0s4TUpSbnVmRGNSLV9faUNSQlNoREJoZ1RJcjhJY0dCczZsczFMbnI0WFZfV2Uwa2lUMDdMa3NGbE44QTFmNTJWTi1ENlBuT1prNDBWV2RnZEdVQ2dHb2hKSlUxZjFVX01JVGZ5a1VVZk5BaGtpbnhWMnIyTXJOdXIxTnpuVUN5TXdLZUhQb2w1SXBJWEZ3VzRKNHd2dzdkY2NyVzVhaFU?oc=5,Fashion Enters Its Wellbeing Era The Business of Fashion,UK sportswear wellness consumers,Fashion Enters Its Wellbeing Era - The Business of Fashion. Fashion Enters Its Wellbeing Era The Business of Fashion,0.39463162
255,Circana to Launch POS Market Measurement for Consumer Tech in the UK - Circana,2026-01-07 08:00:00,Circana,https://news.google.com/rss/articles/CBMiugFBVV95cUxPclJPTVVPNkhIZTQ1Vno3cFVhWW5ZejdwY1ZzSHhqVG52UFZLT1ZhRUdVbVlXZmtSc2dzYjYta1BOSmExQUxObkU0RTc3Wlc4THFvbDc0WXgwaDg1SEFtWFR6dFpWQjhpWVEyQ3RIQk9Ga1hyMHU3dzFmc0dDaTRRNU9wcnVBLURlM2dDU3otTTcwNFJLdkNqejVmcXgxMlktYXA1WE5ncVk5ZzU1Z1JudkZnZ3JrQ0FReGc?oc=5,Circana to Launch POS Market Measurement for Consumer Tech in the UK Circana,UK sportswear consumer technology,Circana to Launch POS Market Measurement for Consumer Tech in the UK - Circana. Circana to Launch POS Market Measurement for Consumer Tech in the UK Circana,0.39451355
676,Top Trends in Global Apparel and Footwear in 2024 and Beyond - Euromonitor,2024-04-05 07:00:00,Euromonitor,https://news.google.com/rss/articles/CBMinAFBVV95cUxPUkNmc3ZtSnYxcFlJU1pOYmlXSUF1VENsRTJkNTBFNEhtcmkyeG1EVS00TjhFeGhMellRZ0RUdXZpNkIzZFVmN2Uzb3lOd1hfZWZ3WXczekgtc1hTVXhiNWVqaFRMTmg4UEU2ck1zX1NLVzdoR2tXaEpGOVc5UEw2R2tjRE9WRjZtejJfckhZZ0hhNEVMcDN1TkdEZUE?oc=5,Top Trends in Global Apparel and Footwear in 2024 and Beyond Euromonitor,UK sportswear consumer trends,Top Trends in Global Apparel and Footwear in 2024 and Beyond - Euromonitor. Top Trends in Global Apparel and Footwear in 2024 and Beyond Euromonitor,0.394098
20,John Lewis takes on the fitness boom with new Sports and Wellness departments - John Lewis Partnership Plc,2026-08-03 08:00:58,John Lewis Partnership Plc,https://news.google.com/rss/articles/CBMif0FVX3lxTE5kQWdpdmphQXBMa0I3bWxKTG05ZWVwUmE4THN5YXpFc25CeVlGYmktdGNQU3AyMXVqVXNOUDFQUUlHUTZQb1ZIX1JnY3JqMWRIcC1BT3d2RHlwM054ZExlS0cySnFMNGZralcxLWoxMklEblpDOHJEbFlnU2hpUlU?oc=5,John Lewis takes on the fitness boom with new Sports and Wellness departments John Lewis Partnership Plc,UK sportswear digital retail,John Lewis takes on the fitness boom with new Sports and Wellness departments - John Lewis Partnership Plc. John Lewis takes on the fitness boom with new Sports and Wellness departments John Lewis Partnership Plc,0.393919
311,The State of Fashion 2026: When the rules change - McKinsey & Company,2025-11-17 08:00:00,McKinsey & Company,https://news.google.com/rss/articles/CBMifEFVX3lxTE9ndVBlLTlsYy1uTjJ3eWhmWXRPcHYyckpRM0hHMnJieUR0UnF5UGNjczZOTDNuTVI2Z3lIUEZpektKamtkdXEyY204dVlJQ09wVGpkTG5kM1ZibVpzNXU4MXNZSmxRZkpFYjUxQlJsdjVhNTFoTV9QREZodWU?oc=5,The State of Fashion 2026: When the rules change McKinsey & Company,UK sportswear consumer trends,The State of Fashion 2026: When the rules change - McKinsey & Company. The State of Fashion 2026: When the rules change McKinsey & Company,0.3939122
285,‘Get ready with me’: how beauty brands can win in sport - The Drum,2025-12-11 08:00:00,The Drum,https://news.google.com/rss/articles/CBMimAFBVV95cUxOdEJ3X1N6MVdYWWp2aFZFY3BVdTlSbFJDMVpSdTdSQ05WR0NlbjhUSTZwZlBsakhMemw5ZEJXdUdfLWRKNG1LbS1STnY5eGYxU2pUQTMyc3lJbVl3Qm92OEhlR3UySnROYWJzSkpTNmdXYWMta3FKTDFzU0ZHRG84cmEzNG9IMlMwTVpJZ0ZkaGpvUC1FdDU2RA?oc=5,‘Get ready with me’: how beauty brands can win in sport The Drum,UK sportswear consumer behaviour,‘Get ready with me’: how beauty brands can win in sport - The Drum. ‘Get ready with me’: how beauty brands can win in sport The Drum,0.3936783
594,Sportswear Is Set for an Epic Showdown in 2025 - The Business of Fashion,2024-11-20 08:00:00,The Business of Fashion,https://news.google.com/rss/articles/CBMiuAFBVV95cUxPd3JTUWdCUS1sS0ZlbndzM0djRk5YMnBFZzAyUGU5QTRPR2xBMnZpYWZHQUd0QVNrbjlaQ1ZmaDBabVFRajNJbVprd183TXJRekNEN1BTMWkxem1EaGowNG1YYms0SVUzbC16NlRKM3ZBYm5GdUxxN29WT3hiRE5aMEt5SDlUeWM5TUx6cnBYUEQ2bDF0MjhJdTE2ZU9mUUt1eXBsMkZHRnZERW5iU2Q4OW82TURJR2cz?oc=5,Sportswear Is Set for an Epic Showdown in 2025 The Business of Fashion,UK sportswear consumer trends,Sportswear Is Set for an Epic Showdown in 2025 - The Business of Fashion. Sportswear Is Set for an Epic Showdown in 2025 The Business of Fashion,0.39364406
308,"Sports Direct plots a long, slow expansion in Australia - Inside Retail Australia",2025-11-18 08:00:00,Inside Retail Australia,https://news.google.com/rss/articles/CBMimwFBVV95cUxNYUFwRU0tZ1JYaTdOSmpLRUFyU211NU9Fa3RjeDVkU043V08xa1ZtSVZtNTJUcXVSUFJidzdQQnc4blZPb2tuWmRLRTlZcUxyMzJ0ZkVoazJsY29URUd3MG44RGJGWXdWV2JaT2xlTTlZMmZfTmNkbHZzU2ltUUM0M2xIdm5ScXJEb1ozSnQ5THhPQWpPVzVMTW5mYw?oc=5,"Sports Direct plots a long, slow expansion in Australia Inside Retail Australia",UK sportswear digital retail,"Sports Direct plots a long, slow expansion in Australia - Inside Retail Australia. Sports Direct plots a long, slow expansion in Australia Inside Retail Australia",0.39275682
567,Generation Alpha: How Fashion Players Can Target Tomorrow’s Consumers - Euromonitor,2025-01-13 08:00:00,Euromonitor,https://news.google.com/rss/articles/CBMipgFBVV95cUxPUUtyMGFIUlhFbDJMY2otSktNcFRZMHpPdlpTXzhLVTZMV2RJM0ZIM09vV3hoaTJ0QS1OUVRHTjVaeDFiRG5sR0dEZGdtVmdUakZCODdDR1FFcnRnbG5VV0JkVFB1OEE5T3J0bERXa0NUbEtyb0tBUXVEYXRQMzNCSlBER3hLaHJoMXJ0aGEtVXZXYndGeHVoMXRXTzlJTEZhY0pzRXhB?oc=5,Generation Alpha: How Fashion Players Can Target Tomorrow’s Consumers Euromonitor,UK sportswear future consumers,Generation Alpha: How Fashion Players Can Target Tomorrow’s Consumers - Euromonitor. Generation Alpha: How Fashion Players Can Target Tomorrow’s Consumers Euromonitor,0.392488
450,New Zealand Sports Tourism Market Size & Trends -2035 - Future Market Insights,2025-06-06 07:00:00,Future Market Insights,https://news.google.com/rss/articles/CBMihAFBVV95cUxOLUZ6RDV1VWVoUGs4cldfQUlHb2ZpU0M4STR2MkNkS3NaYlhGU0xEMTJLTlFQNjdCdV96UEF2ZTM0dmc5MG8tMkE2dGNnNkc5clRvYnF1dUJMaTRpSUtJQ3lzSzhTS2xzWFZ4UXROVENRbGZYMEcxcVRMMGMxWm1kbEV0eVo?oc=5,New Zealand Sports Tourism Market Size & Trends -2035 Future Market Insights,UK sportswear consumer trends,New Zealand Sports Tourism Market Size & Trends -2035 - Future Market Insights. New Zealand Sports Tourism Market Size & Trends -2035 Future Market Insights,0.39228964
522,Sporting Goods 2025—The new balancing act: Turning uncertainty into opportunity - McKinsey & Company,2025-03-04 08:00:00,McKinsey & Company,https://news.google.com/rss/articles/CBMijwFBVV95cUxPVTNkOVVCU2VvZGEwMHBSSWpqUnFuTTZOM3NLZHhMbWY5dE8xTUZkVjVFNDltcjB0eDNjdW1WQjVXR190bFdBa3VLTzVJZElXckZuNXNzbkt4V1FuYldjSTZHZkwyLUFSbVRGdWUwWTNzM3JpV0RCb2VkbTk2UklHZFBQdUVlOUtOTlRnS3EwWQ?oc=5,Sporting Goods 2025—The new balancing act: Turning uncertainty into opportunity McKinsey & Company,UK sportswear consumer trends,Sporting Goods 2025—The new balancing act: Turning uncertainty into opportunity - McKinsey & Company. Sporting Goods 2025—The new balancing act: Turning uncertainty into opportunity McKinsey & Company,0.39219227
300,JD Sports lowers full year outlook amid challenging market conditions - World Footwear,2025-11-21 08:00:00,World Footwear,https://news.google.com/rss/articles/CBMitgFBVV95cUxQUDY5MUNVY3BtajJWTXotNWhVRTN1d09FYVJSRVZxd24tYmFoUHQzaDBQNE5PWm45WTdySzlmOU54VmpoTmNmZjRYN2c3dzE4TGtXTnV1cF9ETGlOSGVZdmR5alpVV0RUcWJTUUs4MURNT3l5dDFMYzBzS1k2cFp5cTgxXy03ZWs5QnpQcW5nNDhQWFE3aktYMDFrYm56NTVWa0kzdGN5ejBrSFNiSmxVSlB2MFh4Zw?oc=5,JD Sports lowers full year outlook amid challenging market conditions World Footwear,UK sportswear market trends,JD Sports lowers full year outlook amid challenging market conditions - World Footwear. JD Sports lowers full year outlook amid challenging market conditions World Footwear,0.39212286
78,Digital Consumer Trends 2026 - Deloitte,2026-06-17 07:00:00,Deloitte,https://news.google.com/rss/articles/CBMiiwFBVV95cUxQYmd6VjdIem9UbDgzWXJPdWp5WklQUE5YUEpGVkZaQ0FkZUdyNVNHNXNPa1ZaZzNvQ0ZnR1NfdVVOMklfV1Q0NWwwSlowckg1aDJNLTVXQmsxOU5QZV96TmlOU1JuWDhPbVg3cE5VUTFTSjRFVE5OM293RG5SdExmVktfSUl1ai1fRnFN?oc=5,Digital Consumer Trends 2026 Deloitte,UK sportswear consumer trends,Digital Consumer Trends 2026 - Deloitte. Digital Consumer Trends 2026 Deloitte,0.39028364
49,"Sports Nutrition Market Trends, Growth, and Forecast - 2035 - Market Research Future",2026-07-10 07:00:00,Market Research Future,https://news.google.com/rss/articles/CBMifEFVX3lxTE82NUxIWS1FakJSMUh0MnZVYi14cGR4UmJCZWliUUk2Z0pVa2p5VkNyb3o4VkRzSHgwcUhqUlBkM1BOR3duVWJ0YUZJaW15SWtIa0lPaHFHRzhHNE1vYmRiWEptcHFTNFNNeDBmakhDdXNfazdoSG0yUHVlcC0?oc=5,"Sports Nutrition Market Trends, Growth, and Forecast - 2035 Market Research Future",UK sportswear consumer trends,"Sports Nutrition Market Trends, Growth, and Forecast - 2035 - Market Research Future. Sports Nutrition Market Trends, Growth, and Forecast - 2035 Market Research Future",0.39027667
436,"China’s green economy: Redefining sports, wellness and consumer habits - Jing Daily",2025-06-21 07:00:00,Jing Daily,https://news.google.com/rss/articles/CBMinAFBVV95cUxQOF9NRlhXbHhwVmszdmFBRW02QU5CcHhPZDBGTTFkV1hLWG4yM1ZrdmgtQUd3MFZDYkxlTkxGZkdQTkFRZnVZajlSQ3pCNTEwQS1qSWZLZi0zbDNpYW0wME1Kd1p3MElheThXTkthb0tiSTBCODhwTU5wT2x3TkJHQ29SZlZMTWhYZkVGR1dKQV9qMGwzRHhXYkRBcjM?oc=5,"China’s green economy: Redefining sports, wellness and consumer habits Jing Daily",UK sportswear changing consumer habits,"China’s green economy: Redefining sports, wellness and consumer habits - Jing Daily. China’s green economy: Redefining sports, wellness and consumer habits Jing Daily",0.3893516
550,Performance sportswear brand Castore teams with GXO to support its logistics operations globally - Retail Technology Innovation Hub,2025-02-05 08:00:00,Retail Technology Innovation Hub,https://news.google.com/rss/articles/CBMi3wFBVV95cUxPcV9rVmpfUFoyMnByQ3laZW9Jd2V2Q2VHS1lzeEVrLURFT0RZM3pUSlhfQnphY1NFSjJ4Vk12MlJFS1pucTRTSnliTmZJSEJCUndVSmdwNXRHREtYU2RraUV2OHRPQndqdEhERkJMd0Y3SERqUC15R1dTVDBvQWN3cmo2aDFzZUprWHdheTVLM3cwT2otcVlMNDdYcG5wN2hLekdJSmVxU3U2cHFrVnBHcUFTQUxPRndidHFEeW8zRUJCek9Ga29abS1mcEdkUWROX2E1Q3pJa1pFUXA4Wk5v?oc=5,Performance sportswear brand Castore teams with GXO to support its logistics operations globally Retail Technology Innovation Hub,UK sportswear innovation,Performance sportswear brand Castore teams with GXO to support its logistics operations globally - Retail Technology Innovation Hub. Performance sportswear brand Castore teams with GXO to support its logistics operations globally Retail Technology Innovation Hub,0.3890692
53,Revenue of the sports & outdoor industry in the United Kingdom from 2017 to 2030 - Statista,2026-07-08 07:00:00,Statista,https://news.google.com/rss/articles/CBMipgFBVV95cUxPTFhKZHBYcjlfT2NQSGctNkJQUGVZN1RYVlBmdm5jRnl5Z1drRWZNd1ZxQWN2SmZTdUdGaktUTWU2VXN3cVRsYVRncy1aUjFCNTZPaW84MkFCQ1lxWU8wSU94SW10bGhIV3BMZkMyWV80eWlQUFNzYmtGQjV6MVVqUVA0bUpFVmlVVFhXbXFWdXA4STZ4cDNCbS13OXE3cWhkQkJZeVdn?oc=5,Revenue of the sports & outdoor industry in the United Kingdom from 2017 to 2030 Statista,UK sportswear ecommerce,Revenue of the sports & outdoor industry in the United Kingdom from 2017 to 2030 - Statista. Revenue of the sports & outdoor industry in the United Kingdom from 2017 to 2030 Statista,0.38855073
633,JD Sports Israel enhances in-store shopping with new digital kiosks - Retail Insight Network,2024-08-12 07:00:00,Retail Insight Network,https://news.google.com/rss/articles/CBMid0FVX3lxTE5fcTdpVHNjMndLamxKTkJlWGFHdDhBa2szTDR2STk2VzdHc2Ixc3o0NDVIbGExZXQ1bHlhOXB0SXhqQzVnQ3pHc1Jhemd3VjIzZWNGejdxSWNSVFFQLWQ1NTFxMUR0SHVCNjhtd3R2MGNGbzZVNGpv?oc=5,JD Sports Israel enhances in-store shopping with new digital kiosks Retail Insight Network,UK sportswear digital retail,JD Sports Israel enhances in-store shopping with new digital kiosks - Retail Insight Network. JD Sports Israel enhances in-store shopping with new digital kiosks Retail Insight Network,0.38855064
507,Australia Sports Drink Market Size & Trends 2025-2035 - Future Market Insights,2025-03-19 07:00:00,Future Market Insights,https://news.google.com/rss/articles/CBMif0FVX3lxTE5Dc0UxeWU3LW5jMEVyWG5fSEVlS2xLN2V4OGdkSFlKY0ZfTFRXUU41ZmZkVlRveDU1eEhHNE1IVlpFVVFYdlRCbDNXS19pbTRWdlV4U3A3NjlxRGwyWFk0N0dCZi1UMUx0T1J3OGJmSVNhSTlEWVlONUlfdU9FQ1k?oc=5,Australia Sports Drink Market Size & Trends 2025-2035 Future Market Insights,UK sportswear consumer trends,Australia Sports Drink Market Size & Trends 2025-2035 - Future Market Insights. Australia Sports Drink Market Size & Trends 2025-2035 Future Market Insights,0.3882392
457,Women’s sports retail takes center stage on Regent Street with SOOO pop-up - fashionunited.uk,2025-06-03 07:00:00,fashionunited.uk,https://news.google.com/rss/articles/CBMiwgFBVV95cUxNUXg0bWZ5bHNXVEkwVFFuM2tyLXpkZXNva0dvdXBBOGJCOHpfNjhSSEpZNTVRWXRjSTQwOHpXWGRuN1pwMUxhdnhKaTdJZnJEa1VkR0tFcThvOVFfZndLeDhzeUFCd2E3TGtNcHk5R3RQRHRZcGlzYUpXc3pvTE1mX3NVQW9OYlFabkxGQ1ZhZzE1bmdEdTR5VmFZWmROR2c4bS1ObmV3Y2s2WF9UenhKY0kwcVdQUjRqUGhRLVloNWhuQQ?oc=5,Women’s sports retail takes center stage on Regent Street with SOOO pop-up fashionunited.uk,UK athletic apparel innovation,Women’s sports retail takes center stage on Regent Street with SOOO pop-up - fashionunited.uk. Women’s sports retail takes center stage on Regent Street with SOOO pop-up fashionunited.uk,0.38779306
632,JD Sports Israel teams with WeDev Technologies on complex and rewarding launch of new in-store digital kiosks - Retail Technology Innovation Hub,2024-08-12 07:00:00,Retail Technology Innovation Hub,https://news.google.com/rss/articles/CBMi8gFBVV95cUxPRi1fc0JNUDBGQjlORjJ6RTllaXBBQXl5ZkZIWE5RUzNTWTlPVWVYUk9DTVFyZGtMMG1QRHZzei1sUjM0aUNuUUxDUC13TVhxRmxpZkExR3c5dDQ0MmZycEFDZy1aTS1xbkVMUE5jSE05TkVYY2VBdlpsV2c3NmlEd1dmSjhJQjVYbGdpTWVVM0NWTDFSUndYSjR0bm5Nb1FTUVNiQ1loV2twVXJPYl9BTmVrN2h3dVE2TVBSVVRQcU9SdkdGRThWdjFScHQwdUo2b0tfQXBRTnpjRnFEcDU4alZvZVZWeUtlZmp0cnljMU5nZw?oc=5,JD Sports Israel teams with WeDev Technologies on complex and rewarding launch of new in-store digital kiosks Retail Technology Innovation Hub,UK sportswear digital retail,JD Sports Israel teams with WeDev Technologies on complex and rewarding launch of new in-store digital kiosks - Retail Technology Innovation Hub. JD Sports Israel teams with WeDev Technologies on complex and rewarding launch of new in-store digital kiosks Retail Technology Innovation Hub,0.38756675
506,Research shows that Brits prefer to shop in-store vs online - Home of Direct Commerce,2025-03-19 07:00:00,Home of Direct Commerce,https://news.google.com/rss/articles/CBMinwFBVV95cUxQNnlTeEhqVDJ5SnZmaVF1TVAwMGdDRXJKRUlkY0h5XzNzUFBGcEZPMGJTVFVWeW5pNGdVNDdzYXdoZVlxcmVfaVRLMXd5aGdKRVQtZlZSSUdLQlFaNm5YeGVTWDhxVnhteElmaDFBdDQ1dllUaU5sX2U2bDd6UFJoYXM1Smo5THcxRjg0c2tNNDNwYlZKWEhJUTRHQlZDQVU?oc=5,Research shows that Brits prefer to shop in-store vs online Home of Direct Commerce,UK sportswear consumer behaviour,Research shows that Brits prefer to shop in-store vs online - Home of Direct Commerce. Research shows that Brits prefer to shop in-store vs online Home of Direct Commerce,0.3870201
454,Energetic sales | In focus: Sports and energy drinks - Talking Retail,2025-06-03 07:00:00,Talking Retail,https://news.google.com/rss/articles/CBMiugFBVV95cUxPd19kV2FyYVFFVFg2bGloQzhDejVJcEpmODc2RlFpTEV1WVdoRjlsYkc4bVIyNkFWeThsZmNmUGhuei1JRFdRSWNTUnh0SThiTWVodmpINTNybnE2bHJpd2JZWXdyLWpJaGNaR1dpM25rUE9XVmpIbGs4cTA4eHV0R3lhZWpucHg2VS1BTlRxd0lRRDBPTWlycmxUNFJtUDFsYjY4bU5HbGdvNHBJcWlyZ05rVWNVYzZiY2c?oc=5,Energetic sales | In focus: Sports and energy drinks Talking Retail,UK sportswear wellness consumers,Energetic sales | In focus: Sports and energy drinks - Talking Retail. Energetic sales | In focus: Sports and energy drinks Talking Retail,0.38676095
238,JD Sports to enable direct purchases through AI platforms - World Footwear,2026-01-16 08:00:00,World Footwear,https://news.google.com/rss/articles/CBMipgFBVV95cUxOVTFOM005clBLUllZM3p5UnJBb1dSRHZFdi11cHJOZWh3X1RKWVY2OEppcWJVZmJSUlhxaDZGWU1lT0Myd3hRRm1HUnhuVkx6b1dETm5lbmlaNXAyWEc0aElNTHBNZXR0U2xOS0hGcWoweTB4MVhRNkFBV3NCWVBHb0hjaXpCUUpOeXc3VlZmUnV3OFNRN3cwTllhVFlxRm9GWlN4ZmZB?oc=5,JD Sports to enable direct purchases through AI platforms World Footwear,UK sportswear ecommerce,JD Sports to enable direct purchases through AI platforms - World Footwear. JD Sports to enable direct purchases through AI platforms World Footwear,0.38624352
141,"Sports Event Market Size, Trends, Share, Growth Analysis, 2035 - Market Research Future",2026-04-06 07:00:00,Market Research Future,https://news.google.com/rss/articles/CBMiekFVX3lxTE1ubm9ZT2x6akJDV3JyMmFXQVQ1a0w0UHFjaGRYa1Zybl9YSGxmbkNHSHB2cGZTdUNWMEIxTTdWVE5CZ2pVYmFHNWVyTjYwNlptMDJJWGtGS3hHYlFNZTdmU2pTQ0RpSkI2S01YRWRGTFQzTV9NNnQyUmRn?oc=5,"Sports Event Market Size, Trends, Share, Growth Analysis, 2035 Market Research Future",UK sportswear consumer trends,"Sports Event Market Size, Trends, Share, Growth Analysis, 2035 - Market Research Future. Sports Event Market Size, Trends, Share, Growth Analysis, 2035 Market Research Future",0.38619727
309,JD Sports launches first campaign on UK’s largest OOH site at Victoria Warehouse in Manchester - Retail Technology Innovation Hub,2025-11-17 08:00:00,Retail Technology Innovation Hub,https://news.google.com/rss/articles/CBMi3gFBVV95cUxQZUhwUkxtbTdhdXcxZXdBQ2M0MGthNUJFSFBoODZFWl81LVFRazRHemtKQTNPc0V2c3NsZ0RwUFhvbzdIS1JROUdrR2dkRFFNYWJVVU53Z0xtWmtjemlZNGFUc2llaUotOWZ2V3F2ZXowU0RzQnpqSHREdUctaVdxbWxTTFhlX2loNHUxSjl4RW1nb2xvRjRQYXg1SzJyVmFRbzlLbHZYV1loUEkyZ3A1R2VKV2MxaFNGZkNiQi1VUlVmbXhwM09CTlUtMGw5QWIzbjlCMmVNdzZwTktYREE?oc=5,JD Sports launches first campaign on UK’s largest OOH site at Victoria Warehouse in Manchester Retail Technology Innovation Hub,UK sportswear innovation,JD Sports launches first campaign on UK’s largest OOH site at Victoria Warehouse in Manchester - Retail Technology Innovation Hub. JD Sports launches first campaign on UK’s largest OOH site at Victoria Warehouse in Manchester Retail Technology Innovation Hub,0.38616997
115,Wearable patches: How Barrière is trying to disrupt the supplement industry - CNBC,2026-05-06 07:00:00,CNBC,https://news.google.com/rss/articles/CBMifkFVX3lxTE5BTk9SdVVMb3AxdHgyZDlmRVdraWN3QXJaZmtFVV9fbnhrUnYzemVVc2lBc1V3eWtMWXVldjE5Sm5HT3d0eXR2TlJBSEpscUxVU3Z6R0JTbW1TX0dSUUZCcGlUNXlxV3FCTlJ1TkU3elNCWkd5UHhxVXVjd3p3d9IBgwFBVV95cUxNNVMxYzNTUS1YSUVDbWhKOHRjZVh0RkFnY0RuN1hXVUNFTjJmYXNxREtJX04yLW5ERFhxQWctdXNCUk5KdTVmVjdfWmRKM3lndXRsUEFkak9aVHphTGZkd3AtVjg1ZkYxZTBzM3M2NlAyZEt2cjY4MG1WZFpHVU1IX2lKYw?oc=5,Wearable patches: How Barrière is trying to disrupt the supplement industry CNBC,UK sportswear wellness consumers,Wearable patches: How Barrière is trying to disrupt the supplement industry - CNBC. Wearable patches: How Barrière is trying to disrupt the supplement industry CNBC,0.38601708
531,TNT Sports becomes the new home of bikes in the UK and Ireland - britishsuperbike.com,2025-02-20 08:00:00,britishsuperbike.com,https://news.google.com/rss/articles/CBMisgFBVV95cUxQNVZ3UTFUcTV3QVE0VG9FSXRrM05NSm5wM0hHZlVtWDZnY1NXSDdZem9HNDh6MTlZUXBzU2ZhanlYaDJZa1J2TlhRZUNFUnlrTHozYjZpdGF5RXFyLVBzcko0aUlMT0prX1pWR3lSU1R6X0NOcF9OQnUyZ2FITUkxZlQzTE5rWUhaNFlvaUduNVRTX3FBdFNqZXpqaFhwdUJaM1RQTHgtN3FCYjVzcE1XcnJB?oc=5,TNT Sports becomes the new home of bikes in the UK and Ireland britishsuperbike.com,UK sportswear digital experience,TNT Sports becomes the new home of bikes in the UK and Ireland - britishsuperbike.com. TNT Sports becomes the new home of bikes in the UK and Ireland britishsuperbike.com,0.3856414
515,Consumer Trends in the Online Grocery Retail Industry - Mintel,2025-03-14 07:00:00,Mintel,https://news.google.com/rss/articles/CBMihwFBVV95cUxOSHFKTkVUX21rR1dRNFJSRkREY1doR29Jd1FvRWFudVJwWWRjcERlRWhSc2pYMzloc1poZFVXaDZWSThXME1GQ1oyUWVDeTZ0Um1xSU5rTTRRaVVXbGtiaDFlTmVJZzJyRVJuaTM4b3p2cFQzQTZaa3JQbUQ3NU1ZLXAtZ1hsOUE?oc=5,Consumer Trends in the Online Grocery Retail Industry Mintel,UK sportswear consumer behaviour,Consumer Trends in the Online Grocery Retail Industry - Mintel. Consumer Trends in the Online Grocery Retail Industry Mintel,0.38434356
556,Health and wellness trends boost supplement industry: 11 deals - pehub.com,2025-01-31 08:00:00,pehub.com,https://news.google.com/rss/articles/CBMijAFBVV95cUxQNEdEYXA5TVpnYUh1NlB4dnF0WndjV0JRejlMNUwtYzZFS1hObDVtSEFUQWtONzBqcE9OR0syQkk4TXFRc3VWbjFnbnBaR3VmUkJwSlNLdHYxcU5yZVBMLWtQM0hIWXZfbms3SUJ1bVhIaklWV0xkWmFFSUxhUjc4SVJ4bmtUUjNDLUcwdA?oc=5,Health and wellness trends boost supplement industry: 11 deals pehub.com,UK sportswear wellness consumers,Health and wellness trends boost supplement industry: 11 deals - pehub.com. Health and wellness trends boost supplement industry: 11 deals pehub.com,0.384324
505,USA Sports Tourism Market Size & Trends 2025-2035 - Future Market Insights,2025-03-19 07:00:00,Future Market Insights,https://news.google.com/rss/articles/CBMihwFBVV95cUxNQTd1Rm9BRzFvRzhLSHU2WGlFSlJpTXpzSnFtUmZvT2d2SkY3VzYzUmJCN1pFTFprTXNaT1BPdjdRZnU4RzVYZVdIcElzY2p0eTU0UzhDRllvN0NRdG10YUloNHg2WXNhMnd1ck8xU3M0c1E3bEdUTG81Tm90SEVNcXdXSnllUG8?oc=5,USA Sports Tourism Market Size & Trends 2025-2035 Future Market Insights,UK sportswear consumer trends,USA Sports Tourism Market Size & Trends 2025-2035 - Future Market Insights. USA Sports Tourism Market Size & Trends 2025-2035 Future Market Insights,0.3835778
609,"The sportswear boom at Fashion Month *should* be a good thing for diversity and representation - my unfiltered thoughts, as a Health Editor - Marie Claire UK",2024-10-04 07:00:00,Marie Claire UK,https://news.google.com/rss/articles/CBMiiwFBVV95cUxQdFZOWU1RWHROVVg4TTFaVHlVOV9nWDZIbkFhcmNIdDNFSWYxRUwxdG1Nd19uNmNqN0pYdjF5X1hFbnJodGhZYUY2Zm54aERydGhXbjByeTlNQ1g4RTBTWEg3aXQwWGIxWFlYLVdqMG5udS1BUFpmWFdMN3FBdkRnYlAtSjlVTjU2Z1RF?oc=5,"The sportswear boom at Fashion Month *should* be a good thing for diversity and representation - my unfiltered thoughts, as a Health Editor Marie Claire UK",UK sportswear market trends,"The sportswear boom at Fashion Month *should* be a good thing for diversity and representation - my unfiltered thoughts, as a Health Editor - Marie Claire UK. The sportswear boom at Fashion Month *should* be a good thing for diversity and representation - my unfiltered thoughts, as a Health Editor Marie Claire UK",0.3825778
243,JD Sports launches AI commerce in US - Sporting Goods Intelligence Europe,2026-01-13 08:00:00,Sporting Goods Intelligence Europe,https://news.google.com/rss/articles/CBMikgFBVV95cUxPTXhaZ2VHYk81RzdFcFljX3hvdzg0UTZzYldBQlV4ZU96T1A2MXJIeUJRbXVmMmxZY3RxbS15RHpvYV94UG9iU2xHODJMdjJCRS1tMTZZWEp5Zm4zRUtzSEVmQWZoZjRWeFNFeXJ4LWVCSzAwMXhOVFhIYVJrcmlnR1pJaHFnYnJmQVZ0dnQ1NEhEUQ?oc=5,JD Sports launches AI commerce in US Sporting Goods Intelligence Europe,UK sportswear ecommerce,JD Sports launches AI commerce in US - Sporting Goods Intelligence Europe. JD Sports launches AI commerce in US Sporting Goods Intelligence Europe,0.38210082
493,The Future of Sport - Deloitte,2025-04-08 18:27:00,Deloitte,https://news.google.com/rss/articles/CBMirgFBVV95cUxNWlNnWVRPYXBlZG9aTGVBRzI0ZTZaWmk3ejdJZm0wNEttZVpZa1pTUWtnU3NWMGR2WjVIOTBvUEVWbDFsczFJVHl5SjRXVWlDd2xfRGZDZE9YTjBLSUI2QzJoUjdNRG84QXNEc1hVN01CTThKSDc1ZGNfaHpnOTQyYjUtMnlRQXdZZTBldWR5V2Q0QTBvQV9SVU4tX3ZiRlhTVUJ5azVRSGJ0U0VUWUE?oc=5,The Future of Sport Deloitte,UK sportswear digital experience,The Future of Sport - Deloitte. The Future of Sport Deloitte,0.38190365
646,Nike and Hyperice join forces to create innovative recovery products - mensfitness.co.uk,2024-06-24 07:00:00,mensfitness.co.uk,https://news.google.com/rss/articles/CBMiXkFVX3lxTFBBN0VkZElhTVdiT25rN3JTWHZSd1NoMG9PNzlWZ1pNV3RicnNkSnhldXVnamlUQzZYUDFzQlYyUzJYUXc5RWhha0Z6SUJBcGNoYTdOTzVMalpGQnZHSUE?oc=5,Nike and Hyperice join forces to create innovative recovery products mensfitness.co.uk,UK athletic apparel innovation,Nike and Hyperice join forces to create innovative recovery products - mensfitness.co.uk. Nike and Hyperice join forces to create innovative recovery products mensfitness.co.uk,0.38095307
474,Liverpool’s Continued Push Into Sports Business Innovation - Poets&Quants,2025-05-06 07:00:00,Poets&Quants,https://news.google.com/rss/articles/CBMiggFBVV95cUxPWnFIQ0l1YWdqMjBrTkNrS3NyamluZFZLdHB1dW1ISDFkQlNCYjk3Njhsby1tTng2Ry0yUW5pd3l0VjJhWHRncFM2VkV3U3lYcmtNVndZMVphSGwyUWU5VjRMSEVpV1M5WUQ1Nk5jZUVDbDlxc0stbV9XUm9KbzVfaWF3?oc=5,Liverpool’s Continued Push Into Sports Business Innovation Poets&Quants,UK sportswear innovation,Liverpool’s Continued Push Into Sports Business Innovation - Poets&Quants. Liverpool’s Continued Push Into Sports Business Innovation Poets&Quants,0.3809373
130,Nike introduces interactive AR mirror experience at JD Oxford Street - FashionNetwork France,2026-04-16 07:00:00,FashionNetwork France,https://news.google.com/rss/articles/CBMitwFBVV95cUxNSVo1VE42T1VzX29vdTROQUM4SllzYkFoZ3FiRnVEc0x3d2RfS3g1WGxNUzJzNGUzeERvOUx0elRWd3VJZlotN3FxRG9kVmdhcl9nZVNJWW1MczFSVHFiRjE2d2VkWUN1ZktLQkY1c3BXYVR0cEtwMVBqZFRGU1BqeXFvNFpzRWZZVk4ya1JxSXZ4TE9FMHB4OWRFWmhCTmY0NEpFbjdNczFyVkhZclZicGlRX3lERzQ?oc=5,Nike introduces interactive AR mirror experience at JD Oxford Street FashionNetwork France,UK sportswear retail technology,Nike introduces interactive AR mirror experience at JD Oxford Street - FashionNetwork France. Nike introduces interactive AR mirror experience at JD Oxford Street FashionNetwork France,0.38080305
123,I tried 2026's biggest wellness trends - and these are the ones that changed my life - Glamour UK,2026-04-27 07:00:00,Glamour UK,https://news.google.com/rss/articles/CBMib0FVX3lxTE83LW54UF9JY3dxaFpQOTJ4Zlg1VXgzN2o3RlBBd3VCVlp6Zk01Vm9tVjNRVXdEQ3B3TGwyakhodVVBUzZ3V0lIWldpVDRaTDdFWVp5TUxjejhFWUpnRTMzZjRoUDFyb0FWTUpiaXNodw?oc=5,I tried 2026's biggest wellness trends - and these are the ones that changed my life Glamour UK,UK fitness retail trends,I tried 2026's biggest wellness trends - and these are the ones that changed my life - Glamour UK. I tried 2026's biggest wellness trends - and these are the ones that changed my life Glamour UK,0.38076046
121,Fashion Insiders Rely On These Activewear Brands For A Reason - ELLE,2026-04-29 07:00:00,ELLE,https://news.google.com/rss/articles/CBMihAFBVV95cUxNNW9udjVXcUpBLU9GR01LUG5seXJjbmpRM2JqNUY5QUFDc3N1emd4akt3OTU3bFUzXzlPZzItSG9QWThPVFFuTjBKNG1YLWZtTTdDX3NxckhJbWl6dk9QVm5XcVNkc1M0UkhhRVIyTGtwS1hqTl9QMXpuQ3k5LTN6TXRuRW0?oc=5,Fashion Insiders Rely On These Activewear Brands For A Reason ELLE,UK sportswear market trends,Fashion Insiders Rely On These Activewear Brands For A Reason - ELLE. Fashion Insiders Rely On These Activewear Brands For A Reason ELLE,0.38047945
231,JD Sports rolls out RFID to modernise inventory management across Europe - National Technology News,2026-01-20 08:00:00,National Technology News,https://news.google.com/rss/articles/CBMirgFBVV95cUxPRU5xMHlOVGlZRDhTcjNRTjVnSk9ubXFXWXh1S01rVEdhb0hlakV6S0NEbWg4UzkxUlptR1JuSXBDcnRCbll4RjRaaFplX1hUeURfRFlfWmg3Wkh2d0JrQ1lBN3ZQQ1ZfMG5FMzMyZlZLMWNaMXFnZ01BeWNFOTlDejdBamNVZWg2VUsxNnNUMGZIbENwblhrdjRIUmJEMlFfMUxxT1JQNzZNRHR3amc?oc=5,JD Sports rolls out RFID to modernise inventory management across Europe National Technology News,UK sportswear emerging technology,JD Sports rolls out RFID to modernise inventory management across Europe - National Technology News. JD Sports rolls out RFID to modernise inventory management across Europe National Technology News,0.38037616
11,John Lewis takes deep dive into sports with major new zones in key stores - FashionNetwork - The World's Fashion Business News,2026-08-04 11:48:24,FashionNetwork - The World's Fashion Business News,https://news.google.com/rss/articles/CBMivgFBVV95cUxNelNaT0lYTnpiTTUwal9oVVZlMy03RGR2OEdrQlJTRFRuNVhSY1U1NkM3UmNacGZqZ0ZxT0dqZG9lZ2VmRU5MenFlR2Q4endZdFFfME9iX1FVQjlfSGMtTDZtaUJhR3pTVUhXazFidkg1OTJsSHp6M0ttQnhEVERpN2E1V1pTalRJZGZTT2tNcTI3WFZTWFg3NjN6Znhqa0dlOF9iVmZ1cEUzR3NiTVEzNndMdzhTUmFyZWZrYjFR?oc=5,John Lewis takes deep dive into sports with major new zones in key stores FashionNetwork - The World's Fashion Business News,UK sportswear retail technology,John Lewis takes deep dive into sports with major new zones in key stores - FashionNetwork - The World's Fashion Business News. John Lewis takes deep dive into sports with major new zones in key stores FashionNetwork - The World's Fashion Business News,0.38005117
562,"Nike 24.7 Apparel Collection Delivers a New Standard of Comfort and Athletic Style — NIKE, Inc. - About Nike",2025-01-23 08:00:00,About Nike,https://news.google.com/rss/articles/CBMigwFBVV95cUxQd21pVFJSQmMyWHRYMnZaVVB0a29xSWxOcW5JaHZFenZFbkhZNWl1TEZJcmRETV9pVENGbzBNcmU4MlZTQ2xSbXBwbXNYVk5YY01BcXRJR1d5TTg5c2R6RUw4WDJIUW1MOXBod3QzclNGNGpmWkJvOTI4SU9SVFY3bVFzVQ?oc=5,"Nike 24.7 Apparel Collection Delivers a New Standard of Comfort and Athletic Style — NIKE, Inc. About Nike",UK athletic apparel innovation,"Nike 24.7 Apparel Collection Delivers a New Standard of Comfort and Athletic Style — NIKE, Inc. - About Nike. Nike 24.7 Apparel Collection Delivers a New Standard of Comfort and Athletic Style — NIKE, Inc. About Nike",0.37964565
574,Editors Predict 7 Fitness Trends to Watch Out for in 2025 - Men's Health,2025-01-03 08:00:00,Men's Health,https://news.google.com/rss/articles/CBMid0FVX3lxTE9VaEo2QUVTMjhWTXlTNjQ2LVBLQzBVMEg4NmkxLUhpaElpX0RPY1dZY0ZBWVc1QjRjUGJ2MkdyQVA4Y05fNXh3VVRoZkd6YmNSdlhFS3ZXSGNJZVh0UW5iTW9GVEZuOWpiVU1tUzRPOURCanpkU2Fn?oc=5,Editors Predict 7 Fitness Trends to Watch Out for in 2025 Men's Health,UK fitness retail trends,Editors Predict 7 Fitness Trends to Watch Out for in 2025 - Men's Health. Editors Predict 7 Fitness Trends to Watch Out for in 2025 Men's Health,0.37953466
572,"These are the best activewear brands for 2025, according to our fashion editor - Women's Health",2025-01-06 08:00:00,Women's Health,https://news.google.com/rss/articles/CBMigwFBVV95cUxNZlY2aVktUkNsTURLNS1Ndk43eDRrUmMxSFNWRFRYQnVSdkYweWU4WjhoczFpYUVMdWU1UjlLS3NaSENJU1ZQQjFUcGZIekR1M1hQeE02a0ZvV24xSThrcUJOcnZqZk82SE51RmpFOE5aMWRieVpmWVBJOHBVeDY5V016NA?oc=5,"These are the best activewear brands for 2025, according to our fashion editor Women's Health",UK fitness retail trends,"These are the best activewear brands for 2025, according to our fashion editor - Women's Health. These are the best activewear brands for 2025, according to our fashion editor Women's Health",0.37890452
445,Why British horseracing hack is a wakeup call for the sports industry - SportsPro,2025-06-12 07:00:00,SportsPro,https://news.google.com/rss/articles/CBMikAFBVV95cUxQNVJ3bnA4WmVBM3VGYmpNRzRwcXUxd3FyUzgzWTViY1BDaWtpX0FCSzdYMGpJMlhSUnFEOHRvTXlkakZHekVGV3lwVk9SOE1vUGgzN0gtODlsTElVNlN4TjlWNFpZOEU2RldqQTlNa0xROGJPN1VXbXdsbFlFU2d6cTZEOUNkajRIRk5yYnVuUVg?oc=5,Why British horseracing hack is a wakeup call for the sports industry SportsPro,UK sportswear emerging technology,Why British horseracing hack is a wakeup call for the sports industry - SportsPro. Why British horseracing hack is a wakeup call for the sports industry SportsPro,0.37855327
645,Streaming the beautiful game: exploring big tech's growing presence in the soccer industry - Frontiers,2024-06-24 13:10:57,Frontiers,https://news.google.com/rss/articles/CBMipAFBVV95cUxPMmUzVWtGQzh1U2cyMFltcFVUYW91YTF4WHdoT2w1dy10VVRSQkRhVVQwWU93eFZZbVFma3UtQ2FIQ2ZGazIwZnlQTEhGdWd5TEQtVGFnRmMyVnB5RW1wTjgzZ2NKYTF3ZGRnOER4UEJDZjJZVlBnWVhDZkxkT2lWVGJVS0hDY0YtREpreFJVZnZBYVMtQTV4SDl2V3pxTDgtSjA2MA?oc=5,Streaming the beautiful game: exploring big tech's growing presence in the soccer industry Frontiers,UK sportswear consumer technology,Streaming the beautiful game: exploring big tech's growing presence in the soccer industry - Frontiers. Streaming the beautiful game: exploring big tech's growing presence in the soccer industry Frontiers,0.37849468
565,Health and wellness roundup: Trends and insights for the UK in 2024 - YouGov,2025-01-15 08:00:00,YouGov,https://news.google.com/rss/articles/CBMiqgFBVV95cUxQeHI1VnQtSnpqNThHYUFtWldDRU9zRWpReG4wUVNaeUNHR0hJdVhGSjltTzlsYWwtWHl1UmowX2ZfcjlLMzNsMGVhWVZ6NGlGWWVpXzUxRGtRZk8wSTl0VUc0R19Ib1JWMjdldlpSUkZxYTJ2b0pGdFBIRHRIUmlyU0liQWxpQlBkUXgxM2NxUDhMQzFiY2NGMUtHU2dUVmk3dDNjRUFfYldpdw?oc=5,Health and wellness roundup: Trends and insights for the UK in 2024 YouGov,UK fitness consumer technology,Health and wellness roundup: Trends and insights for the UK in 2024 - YouGov. Health and wellness roundup: Trends and insights for the UK in 2024 YouGov,0.3782297
95,Global Sportswear Market Size to Reach $531 Billion by 2031 as Athleisure Outpaces Conventional Apparel Growth by Up to 2 to 6% - Arizton - PR Newswire UK,2026-05-27 07:00:00,PR Newswire UK,https://news.google.com/rss/articles/CBMingJBVV95cUxOMDJSd0tIdEk4QlRIUmZQSnJINjBWeXBHZUd2RzUzSzN6Z25nQzQybVJybVN1TDNBakpSeExCcjlGOUJia0pHaUJxejVPWGpndlVwaGpoT1lOdnpNb1d1QnV0eEdyRHBnYnd4aTdOV1ZwREtoSnBHTExOakwxRHRkZE53eU9qWlNINTVlSGpJUnVsQmYydVZTVjB1OFl0WWFyNXVrRXAyUVFOaDl6S0YxcG1IN2RMbjFwWDRldXdrMTQzWDBuVzZPSzczZWV4cEl6Qld5NTY2bFNPMWJQdVFRMTNBOUpXbG1LcWhpR0g0MFpCNHpJMDVrMjFHWXQ4X0U4dWc4a0h0cmkwaVhSekRsbUVXRFpmRTZRQjRxbTlB?oc=5,Global Sportswear Market Size to Reach $531 Billion by 2031 as Athleisure Outpaces Conventional Apparel Growth by Up to 2 to 6% - Arizton PR Newswire UK,UK activewear consumer trends,Global Sportswear Market Size to Reach $531 Billion by 2031 as Athleisure Outpaces Conventional Apparel Growth by Up to 2 to 6% - Arizton - PR Newswire UK. Global Sportswear Market Size to Reach $531 Billion by 2031 as Athleisure Outpaces Conventional Apparel Growth by Up to 2 to 6% - Arizton PR Newswire UK,0.3770202
618,Sports Technology Market Size to Hit USD 135.91 Bn by 2035 - Precedence Research,2024-09-13 18:30:30,Precedence Research,https://news.google.com/rss/articles/CBMia0FVX3lxTE91aTBMWVJoUGtUQUtVM005NG9KalVHbzBSV0t2SDY3OWF5RjNVa3RwVEM4bjhMRmUyemhSaHUtZExvNVI0cG9yZUF6UkI4MkF4WkFvSlpncDNUSlhfaEJqTGVfNks5bl9zM2J3?oc=5,Sports Technology Market Size to Hit USD 135.91 Bn by 2035 Precedence Research,UK sportswear consumer trends,Sports Technology Market Size to Hit USD 135.91 Bn by 2035 - Precedence Research. Sports Technology Market Size to Hit USD 135.91 Bn by 2035 Precedence Research,0.37649852
129,"Fitness Equipment Market Size to Reach USD 18.4 Billion by 2033, Growing at a CAGR of 3.02% | Allied Market Research - PR Newswire UK",2026-04-16 07:00:00,PR Newswire UK,https://news.google.com/rss/articles/CBMiggJBVV95cUxPSVM2d3pZQ3lWckJIOHZYeG9RdG8yQW5JakMySHUyQmlnUVFzWnJaaXFHYVh0amJEYndTOGpPcVZ2VlZoa2ZZUnk2SzNwWkxrWVk5YmJsd2xla3ZuWG1XRkdmQjV6UFpBaGd2VGdyTkxuWFMwZnBWRVhiclE4NlFNSGxDU2ZKY2JmWmtvWEY1TzdnSjd6X1kxZ1lzbzc3aWtiYkZtYjFjQnoyUExzUWRhNGJfMWxGcEVkSFN3M2xaQVdnbUtjRWFwR0FZV3BvemswdGpadWxGYUhGekhpb0RnOEx1akh4eHdPVVFvM08yT3Nrdi1RYzNMczJrU0s1dzc3VEE?oc=5,"Fitness Equipment Market Size to Reach USD 18.4 Billion by 2033, Growing at a CAGR of 3.02% | Allied Market Research PR Newswire UK",UK fitness consumer technology,"Fitness Equipment Market Size to Reach USD 18.4 Billion by 2033, Growing at a CAGR of 3.02% | Allied Market Research - PR Newswire UK. Fitness Equipment Market Size to Reach USD 18.4 Billion by 2033, Growing at a CAGR of 3.02% | Allied Market Research PR Newswire UK",0.37638682
587,The impact of sports event platforms on user experience an empirical analysis of tencent sports events - Nature,2024-12-02 08:00:00,Nature,https://news.google.com/rss/articles/CBMiX0FVX3lxTFBPSFZ4Q2pUTGpJUHgzUDNRTF9DbVkxb0pnOFBSOW9hSl9XRzIyLW9CTFFEQmxDTUt0TGxRZjUtb1NFM2FLeGxvRW9OdklHc29JdHBJOXN5ZVpMYXBRcXdN?oc=5,The impact of sports event platforms on user experience an empirical analysis of tencent sports events Nature,UK sportswear digital experience,The impact of sports event platforms on user experience an empirical analysis of tencent sports events - Nature. The impact of sports event platforms on user experience an empirical analysis of tencent sports events Nature,0.3762276
263,"2026 health, fitness, and wellness trends you'll see everywhere, from 'Janalogue' to bio-syncing - cosmopolitan.com",2026-01-02 08:00:00,cosmopolitan.com,https://news.google.com/rss/articles/CBMilAFBVV95cUxOSHU2Zjg0VFM4S2VEbWw4TGlNTDJWRmYtanRGTlo4MHZXQ19MczA3Y19PTF8yaTJQbG85VTRuZkphLXMtbld1YURBMTJLTXJCa0l3WXRZbm9ZWU1udmFvbF9jaEJjWmhKNXhLQ1JBUDE3bDI2b3ozTVhaRkxTOFRXWVo4RzRkM1d2TFR3enBmMmozZG0z?oc=5,"2026 health, fitness, and wellness trends you'll see everywhere, from 'Janalogue' to bio-syncing cosmopolitan.com",UK fitness retail trends,"2026 health, fitness, and wellness trends you'll see everywhere, from 'Janalogue' to bio-syncing - cosmopolitan.com. 2026 health, fitness, and wellness trends you'll see everywhere, from 'Janalogue' to bio-syncing cosmopolitan.com",0.37584645
463,The economic impact of major sporting events in the UK - businesscloud.co.uk,2025-05-23 07:00:00,businesscloud.co.uk,https://news.google.com/rss/articles/CBMikgFBVV95cUxOQktKOVktUmhlTkRURER4Mm5NU2NzRmNock5YWFFzLXh2a2pRdElTZmVLX2lwVDVrajlLQlkyOTh5WTdjYWpFWFloYUtfMlI5YXNUYnhrY3hhNFp4NnNlRUVLUFN0SDNOcmI2NTIySkZsS1J2QzY4YmZkdEtpX05ZYzFSNnhOczJqaFdDaklVNEZzZw?oc=5,The economic impact of major sporting events in the UK businesscloud.co.uk,UK sportswear digital experience,The economic impact of major sporting events in the UK - businesscloud.co.uk. The economic impact of major sporting events in the UK businesscloud.co.uk,0.37574732
662,The trainer brands taking market share from Nike and Adidas - Drapers,2024-05-08 07:00:00,Drapers,https://news.google.com/rss/articles/CBMiqgFBVV95cUxQR0VxYVpmTXVKczlMM2t3S1VBTm9NSktFUDBVdFBOZFZuSkZuTVBPRXp4ZG5HRm1IOFFOWTNmZHBWcjNkMWVKTjZxQVVOTFNJSGlNOTg1UWRIOERHWkpueGhtY19ib3NYTDI1Qjd2b2NtV3VOTm5UZk5nQ3RhNUh5aUpTSVdLM0piU1pMZXJ6NHNubnFxT3I3NXpiX01nN3RxLUJtOWpIZ252dw?oc=5,The trainer brands taking market share from Nike and Adidas Drapers,UK sportswear market trends,The trainer brands taking market share from Nike and Adidas - Drapers. The trainer brands taking market share from Nike and Adidas Drapers,0.37530705
201,Retail & Consumer Trends 2026 - Deloitte,2026-02-12 08:00:00,Deloitte,https://news.google.com/rss/articles/CBMiigFBVV95cUxOZlBfaFh2MC13R1Z6di1Ya01LaXZ5OFdaS20zclRBNHRiYkNOZjh0T2hvT2NnNTA1VkRPdEtqSldWZVNlNUJCRUJWbExTbmNxZFRZci1WVDR3Q3MtRlV2cUNoZWx0cGl4RVFzRXFrZDh2WndpcTBFVFVZbkdIX01pWnQtN1BUb1I1blE?oc=5,Retail & Consumer Trends 2026 Deloitte,UK sportswear consumer behaviour,Retail & Consumer Trends 2026 - Deloitte. Retail & Consumer Trends 2026 Deloitte,0.37476736
248,JD Sports plans to let shoppers buy through AI platforms - The Guardian,2026-01-12 08:00:00,The Guardian,https://news.google.com/rss/articles/CBMiswFBVV95cUxOQ3g4SVhWalJLakpFNmFQMlRFMVhETE9lMUJ2Vm5qZUU2SXRPaWtCeXJPRjVYdWFITG9wUGFSMnBDVFFCM0p5SG5KbnVyVlRuU1RCbGs3M3JnWk9WSTVUWlRoeXZLM3N1c1kxUUFzb3ctcnhzVjJhLWVvUHNhNWFLaVpMZEU2bkkwcDlrUHpqaVJ1dkp4VF91cm1wWW9yY3hYVjc4cWNOMGV4aVBpZzZ3Y0N6VQ?oc=5,JD Sports plans to let shoppers buy through AI platforms The Guardian,UK sportswear emerging technology,JD Sports plans to let shoppers buy through AI platforms - The Guardian. JD Sports plans to let shoppers buy through AI platforms The Guardian,0.3742643
1,EXEC: John Lewis Launches New Sports And Wellness In-Store Shops - SGB Media,2026-08-05 18:24:18,SGB Media,https://news.google.com/rss/articles/CBMijwFBVV95cUxQeml4MXBQT1BVNUs3WV9xZEhzMkVkUnpGdDh4SHFZWXRIQlV0dWNNMnZ4T3BNSGx6TUNzYnpfMVVkR0NwT1QxUUxVREdCQ2FkcDBtWkN5Y3hKS1JhUm8tVDZvekIzWmpERlBlQkhremZXOTUwYjBPZE1OSHNUeXdkUV84dlk4TkpkZ3dUYlRRWQ?oc=5,EXEC: John Lewis Launches New Sports And Wellness In-Store Shops SGB Media,UK sportswear wellness consumers,EXEC: John Lewis Launches New Sports And Wellness In-Store Shops - SGB Media. EXEC: John Lewis Launches New Sports And Wellness In-Store Shops SGB Media,0.37265676
470,New research reveals the extent of the BBC’s role internationally and changing global trends - bbc.co.uk,2025-05-12 07:00:00,bbc.co.uk,https://news.google.com/rss/articles/CBMijAFBVV95cUxOS3p3bFAyQ0owZEJqcWJKd3VrTTBSTzFTRTROaEdsQ3lJaXBxb1hqRmEzN2lMMmRZT1RtSDdBUHU5VFNSNXl1cTVnaDR2emsyMEc2bGpsRm1WV2x3eWlZX05YSW1Xa2wwbDVfekJNbV9vaExseFBTT3hHcVdmeWZnakNPTDJCV18tV1Z5aQ?oc=5,New research reveals the extent of the BBC’s role internationally and changing global trends bbc.co.uk,UK sportswear future consumers,New research reveals the extent of the BBC’s role internationally and changing global trends - bbc.co.uk. New research reveals the extent of the BBC’s role internationally and changing global trends bbc.co.uk,0.37235227
250,The Future of Feeling Good: The Top Wellness Tech of CES 2026 - PCMag UK,2026-01-09 08:00:00,PCMag UK,https://news.google.com/rss/articles/CBMipgFBVV95cUxPSndpaVlkSFlDdDBIMXRnYXpHVWhDS2VRM2dMQUdQSXpzTDhuNHR3dWd1SjZ6SkNNcmhBQ0I5Y1RwRUpuNnBOOGpjTnBLQ1NobXhUWFc2QTBielF4SG90STZQUXVxendQb0RRRnlBTkl3VTFReVNUeG10Xy15TWVZa2xhd1RNc1JNOWhLN0s1enV4bVVOV1lYcXFCaGlzcTB4NEJwSENn?oc=5,The Future of Feeling Good: The Top Wellness Tech of CES 2026 PCMag UK,UK fitness consumer technology,The Future of Feeling Good: The Top Wellness Tech of CES 2026 - PCMag UK. The Future of Feeling Good: The Top Wellness Tech of CES 2026 PCMag UK,0.37228602
13,John Lewis Launches Multimillion-Pound Sports and Wellness Department with AI Fitness - London Daily News,2026-08-04 05:26:48,London Daily News,https://news.google.com/rss/articles/CBMitgFBVV95cUxQdG1zMEYyRDBPQW4xNEV0SU9LaGE1TDdKVEV1NzFKbko1TGZmcnk3TUJwUUpBZjc0VW5yQkR2TG1pWnVZMUpvaXRqdDF4VjJQOE1vS0lOUnN6X1lPRW41VnlZenJRbXJoUEcxUTFkV2dNcTduNWNzOHJ3Vjl4dEdKcVd4VHMtNmFXTS1Fdm5iSDlBc1ozTUwtWW5ZQUlzWDUwUktadzJvM2FIbHRvYnhfRld6VXU3dw?oc=5,John Lewis Launches Multimillion-Pound Sports and Wellness Department with AI Fitness London Daily News,UK fitness consumer technology,John Lewis Launches Multimillion-Pound Sports and Wellness Department with AI Fitness - London Daily News. John Lewis Launches Multimillion-Pound Sports and Wellness Department with AI Fitness London Daily News,0.37216175
18,JD Sports downgraded due to pressure on consumers and lack of 'brand heat' - Proactive Investors,2026-08-03 10:31:00,Proactive Investors,https://news.google.com/rss/articles/CBMi3gFBVV95cUxPcDgzQ092Y2NjdndaMkREZVhiUDhwUllqSWpxNncyVnFxSmVNNEtGQVpYNlVzM2Uxc2xBRTdOOGRuQTNnSVRfSkpFLTZhYS1BTllmSEZOd052RXJKRENVT1QyQkIyRm51ekFlVVZOc2k3bXFTd3U1UUFkRktHN1MzbkVobkVfUUNuNmJjUmdpWlFCOE0wM2hYa00wS29aU2cycmdfeTUzQmctX3dIR2lSeXh0MjhKbktIUm9HUS14SjZmdTA0S2RBSmFacG1BY0NnM1dpT0VCc1BtTVh5TVE?oc=5,JD Sports downgraded due to pressure on consumers and lack of 'brand heat' Proactive Investors,UK sportswear consumer behaviour,JD Sports downgraded due to pressure on consumers and lack of 'brand heat' - Proactive Investors. JD Sports downgraded due to pressure on consumers and lack of 'brand heat' Proactive Investors,0.3712073
624,Dentsu partners with Sports Innovation Lab to enhance sports marketing Capabilities - The Media Leader,2024-08-27 07:00:00,The Media Leader,https://news.google.com/rss/articles/CBMitAFBVV95cUxNSUIyWlhiWnBhbXpwN0dnLVRfb3FVSW1tNUZYRU8wYkhMZVNudVdWUWs5UE94WHVFamlyczVfTF8wb1ZKYk42T3Z6b2hRNzA5ZnliVnp3U3NRNWczZUQwNDJSb2pvRnFGNXZCNUlfZ1R3ajdneC0zTkxhRkpHQm00WWN4NEZyNGw1bHc4SXJhRS03cFRzMThsU0kxV19LcktEZ0VtX2ZKWjFORUVyallXc1R5MUc?oc=5,Dentsu partners with Sports Innovation Lab to enhance sports marketing Capabilities The Media Leader,UK sportswear innovation,Dentsu partners with Sports Innovation Lab to enhance sports marketing Capabilities - The Media Leader. Dentsu partners with Sports Innovation Lab to enhance sports marketing Capabilities The Media Leader,0.3710415
319,"Victoria kicking goals with game-changing new sports tech centre - Department of Jobs, Skills, Industry and Regions",2025-11-10 08:00:00,"Department of Jobs, Skills, Industry and Regions",https://news.google.com/rss/articles/CBMiqwFBVV95cUxNenBhWi1iRlZMNmR5d2lpQ1RRVnFQbnZTYXRNZ1lHSEJHaGNKOTFETDltWVRTdG50cFFnRUJGUFNwc0RhZzl1V2pBMlRILWZGRWJveFpTTFBGb2RkVWgya1lqcjR4bS1HY3ZzOHNGY1g2Z3V4bjdDUUlvSl9rM0k2czROZkVkRUdWZnpWMG5TMkxKOUhfTlA1ZlhLMzB3aFlTT203RzQ0UGJINHc?oc=5,"Victoria kicking goals with game-changing new sports tech centre Department of Jobs, Skills, Industry and Regions",UK sportswear emerging technology,"Victoria kicking goals with game-changing new sports tech centre - Department of Jobs, Skills, Industry and Regions. Victoria kicking goals with game-changing new sports tech centre Department of Jobs, Skills, Industry and Regions",0.37089533
323,5G in the UK: Nearly half of Britons say the technology improves digital experiences - YouGov,2025-11-05 08:00:00,YouGov,https://news.google.com/rss/articles/CBMiwAFBVV95cUxPdXZObzN1dEtBN3FOd2NicTRlM1dkNGktbmdibkxpRU5pRy1yQ3hXNkJXeFZLeHRSNTVuTmxCWmhqLUhvWWRlZGxvbHRmaDdhVnliN3FLRlJPNW04aTJCTmRKSnhnY3RfNDFTdDZMcTN5QmdzZmlXZWVpeEF1SDRSZGlLcTdrOWVpUVIxLU5TaExVX2JQTU40ZjUzX1gzamhSTmc4UjFXV0UzQnk2ZlFiQVlIYURiek84d2ctcEpFb1Q?oc=5,5G in the UK: Nearly half of Britons say the technology improves digital experiences YouGov,UK sportswear digital experience,5G in the UK: Nearly half of Britons say the technology improves digital experiences - YouGov. 5G in the UK: Nearly half of Britons say the technology improves digital experiences YouGov,0.37067264
674,A New Era as Premier Sports is now live in the UK - Ospreys,2024-04-09 07:00:00,Ospreys,https://news.google.com/rss/articles/CBMid0FVX3lxTE9HZV85SjhOTGRuZzVpMmNXT3hFRXZQNWRFaDNtQThIQzBqcDdPQ0NUQ25PcWszejczZEZqclNLUk5vVS1mVjMwODB2WFR1SVlqZnVaWklSUl95UW1jUkc2aTRVUkt0WWU3R3NWeF9xSm1iQnN3dTNr?oc=5,A New Era as Premier Sports is now live in the UK Ospreys,UK sportswear digital experience,A New Era as Premier Sports is now live in the UK - Ospreys. A New Era as Premier Sports is now live in the UK Ospreys,0.37003475
496,The Media Act 2024 - the Government's Answer to Changing Technology and Consumer Habits - Clifford Chance,2025-04-02 07:00:00,Clifford Chance,https://news.google.com/rss/articles/CBMi4wFBVV95cUxNWjlubW5mbGpxcUFnYVlPNEtKb0ZWX0tDTzMxT3hsZi03QXJHdWlOcE1WWmtBXzJIWFBxN2dGNjFNOUFpdkNhdExtQW05cGRnNDNablhpNXZvRWlkenVGSW13NC15ampGLTFzek41WWhHcnBWSGtwZFVIZE9qM2VQTklCRVlYcTVyNmc0SVJjLWZmTXVCSzllZVR1LVNZd0o5R3JMQk1ZSU1acEg2cWtadmtZOWk5UEJXb2p6YWg3ZzdnNVJ5QjRMSkRIVm5CWGFfejlralNldzQ2amhqeEJ6TFpjWQ?oc=5,The Media Act 2024 - the Government's Answer to Changing Technology and Consumer Habits Clifford Chance,UK sportswear changing consumer habits,The Media Act 2024 - the Government's Answer to Changing Technology and Consumer Habits - Clifford Chance. The Media Act 2024 - the Government's Answer to Changing Technology and Consumer Habits Clifford Chance,0.36991143
396,Ten upcoming sports stadiums where technology takes to the field - Dezeen,2025-08-24 07:00:00,Dezeen,https://news.google.com/rss/articles/CBMioAFBVV95cUxPeHBmQ1JoaGVtMzRVUE5GREQ0N2FQMlpiVzFyYmhFbDZZR0MyaEt1dlI1cWpjMjFxbTJPUXYtRW56UDNzemhjcmppVkhVYlhLVlJFaV84ckkyUTRPS0NveFdSQ0xmaWJHVWI4ZWJqdEpkRmVtRVVjTnhSeGhSbVQyZkkxelBFMmx3S1E0RGN4YjU2QmdDTDdwQ2RXNW9aeVpo?oc=5,Ten upcoming sports stadiums where technology takes to the field Dezeen,UK sportswear emerging technology,Ten upcoming sports stadiums where technology takes to the field - Dezeen. Ten upcoming sports stadiums where technology takes to the field Dezeen,0.36975652
58,"Winter Sports Equipment Market Size, Share | Growth [2034] - Fortune Business Insights",2026-07-06 07:00:00,Fortune Business Insights,https://news.google.com/rss/articles/CBMigwFBVV95cUxQUzlScHNzY3NhRXp5TWtqYUxxNEJtTHZKRGdXRkFFRzlRV1hxRWtvUWk1dTZjem1HaWxtNDgyVEhMbFBjOFNBNFBSeE1uSFZaNVJWV09qOW9EM3B4M0hOTFNCaXNia2pjeDBkcWtpdXVoQlRTQVRmd0RicWJUNU1kcUZGWQ?oc=5,"Winter Sports Equipment Market Size, Share | Growth [2034] Fortune Business Insights",UK sportswear consumer trends,"Winter Sports Equipment Market Size, Share | Growth [2034] - Fortune Business Insights. Winter Sports Equipment Market Size, Share | Growth [2034] Fortune Business Insights",0.36929664
125,A Statistical Analysis of Nike’s Rise to the Top of the Sporting Industry - Investing.com,2026-04-23 07:00:00,Investing.com,https://news.google.com/rss/articles/CBMiZ0FVX3lxTE1UWWUtWXRiSjNOdklmcXVDOTlUWjVMaFBSUXJ5LWxXMDdUUWxQVTFab2JzOFVNanMyNWpZNVY5OS1aMko4TzlxRU80WFk3aGQ4WktSdlhSSVBKdWFDUkc2bzlMcG1hZ28?oc=5,A Statistical Analysis of Nike’s Rise to the Top of the Sporting Industry Investing.com,UK sportswear digital retail,A Statistical Analysis of Nike’s Rise to the Top of the Sporting Industry - Investing.com. A Statistical Analysis of Nike’s Rise to the Top of the Sporting Industry Investing.com,0.36924073
661,The Coca-Cola Company is always innovating and exploring the future of best-in-class brands and experiences - coca-colacompany.com,2024-05-09 07:00:00,coca-colacompany.com,https://news.google.com/rss/articles/CBMi6AFBVV95cUxNbmdjaGZtMkNGakZtNDFoa0RjU3MxRVUyeWxjWTMzcjhRZ25PVGpob21zZFpPdWNxT25SeXNzbmxmNTdYRFhGS09sZG92LThtd1hhNjlzeThuUDZvbXBxRDVJdF9qbUZmdFZoa19MeXBCaE03clhVLTQ2UXpuYlRzMVpyTTJGRmd0MVVyeHI0TnNVYnRfT2RraDJ1ZGc3VjV6Qi00aHZKZzFFNVEzemIyaThYVDNTVTlmeDJJbkxFdFpvSm5TdmxCTkxCa3M1OE9kcTBscFktSmdQa0R3cXpCMC1MSkMzVWRw?oc=5,The Coca-Cola Company is always innovating and exploring the future of best-in-class brands and experiences coca-colacompany.com,UK sportswear future consumers,The Coca-Cola Company is always innovating and exploring the future of best-in-class brands and experiences - coca-colacompany.com. The Coca-Cola Company is always innovating and exploring the future of best-in-class brands and experiences coca-colacompany.com,0.36888722
88,Harry Styles Is Leading the Secondhand Sportswear Trend—19 Picks We're Also Loving - Marie Claire UK,2026-06-02 07:00:00,Marie Claire UK,https://news.google.com/rss/articles/CBMifEFVX3lxTFBmNWR3QUczMkMtS0xMTC05dTFfZ0Zicmk5Z25Tb0sxZ29XV2RNazEtSzBDZDUwZDJLc1ZjUDRkQVVfSEFCTHl2WDdhU2JKbExGNGdxdGlicldkSFQ1MzdPZmI1dzhxZVRISGJ1Z3kyOWw4UVBnRG1GbHpiVUo?oc=5,Harry Styles Is Leading the Secondhand Sportswear Trend—19 Picks We're Also Loving Marie Claire UK,UK activewear consumer trends,Harry Styles Is Leading the Secondhand Sportswear Trend—19 Picks We're Also Loving - Marie Claire UK. Harry Styles Is Leading the Secondhand Sportswear Trend—19 Picks We're Also Loving Marie Claire UK,0.36872956
247,JD Sports shares major change it thinks is 'the future of how people will shop' - The Mirror,2026-01-12 08:00:00,The Mirror,https://news.google.com/rss/articles/CBMiigFBVV95cUxOM2U1dmJTRm9QLXFPZmJNSndYYTI3SlREVEFHZEJYQkpQSnRnVVBIMnQ1clpwRzhrOGo4dlJ5NWJETWJvREtOazdhelhtMUNaNWRtbWZXV3RHZGlyZGpJbXZ1LUpERXU5Y2xOcWd1by05MnFDMS0yVWhKQ0xQWXFla2thV2Z5RXZoN0HSAY8BQVVfeXFMTmZtUVlDSEhjVDlxS0pGZVBSbU5tMzN5QTNucmZhZ3E0U3dndXROcDNhbGI5V045SEhMVS0wZkhrRkxHR1FrNE9jaG9xZDdJeHM4cXJvUUp0R2RJNTg1TTI1MHVCWVNQTzVlTlZzY1BoMWh4RWRXbmcxekJTVlF2OWxBRmVRNTIxTmJnM2tSNDQ?oc=5,JD Sports shares major change it thinks is 'the future of how people will shop' The Mirror,UK sportswear retail technology,JD Sports shares major change it thinks is 'the future of how people will shop' - The Mirror. JD Sports shares major change it thinks is 'the future of how people will shop' The Mirror,0.36737156
441,Nike Marketing Strategy - Business Strategy Hub,2025-06-16 07:00:00,Business Strategy Hub,https://news.google.com/rss/articles/CBMiXkFVX3lxTE9DX3FDOXRlVjF3dURmdjVacUo5Y3JEMUFZRHdZS20tNk1VWmE0QWxwODZ0akRrcVl5YmFkNk5VSTEzN3pUdDJfUk93MUdpcXM3OTN1eUtLODB1R1ptNFE?oc=5,Nike Marketing Strategy Business Strategy Hub,UK athletic apparel innovation,Nike Marketing Strategy - Business Strategy Hub. Nike Marketing Strategy Business Strategy Hub,0.36692807
446,Interactive Fitness Market Size to Hit USD 14.08 Billion by 2035 - Precedence Research,2025-06-11 13:43:49,Precedence Research,https://news.google.com/rss/articles/CBMibkFVX3lxTE1hVDNHbFpUU05vUlZRSjlqeVZzaGpDWnJzRGhJeTNjWHJkcGlPbzI0SlM0d3BRTXpzeU01RWIzY3FURkN6WVJCcUlGM0QyS2lnX1R3SDJGd2lTMkdRRVBvcXkwMXJNOTl6OEdxZnZB?oc=5,Interactive Fitness Market Size to Hit USD 14.08 Billion by 2035 Precedence Research,UK fitness retail trends,Interactive Fitness Market Size to Hit USD 14.08 Billion by 2035 - Precedence Research. Interactive Fitness Market Size to Hit USD 14.08 Billion by 2035 Precedence Research,0.36673483
490,Are premium gyms the new craze in the UK? - CBRE UK,2025-04-10 07:00:00,CBRE UK,https://news.google.com/rss/articles/CBMiiAFBVV95cUxQU3JVSkFVd2dsNFo5U2tTZXVJUk01TkJFc1FKM0JadGc0amlWbVE0djZUZ2piR1hEaEJWYUtIOHFqcFJYNDAxQW9fUFdRc3Y3VmJra0J3WWJtSDBrekJadnZaMEtwMy1neU5Famc4T09Nd2VHTUFTNzNFX3JRMUpKbUxmYndPaEZQ?oc=5,Are premium gyms the new craze in the UK? CBRE UK,UK fitness retail trends,Are premium gyms the new craze in the UK? - CBRE UK. Are premium gyms the new craze in the UK? CBRE UK,0.36654574
348,"New Sports Direct Liverpool flagship is example of elevation in action, features in-built gym - FashionNetwork - The World's Fashion Business News",2025-10-20 07:00:00,FashionNetwork - The World's Fashion Business News,https://news.google.com/rss/articles/CBMi1wFBVV95cUxPNTJiQThhbnZBdlhnY2ZiYy0xVFF1SHh5QXlDajZDaUN6ZnFmTXh0MXJDenpselh1N0p4eE1NX1VPN2Q1azJMRjhERTNwQ1NkZW96QTFLdG8xS1BEdUYwM3A1UGQ4aG8tVFV1WWg1LUJnRUQxR0FKLWJRR1E3dGlxS25kNTdxbkRzUlplR19NQ09FVG5tSGo0b3dvdE5WaHAzd2xIdnNTaVFyNG14bTNrZ1lXVmczZXFvdEE1OXpGR3daSzFEY29FNXJGUU91OUphS0Z0R29pTQ?oc=5,"New Sports Direct Liverpool flagship is example of elevation in action, features in-built gym FashionNetwork - The World's Fashion Business News",UK sportswear wellness consumers,"New Sports Direct Liverpool flagship is example of elevation in action, features in-built gym - FashionNetwork - The World's Fashion Business News. New Sports Direct Liverpool flagship is example of elevation in action, features in-built gym FashionNetwork - The World's Fashion Business News",0.3661356
471,Sunny Health & Fitness Powers Up Global Growth with UK-Based JLL Acquisition - Business Wire,2025-05-09 07:00:00,Business Wire,https://news.google.com/rss/articles/CBMiywFBVV95cUxNNThBMXpZVU80VFpWWm1zdERkTVFHdlQtbXlSY1ZCQjBHZjVRUDZiWC03UF9heElFUVhmSzNPdzZ2S1Bja1ZhckdkSFRNSmljOG5WRjJrN3pnb1AzVDVSQXRMSEZySENjZWFhRGV3REJNS3hTc0g5UnFkZVh3TzNMa1FVMDgwOG5sX2xHRmx0TlRtMlFmZ0RmRlRyd2JQV0VYR1pFVUN6RGlYZXZSM19qR1lzMWswOFFQTzEyY2JKRnZKQlVsLWZobWtIVQ?oc=5,Sunny Health & Fitness Powers Up Global Growth with UK-Based JLL Acquisition Business Wire,UK fitness consumer technology,Sunny Health & Fitness Powers Up Global Growth with UK-Based JLL Acquisition - Business Wire. Sunny Health & Fitness Powers Up Global Growth with UK-Based JLL Acquisition Business Wire,0.36397207
521,India Sports Tourism Market Size & Trends 2023-2033 - Future Market Insights,2025-03-05 08:00:00,Future Market Insights,https://news.google.com/rss/articles/CBMifEFVX3lxTE1ORDFMVzJMMUItaVlhcUswVG1xOXotNG5tRDJoSUs3cjF5dnZRYlF5WmdLaTQ0TnduMXpkOGFmZDlkYXltZVlUeFBkYi1kZ3R1V0JlY1l3VjQwUW50aG9aSXVLdjhTU0llTXNqQUxha0k5RF8xck1JamFENlo?oc=5,India Sports Tourism Market Size & Trends 2023-2033 Future Market Insights,UK sportswear consumer trends,India Sports Tourism Market Size & Trends 2023-2033 - Future Market Insights. India Sports Tourism Market Size & Trends 2023-2033 Future Market Insights,0.36316982
369,United States Sports Tourism Market | Global Market Analysis Report - 2035 - Future Market Insights,2025-09-26 07:00:00,Future Market Insights,https://news.google.com/rss/articles/CBMiekFVX3lxTFB4Wks3QlRJSGRTTXllUGJUWlZsdHY5UVRNTmRIQ2gtV3Q4OUZnaVpBTkZ3WUJweWxnUXl6Ym4tU1d0V0g5WHl4RHJpdG5wblpMblRoUnBBVER1WDNBQkdJVVVaM21ud2h6UTdPdFhuTkZ3b2F2THVLVGZB?oc=5,United States Sports Tourism Market | Global Market Analysis Report - 2035 Future Market Insights,UK sportswear future consumers,United States Sports Tourism Market | Global Market Analysis Report - 2035 - Future Market Insights. United States Sports Tourism Market | Global Market Analysis Report - 2035 Future Market Insights,0.36285704
217,Where The Wellness Industry Is Headed Next - SheerLuxe,2026-01-28 08:00:00,SheerLuxe,https://news.google.com/rss/articles/CBMijgFBVV95cUxQa0xqend5dW5ZMzN1emlHREF3TGd0QXRacHp6dTFjYUhPUUtleUxkYlYwSHE1dmlMNDJlRmRaM3BKTkhSb2JTTXNiUTJhSWwxN2xrZ2Q5VTZjQURDei1mcFVMYmc0dHFaM3F4bTU1eWd5WUpqTTk4TzY5MXJISGF3Mmk5U3VhQmZYSmJCY2tR?oc=5,Where The Wellness Industry Is Headed Next SheerLuxe,UK sportswear wellness consumers,Where The Wellness Industry Is Headed Next - SheerLuxe. Where The Wellness Industry Is Headed Next SheerLuxe,0.36274487
421,Sky Sports to bring innovations to The Open - Broadcast,2025-07-11 07:00:00,Broadcast,https://news.google.com/rss/articles/CBMipgFBVV95cUxNaUhfODV0RVVxbl9QT29OZl9xWEhieVYtTWtZOGU0aHdlWWZfSzEzT01rTGY2NjhoOXJOemk1elV1VjlZbjRmdHpvRVNZV2FTR2pBcEQyV05kQUJMaDlxNEEtVDlyd0l3QnAzTDBDV0J1MXI5VnM1eHRLbEdyRmdVbWg4OTAyeE1mR3hJeEljUDBNblpjSUJtU1FqVW4wZXhhaGhBMzd3?oc=5,Sky Sports to bring innovations to The Open Broadcast,UK sportswear innovation,Sky Sports to bring innovations to The Open - Broadcast. Sky Sports to bring innovations to The Open Broadcast,0.36271828
92,US-headquartered sports technology company says Northern Ireland talent will power next phase of global innovation - Belfast News Letter,2026-05-28 07:00:00,Belfast News Letter,https://news.google.com/rss/articles/CBMi_AFBVV95cUxPNTBYYmk0SmZkTjEyVmJmNUJ1VEluTVd0V3hZbXlxNktqMkRhMDZ5eDZOZU4tTjlQT3BvMTBJcXNiNWJ4VnJEU29tczZlSlQ1eVo5UGZNT1lqcFN1YVFONG5mRkNRYUNlQjlwcmxVMGstOE52VllFdWRDa3VJUXJiZmQ0YkIyQ29RTHFnZk8tX0Q0cWxTOWc0M1ljU0k5REtDU0FNc0QwQ09wZGtWVmx1dm5ETVlxOGhfNzRSekpnSGtXcWs0WXJrRVI2Z050TG5ZMUFyMzd6cS1KRmpYMW43LVFMcElfRE5yU1N5ZHFvcHhpc2VPYnpRT0x1UHc?oc=5,US-headquartered sports technology company says Northern Ireland talent will power next phase of global innovation Belfast News Letter,UK sportswear emerging technology,US-headquartered sports technology company says Northern Ireland talent will power next phase of global innovation - Belfast News Letter. US-headquartered sports technology company says Northern Ireland talent will power next phase of global innovation Belfast News Letter,0.3626989
198,"Plus Size Clothing Market : Global Industry Analysis and Opportunity Assessment, 2036 - Future Market Insights",2026-02-16 08:00:00,Future Market Insights,https://news.google.com/rss/articles/CBMiekFVX3lxTFB0MVlsU0VXNmdEQWFXTDVoSXV1Sm00Yjkzdi1pV3hNckZBTXh6VHZIaHFRTjNaeUV0VC1RejdhVmZVekdUWEF2UWhCU19ZbmFoSlMxMWprYnQzcWp2RXYybnJRa1dDX05jRGh5V2ZEdENtTURnNzY3NWh3?oc=5,"Plus Size Clothing Market : Global Industry Analysis and Opportunity Assessment, 2036 Future Market Insights",UK sportswear consumer trends,"Plus Size Clothing Market : Global Industry Analysis and Opportunity Assessment, 2036 - Future Market Insights. Plus Size Clothing Market : Global Industry Analysis and Opportunity Assessment, 2036 Future Market Insights",0.3622911
430,Premier League TV coverage to be overhauled with US-style innovations - The Telegraph,2025-06-27 07:00:00,The Telegraph,https://news.google.com/rss/articles/CBMirAFBVV95cUxOZlZaLUNQLVo1N19YUjU1b0FBeVpodTFSdlRsQ1IxYkpOVWRaSlRid2dfTVMtMFRINTFXRDJqNjVGbHJMalcxUXFhc1lPMFM5RWtQWGdzS1hlcFZTX2RDN0JzTW5FTWJDMFVFUERicmllWllwZEFCcE5kbGZfM0pqRmtQQ3p3MlRDdlVZakN3VHY3alAzQ1VHZG1COVRhZXNvX00tbl8tR1h3Ylo3?oc=5,Premier League TV coverage to be overhauled with US-style innovations The Telegraph,UK sportswear innovation,Premier League TV coverage to be overhauled with US-style innovations - The Telegraph. Premier League TV coverage to be overhauled with US-style innovations The Telegraph,0.36169565
500,Interview: Gymshark’s GM on its global growth and why it has no ‘big competitors’ - Retail Gazette,2025-03-27 07:00:00,Retail Gazette,https://news.google.com/rss/articles/CBMieEFVX3lxTE5uODNUa0Z5d0U4dTZMUDhlb1otNEhEbHlfUmhCT1NQNGwwWW5XT0ZuUEhUeWw1WDNqY29CZU51aUlGekEwdzBwdTEybGFaZlhxTG9fbVNmTGUzTzJ6cWRRUkdRVmE0YnViUktjX3FpMVhmdTNwRXBfOA?oc=5,Interview: Gymshark’s GM on its global growth and why it has no ‘big competitors’ Retail Gazette,UK fitness retail trends,Interview: Gymshark’s GM on its global growth and why it has no ‘big competitors’ - Retail Gazette. Interview: Gymshark’s GM on its global growth and why it has no ‘big competitors’ Retail Gazette,0.36116254
332,Prototype of the first British-built electric sports car is unveiled and looks absolutely stunning - supercarblondie.com,2025-10-31 07:00:00,supercarblondie.com,https://news.google.com/rss/articles/CBMimgFBVV95cUxPOVFxemYxeU9idHJlMDhab0ZQS200c3dVcTFfbWNmcGtLcmJsVE10YUNzdEJ5QVVfSU9oUURCaGx3UjJjUUM3TzNnYktxMjk0dmRlVmU5aVhQWTl0RUlQeEMxaEt4cFRSMHlzbkl5SVdFaE5hekRfLWFBLWZKZ3NqR3hESlJzTUhTaHRBemNSTV9aTFZLNUVQakxB?oc=5,Prototype of the first British-built electric sports car is unveiled and looks absolutely stunning supercarblondie.com,UK sportswear emerging technology,Prototype of the first British-built electric sports car is unveiled and looks absolutely stunning - supercarblondie.com. Prototype of the first British-built electric sports car is unveiled and looks absolutely stunning supercarblondie.com,0.3606413
537,"NIKE, Inc. and SKIMS Introduce New Brand for Women: NikeSKIMS — - About Nike",2025-02-18 08:00:00,About Nike,https://news.google.com/rss/articles/CBMigAFBVV95cUxNTWtUbGl2LWxKZldqUlR4SGlBeGt5aXg2UkMwcThIejlhN1lxVVVpQUlibkFvMEdmMWxLZW1hc0p4bWFXaThOLU5uMmJPVVg3d3cyWHQwNWxVeDY3eU1xVmtXTFhxcVNCNDdpeXVKVmVZMHJWTU9neGxRRnVJTjRNUw?oc=5,"NIKE, Inc. and SKIMS Introduce New Brand for Women: NikeSKIMS — About Nike",UK activewear innovation,"NIKE, Inc. and SKIMS Introduce New Brand for Women: NikeSKIMS — - About Nike. NIKE, Inc. and SKIMS Introduce New Brand for Women: NikeSKIMS — About Nike",0.36063153
85,"Editors' Top Reads: News from Sports Direct, Vinted, Source Fashion and more... - TheIndustry.fashion",2026-06-05 07:00:00,TheIndustry.fashion,https://news.google.com/rss/articles/CBMiqAFBVV95cUxPNVFNYUEwSzhCWmVpNWtNYUFUbzExMjYyRFpCMWlIWnJjWURQUEtMbG40TVJwVHV2VHVYbFQ3VWlDX0lSaHpvMUlwU28xdVNyM1JOY2NYS1FZSFBvYUxFbWV3dTJ5UVhJRC14amFLOTdMTGhVM3ZrZnNNMUl2S2tIZHhrYlY0aFV3cWJ3OUJXNk54ZWRFeXdKczZyMThYampSVjZhOVE1VUg?oc=5,"Editors' Top Reads: News from Sports Direct, Vinted, Source Fashion and more... TheIndustry.fashion",UK sportswear consumer behaviour,"Editors' Top Reads: News from Sports Direct, Vinted, Source Fashion and more... - TheIndustry.fashion. Editors' Top Reads: News from Sports Direct, Vinted, Source Fashion and more... TheIndustry.fashion",0.3600498
190,European Union rules: how UK fashion retailers are cracking the continent - Drapers,2026-02-18 08:00:00,Drapers,https://news.google.com/rss/articles/CBMiuAFBVV95cUxOVlNUNDBYdXlzalNOT05XbnNZTjJsVGJuUzdPbG5XTDRFN1ZhdHBuM0pZWm92RjlaTlIwVkZfeXVjQlJvVDhtNHpFZ2NJaXFEejUyTUI5OGcyeWp1cWtOS2VaeTRiUWJPX1lGOWFWdHVlQ01RbmtTRWRTbHRtY19PRFNXeHpmcnZMZVdLUnNjMXNKZEtPeHo1WlZzT0ZuRjFBb054a0FBRjFKS1pkalBiRVJRMHFXN3VE?oc=5,European Union rules: how UK fashion retailers are cracking the continent Drapers,UK sportswear digital retail,European Union rules: how UK fashion retailers are cracking the continent - Drapers. European Union rules: how UK fashion retailers are cracking the continent Drapers,0.35979283
502,2025 Digital Media Trends: Social platforms are becoming a dominant force in media and entertainment - Deloitte,2025-03-25 07:00:00,Deloitte,https://news.google.com/rss/articles/CBMitwFBVV95cUxQanBoYnpWQ3hNNWlPWkZCU3ZPZmRMSEFHQjRsa2I0eVFoeGZVUktKT3hNMEplN1dFR05sdmJhZnNCQm0yNGRoYTc0ZDZma2Q0SGFkU0h3Y0ZHTFlWc0ZkRHFSbXFZV1FJcklvTkg4dDY3cUZucWpzem9IR0FlNEdsU2ljNUJTclhmSUJVWG5idlgwcGtYM2U2RHBLTFdBc3pWRnJvMXFhRmJGVXdPZUlxdVMzeWF1bzQ?oc=5,2025 Digital Media Trends: Social platforms are becoming a dominant force in media and entertainment Deloitte,UK sportswear consumer technology,2025 Digital Media Trends: Social platforms are becoming a dominant force in media and entertainment - Deloitte. 2025 Digital Media Trends: Social platforms are becoming a dominant force in media and entertainment Deloitte,0.35929856
570,Consumer attitudes show health is all about balance - AHDB,2025-01-07 08:00:00,AHDB,https://news.google.com/rss/articles/CBMimAFBVV95cUxQZ0s3aV9NM0E1VjZPN1lsTzRPQ3plWnRXeFVrdnRlQWdMV2JndGgzQXBFWFhHNDlEXy1SVXlBUFJSUHJ6dllWS1dfX1duSDZnOUNUX0hhMl9mX2JJbHpKTFZfVGVPZDNQYWU1a1ZNc2dVQnJhc2tQVnlFcUdTbmo1SHV1bDVHRUVJVkJIOFdtY1phN1dKSHJfeQ?oc=5,Consumer attitudes show health is all about balance AHDB,UK fitness retail trends,Consumer attitudes show health is all about balance - AHDB. Consumer attitudes show health is all about balance AHDB,0.3592093
440,ConsumerSignals: Consumer spending behavior - Deloitte,2025-06-18 14:01:30,Deloitte,https://news.google.com/rss/articles/CBMixwFBVV95cUxOYVRuVGdvRy1zR0VCRk44VTZON0RFUTZ6NzgyaEg2bThRZENIamNEdjdULUVwa19wamhzYmhBR1p4TS1iQzBVa0FwS2R4OGE4YnJSSnJKckhXTHoyTkVZUVlzQVdqU3ZNd1A4ZnNvcjF3ay1vX1ZrcThmVU5Bd3NoQXU1S3ZUZUZnb01WQ0FTSTdNZEFvTVhwZHhyOU5NY3Nzc05RN0U3QXFjNDRMX051WmFWWEdxSVFfWURoMFNLYlpKRjV6ZzFv?oc=5,ConsumerSignals: Consumer spending behavior Deloitte,UK sportswear consumer behaviour,ConsumerSignals: Consumer spending behavior - Deloitte. ConsumerSignals: Consumer spending behavior Deloitte,0.358612
195,Nike’s UK Market Share Pressure And What It May Signal For Investors - Yahoo Finance,2026-02-17 08:00:00,Yahoo Finance,https://news.google.com/rss/articles/CBMigAFBVV95cUxObE1nZERnUFl3MzA5eHQ0dnI5MWdadU9HR3VnZXV5Z2RXSWQtd2pSSTR2T2tQdUNJWW5fT1VqZVd5bXlGU3FwUm96dHAzMVAzVlNTdWt0SkloUXFrYVNsQjJMT09uclN4RndrU2tiRW5hQzBONFJDLW45QXNMVXhaMg?oc=5,Nike’s UK Market Share Pressure And What It May Signal For Investors Yahoo Finance,UK sportswear market trends,Nike’s UK Market Share Pressure And What It May Signal For Investors - Yahoo Finance. Nike’s UK Market Share Pressure And What It May Signal For Investors Yahoo Finance,0.3581239
628,Top trends in active nutrition - Food Manufacture,2024-08-20 07:00:00,Food Manufacture,https://news.google.com/rss/articles/CBMijgFBVV95cUxOMGJOSnNWZTU5TDhrNElvdnFvWjgtaXhFcU1TVnhMQ05ta3MyZ1VIRU14MDhSb0tyYzFzM0hnOXA0eGJ5Z3RRSnQtMXVOQUVWRWZXNFhNUzRFZmVoVlJhRnJWdHRSTTE5cVhKdFhzemJlcmtoclV3a3ZvZWZWTWZXbVRaa09VVnNiWXZYQWJR?oc=5,Top trends in active nutrition Food Manufacture,UK sportswear consumer trends,Top trends in active nutrition - Food Manufacture. Top trends in active nutrition Food Manufacture,0.3579938
313,The future of sports betting is here: Are tech & content enough? - sbcnews.co.uk,2025-11-13 08:00:00,sbcnews.co.uk,https://news.google.com/rss/articles/CBMihAFBVV95cUxOcm5HbjQ0ZlppRFpPNkQ3enV1Zl9NSk40SGFkbWlfd1lkeG1Bd0dPdW82SUF0WkNRZW5CalRnZEwtckdYVHAxVXJha1RZdFVTcnpBZU9ETnYzNm5WZFZTcXlEaUdMWkRfYV9lOU1GY08yR244ODViZXl5eFZKT3Vmd3V5UWM?oc=5,The future of sports betting is here: Are tech & content enough? sbcnews.co.uk,UK sportswear emerging technology,The future of sports betting is here: Are tech & content enough? - sbcnews.co.uk. The future of sports betting is here: Are tech & content enough? sbcnews.co.uk,0.3575294
524,"U.S Activewear Market Size, Share | CAGR of 4.9%. - Market.us",2025-03-03 03:10:36,Market.us,https://news.google.com/rss/articles/CBMiW0FVX3lxTE9pWDNDU1g4NW9yWlNCS19hQUV5ZEVhcmRmcGhmOE05STZXUDRjOHgyLWZldG90TGhrcWVlS1lBVmRiQkpuMjM4OFZackJwdG9YV3ItM082d0RSZVk?oc=5,"U.S Activewear Market Size, Share | CAGR of 4.9%. Market.us",UK activewear consumer trends,"U.S Activewear Market Size, Share | CAGR of 4.9%. - Market.us. U.S Activewear Market Size, Share | CAGR of 4.9%. Market.us",0.35717034
468,"Zitcha to power Frasers Group ELEVATE retail media network across Sports Direct, Flannels, Frasers - Retail Technology Innovation Hub",2025-05-15 07:00:00,Retail Technology Innovation Hub,https://news.google.com/rss/articles/CBMi5gFBVV95cUxQYjFWemdfcXpaeEM4YlFBWkhfMHJDdzVCUkNZNU5PRF8tcXB0Z29rY0NhYkdKZzIyUmpxZGZLV2tHaTNtdE9UMHBGNGtLN0RfWGZuNkJVUnZjQTM4bTlQWjdUM2N2b0xIR1VjWVlsQzlacHJOb0tPbnBVZldXUFBGR0F3Vlpxa2FMNW02ZGpUVFdLSHJDMWNOdDVObllERG9HY1ZyVE8wOW55eDc2VTQzNVQ4ZDZnd2l0cnhlX2xkUVRTRU5fcm1kSnQ5WVlsZlNYTFVyUkZwTV9hc3Z3cTBBSE1vYkQwQQ?oc=5,"Zitcha to power Frasers Group ELEVATE retail media network across Sports Direct, Flannels, Frasers Retail Technology Innovation Hub",UK sportswear innovation,"Zitcha to power Frasers Group ELEVATE retail media network across Sports Direct, Flannels, Frasers - Retail Technology Innovation Hub. Zitcha to power Frasers Group ELEVATE retail media network across Sports Direct, Flannels, Frasers Retail Technology Innovation Hub",0.35716513
691,Gymshark’s Physical Store: 3 Trends Retailers Can Learn to Help Revive the High Street - Mintel,2024-02-21 08:00:00,Mintel,https://news.google.com/rss/articles/CBMixwFBVV95cUxPRmUwZFVOZW15ZHdOam5wZE13cldwdE1UajhmMzhRRVNlaG15c2hmcDhkVHAzUXpVdDRrOHNGRk5YSGo0UU1ZUEdwWmsxc3liLUdlZFpZZHplUGdXZExBOFNxb2hhOHZOVjhORlNmdTNlaUp3LUl1VWY1N1FkbnhfazZHemdrQlRGSGtvOElOZGNjWlBkaWxKWHRCeExlQ3BGUHFlRlkyZmlMMnhqX0RLV0NEb3ZjYnFBRGNlUnR1anRwLXQxQzFB?oc=5,Gymshark’s Physical Store: 3 Trends Retailers Can Learn to Help Revive the High Street Mintel,UK fitness retail trends,Gymshark’s Physical Store: 3 Trends Retailers Can Learn to Help Revive the High Street - Mintel. Gymshark’s Physical Store: 3 Trends Retailers Can Learn to Help Revive the High Street Mintel,0.35696685
581,Comment: How tech will transform sports broadcasts in 2025 | News - Broadcast,2024-12-16 08:00:00,Broadcast,https://news.google.com/rss/articles/CBMivAFBVV95cUxNajk1eFh3a291c2Nza3J0Nl90N1pvSnNEWWszdGdFTklkNUdEdkJ6TmpGQWFlQ1RJckpMZThCM0dvcGJmaXlxQXBIcWZuR3ZQb2ZkVmZ0dnY5d2g5Y1huV3psZFRNc25FWlZUNUpEQmZoejRMblkwYUNXTVBfMmlSZW10MFhWakhJNThIYjVEcW51V2FzNGlVS0JFV0NiSWMxZHA2cnRhUGF0eWh6N0VIUjZDbXJ5YUxIbkoxZw?oc=5,Comment: How tech will transform sports broadcasts in 2025 | News Broadcast,UK sportswear innovation,Comment: How tech will transform sports broadcasts in 2025 | News - Broadcast. Comment: How tech will transform sports broadcasts in 2025 | News Broadcast,0.35677508
620,The Future of Fashion: Circular and Sustainable Fashion Trends - Mintel,2024-09-02 07:00:00,Mintel,https://news.google.com/rss/articles/CBMimAFBVV95cUxQVFRrdHhXUWhvOGpnNWNZcFE0LUVWVzU4SDVkWGo3RWFnUTh0a0R4QzZDNmZoQlZTVlpicEJGSi1scmVfVFJUcEhZSllhbkhTQUt5SkdWUWRXUlk5X1J0WXV5eHdFMER2SzNhZjB0bWktQjVKMTZHRUdDdnRVQW9FYV9vWGMxZERGVS1qV1RyQTJzaG01MUJvLQ?oc=5,The Future of Fashion: Circular and Sustainable Fashion Trends Mintel,UK sportswear consumer trends,The Future of Fashion: Circular and Sustainable Fashion Trends - Mintel. The Future of Fashion: Circular and Sustainable Fashion Trends Mintel,0.35672402
376,Genius Sports acquires Sports Innovation Lab to expand fan data reach - sbcnews.co.uk,2025-09-18 07:00:00,sbcnews.co.uk,https://news.google.com/rss/articles/CBMifEFVX3lxTFByQ3VJMUtWX1Y5bGJCNkJGaWVnUzNhLVFsOFJaNFN6eE9qZzBPWWhGLTdMU3hRVFVQUU1XOXlnZHA4a0dxY1dUWVdGMFV0WWJNdU15UEh1R3lyR1Y3aloyRVJYZGl1LVRGaldvWVY4cEpwcWtidndoelJWUzQ?oc=5,Genius Sports acquires Sports Innovation Lab to expand fan data reach sbcnews.co.uk,UK sportswear innovation,Genius Sports acquires Sports Innovation Lab to expand fan data reach - sbcnews.co.uk. Genius Sports acquires Sports Innovation Lab to expand fan data reach sbcnews.co.uk,0.35568252
413,Sports rehabilitation clinic in Manchester blends innovation and tradition - Manchester Evening News,2025-07-29 07:00:00,Manchester Evening News,https://news.google.com/rss/articles/CBMisgFBVV95cUxPNkNCRHZfbExUTVJhM2tRYVkyaFhoMGRBekpMZ2FVaFJSQ3ZjbEg2Q2JnQ2pCckhMUHNGemd3VFp6TVBiNkZlOUY5b21zNkkyd0pZaU9rdWtjWVM0RU9WYzFoZ0ZXeUVDOUxJX19ta3c3azdsbzVjN0ZacjFkOC1iSXhsQ01pT1BJV2p0bUxDREc5dEVzYXJXZXdHdjFpTnltSlRpUDBiT0s2RjhXVGpnckt30gG3AUFVX3lxTE53anh4WUlwRktyQW1rZWViTkI4dW1USGRnbm1adXJla3dLcXU0MlBGZHF5ckNpMjdTQXZtVFBrYU5TM1BXSnBpcEoxay1CODlvQkxzTmlBa3R4TkVyLXNESlRsRjB0NEhIX1o4VHVXSi1VNDlCRU9vZk9GanR3Ylhtb2ZSWlFibWxUWDR3cW44ZXZuLXU3MlRpZFRGTll5UmlMSW8yTElqY1NhcUw4Z01IbjkyWGY5MA?oc=5,Sports rehabilitation clinic in Manchester blends innovation and tradition Manchester Evening News,UK sportswear innovation,Sports rehabilitation clinic in Manchester blends innovation and tradition - Manchester Evening News. Sports rehabilitation clinic in Manchester blends innovation and tradition Manchester Evening News,0.35561013
444,"Nike FlyWeb Is the Future of Performance Apparel — NIKE, Inc. - About Nike",2025-06-12 07:00:00,About Nike,https://news.google.com/rss/articles/CBMid0FVX3lxTE9STDdDZ2ROMC1HdzMzVGRQb1ViZ1Z4UWdJTWJzTEZSdTFaYlh1bUJydDJnWjZlTUtFU2ZyRFMyeTlEY09TSWk2Sk9nNVhqMkJRQjRZdlU0Y244cXBMVHZUUTRxZWFPRTVkNzU4bU91anlvU0ZCU2dB?oc=5,"Nike FlyWeb Is the Future of Performance Apparel — NIKE, Inc. About Nike",UK athletic apparel innovation,"Nike FlyWeb Is the Future of Performance Apparel — NIKE, Inc. - About Nike. Nike FlyWeb Is the Future of Performance Apparel — NIKE, Inc. About Nike",0.3553674
174,"Weight loss drugs in Britain: How they’re changing grocery spending, takeaway consumption and food choices - YouGov",2026-03-06 08:00:00,YouGov,https://news.google.com/rss/articles/CBMi2wFBVV95cUxPd3hqZlFkS3dKMmlfZWlZcU1nZmlBNVVFZmZDbjFzdlNKQUpCMGdnYkNMVjBlbGxzcV9YX2JCdDYxcXZZd2l0MGw1ekE2bDFZSFFJckVDZDR0U1cteGZnTGdOOVg5YUxhc1M4UkRadllJdG1pMjlwbC1CTlBGQ3JNSXZpNktlckNCS0xSeHZYeHlfZXA2am43TUtoV24ySEVveV85eHV4b3p5NllxN0JrbENXZXg5aGV1d21PcVZNc1VMN0s4NDNVVkZudlBtbFZuMzZuSU44SFZDNTQ?oc=5,"Weight loss drugs in Britain: How they’re changing grocery spending, takeaway consumption and food choices YouGov",UK sportswear changing consumer habits,"Weight loss drugs in Britain: How they’re changing grocery spending, takeaway consumption and food choices - YouGov. Weight loss drugs in Britain: How they’re changing grocery spending, takeaway consumption and food choices YouGov",0.35513842
245,JD Sports to enable AI-powered shopping on ChatGPT - Drapers,2026-01-12 08:00:00,Drapers,https://news.google.com/rss/articles/CBMijgFBVV95cUxQZEFOVUp6NlpRZXVzRWl0T1BjX21MUXhGUHZFc3ppSk1wa1NQSGY0QjZDcnZzb1RLNFp3aVhQZ2RvVHA1SUxwWERycV9LbnNWNUpac0lGNFJmbTdfdHRUUDdIR1FEemktaGxWLVRkZmhhdEs5ak5mUDZxWWQwSHNTUlBqdWJUQkZhYmRMVVR3?oc=5,JD Sports to enable AI-powered shopping on ChatGPT Drapers,UK sportswear consumer technology,JD Sports to enable AI-powered shopping on ChatGPT - Drapers. JD Sports to enable AI-powered shopping on ChatGPT Drapers,0.35482383
66,"Sports Analytics Market Size, Share & Growth Report | MRFR - Market Research Future",2026-07-02 07:00:00,Market Research Future,https://news.google.com/rss/articles/CBMifkFVX3lxTFBfM2EzSlRpazRhOE9Cc1lIVDhZbnhYTFF6NV9tdnU1N1RLMUhyRWFjRWNwaEMwdWxlc3YxbzJpc1B4R0VIT2xlakxIWW9pUF9Oak9NSl9rdU1xV25wdmVGSmYtYU9odURpUmRQbDB2YjVBZl9MS3otRHZORzhTUQ?oc=5,"Sports Analytics Market Size, Share & Growth Report | MRFR Market Research Future",UK sportswear consumer trends,"Sports Analytics Market Size, Share & Growth Report | MRFR - Market Research Future. Sports Analytics Market Size, Share & Growth Report | MRFR Market Research Future",0.35383242
509,The most innovative companies in sports for 2025 - Fast Company,2025-03-18 07:00:00,Fast Company,https://news.google.com/rss/articles/CBMif0FVX3lxTE0xTnh3SWFFLURSZEQ4Q0tUQ096dDdhNVFOOEFtVFh6NGhwd1Q0VHFCYXVVSi1GNWxLNmJSYUVzVTFJWFpaYWFBSnZSczUycUpxYUtYdkpqb1NLVkhjMUZYSVM0R3d0VGluMGRtNmRCODJ2ZlBTRFYyQUJZQ1kwaEU?oc=5,The most innovative companies in sports for 2025 Fast Company,UK sportswear innovation,The most innovative companies in sports for 2025 - Fast Company. The most innovative companies in sports for 2025 Fast Company,0.35378262
532,TNT Sports becomes the new 'Home of Bikes' in the UK and Ireland - TNT Sports,2025-02-20 08:00:00,TNT Sports,https://news.google.com/rss/articles/CBMipwFBVV95cUxNc3o4VHJ4T3AxaHFUbnpmVUluYkp2M203X1BEZ1FkYjZSYkZoTS1RSzlYdExncXJVa040YW10T0lqZ2pPam9VUlhQRGtjbTh2RXA4ZXMwWXdrTExaMGo4RE5TSHBWZkVHYVdydHpzLWpFcDM2TlJrZmlZckJ1c19Ob216WXhIU2V1OTd3cVZNWk9yRDFwVXpjOG11QUVoMmx4VXZLRjlBSQ?oc=5,TNT Sports becomes the new 'Home of Bikes' in the UK and Ireland TNT Sports,UK sportswear digital experience,TNT Sports becomes the new 'Home of Bikes' in the UK and Ireland - TNT Sports. TNT Sports becomes the new 'Home of Bikes' in the UK and Ireland TNT Sports,0.35334274
237,"The coolest activewear brands to know in 2026, tried and tested - cosmopolitan.com",2026-01-16 08:00:00,cosmopolitan.com,https://news.google.com/rss/articles/CBMiigFBVV95cUxQdUZKSC1vZEJicGw5TlV3cXFJcS1IbjU0cHJJMERIYjM4WGJJM1ZjdVR3NmRvV0g2S0F6RThGS2l3T00zcUEySDQtREkwbUlKeHFpY0FiR2xfY3I3NWczdFZDcHAtYXdpd2lETDA5TTZtRGxBTy1TMV96SThRQUFpbDdhWXVudWNyU1E?oc=5,"The coolest activewear brands to know in 2026, tried and tested cosmopolitan.com",UK fitness retail trends,"The coolest activewear brands to know in 2026, tried and tested - cosmopolitan.com. The coolest activewear brands to know in 2026, tried and tested cosmopolitan.com",0.35169813
452,"Casual Wear Market Size, Share, Growth | Forecast [2026-2034] - Fortune Business Insights",2025-06-05 13:28:41,Fortune Business Insights,https://news.google.com/rss/articles/CBMic0FVX3lxTE84ZGpaQjVHT01OZUREUE51cFFYTXBmXzhrSXZaY1Y5b2xZZU4ya1BXZmZ1R19lSVNoQTZtY1R3Y2ZfdlFUcXFES1BhdnE2TDFHcVFpU1FmU0gzai1Ua3JERXhNeWl3SEdlMFNacW5fRHd0WTg?oc=5,"Casual Wear Market Size, Share, Growth | Forecast [2026-2034] Fortune Business Insights",UK activewear consumer trends,"Casual Wear Market Size, Share, Growth | Forecast [2026-2034] - Fortune Business Insights. Casual Wear Market Size, Share, Growth | Forecast [2026-2034] Fortune Business Insights",0.3514681
530,TNT SPORTS BECOMES THE NEW HOME OF BIKES IN THE UK AND IRELAND - FIM Speedway,2025-02-21 08:00:00,FIM Speedway,https://news.google.com/rss/articles/CBMilgFBVV95cUxOU09IZ3JGOEtaU3M5QWZtMGgwc1ZsU1EwRHM1TFlXTUxYOTlocFlWWHh3X21RZ0xHSlM1SjlhOW9fZWg2QWpZTjIyOGFOU003MEl4NmkzampHVW93MkFMZDdlV0J2dHFWVnB6MHhlaDVmYmZWcDJONjExd2tCREt6QTk0RDduVEZGbUtLWmx5Wmg3QnpDTGc?oc=5,TNT SPORTS BECOMES THE NEW HOME OF BIKES IN THE UK AND IRELAND FIM Speedway,UK sportswear digital experience,TNT SPORTS BECOMES THE NEW HOME OF BIKES IN THE UK AND IRELAND - FIM Speedway. TNT SPORTS BECOMES THE NEW HOME OF BIKES IN THE UK AND IRELAND FIM Speedway,0.35114652
249,JD Sports shares plans for AI shopping it calls 'the future' of retail - Yorkshire Live,2026-01-12 08:00:00,Yorkshire Live,https://news.google.com/rss/articles/CBMijAFBVV95cUxQbkFodHRZMXMtS19ZWmgtYklfQ3poczBwWEdYaV9nWmt3ZlE3bzJoaGNNRklITkh6Szl2ZEFydElheGx6V0FEenotaXVyWTZEVVI2a1psR29KRDNzS3loUG5fanNrcnJGVG9zSHlHdXlYcHI2b19CZ2JmQVRkYzhlN2JKcUhyZGRISTc4ddIBkgFBVV95cUxOV0FUdHpEbXBfUUNZbHVObGtfY285ektHdk1idFE2SWdaS3BRdG5sM0VPOXhtcWFpRzlidklEZEduUkJEWVJPdFZ2S3VCaXRWR2puYzhrcmFKbnNaU0FjczFrMktlUXpYbE1QaE1Sa3dDNWdsUHBWbUNZeUdsYU5ZNnF5b2VQSVluenBRNFpiN3psZw?oc=5,JD Sports shares plans for AI shopping it calls 'the future' of retail Yorkshire Live,UK sportswear future consumers,JD Sports shares plans for AI shopping it calls 'the future' of retail - Yorkshire Live. JD Sports shares plans for AI shopping it calls 'the future' of retail Yorkshire Live,0.35082048
686,"UK Womenswear Market Size, Trends, Share & Forecast to 2028 - Global Data",2024-02-29 08:00:00,Global Data,https://news.google.com/rss/articles/CBMihwFBVV95cUxNeGg4RHlBYkI1MG9yTnNwVEtwWHA3RlU1ZjU4dDBiOHFhbVJhQzdCM2pZUW1sOUg1ZDhUdDZEQ203TVAtRjA1Q0xVYWwtNXhpbW5XREoxMXNRb2pfRkptajdOWkltUU9zZ0h4NFI0bTlUMk1kTVZLbHl2a2JsVUdkLWtXS2tMTEk?oc=5,"UK Womenswear Market Size, Trends, Share & Forecast to 2028 Global Data",UK sportswear consumer behaviour,"UK Womenswear Market Size, Trends, Share & Forecast to 2028 - Global Data. UK Womenswear Market Size, Trends, Share & Forecast to 2028 Global Data",0.35066658
473,"Sports App Market Size, Share, Trends | CAGR of 10.6% - Market.us",2025-05-07 04:34:46,Market.us,https://news.google.com/rss/articles/CBMiVkFVX3lxTFBoblUtenh1ZWZsSEVaY0JodzJNMXRyUFFsQWJwM0E5eG1fdVpMa1d2Z2pCS2xsSHJfLUwxcjh1YW0zaDhyRVREd1phSUtKTlI5RERfSlhn?oc=5,"Sports App Market Size, Share, Trends | CAGR of 10.6% Market.us",UK sportswear consumer trends,"Sports App Market Size, Share, Trends | CAGR of 10.6% - Market.us. Sports App Market Size, Share, Trends | CAGR of 10.6% Market.us",0.3505146
327,Gymshark unveils secrets of Onyx V5 innovation - Knitting Industry,2025-11-04 08:00:00,Knitting Industry,https://news.google.com/rss/articles/CBMiggFBVV95cUxNdVg3UUtCMDJVTVJwYXV2T0VTM25QSU1GZ2NXMEdQaVJCRElMV1BiM0J0TkhNcmdvQk5fZWdMN3NzckhWUDZTRzZ1eUczZzdPb0R0TWhkR1Ewc3dndG01bzF0Tzg1cVhfbVRocW92d2RYR053dmJIeEVhVWc5ci1qTzdB?oc=5,Gymshark unveils secrets of Onyx V5 innovation Knitting Industry,UK activewear innovation,Gymshark unveils secrets of Onyx V5 innovation - Knitting Industry. Gymshark unveils secrets of Onyx V5 innovation Knitting Industry,0.35039103
